,StationId,Datetime,PM2.5,PM10,NO,NO2,NOx,NH3,CO,SO2,O3,Benzene,Toluene,Xylene,AQI,AQI_Bucket
247218,DL005,2018-07-04 19:00:00,79.0,251.0,,,,,0.9,17.6,100.9,1.2,40.1,,251.0,Satisfactory
247219,DL005,2018-07-04 20:00:00,73.0,239.75,0.4,24.55,13.45,36.4,0.92,15.48,80.72,1.33,26.45,,251.0,Satisfactory
247220,DL005,2018-07-04 21:00:00,52.75,185.75,0.9,18.2,10.5,39.0,0.88,12.8,46.58,1.32,40.8,,251.0,Satisfactory
247221,DL005,2018-07-04 22:00:00,46.0,120.25,0.7,14.75,8.55,41.65,0.9,13.12,37.0,1.05,11.12,,251.0,Satisfactory
247222,DL005,2018-07-04 23:00:00,46.5,105.75,0.28,14.3,7.85,41.75,0.9,12.0,33.32,1.13,9.38,,251.0,Satisfactory
247223,DL005,2018-07-05 00:00:00,47.0,101.25,0.52,11.13,6.33,41.15,0.83,12.53,32.35,1.15,8.85,,251.0,Satisfactory
247224,DL005,2018-07-05 01:00:00,44.75,87.25,0.65,11.57,6.75,39.88,0.78,13.7,26.2,1.25,8.45,,251.0,Satisfactory
247225,DL005,2018-07-05 02:00:00,46.25,79.0,0.7,11.48,6.65,38.75,0.7,13.5,26.1,1.1,9.47,,251.0,Satisfactory
247226,DL005,2018-07-05 03:00:00,44.25,77.5,0.5,9.3,5.3,39.7,,10.1,22.75,1.27,11.0,,251.0,Satisfactory
247227,DL005,2018-07-05 04:00:00,51.25,81.5,0.4,10.1,5.8,40.2,0.72,11.2,29.35,1.08,11.35,,251.0,Satisfactory
247228,DL005,2018-07-05 05:00:00,68.5,108.25,0.5,13.0,7.35,43.07,0.92,10.83,24.05,1.73,14.42,,251.0,Satisfactory
247229,DL005,2018-07-05 06:00:00,65.0,117.0,1.35,16.9,10.05,45.9,0.95,12.88,21.47,3.5,14.88,,251.0,Satisfactory
247230,DL005,2018-07-05 07:00:00,65.25,129.5,1.62,15.7,9.78,42.98,0.9,12.83,18.18,1.68,12.62,,251.0,Satisfactory
247231,DL005,2018-07-05 08:00:00,57.25,128.25,2.47,17.28,11.2,39.85,0.83,15.77,25.25,2.28,14.7,,251.0,Satisfactory
247232,DL005,2018-07-05 09:00:00,59.5,150.75,2.9,27.8,17.17,38.22,1.13,18.8,39.62,1.9,17.15,,251.0,Satisfactory
247233,DL005,2018-07-05 10:00:00,62.25,153.5,1.43,21.15,12.4,41.18,0.87,20.65,59.73,1.47,15.6,,122.0,Moderate
247234,DL005,2018-07-05 11:00:00,57.25,139.25,0.92,14.75,8.58,43.0,0.8,17.53,65.62,1.15,16.88,,122.0,Moderate
247235,DL005,2018-07-05 12:00:00,61.75,170.0,0.68,10.7,6.23,46.3,0.8,14.15,76.85,1.32,59.57,,123.0,Moderate
247236,DL005,2018-07-05 13:00:00,73.5,162.75,0.63,10.43,6.02,45.5,0.75,12.88,87.58,1.1,37.85,,124.0,Moderate
247237,DL005,2018-07-05 14:00:00,71.0,172.0,0.78,10.47,6.2,44.55,0.7,11.2,86.7,1.22,56.88,,125.0,Moderate
247238,DL005,2018-07-05 15:00:00,57.5,186.25,0.52,9.05,5.23,41.47,0.63,12.25,77.4,0.98,98.57,,127.0,Moderate
247239,DL005,2018-07-05 16:00:00,51.75,207.5,0.45,9.0,5.15,41.23,0.55,13.35,73.65,1.0,116.6,,129.0,Moderate
247240,DL005,2018-07-05 17:00:00,44.25,225.5,0.62,9.53,5.57,40.82,0.63,12.65,60.4,0.48,33.95,,131.0,Moderate
247241,DL005,2018-07-05 18:00:00,36.25,151.0,0.65,9.78,5.72,37.88,0.63,14.1,66.35,1.6,151.67,,131.0,Moderate
247242,DL005,2018-07-05 19:00:00,44.0,150.0,0.3,9.2,5.1,34.25,0.6,15.0,67.75,1.58,172.17,,129.0,Moderate
247243,DL005,2018-07-05 20:00:00,38.0,127.5,0.58,18.4,10.23,35.65,0.72,17.05,50.05,1.77,122.95,,125.0,Moderate
247244,DL005,2018-07-05 21:00:00,39.75,130.25,2.2,38.2,22.1,39.07,0.95,12.53,26.07,1.55,17.35,,124.0,Moderate
247245,DL005,2018-07-05 22:00:00,47.75,160.0,3.0,45.25,26.43,42.62,1.1,11.15,18.05,1.95,21.77,,125.0,Moderate
247246,DL005,2018-07-05 23:00:00,57.75,181.75,2.12,40.9,23.47,46.9,0.92,13.27,18.68,2.02,22.42,,127.0,Moderate
247247,DL005,2018-07-06 00:00:00,63.0,168.0,2.15,32.47,19.02,49.22,0.83,14.15,23.25,1.63,21.07,,129.0,Moderate
247248,DL005,2018-07-06 01:00:00,78.25,172.25,1.22,19.53,11.4,59.25,0.8,13.87,32.57,1.43,16.63,,131.0,Moderate
247249,DL005,2018-07-06 02:00:00,121.0,247.25,0.88,16.03,9.28,60.62,0.87,19.1,29.45,2.28,37.93,,136.0,Moderate
247250,DL005,2018-07-06 03:00:00,114.5,256.0,1.6,18.8,11.3,67.0,,18.8,22.25,2.4,10.8,,141.0,Moderate
247251,DL005,2018-07-06 04:00:00,121.0,280.5,1.82,18.7,11.42,65.9,0.9,18.75,22.57,2.75,22.05,,147.0,Moderate
247252,DL005,2018-07-06 05:00:00,119.75,253.5,1.42,18.55,11.03,66.9,0.85,19.68,25.47,2.4,22.35,,151.0,Moderate
247253,DL005,2018-07-06 06:00:00,117.25,235.25,1.53,17.07,10.35,64.1,0.8,15.1,25.2,1.45,9.72,,154.0,Moderate
247254,DL005,2018-07-06 07:00:00,94.0,195.25,2.6,20.55,13.08,66.08,0.9,15.2,23.95,1.55,10.08,,156.0,Moderate
247255,DL005,2018-07-06 08:00:00,93.25,193.5,2.12,15.33,9.9,64.88,0.8,19.03,29.62,1.78,8.9,,157.0,Moderate
247256,DL005,2018-07-06 09:00:00,83.0,165.0,1.05,9.58,5.95,57.75,0.78,20.95,39.67,1.15,6.82,,158.0,Moderate
247257,DL005,2018-07-06 10:00:00,56.25,132.75,0.7,9.2,5.45,52.25,0.7,18.28,48.65,0.9,6.25,,157.0,Moderate
247258,DL005,2018-07-06 11:00:00,48.5,152.25,0.85,9.4,5.72,49.07,0.63,15.72,61.82,0.65,11.28,,158.0,Moderate
247259,DL005,2018-07-06 12:00:00,49.25,175.0,0.83,9.28,5.65,49.73,0.65,13.65,71.7,0.5,7.78,,158.0,Moderate
247260,DL005,2018-07-06 13:00:00,48.0,167.0,0.83,9.15,5.52,48.7,0.65,13.92,74.1,0.48,14.15,,158.0,Moderate
247261,DL005,2018-07-06 14:00:00,50.25,156.75,0.35,8.3,4.7,47.8,0.55,12.57,76.33,0.35,6.7,,158.0,Moderate
247262,DL005,2018-07-06 15:00:00,49.0,142.0,0.58,8.3,4.85,46.43,0.55,11.5,81.45,0.3,5.58,,156.0,Moderate
247263,DL005,2018-07-06 16:00:00,49.5,138.75,0.55,8.1,4.75,45.2,0.55,11.3,85.8,0.35,20.9,,154.0,Moderate
247264,DL005,2018-07-06 17:00:00,41.5,147.0,0.68,8.05,4.8,40.32,0.58,12.4,88.08,0.38,11.4,,152.0,Moderate
247265,DL005,2018-07-06 18:00:00,45.5,148.25,0.3,8.05,4.5,38.35,0.55,13.47,100.6,0.43,56.73,,152.0,Moderate
247266,DL005,2018-07-06 19:00:00,61.25,154.0,0.5,9.7,5.6,38.8,0.63,12.38,102.73,0.53,16.72,,152.0,Moderate
247267,DL005,2018-07-06 20:00:00,62.5,167.5,0.2,13.4,7.3,47.2,0.72,12.9,94.32,0.78,21.02,,153.0,Moderate
247268,DL005,2018-07-06 21:00:00,73.5,188.75,0.43,14.22,7.9,48.93,0.83,12.15,78.72,2.23,125.13,,155.0,Moderate
247269,DL005,2018-07-06 22:00:00,73.5,186.25,0.38,13.35,7.4,49.0,0.83,12.7,64.07,1.68,59.98,,156.0,Moderate
247270,DL005,2018-07-06 23:00:00,68.75,183.0,0.6,12.6,7.2,48.45,0.8,11.7,59.48,1.55,44.43,,156.0,Moderate
247271,DL005,2018-07-07 00:00:00,66.75,155.5,0.3,9.75,5.4,53.15,0.72,10.35,66.4,2.15,44.17,,155.0,Moderate
247272,DL005,2018-07-07 01:00:00,62.0,134.25,0.6,11.27,6.5,56.05,0.8,10.83,61.75,2.2,46.02,,154.0,Moderate
247273,DL005,2018-07-07 02:00:00,60.25,123.75,0.35,9.9,5.55,59.7,0.75,10.97,46.95,1.22,30.8,,151.0,Moderate
247274,DL005,2018-07-07 03:00:00,66.5,112.75,,,,,,11.2,41.27,0.93,13.62,,147.0,Moderate
247275,DL005,2018-07-07 04:00:00,84.75,141.5,0.65,12.65,7.3,71.5,0.88,24.83,38.73,1.15,25.75,,143.0,Moderate
247276,DL005,2018-07-07 05:00:00,118.5,190.75,0.65,17.8,10.0,75.58,1.03,41.82,30.07,1.82,18.88,,141.0,Moderate
247277,DL005,2018-07-07 06:00:00,123.25,207.0,0.9,21.88,12.35,72.27,1.12,37.07,25.68,1.85,14.67,,141.0,Moderate
247278,DL005,2018-07-07 07:00:00,126.25,205.5,2.28,27.22,16.33,70.4,1.08,37.07,24.45,2.05,20.13,,141.0,Moderate
247279,DL005,2018-07-07 08:00:00,124.0,203.75,2.48,23.95,14.78,74.1,1.0,27.35,33.18,3.55,32.15,,141.0,Moderate
247280,DL005,2018-07-07 09:00:00,90.25,167.0,1.45,13.55,8.38,65.0,0.78,18.48,54.8,1.43,12.65,,141.0,Moderate
247281,DL005,2018-07-07 10:00:00,67.0,115.25,0.3,9.7,5.4,60.0,0.72,14.35,76.75,1.05,9.97,,141.0,Moderate
247282,DL005,2018-07-07 11:00:00,56.0,126.5,0.33,8.55,4.8,61.62,0.7,14.95,90.8,0.85,10.83,,140.0,Moderate
247283,DL005,2018-07-07 12:00:00,52.0,140.0,0.4,8.0,4.6,58.4,0.7,15.45,98.4,0.85,11.13,,139.0,Moderate
247284,DL005,2018-07-07 13:00:00,56.75,142.5,0.38,8.35,4.78,56.62,0.67,13.8,103.65,0.75,16.3,,140.0,Moderate
247285,DL005,2018-07-07 14:00:00,53.0,155.5,0.35,8.05,4.6,50.0,0.6,13.55,105.8,0.58,7.25,,141.0,Moderate
247286,DL005,2018-07-07 15:00:00,53.0,172.0,0.33,7.78,4.45,46.22,0.7,13.77,110.92,0.72,7.33,,141.0,Moderate
247287,DL005,2018-07-07 16:00:00,49.0,171.0,0.3,7.3,4.1,44.95,0.7,13.1,118.05,0.62,12.33,,141.0,Moderate
247288,DL005,2018-07-07 17:00:00,52.0,187.0,0.35,7.4,4.25,44.4,0.7,9.65,123.2,1.9,11.07,,143.0,Moderate
247289,DL005,2018-07-07 18:00:00,52.75,200.25,,,,,0.63,12.72,123.95,2.85,17.55,,144.0,Moderate
247290,DL005,2018-07-07 19:00:00,53.75,206.75,0.7,10.1,5.95,36.75,0.7,11.35,117.98,1.6,20.43,,144.0,Moderate
247291,DL005,2018-07-07 20:00:00,50.5,217.25,,,,,0.75,10.08,104.82,1.38,20.22,,145.0,Moderate
247292,DL005,2018-07-07 21:00:00,53.75,222.75,0.35,13.05,7.2,42.75,0.98,11.75,87.58,1.62,23.98,,146.0,Moderate
247293,DL005,2018-07-07 22:00:00,60.75,220.25,0.43,14.15,7.9,47.73,0.97,14.6,74.25,1.97,34.35,,147.0,Moderate
247294,DL005,2018-07-07 23:00:00,66.75,227.75,0.3,15.3,8.4,53.75,1.0,13.05,64.1,1.83,43.58,,149.0,Moderate
247295,DL005,2018-07-08 00:00:00,67.0,229.75,0.25,14.4,7.85,57.15,0.95,11.4,54.5,1.77,37.6,,151.0,Moderate
247296,DL005,2018-07-08 01:00:00,65.75,201.25,0.35,12.25,6.8,72.0,0.92,12.95,53.57,1.6,34.45,,152.0,Moderate
247297,DL005,2018-07-08 02:00:00,82.5,201.75,0.45,12.88,7.2,78.65,0.87,14.2,28.1,1.5,27.75,,155.0,Moderate
247298,DL005,2018-07-08 03:00:00,92.25,213.25,1.3,27.8,15.9,81.5,,9.7,21.17,1.7,20.57,,157.0,Moderate
247299,DL005,2018-07-08 04:00:00,117.0,248.75,1.68,26.97,15.73,92.5,1.03,10.05,18.07,2.75,38.67,,160.0,Moderate
247300,DL005,2018-07-08 05:00:00,197.25,374.25,8.73,38.23,27.43,108.63,1.22,11.15,20.65,3.02,51.47,,165.0,Moderate
247301,DL005,2018-07-08 06:00:00,262.5,510.25,25.0,39.05,41.13,115.92,1.32,14.42,22.42,4.05,58.78,,178.0,Moderate
247302,DL005,2018-07-08 07:00:00,205.5,451.75,18.37,42.0,37.27,110.95,1.35,9.6,18.8,3.23,64.07,,189.0,Moderate
247303,DL005,2018-07-08 08:00:00,150.25,338.25,7.72,30.05,22.28,117.12,1.25,10.6,21.12,2.88,44.1,,193.0,Moderate
247304,DL005,2018-07-08 09:00:00,119.0,260.5,3.5,19.83,13.38,115.78,0.9,17.52,37.42,2.02,31.05,,197.0,Moderate
247305,DL005,2018-07-08 10:00:00,73.0,168.5,0.9,13.35,7.88,107.45,0.72,17.2,65.27,1.0,13.7,,198.0,Moderate
247306,DL005,2018-07-08 11:00:00,60.0,141.5,0.5,12.2,6.9,90.4,0.7,15.53,88.18,0.75,45.0,,198.0,Moderate
247307,DL005,2018-07-08 12:00:00,58.0,148.75,0.48,12.38,7.0,85.12,0.67,14.5,102.02,1.18,59.45,,199.0,Moderate
247308,DL005,2018-07-08 13:00:00,59.75,152.5,0.55,11.55,6.57,71.7,0.63,13.02,108.78,0.88,36.88,,199.0,Moderate
247309,DL005,2018-07-08 14:00:00,57.25,138.75,0.73,8.78,5.23,61.78,0.63,17.2,118.12,0.85,37.5,,200.0,Moderate
247310,DL005,2018-07-08 15:00:00,58.25,137.25,0.3,10.0,5.6,56.5,0.65,16.85,121.6,1.1,47.65,,201.0,Poor
247311,DL005,2018-07-08 16:00:00,51.5,144.75,0.33,9.28,5.28,53.2,0.6,11.32,126.82,1.12,82.48,,201.0,Poor
247312,DL005,2018-07-08 17:00:00,55.75,171.0,0.48,8.8,5.07,54.55,0.67,15.95,128.55,1.77,91.7,,201.0,Poor
247313,DL005,2018-07-08 18:00:00,55.0,173.0,0.38,8.43,4.77,52.18,0.63,15.35,122.9,0.83,73.3,,202.0,Poor
247314,DL005,2018-07-08 19:00:00,57.0,203.0,,,,,0.7,15.1,118.73,1.97,171.7,,202.0,Poor
247315,DL005,2018-07-08 20:00:00,67.25,204.25,0.55,12.25,6.95,58.23,0.85,14.82,108.55,2.12,262.3,,205.0,Poor
247316,DL005,2018-07-08 21:00:00,93.25,255.75,1.12,32.47,18.12,62.65,1.15,16.78,80.08,2.78,72.35,,210.0,Poor
247317,DL005,2018-07-08 22:00:00,127.75,310.5,0.98,22.62,12.8,60.53,1.2,19.78,72.37,13.6,20.12,,219.0,Poor
247318,DL005,2018-07-08 23:00:00,105.0,276.25,,,,,1.03,15.0,51.97,3.58,19.78,,225.0,Poor
247319,DL005,2018-07-09 00:00:00,84.25,240.25,0.4,18.2,10.0,60.1,0.97,15.17,36.2,2.52,21.05,,227.0,Poor
247320,DL005,2018-07-09 01:00:00,87.5,246.25,0.72,23.62,13.23,60.0,1.08,19.83,28.15,3.07,21.32,,230.0,Poor
247321,DL005,2018-07-09 02:00:00,94.0,260.25,1.6,29.9,17.2,61.67,1.05,19.38,33.9,3.18,24.67,,232.0,Poor
247322,DL005,2018-07-09 03:00:00,90.75,215.25,0.9,19.8,11.3,69.3,,12.2,32.43,2.07,20.27,,231.0,Poor
247323,DL005,2018-07-09 04:00:00,90.25,177.5,0.6,18.48,10.3,70.85,0.9,10.35,35.82,1.7,16.4,,228.0,Poor
247324,DL005,2018-07-09 05:00:00,87.5,178.75,0.92,23.8,13.37,71.45,0.92,19.0,25.27,1.42,14.42,,213.0,Poor
247325,DL005,2018-07-09 06:00:00,77.5,173.0,0.75,20.0,11.25,68.95,0.92,19.62,16.8,1.08,10.15,,187.0,Moderate
247326,DL005,2018-07-09 07:00:00,77.75,156.25,0.63,14.67,8.42,73.22,0.95,10.98,15.3,1.03,7.75,,169.0,Moderate
247327,DL005,2018-07-09 08:00:00,72.25,147.25,0.98,14.48,8.5,70.92,1.0,9.72,17.47,1.13,8.82,,163.0,Moderate
247328,DL005,2018-07-09 09:00:00,67.25,143.75,1.85,16.75,10.4,69.95,1.03,12.43,23.4,1.3,9.78,,160.0,Moderate
247329,DL005,2018-07-09 10:00:00,68.5,172.25,1.2,15.05,9.02,68.62,1.03,14.12,39.13,1.15,9.3,,160.0,Moderate
247330,DL005,2018-07-09 11:00:00,72.0,191.25,0.65,14.75,8.38,66.67,1.08,14.4,68.2,1.15,8.85,,162.0,Moderate
247331,DL005,2018-07-09 12:00:00,82.0,206.0,0.43,15.7,8.7,64.83,1.05,13.95,108.18,1.32,11.47,,163.0,Moderate
247332,DL005,2018-07-09 13:00:00,89.75,213.25,0.33,13.95,7.68,58.57,1.0,12.65,134.28,1.45,13.75,,165.0,Moderate
247333,DL005,2018-07-09 14:00:00,76.0,195.75,0.83,12.7,7.4,49.9,1.05,15.62,156.22,1.28,14.02,,183.0,Moderate
247334,DL005,2018-07-09 15:00:00,77.0,222.75,0.3,12.4,6.8,49.9,1.12,17.55,141.7,1.28,13.83,,183.0,Moderate
247335,DL005,2018-07-09 16:00:00,89.0,252.0,0.2,10.9,6.0,51.2,0.95,18.45,115.53,1.15,12.68,,183.0,Moderate
247336,DL005,2018-07-09 17:00:00,91.0,570.0,0.5,12.0,6.8,47.85,0.85,16.38,102.17,1.12,55.4,,183.0,Moderate
247337,DL005,2018-07-09 18:00:00,81.0,211.0,0.85,10.65,6.35,47.5,1.18,17.4,83.13,1.2,74.83,,184.0,Moderate
247338,DL005,2018-07-09 19:00:00,86.0,193.0,0.83,22.62,12.68,46.7,1.1,20.28,65.45,1.48,40.95,,184.0,Moderate
247339,DL005,2018-07-09 20:00:00,92.0,290.0,0.57,18.48,10.3,49.6,1.03,17.8,63.97,1.65,28.33,,186.0,Moderate
247340,DL005,2018-07-09 21:00:00,90.0,223.0,0.53,11.18,6.45,57.13,1.0,13.52,36.88,1.38,16.65,,186.0,Moderate
247341,DL005,2018-07-09 22:00:00,72.0,174.0,0.6,11.23,6.45,49.4,1.05,13.03,25.75,1.37,12.3,,181.0,Moderate
247342,DL005,2018-07-09 23:00:00,68.0,163.0,1.08,25.95,14.62,57.35,1.03,15.5,38.95,1.82,19.17,,178.0,Moderate
247343,DL005,2018-07-10 00:00:00,56.0,138.0,0.67,19.65,11.0,53.27,0.9,16.12,17.03,1.53,15.25,,175.0,Moderate
247344,DL005,2018-07-10 01:00:00,55.0,110.0,1.1,16.0,9.45,50.43,0.8,12.17,16.85,1.08,14.4,,172.0,Moderate
247345,DL005,2018-07-10 02:00:00,55.0,99.0,0.58,17.33,9.72,50.5,0.8,13.42,12.95,1.08,14.15,,167.0,Moderate
247346,DL005,2018-07-10 03:00:00,50.0,94.0,0.7,15.45,8.8,54.15,0.8,12.5,15.27,1.15,13.25,,164.0,Moderate
247347,DL005,2018-07-10 04:00:00,56.0,85.0,1.25,17.9,10.52,56.55,0.8,13.72,14.15,1.28,16.95,,161.0,Moderate
247348,DL005,2018-07-10 05:00:00,53.0,81.0,1.3,18.25,10.8,55.78,0.8,14.17,15.75,1.4,17.68,,158.0,Moderate
247349,DL005,2018-07-10 06:00:00,55.0,95.0,1.9,19.33,11.85,53.48,0.92,13.28,21.15,1.67,15.83,,156.0,Moderate
247350,DL005,2018-07-10 07:00:00,56.0,106.0,2.25,16.92,10.85,52.43,0.87,14.7,18.6,1.45,14.93,,155.0,Moderate
247351,DL005,2018-07-10 08:00:00,56.0,106.0,2.95,12.65,9.17,51.72,0.97,15.77,13.93,1.72,14.77,,154.0,Moderate
247352,DL005,2018-07-10 09:00:00,51.0,111.0,3.67,15.78,11.42,52.23,1.25,16.68,13.8,1.62,14.65,,153.0,Moderate
247353,DL005,2018-07-10 10:00:00,62.0,116.0,4.45,21.47,15.08,55.02,1.25,19.6,13.95,1.75,14.9,,151.0,Moderate
247354,DL005,2018-07-10 11:00:00,48.0,125.0,2.42,20.75,13.02,58.37,1.1,19.05,15.35,1.25,12.8,,149.0,Moderate
247355,DL005,2018-07-10 12:00:00,66.0,136.0,1.32,20.5,12.03,60.6,1.08,17.55,45.6,1.42,15.28,,147.0,Moderate
247356,DL005,2018-07-10 13:00:00,67.0,151.0,0.47,15.13,8.45,58.52,1.03,18.4,56.25,2.0,19.53,,146.0,Moderate
247357,DL005,2018-07-10 14:00:00,46.0,155.0,0.25,11.6,6.4,49.8,0.95,17.28,94.85,1.77,17.55,,145.0,Moderate
247358,DL005,2018-07-10 15:00:00,63.0,153.0,0.3,10.1,5.6,42.8,0.8,16.05,118.1,1.28,14.35,,143.0,Moderate
247359,DL005,2018-07-10 16:00:00,69.0,215.0,0.6,9.88,5.75,38.5,1.0,15.12,122.98,0.9,13.33,,142.0,Moderate
247360,DL005,2018-07-10 17:00:00,74.0,201.0,0.83,13.07,7.6,42.2,0.97,15.1,90.27,0.95,11.08,,134.0,Moderate
247361,DL005,2018-07-10 18:00:00,78.0,202.0,0.3,14.0,7.7,42.0,1.05,13.23,81.05,0.82,10.15,,134.0,Moderate
247362,DL005,2018-07-10 19:00:00,80.0,208.0,,,,,0.85,13.47,54.65,0.73,7.9,,134.0,Moderate
247363,DL005,2018-07-10 20:00:00,56.0,184.0,0.45,12.27,6.93,43.6,0.9,10.48,41.97,0.73,9.43,,134.0,Moderate
247364,DL005,2018-07-10 21:00:00,53.0,166.0,0.5,12.13,6.85,43.65,0.9,10.23,33.52,0.95,13.47,,134.0,Moderate
247365,DL005,2018-07-10 22:00:00,59.0,161.0,0.43,13.0,7.3,40.88,1.03,12.55,28.08,1.13,14.9,,134.0,Moderate
247366,DL005,2018-07-10 23:00:00,58.0,147.0,0.3,17.6,9.52,39.82,0.92,17.47,20.47,1.35,15.72,,134.0,Moderate
247367,DL005,2018-07-11 00:00:00,34.0,112.0,0.53,19.45,10.8,38.4,0.85,12.8,18.9,1.1,14.62,,126.0,Moderate
247368,DL005,2018-07-11 01:00:00,38.0,79.0,0.67,16.42,9.3,36.05,0.7,13.25,18.55,0.88,9.52,,125.0,Moderate
247369,DL005,2018-07-11 02:00:00,45.0,68.0,0.95,15.97,9.28,36.6,0.78,20.33,22.4,0.8,8.55,,124.0,Moderate
247370,DL005,2018-07-11 03:00:00,29.0,61.0,0.6,12.6,7.2,35.7,0.7,,13.1,0.75,7.43,,123.0,Moderate
247371,DL005,2018-07-11 04:00:00,35.0,62.0,0.88,14.5,8.45,39.9,0.7,21.92,11.47,0.85,9.0,,122.0,Moderate
247372,DL005,2018-07-11 05:00:00,34.0,48.0,1.0,9.75,6.0,38.98,0.65,17.3,13.47,0.65,7.55,,121.0,Moderate
247373,DL005,2018-07-11 06:00:00,31.0,47.0,0.65,12.23,7.05,36.92,0.67,12.92,11.92,0.6,7.68,,120.0,Moderate
247374,DL005,2018-07-11 07:00:00,31.0,68.0,0.78,12.75,7.4,35.62,0.72,14.33,9.27,0.72,9.83,,119.0,Moderate
247375,DL005,2018-07-11 08:00:00,40.0,70.0,1.65,12.6,8.03,38.77,0.78,17.43,9.08,0.9,8.72,,118.0,Moderate
247376,DL005,2018-07-11 09:00:00,42.0,88.0,1.75,12.62,8.18,39.47,0.85,17.12,11.35,1.05,8.67,,117.0,Moderate
247377,DL005,2018-07-11 10:00:00,45.0,107.0,2.33,14.25,9.48,41.28,1.0,16.12,15.85,1.3,11.13,,117.0,Moderate
247378,DL005,2018-07-11 11:00:00,48.0,129.0,1.08,12.75,7.68,42.4,0.92,15.47,30.65,1.4,12.48,,117.0,Moderate
247379,DL005,2018-07-11 12:00:00,47.0,122.0,0.72,11.27,6.6,42.95,0.9,14.15,46.82,1.0,9.48,,117.0,Moderate
247380,DL005,2018-07-11 13:00:00,70.0,185.0,0.58,13.8,7.8,46.45,0.95,16.47,64.72,1.75,22.45,,118.0,Moderate
247381,DL005,2018-07-11 14:00:00,69.0,177.0,0.25,11.45,6.3,42.15,0.9,15.2,84.15,1.47,55.85,,118.0,Moderate
247382,DL005,2018-07-11 15:00:00,69.0,197.0,0.45,13.2,7.38,40.47,0.92,12.92,72.48,1.33,82.6,,120.0,Moderate
247383,DL005,2018-07-11 16:00:00,78.0,269.0,0.55,11.4,6.52,40.7,0.83,8.9,59.22,2.65,55.12,,121.0,Moderate
247384,DL005,2018-07-11 17:00:00,61.0,199.0,0.3,10.25,5.7,40.25,1.1,10.92,40.57,1.02,20.67,,121.0,Moderate
247385,DL005,2018-07-11 18:00:00,67.0,163.0,0.58,8.88,5.2,38.07,0.98,11.4,42.6,1.3,19.63,,120.0,Moderate
247386,DL005,2018-07-11 19:00:00,57.0,155.0,0.48,15.92,8.85,36.15,1.03,11.42,80.55,8.35,35.83,,118.0,Moderate
247387,DL005,2018-07-11 20:00:00,55.0,167.0,0.65,28.6,15.75,33.95,1.08,12.95,29.65,4.1,54.4,,118.0,Moderate
247388,DL005,2018-07-11 21:00:00,48.0,157.0,0.8,20.48,11.55,34.02,1.0,12.27,34.42,2.25,43.1,,118.0,Moderate
247389,DL005,2018-07-11 22:00:00,59.0,162.0,0.28,25.28,13.67,33.3,1.4,11.3,21.78,2.23,43.82,,118.0,Moderate
247390,DL005,2018-07-11 23:00:00,64.0,191.0,0.65,20.4,11.38,31.82,0.98,16.4,26.65,2.2,36.12,,119.0,Moderate
247391,DL005,2018-07-12 00:00:00,55.0,123.0,,,,,0.7,10.9,29.5,0.83,12.65,,119.0,Moderate
247392,DL005,2018-07-12 01:00:00,38.0,100.0,,,,,0.7,10.67,26.97,0.5,7.47,,120.0,Moderate
247393,DL005,2018-07-12 02:00:00,39.0,94.0,0.35,5.8,3.35,32.9,0.65,11.08,29.8,0.58,8.68,,121.0,Moderate
247394,DL005,2018-07-12 03:00:00,34.0,67.0,,,,,0.6,,22.45,0.45,7.05,,121.0,Moderate
247395,DL005,2018-07-12 04:00:00,59.0,112.0,0.48,9.58,5.5,38.8,0.7,10.35,14.4,1.75,13.7,,122.0,Moderate
247396,DL005,2018-07-12 05:00:00,73.0,147.0,0.53,10.25,5.88,36.2,0.7,9.87,14.35,1.2,12.8,,125.0,Moderate
247397,DL005,2018-07-12 06:00:00,33.0,59.0,0.73,11.03,6.48,34.72,0.7,9.72,15.55,0.65,16.03,,125.0,Moderate
247398,DL005,2018-07-12 07:00:00,35.0,85.0,0.7,12.92,7.47,34.65,0.75,10.88,14.97,0.6,15.6,,126.0,Moderate
247399,DL005,2018-07-12 08:00:00,42.0,96.0,1.03,10.7,6.52,35.38,0.7,11.15,19.35,0.73,12.92,,126.0,Moderate
247400,DL005,2018-07-12 09:00:00,34.0,86.0,1.13,9.2,5.83,35.65,0.67,12.25,26.67,0.6,10.27,,126.0,Moderate
247401,DL005,2018-07-12 10:00:00,36.0,89.0,0.83,7.7,4.77,35.95,0.6,13.05,38.75,0.4,7.83,,126.0,Moderate
247402,DL005,2018-07-12 11:00:00,38.0,85.0,1.17,6.52,4.47,36.38,0.6,15.7,42.0,0.4,7.28,,125.0,Moderate
247403,DL005,2018-07-12 12:00:00,42.0,102.0,0.75,5.57,3.6,37.88,0.6,14.1,45.3,0.35,5.92,,124.0,Moderate
247404,DL005,2018-07-12 13:00:00,51.0,90.0,0.73,4.98,3.23,37.18,0.58,11.03,48.15,0.28,5.27,,121.0,Moderate
247405,DL005,2018-07-12 14:00:00,42.0,112.0,0.72,4.7,3.07,37.5,0.65,9.67,57.3,0.35,17.05,,120.0,Moderate
247406,DL005,2018-07-12 15:00:00,46.0,127.0,0.68,5.47,3.48,33.4,0.78,12.62,71.7,1.25,27.37,,118.0,Moderate
247407,DL005,2018-07-12 16:00:00,58.0,162.0,0.5,8.0,4.7,35.9,0.88,12.9,119.57,1.98,21.68,,129.0,Moderate
247408,DL005,2018-07-12 17:00:00,69.0,213.0,0.35,12.45,6.9,35.4,1.05,13.72,165.75,1.77,25.28,,197.0,Moderate
247409,DL005,2018-07-12 18:00:00,116.0,287.0,0.35,15.85,8.67,38.43,1.13,17.28,169.27,2.12,32.38,,203.0,Poor
247410,DL005,2018-07-12 19:00:00,116.0,296.0,0.3,19.3,10.5,39.1,1.1,18.22,99.88,1.82,27.88,,203.0,Poor
247411,DL005,2018-07-12 20:00:00,102.0,278.0,1.65,24.98,14.63,36.37,0.9,13.58,51.32,1.25,15.05,,203.0,Poor
247412,DL005,2018-07-12 21:00:00,90.0,298.0,2.22,20.97,12.97,37.03,1.0,13.25,33.5,1.33,22.2,,203.0,Poor
247413,DL005,2018-07-12 22:00:00,53.0,193.0,0.47,14.77,8.25,32.52,0.92,11.33,35.42,1.55,23.42,,203.0,Poor
247414,DL005,2018-07-12 23:00:00,42.0,107.0,0.4,11.9,6.65,28.2,0.92,12.42,26.65,1.45,16.95,,203.0,Poor
247415,DL005,2018-07-13 00:00:00,44.0,86.0,0.55,16.2,9.05,32.72,0.92,10.88,20.88,1.18,13.35,,203.0,Poor
247416,DL005,2018-07-13 01:00:00,42.0,53.0,0.43,17.33,9.58,33.0,0.9,11.5,22.65,1.05,14.12,,203.0,Poor
247417,DL005,2018-07-13 02:00:00,33.0,53.0,0.58,16.85,9.45,31.57,0.85,11.27,22.65,1.08,30.18,,125.0,Moderate
247418,DL005,2018-07-13 03:00:00,28.0,56.0,1.0,17.4,10.0,31.8,0.7,,12.8,1.27,14.55,,124.0,Moderate
247419,DL005,2018-07-13 04:00:00,25.0,39.0,0.63,10.13,5.9,32.8,0.7,11.55,22.32,0.95,18.85,,122.0,Moderate
247420,DL005,2018-07-13 05:00:00,24.0,30.0,0.55,9.53,5.52,33.9,0.7,11.57,16.67,0.93,18.45,,119.0,Moderate
247421,DL005,2018-07-13 06:00:00,29.0,34.0,0.6,11.45,6.6,35.15,0.72,13.22,13.0,0.77,14.95,,118.0,Moderate
247422,DL005,2018-07-13 07:00:00,27.0,52.0,1.62,15.28,9.45,36.82,0.83,15.58,11.7,1.05,15.25,,117.0,Moderate
247423,DL005,2018-07-13 08:00:00,29.0,73.0,2.45,13.72,9.3,36.65,0.83,15.83,11.9,1.18,15.2,,117.0,Moderate
247424,DL005,2018-07-13 09:00:00,31.0,68.0,3.2,15.58,10.95,37.15,0.93,17.77,15.6,0.95,15.3,,116.0,Moderate
247425,DL005,2018-07-13 10:00:00,55.0,102.0,2.77,16.47,11.02,38.2,1.08,19.28,23.1,1.03,15.72,,117.0,Moderate
247426,DL005,2018-07-13 11:00:00,57.0,105.0,1.37,14.45,8.8,37.88,1.0,17.27,38.65,1.05,13.7,,117.0,Moderate
247427,DL005,2018-07-13 12:00:00,61.0,144.0,0.63,10.23,5.97,39.25,0.87,15.45,61.47,1.05,13.13,,118.0,Moderate
247428,DL005,2018-07-13 13:00:00,75.0,180.0,0.67,8.62,5.12,39.85,0.8,14.72,64.55,0.9,10.95,,121.0,Moderate
247429,DL005,2018-07-13 14:00:00,67.0,153.0,0.85,7.83,4.82,38.32,0.78,12.08,55.12,0.98,10.9,,122.0,Moderate
247430,DL005,2018-07-13 15:00:00,46.0,74.0,0.5,8.23,4.82,33.87,0.83,14.43,42.6,0.88,16.85,,120.0,Moderate
247431,DL005,2018-07-13 16:00:00,40.0,66.0,0.62,7.48,4.48,37.85,0.77,13.12,40.35,0.62,9.57,,118.0,Moderate
247432,DL005,2018-07-13 17:00:00,30.0,96.0,0.58,5.7,3.52,33.72,0.77,13.0,26.8,0.93,51.67,,115.0,Moderate
247433,DL005,2018-07-13 18:00:00,28.0,34.0,0.53,6.18,3.67,30.27,0.8,13.4,24.93,0.55,28.87,,108.0,Moderate
247434,DL005,2018-07-13 19:00:00,29.0,34.0,1.15,19.48,11.28,31.1,1.08,13.68,19.0,1.45,39.78,,100.0,Satisfactory
247435,DL005,2018-07-13 20:00:00,25.0,27.0,2.18,27.83,16.57,32.17,1.23,14.52,17.52,2.5,51.12,,90.0,Satisfactory
247436,DL005,2018-07-13 21:00:00,30.0,45.0,3.25,26.95,17.03,33.45,1.3,13.3,22.3,3.73,57.72,,79.0,Satisfactory
247437,DL005,2018-07-13 22:00:00,48.0,70.0,3.18,20.17,13.33,34.28,1.23,12.1,16.9,3.83,130.05,,74.0,Satisfactory
247438,DL005,2018-07-13 23:00:00,47.0,72.0,2.27,19.53,12.25,31.05,1.05,11.27,11.25,2.25,89.0,,73.0,Satisfactory
247439,DL005,2018-07-14 00:00:00,34.0,52.0,1.0,11.28,6.83,31.83,0.9,12.52,12.38,1.03,17.55,,71.0,Satisfactory
247440,DL005,2018-07-14 01:00:00,40.0,42.0,1.0,10.78,6.57,32.85,0.9,12.43,10.78,0.95,12.22,,71.0,Satisfactory
247441,DL005,2018-07-14 02:00:00,35.0,41.0,0.9,8.57,5.32,33.73,0.85,10.55,15.85,1.0,12.83,,70.0,Satisfactory
247442,DL005,2018-07-14 03:00:00,30.0,40.0,0.5,5.5,3.4,35.6,0.8,,11.8,0.87,9.33,,70.0,Satisfactory
247443,DL005,2018-07-14 04:00:00,34.0,45.0,0.98,7.38,4.7,38.55,0.8,12.05,10.7,0.97,9.98,,70.0,Satisfactory
247444,DL005,2018-07-14 05:00:00,34.0,42.0,0.97,7.18,4.6,38.02,0.8,13.2,9.17,1.0,10.15,,70.0,Satisfactory
247445,DL005,2018-07-14 06:00:00,40.0,41.0,1.2,7.27,4.85,38.1,0.85,14.13,9.7,1.15,10.28,,71.0,Satisfactory
247446,DL005,2018-07-14 07:00:00,41.0,51.0,2.05,9.75,6.88,37.93,1.03,12.58,8.08,1.5,11.95,,71.0,Satisfactory
247447,DL005,2018-07-14 08:00:00,52.0,79.0,4.95,13.1,11.05,38.77,1.03,12.05,7.98,1.55,34.08,,71.0,Satisfactory
247448,DL005,2018-07-14 09:00:00,70.0,119.0,5.28,15.02,12.27,40.8,1.08,13.47,8.72,2.15,61.6,,73.0,Satisfactory
247449,DL005,2018-07-14 10:00:00,80.0,128.0,4.23,12.22,9.97,42.52,1.0,16.08,12.88,4.48,56.22,,75.0,Satisfactory
247450,DL005,2018-07-14 11:00:00,91.0,138.0,2.53,9.45,7.07,44.77,0.97,18.12,15.25,2.05,32.28,,77.0,Satisfactory
247451,DL005,2018-07-14 12:00:00,85.0,127.0,0.95,6.9,4.45,45.75,0.72,17.92,21.07,1.48,18.58,,79.0,Satisfactory
247452,DL005,2018-07-14 13:00:00,44.0,61.0,0.38,5.7,3.35,44.45,0.7,13.55,25.62,0.73,8.27,,76.0,Satisfactory
247453,DL005,2018-07-14 14:00:00,27.0,78.0,0.98,5.32,3.63,44.12,0.65,11.27,22.9,0.72,12.87,,74.0,Satisfactory
247454,DL005,2018-07-14 15:00:00,14.0,31.0,0.65,4.48,2.9,39.43,0.7,10.85,28.17,0.55,14.45,,71.0,Satisfactory
247455,DL005,2018-07-14 16:00:00,11.0,39.0,0.7,4.05,2.77,31.65,0.7,14.08,31.17,0.4,12.2,,69.0,Satisfactory
247456,DL005,2018-07-14 17:00:00,11.0,39.0,0.68,5.05,3.25,39.72,0.83,13.8,31.95,0.63,10.6,,68.0,Satisfactory
247457,DL005,2018-07-14 18:00:00,12.0,73.0,0.6,6.33,3.88,35.92,0.75,10.67,28.53,0.83,11.48,,67.0,Satisfactory
247458,DL005,2018-07-14 19:00:00,39.0,70.0,1.0,8.05,5.1,37.93,0.7,13.68,23.05,0.78,10.3,,68.0,Satisfactory
247459,DL005,2018-07-14 20:00:00,35.0,59.0,1.3,16.1,9.62,35.73,0.95,16.75,17.4,1.08,15.53,,68.0,Satisfactory
247460,DL005,2018-07-14 21:00:00,39.0,101.0,2.12,27.93,16.58,34.87,1.28,16.9,17.95,2.33,39.55,,69.0,Satisfactory
247461,DL005,2018-07-14 22:00:00,48.0,134.0,2.9,24.6,15.45,34.75,1.25,16.57,13.45,2.95,61.03,,71.0,Satisfactory
247462,DL005,2018-07-14 23:00:00,44.0,105.0,1.23,12.85,7.88,34.4,1.08,12.5,10.98,1.68,29.55,,72.0,Satisfactory
247463,DL005,2018-07-15 00:00:00,41.0,84.0,1.0,10.05,6.17,34.55,1.0,12.22,10.9,1.47,24.7,,74.0,Satisfactory
247464,DL005,2018-07-15 01:00:00,57.0,89.0,0.78,8.1,4.98,34.82,1.0,12.57,10.93,1.58,14.15,,76.0,Satisfactory
247465,DL005,2018-07-15 02:00:00,68.0,62.0,0.7,6.2,3.88,34.02,0.9,14.83,13.65,1.55,10.7,,76.0,Satisfactory
247466,DL005,2018-07-15 03:00:00,38.0,57.0,,,,,0.8,,11.5,1.18,10.67,,77.0,Satisfactory
247467,DL005,2018-07-15 04:00:00,34.0,48.0,1.15,6.83,4.58,35.32,0.8,12.62,10.05,1.42,14.9,,77.0,Satisfactory
247468,DL005,2018-07-15 05:00:00,42.0,59.0,1.1,8.65,5.5,36.1,0.9,14.17,22.9,1.72,14.83,,78.0,Satisfactory
247469,DL005,2018-07-15 06:00:00,55.0,78.0,1.17,10.27,6.4,35.53,0.85,14.0,40.28,2.0,20.52,,80.0,Satisfactory
247470,DL005,2018-07-15 07:00:00,51.0,74.0,1.47,9.8,6.42,34.42,0.97,13.35,13.6,1.4,14.0,,80.0,Satisfactory
247471,DL005,2018-07-15 08:00:00,50.0,80.0,2.1,8.75,6.4,36.32,1.03,12.17,8.5,1.9,15.18,,81.0,Satisfactory
247472,DL005,2018-07-15 09:00:00,57.0,79.0,3.0,9.28,7.35,38.65,1.28,13.55,19.07,1.85,14.55,,79.0,Satisfactory
247473,DL005,2018-07-15 10:00:00,73.0,117.0,2.98,16.67,11.3,41.78,1.03,16.05,20.7,1.9,22.25,,78.0,Satisfactory
247474,DL005,2018-07-15 11:00:00,58.0,100.0,1.8,10.48,7.05,42.1,0.8,14.27,19.88,1.07,13.92,,77.0,Satisfactory
247475,DL005,2018-07-15 12:00:00,37.25,78.5,1.07,8.88,5.6,43.97,0.9,14.92,28.05,0.77,9.45,,75.0,Satisfactory
247476,DL005,2018-07-15 13:00:00,41.0,77.0,0.75,9.3,5.58,45.62,0.9,11.13,39.77,2.48,12.45,,75.0,Satisfactory
247477,DL005,2018-07-15 14:00:00,34.0,73.0,0.8,8.55,5.2,43.57,0.87,11.33,50.57,1.05,9.75,,75.0,Satisfactory
247478,DL005,2018-07-15 15:00:00,38.75,87.0,0.77,8.33,5.05,38.97,1.05,10.95,64.03,0.8,9.2,,78.0,Satisfactory
247479,DL005,2018-07-15 16:00:00,43.75,87.75,0.5,7.7,4.5,36.5,0.85,12.6,62.2,0.85,9.83,,80.0,Satisfactory
247480,DL005,2018-07-15 17:00:00,53.0,121.0,0.3,12.45,6.85,39.95,0.8,11.6,40.25,1.43,161.88,,83.0,Satisfactory
247481,DL005,2018-07-15 18:00:00,58.0,137.5,0.63,16.65,9.35,41.83,0.95,12.97,33.25,3.08,233.92,,86.0,Satisfactory
247482,DL005,2018-07-15 19:00:00,63.5,147.0,0.55,11.45,6.55,36.38,0.9,12.8,25.35,1.08,109.88,,89.0,Satisfactory
247483,DL005,2018-07-15 20:00:00,62.5,140.0,0.9,14.53,8.45,37.78,1.03,13.4,14.2,0.95,20.05,,92.0,Satisfactory
247484,DL005,2018-07-15 21:00:00,64.0,155.0,3.6,23.92,15.7,35.85,1.3,12.87,9.4,1.4,34.73,,95.0,Satisfactory
247485,DL005,2018-07-15 22:00:00,66.0,190.0,2.57,21.92,13.77,38.7,1.35,11.25,9.47,2.0,25.4,,97.0,Satisfactory
247486,DL005,2018-07-15 23:00:00,57.0,160.0,1.83,20.27,12.3,37.27,1.55,10.43,12.05,2.48,28.07,,99.0,Satisfactory
247487,DL005,2018-07-16 00:00:00,66.0,161.0,2.7,24.97,15.47,35.6,1.55,10.15,20.82,2.57,33.75,,102.0,Moderate
247488,DL005,2018-07-16 01:00:00,63.0,146.0,2.62,24.57,15.23,40.15,1.35,11.2,72.4,2.65,34.68,,103.0,Moderate
247489,DL005,2018-07-16 02:00:00,92.0,153.0,1.08,12.85,7.72,42.85,1.05,12.62,5.7,2.1,18.62,,106.0,Moderate
247490,DL005,2018-07-16 03:00:00,85.0,122.0,1.3,9.5,6.1,51.3,0.9,11.8,7.85,1.83,9.73,,108.0,Moderate
247491,DL005,2018-07-16 04:00:00,55.0,88.0,1.2,9.7,6.15,49.43,0.8,11.88,44.7,1.6,12.45,,109.0,Moderate
247492,DL005,2018-07-16 05:00:00,34.0,53.0,1.4,9.42,6.15,48.15,0.92,12.7,9.45,1.1,10.9,,108.0,Moderate
247493,DL005,2018-07-16 06:00:00,72.0,110.0,1.5,11.33,7.27,52.32,1.03,13.55,58.82,4.88,16.62,,109.0,Moderate
247494,DL005,2018-07-16 07:00:00,50.0,103.0,2.18,10.8,7.52,51.03,1.33,12.1,20.92,1.5,14.78,,110.0,Moderate
247495,DL005,2018-07-16 08:00:00,69.0,125.0,3.1,12.42,9.12,51.0,1.18,11.25,10.57,1.7,14.88,,111.0,Moderate
247496,DL005,2018-07-16 09:00:00,45.0,94.0,3.4,14.42,10.45,51.58,1.28,13.83,8.25,1.13,12.45,,112.0,Moderate
247497,DL005,2018-07-16 10:00:00,66.0,114.0,2.23,12.3,8.35,50.6,1.08,13.02,10.42,2.13,10.97,,112.0,Moderate
247498,DL005,2018-07-16 11:00:00,41.0,114.0,1.28,12.55,7.72,53.45,1.5,13.85,23.25,1.17,12.13,,112.0,Moderate
247499,DL005,2018-07-16 12:00:00,75.0,147.0,0.62,11.8,6.8,53.57,0.95,15.5,19.7,1.35,13.33,,114.0,Moderate
247500,DL005,2018-07-16 13:00:00,58.0,89.0,0.58,10.88,6.27,56.5,0.77,12.73,20.02,1.43,72.6,,114.0,Moderate
247501,DL005,2018-07-16 14:00:00,35.0,108.0,0.55,7.9,4.65,43.3,0.73,12.42,20.97,0.55,52.15,,115.0,Moderate
247502,DL005,2018-07-16 15:00:00,20.0,20.0,0.65,11.28,6.57,42.62,0.95,11.95,22.62,0.97,99.52,,113.0,Moderate
247503,DL005,2018-07-16 16:00:00,40.0,48.0,0.6,10.7,6.22,43.18,1.2,10.02,21.8,1.35,122.13,,112.0,Moderate
247504,DL005,2018-07-16 17:00:00,31.0,34.0,0.7,14.45,8.28,42.35,1.07,10.58,19.5,2.05,123.15,,110.0,Moderate
247505,DL005,2018-07-16 18:00:00,46.0,70.0,0.93,14.63,8.63,42.35,1.05,10.6,18.07,2.62,268.03,,108.0,Moderate
247506,DL005,2018-07-16 19:00:00,36.0,56.0,1.28,15.53,9.3,41.72,1.15,11.52,17.07,1.88,68.45,,106.0,Moderate
247507,DL005,2018-07-16 20:00:00,57.0,80.0,1.53,25.28,14.65,42.55,1.55,13.25,14.58,3.23,119.92,,104.0,Moderate
247508,DL005,2018-07-16 21:00:00,68.0,125.0,0.93,22.9,12.9,44.43,1.25,13.78,14.75,3.9,238.57,,103.0,Moderate
247509,DL005,2018-07-16 22:00:00,73.0,132.0,0.62,21.53,11.95,44.6,1.22,13.62,9.6,3.6,206.12,,101.0,Moderate
247510,DL005,2018-07-16 23:00:00,78.0,141.0,0.68,19.12,10.72,44.75,1.1,12.95,11.92,2.47,124.38,,101.0,Moderate
247511,DL005,2018-07-17 00:00:00,48.0,81.0,0.53,10.6,6.05,41.52,0.9,9.47,9.1,1.4,42.17,,98.0,Satisfactory
247512,DL005,2018-07-17 01:00:00,34.0,55.0,0.73,10.4,6.1,42.4,0.95,9.12,8.25,1.4,18.82,,94.0,Satisfactory
247513,DL005,2018-07-17 02:00:00,42.0,64.0,0.78,11.17,6.6,44.32,0.9,8.27,7.85,1.32,18.18,,91.0,Satisfactory
247514,DL005,2018-07-17 03:00:00,46.0,77.0,,,,,0.9,,10.23,1.88,19.97,,89.0,Satisfactory
247515,DL005,2018-07-17 04:00:00,80.0,116.0,1.4,12.28,7.67,48.95,0.95,13.75,11.35,2.1,29.88,,90.0,Satisfactory
247516,DL005,2018-07-17 05:00:00,41.0,69.0,0.68,7.48,4.5,49.65,0.8,13.3,7.45,1.28,19.1,,90.0,Satisfactory
247517,DL005,2018-07-17 06:00:00,31.0,44.0,0.62,7.8,4.65,48.25,0.78,12.47,8.93,1.2,19.28,,88.0,Satisfactory
247518,DL005,2018-07-17 07:00:00,29.0,45.0,0.85,9.1,5.52,49.98,0.85,11.88,8.45,0.92,17.07,,85.0,Satisfactory
247519,DL005,2018-07-17 08:00:00,44.0,69.0,3.0,10.45,8.0,49.63,1.2,10.25,8.77,1.55,15.58,,83.0,Satisfactory
247520,DL005,2018-07-17 09:00:00,61.0,99.0,4.0,13.9,10.67,56.05,1.85,13.78,17.93,2.35,17.97,,92.0,Satisfactory
247521,DL005,2018-07-17 10:00:00,68.0,125.0,2.55,12.02,8.5,52.05,1.05,16.33,14.02,2.17,16.55,,92.0,Satisfactory
247522,DL005,2018-07-17 11:00:00,31.0,70.0,1.1,11.45,7.02,53.98,1.28,14.65,19.1,0.95,11.95,,92.0,Satisfactory
247523,DL005,2018-07-17 12:00:00,44.0,122.0,0.73,12.7,7.38,58.25,0.92,15.55,32.23,1.17,13.73,,92.0,Satisfactory
247524,DL005,2018-07-17 13:00:00,35.5,91.75,0.77,12.0,7.02,45.0,0.85,12.78,61.05,1.3,15.9,,92.0,Satisfactory
247525,DL005,2018-07-17 14:00:00,40.25,91.75,0.6,17.65,9.9,56.35,0.9,16.3,79.7,1.35,15.88,,92.0,Satisfactory
247526,DL005,2018-07-17 15:00:00,41.0,98.5,1.25,16.25,9.7,53.6,0.9,17.33,155.2,1.18,17.85,,181.0,Moderate
247527,DL005,2018-07-17 16:00:00,51.0,123.0,1.27,13.4,8.18,45.68,0.95,19.62,38.07,0.8,18.6,,181.0,Moderate
247528,DL005,2018-07-17 17:00:00,51.0,71.75,2.03,17.92,11.15,50.43,1.33,18.18,23.6,0.73,37.95,,181.0,Moderate
247529,DL005,2018-07-17 18:00:00,51.25,81.5,2.18,21.35,13.12,55.27,1.15,18.8,76.87,1.1,103.15,,181.0,Moderate
247530,DL005,2018-07-17 19:00:00,52.25,144.0,1.82,20.9,12.62,49.35,1.1,19.47,69.15,2.87,319.58,,181.0,Moderate
247531,DL005,2018-07-17 20:00:00,52.25,152.0,1.57,25.83,15.03,46.4,1.37,20.5,19.35,3.57,282.82,,181.0,Moderate
247532,DL005,2018-07-17 21:00:00,52.75,140.0,1.75,26.42,15.48,50.62,1.28,18.3,31.8,1.6,144.33,,181.0,Moderate
247533,DL005,2018-07-17 22:00:00,67.75,156.75,2.43,32.75,19.4,52.85,1.5,17.35,12.4,3.52,284.67,,181.0,Moderate
247534,DL005,2018-07-17 23:00:00,84.0,192.5,1.95,22.9,13.78,51.7,1.2,16.15,13.7,2.48,142.02,,99.0,Satisfactory
247535,DL005,2018-07-18 00:00:00,68.75,139.25,1.95,18.1,11.2,40.93,1.08,16.4,17.32,1.98,74.93,,101.0,Moderate
247536,DL005,2018-07-18 01:00:00,57.5,98.5,1.48,11.57,7.35,58.65,1.0,14.83,7.23,1.03,32.2,,102.0,Moderate
247537,DL005,2018-07-18 02:00:00,52.75,70.25,1.43,11.58,7.33,56.02,1.0,15.77,19.75,0.92,13.25,,102.0,Moderate
247538,DL005,2018-07-18 03:00:00,53.75,92.0,2.65,11.55,8.35,60.55,1.0,20.6,7.5,1.57,26.65,,103.0,Moderate
247539,DL005,2018-07-18 04:00:00,56.25,97.0,2.37,11.55,8.05,61.5,1.0,20.67,8.23,1.52,20.5,,102.0,Moderate
247540,DL005,2018-07-18 05:00:00,50.25,86.5,2.2,13.6,9.02,62.45,1.03,20.7,8.38,1.65,10.53,,103.0,Moderate
247541,DL005,2018-07-18 06:00:00,58.25,95.0,3.7,14.88,10.93,61.55,1.15,20.82,8.57,2.22,14.75,,104.0,Moderate
247542,DL005,2018-07-18 07:00:00,66.0,112.25,7.88,16.48,15.25,61.9,2.15,22.05,9.45,2.45,19.7,,106.0,Moderate
247543,DL005,2018-07-18 08:00:00,82.75,133.25,7.15,17.75,15.28,56.02,1.9,20.35,28.52,2.35,17.13,,108.0,Moderate
247544,DL005,2018-07-18 09:00:00,100.5,160.0,5.9,21.03,15.97,61.1,2.12,21.48,65.73,2.05,22.95,,110.0,Moderate
247545,DL005,2018-07-18 10:00:00,93.25,166.0,2.78,17.95,11.8,59.05,1.03,22.0,17.1,1.88,19.23,,111.0,Moderate
247546,DL005,2018-07-18 11:00:00,39.5,85.0,1.5,15.4,9.2,59.7,0.8,17.8,25.05,0.85,12.03,,111.0,Moderate
247547,DL005,2018-07-18 12:00:00,43.75,93.0,1.72,12.0,7.8,64.4,0.75,19.47,32.7,0.88,10.08,,110.0,Moderate
247548,DL005,2018-07-18 13:00:00,57.0,117.0,1.68,13.9,8.75,68.55,0.7,16.0,35.68,0.97,29.6,,111.0,Moderate
247549,DL005,2018-07-18 14:00:00,45.75,115.25,1.75,13.4,8.58,64.83,0.58,14.3,37.4,1.33,20.73,,112.0,Moderate
247550,DL005,2018-07-18 15:00:00,49.75,115.0,1.82,14.72,9.32,59.28,0.8,18.7,39.95,0.78,12.5,,112.0,Moderate
247551,DL005,2018-07-18 16:00:00,50.25,128.25,1.88,12.7,8.3,47.62,0.95,16.42,33.33,0.85,10.72,,112.0,Moderate
247552,DL005,2018-07-18 17:00:00,37.0,121.5,1.9,15.93,10.03,50.6,0.92,16.6,35.35,1.62,113.9,,114.0,Moderate
247553,DL005,2018-07-18 18:00:00,42.75,130.5,1.57,15.7,9.65,51.37,0.9,17.1,30.15,2.77,234.48,,115.0,Moderate
247554,DL005,2018-07-18 19:00:00,50.25,180.0,1.45,18.12,10.83,47.15,0.9,16.97,28.9,3.1,234.02,,116.0,Moderate
247555,DL005,2018-07-18 20:00:00,45.5,179.25,1.88,17.85,11.0,43.18,0.95,16.87,13.85,1.95,189.8,,117.0,Moderate
247556,DL005,2018-07-18 21:00:00,39.75,104.25,1.8,19.6,11.92,44.88,1.0,15.37,12.17,2.4,180.58,,116.0,Moderate
247557,DL005,2018-07-18 22:00:00,40.75,108.75,1.47,12.93,8.08,44.7,0.83,13.78,15.48,1.85,83.73,,114.0,Moderate
247558,DL005,2018-07-18 23:00:00,37.0,60.25,1.23,12.8,7.77,51.72,0.9,14.07,18.7,1.3,27.55,,111.0,Moderate
247559,DL005,2018-07-19 00:00:00,56.75,90.0,1.62,13.8,8.83,48.25,0.87,17.72,13.27,1.6,46.67,,109.0,Moderate
247560,DL005,2018-07-19 01:00:00,33.0,61.5,1.42,9.43,6.2,44.97,0.8,12.8,11.72,0.7,14.43,,108.0,Moderate
247561,DL005,2018-07-19 02:00:00,28.5,43.5,1.68,11.15,7.33,42.95,0.85,12.9,15.0,0.6,9.65,,108.0,Moderate
247562,DL005,2018-07-19 03:00:00,35.0,60.0,2.3,11.1,7.8,44.6,0.8,20.6,9.42,1.08,36.92,,107.0,Moderate
247563,DL005,2018-07-19 04:00:00,41.0,67.5,1.68,10.23,6.82,46.35,0.9,22.7,11.25,1.38,37.3,,106.0,Moderate
247564,DL005,2018-07-19 05:00:00,43.5,72.25,2.45,12.4,8.57,46.88,0.97,24.4,11.65,1.72,42.5,,106.0,Moderate
247565,DL005,2018-07-19 06:00:00,54.25,107.25,3.15,15.95,11.15,47.55,1.1,25.13,12.57,1.75,48.25,,106.0,Moderate
247566,DL005,2018-07-19 07:00:00,62.25,130.75,5.85,15.72,13.12,48.53,1.23,26.55,8.12,1.88,49.75,,106.0,Moderate
247567,DL005,2018-07-19 08:00:00,58.25,130.25,6.02,13.7,12.2,48.18,1.23,25.75,8.8,1.77,33.85,,106.0,Moderate
247568,DL005,2018-07-19 09:00:00,63.5,116.5,4.7,13.1,10.8,51.82,1.5,22.32,10.75,1.65,13.4,,105.0,Moderate
247569,DL005,2018-07-19 10:00:00,71.75,137.5,3.95,20.15,13.92,55.55,1.4,22.53,16.1,2.07,20.9,,104.0,Moderate
247570,DL005,2018-07-19 11:00:00,74.75,161.25,2.45,15.55,10.25,54.53,1.03,20.78,32.17,1.5,16.62,,106.0,Moderate
247571,DL005,2018-07-19 12:00:00,50.75,137.5,1.7,12.4,8.0,53.25,0.9,23.05,36.27,0.95,13.58,,108.0,Moderate
247572,DL005,2018-07-19 13:00:00,46.0,126.75,1.38,9.45,6.15,51.68,0.72,16.08,25.65,0.55,7.52,,108.0,Moderate
247573,DL005,2018-07-19 14:00:00,26.25,103.75,1.7,8.92,6.15,48.9,0.65,13.88,31.97,0.45,7.6,,108.0,Moderate
247574,DL005,2018-07-19 15:00:00,30.25,113.75,1.8,9.15,6.35,46.75,0.75,15.55,34.15,0.45,6.98,,108.0,Moderate
247575,DL005,2018-07-19 16:00:00,30.5,101.25,1.15,9.85,6.18,40.73,0.82,16.3,36.27,0.53,7.43,,107.0,Moderate
247576,DL005,2018-07-19 17:00:00,30.5,105.75,1.3,9.0,5.82,40.4,0.75,16.22,36.98,0.4,8.2,,106.0,Moderate
247577,DL005,2018-07-19 18:00:00,34.0,117.0,1.25,9.42,6.02,37.33,0.75,16.33,37.0,0.35,7.4,,106.0,Moderate
247578,DL005,2018-07-19 19:00:00,33.0,131.5,1.33,13.43,8.25,37.07,0.88,19.65,30.75,0.48,11.02,,105.0,Moderate
247579,DL005,2018-07-19 20:00:00,36.25,159.0,1.95,16.35,10.33,37.68,0.87,19.0,22.1,1.22,18.35,,104.0,Moderate
247580,DL005,2018-07-19 21:00:00,28.0,96.5,1.45,14.78,9.05,38.02,0.85,14.58,23.78,1.2,20.08,,104.0,Moderate
247581,DL005,2018-07-19 22:00:00,32.25,55.75,1.57,15.6,9.6,37.18,0.95,13.02,24.6,1.18,17.6,,102.0,Moderate
247582,DL005,2018-07-19 23:00:00,46.25,65.0,1.45,16.0,9.7,39.25,0.92,12.25,19.23,1.18,21.73,,103.0,Moderate
247583,DL005,2018-07-20 00:00:00,48.75,67.0,1.25,17.1,10.1,38.7,0.92,12.08,15.92,1.03,13.15,,102.0,Moderate
247584,DL005,2018-07-20 01:00:00,45.5,65.0,1.78,15.83,9.85,38.0,0.95,11.58,12.1,0.97,15.27,,102.0,Moderate
247585,DL005,2018-07-20 02:00:00,49.5,72.5,1.5,13.15,8.25,39.68,0.95,12.58,13.4,1.18,20.92,,103.0,Moderate
247586,DL005,2018-07-20 03:00:00,54.25,82.5,1.1,11.15,6.85,41.25,0.9,22.3,12.27,1.25,16.77,,103.0,Moderate
247587,DL005,2018-07-20 04:00:00,46.0,72.0,1.4,11.7,7.35,40.45,0.8,22.28,11.15,1.03,12.7,,104.0,Moderate
247588,DL005,2018-07-20 05:00:00,57.25,87.5,2.28,15.78,10.27,44.5,0.9,22.4,8.82,1.27,16.15,,104.0,Moderate
247589,DL005,2018-07-20 06:00:00,75.25,127.25,3.3,16.2,11.25,43.33,1.05,22.25,9.97,1.95,19.97,,105.0,Moderate
247590,DL005,2018-07-20 07:00:00,109.5,172.5,4.48,14.85,11.57,43.8,0.95,22.38,8.33,1.9,22.85,,106.0,Moderate
247591,DL005,2018-07-20 08:00:00,53.75,66.75,4.1,11.57,9.5,42.42,0.82,19.88,8.33,0.97,11.13,,104.0,Moderate
247592,DL005,2018-07-20 09:00:00,38.75,43.75,2.7,8.58,6.72,41.78,0.7,14.68,9.77,0.53,7.18,,102.0,Moderate
247593,DL005,2018-07-20 10:00:00,21.5,22.0,2.17,8.0,6.03,43.55,0.7,14.53,10.62,0.45,6.0,,98.0,Satisfactory
247594,DL005,2018-07-20 11:00:00,15.0,20.0,2.25,6.65,5.35,45.07,0.7,15.88,13.2,0.48,5.5,,92.0,Satisfactory
247595,DL005,2018-07-20 12:00:00,13.0,19.0,2.02,6.9,5.32,44.48,0.72,16.17,19.65,0.45,10.52,,87.0,Satisfactory
247596,DL005,2018-07-20 13:00:00,25.75,35.0,1.47,8.75,5.88,47.8,0.78,13.85,21.75,0.75,26.3,,83.0,Satisfactory
247597,DL005,2018-07-20 14:00:00,31.0,43.75,1.43,9.2,6.05,48.3,0.8,12.48,28.13,0.72,17.53,,81.0,Satisfactory
247598,DL005,2018-07-20 15:00:00,48.75,84.75,1.45,14.03,8.65,51.32,1.12,16.85,37.77,1.7,82.88,,80.0,Satisfactory
247599,DL005,2018-07-20 16:00:00,74.5,154.75,1.28,10.72,6.75,44.6,1.08,16.82,44.2,2.87,67.95,,82.0,Satisfactory
247600,DL005,2018-07-20 17:00:00,71.75,159.25,1.88,12.45,8.15,43.45,1.2,18.0,38.18,2.4,79.85,,84.0,Satisfactory
247601,DL005,2018-07-20 18:00:00,65.0,181.0,1.6,14.72,9.1,42.45,1.0,19.1,33.82,1.27,103.5,,87.0,Satisfactory
247602,DL005,2018-07-20 19:00:00,57.75,169.75,1.27,16.6,9.88,40.82,0.97,21.05,29.72,2.42,256.2,,88.0,Satisfactory
247603,DL005,2018-07-20 20:00:00,56.75,154.0,1.03,14.42,8.55,38.2,0.97,19.48,22.68,5.23,328.25,,88.0,Satisfactory
247604,DL005,2018-07-20 21:00:00,40.25,126.0,1.45,14.25,8.75,37.03,1.08,18.22,32.52,1.35,27.98,,89.0,Satisfactory
247605,DL005,2018-07-20 22:00:00,45.75,114.75,1.62,14.48,9.02,38.72,1.0,25.25,11.55,1.47,19.6,,92.0,Satisfactory
247606,DL005,2018-07-20 23:00:00,40.25,85.0,1.3,10.55,6.65,37.18,0.9,19.35,13.58,1.15,17.78,,93.0,Satisfactory
247607,DL005,2018-07-21 00:00:00,37.5,75.25,1.87,10.9,7.32,37.48,1.0,21.9,10.1,1.3,18.5,,93.0,Satisfactory
247608,DL005,2018-07-21 01:00:00,45.25,86.25,2.07,12.0,8.07,39.73,0.95,17.45,9.58,1.55,17.33,,94.0,Satisfactory
247609,DL005,2018-07-21 02:00:00,46.5,74.0,2.3,11.3,7.88,40.5,0.92,15.12,12.48,1.58,14.02,,94.0,Satisfactory
247610,DL005,2018-07-21 03:00:00,49.25,88.0,2.85,15.45,10.55,41.85,1.0,16.1,8.23,1.7,15.27,,94.0,Satisfactory
247611,DL005,2018-07-21 04:00:00,54.5,114.5,5.15,19.52,14.6,43.3,1.1,17.33,9.05,2.17,20.28,,96.0,Satisfactory
247612,DL005,2018-07-21 05:00:00,63.75,122.0,7.4,19.18,16.22,45.45,1.08,17.8,8.35,2.58,29.95,,97.0,Satisfactory
247613,DL005,2018-07-21 06:00:00,78.5,,5.88,16.4,13.5,45.0,1.03,15.55,7.65,2.93,39.78,,96.0,Satisfactory
247614,DL005,2018-07-21 07:00:00,84.75,,5.58,14.7,12.38,45.27,1.0,15.38,8.15,2.42,34.18,,93.0,Satisfactory
247615,DL005,2018-07-21 08:00:00,93.5,,5.2,15.65,12.63,46.67,1.33,19.7,8.35,2.43,49.75,,94.0,Satisfactory
247616,DL005,2018-07-21 09:00:00,73.0,,4.32,15.05,11.55,46.75,1.0,18.58,9.55,2.45,95.23,,96.0,Satisfactory
247617,DL005,2018-07-21 10:00:00,58.75,,3.32,13.35,9.83,44.13,1.23,15.95,11.38,1.42,36.07,,100.0,Satisfactory
247618,DL005,2018-07-21 11:00:00,53.25,,4.95,16.2,12.62,53.13,1.12,15.7,3.92,1.57,57.23,,103.0,Moderate
247619,DL005,2018-07-21 12:00:00,62.0,107.0,2.88,11.45,8.43,58.5,1.0,16.48,10.28,1.47,55.55,,106.0,Moderate
247620,DL005,2018-07-21 13:00:00,77.25,105.0,2.1,8.1,6.0,58.68,0.83,13.52,11.03,1.15,26.03,,109.0,Moderate
247621,DL005,2018-07-21 14:00:00,74.0,98.5,1.73,7.52,5.42,59.85,0.8,11.4,19.95,0.78,14.47,,111.0,Moderate
247622,DL005,2018-07-21 15:00:00,56.5,92.5,1.45,11.55,7.3,56.4,0.9,12.98,28.05,0.93,24.82,,111.0,Moderate
247623,DL005,2018-07-21 16:00:00,36.75,69.75,1.65,10.08,6.73,49.48,0.83,11.92,30.92,1.1,34.68,,108.0,Moderate
247624,DL005,2018-07-21 17:00:00,28.0,44.5,1.35,11.7,7.32,48.67,1.02,12.47,34.23,0.9,24.45,,104.0,Moderate
247625,DL005,2018-07-21 18:00:00,34.25,60.0,1.8,17.15,10.63,50.12,1.22,14.25,35.3,1.23,30.63,,99.0,Satisfactory
247626,DL005,2018-07-21 19:00:00,45.0,87.0,2.3,28.68,17.1,47.85,1.38,15.62,66.75,5.13,100.17,,95.0,Satisfactory
247627,DL005,2018-07-21 20:00:00,45.5,90.0,2.28,20.57,12.8,45.57,1.08,16.58,29.58,2.38,48.28,,92.0,Satisfactory
247628,DL005,2018-07-21 21:00:00,41.25,72.75,2.9,19.9,12.95,42.7,1.22,18.1,12.33,2.18,44.78,,92.0,Satisfactory
247629,DL005,2018-07-21 22:00:00,47.25,70.5,3.18,27.5,17.22,40.88,1.4,18.82,17.05,2.67,42.72,,92.0,Satisfactory
247630,DL005,2018-07-21 23:00:00,38.0,59.5,3.78,33.4,20.88,39.93,1.53,20.0,24.17,3.18,56.7,,92.0,Satisfactory
247631,DL005,2018-07-22 00:00:00,45.5,66.75,3.5,26.68,17.05,39.43,1.28,19.48,69.15,2.53,49.63,,93.0,Satisfactory
247632,DL005,2018-07-22 01:00:00,55.75,69.25,2.98,19.18,12.62,37.8,1.05,18.08,18.1,1.77,31.02,,93.0,Satisfactory
247633,DL005,2018-07-22 02:00:00,66.75,80.75,2.42,17.33,11.1,38.12,1.0,18.1,16.97,1.4,23.75,,95.0,Satisfactory
247634,DL005,2018-07-22 03:00:00,44.75,76.25,2.1,11.5,9.15,38.45,1.0,14.7,10.77,1.25,21.77,,94.0,Satisfactory
247635,DL005,2018-07-22 04:00:00,35.0,47.0,2.08,12.2,8.2,37.28,0.87,14.17,10.08,1.08,13.77,,93.0,Satisfactory
247636,DL005,2018-07-22 05:00:00,35.0,57.0,1.82,11.5,7.65,41.0,0.85,15.65,11.0,0.92,14.5,,91.0,Satisfactory
247637,DL005,2018-07-22 06:00:00,45.0,61.0,2.35,13.25,8.95,40.58,0.95,15.72,18.62,1.63,19.85,,89.0,Satisfactory
247638,DL005,2018-07-22 07:00:00,41.0,56.0,2.35,14.55,9.65,38.1,0.78,15.65,8.85,1.05,16.33,,86.0,Satisfactory
247639,DL005,2018-07-22 08:00:00,26.75,43.25,3.73,16.18,11.6,37.75,1.38,15.12,9.1,1.53,15.65,,81.0,Satisfactory
247640,DL005,2018-07-22 09:00:00,44.0,64.5,4.78,16.65,12.75,38.17,1.43,18.92,15.95,1.32,15.2,,79.0,Satisfactory
247641,DL005,2018-07-22 10:00:00,57.0,84.75,2.95,13.42,9.58,40.97,1.4,20.28,22.4,1.6,22.42,,79.0,Satisfactory
247642,DL005,2018-07-22 11:00:00,57.25,81.75,2.65,8.7,6.83,38.2,0.85,16.23,11.55,0.97,14.3,,79.0,Satisfactory
247643,DL005,2018-07-22 12:00:00,21.5,37.0,2.22,8.32,6.25,39.2,0.8,17.02,12.65,0.8,17.3,,76.0,Satisfactory
247644,DL005,2018-07-22 13:00:00,27.5,41.5,1.33,8.4,5.5,39.75,0.92,17.95,45.8,0.68,9.48,,73.0,Satisfactory
247645,DL005,2018-07-22 14:00:00,50.25,74.75,1.62,10.18,6.73,45.1,0.9,16.55,55.42,1.13,14.92,,72.0,Satisfactory
247646,DL005,2018-07-22 15:00:00,48.25,73.25,1.75,10.2,6.88,41.18,0.87,14.67,36.18,0.88,37.55,,72.0,Satisfactory
247647,DL005,2018-07-22 16:00:00,38.75,51.75,1.35,10.45,6.65,40.55,0.87,14.25,38.45,0.9,43.3,,72.0,Satisfactory
247648,DL005,2018-07-22 17:00:00,31.25,45.0,1.38,8.83,5.83,33.43,0.83,14.5,31.73,0.75,73.4,,71.0,Satisfactory
247649,DL005,2018-07-22 18:00:00,22.0,35.5,1.25,8.88,5.77,36.05,0.8,15.18,28.23,0.45,11.83,,70.0,Satisfactory
247650,DL005,2018-07-22 19:00:00,28.75,38.25,1.47,9.25,6.17,35.3,0.88,15.55,27.4,0.43,9.58,,69.0,Satisfactory
247651,DL005,2018-07-22 20:00:00,33.75,57.5,1.32,12.7,7.85,35.95,1.05,16.78,27.55,1.7,121.35,,68.0,Satisfactory
247652,DL005,2018-07-22 21:00:00,39.0,68.25,1.52,10.8,7.0,34.3,0.97,11.15,19.65,1.1,49.6,,68.0,Satisfactory
247653,DL005,2018-07-22 22:00:00,28.75,40.5,1.38,10.38,6.67,33.4,0.97,10.65,20.45,0.83,13.85,,67.0,Satisfactory
247654,DL005,2018-07-22 23:00:00,25.5,36.0,1.38,10.8,6.88,32.05,0.9,9.6,12.83,0.92,21.22,,66.0,Satisfactory
247655,DL005,2018-07-23 00:00:00,28.0,41.25,1.95,11.35,7.52,31.3,1.0,9.65,12.93,1.42,31.6,,65.0,Satisfactory
247656,DL005,2018-07-23 01:00:00,35.0,60.0,1.67,11.92,7.73,32.4,1.0,11.65,12.45,1.5,59.15,,63.0,Satisfactory
247657,DL005,2018-07-23 02:00:00,46.25,72.75,1.92,12.92,8.42,32.77,1.0,11.15,10.38,1.53,73.75,,62.0,Satisfactory
247658,DL005,2018-07-23 03:00:00,46.0,88.75,2.8,14.5,9.95,35.3,1.0,16.0,8.27,1.7,59.4,,62.0,Satisfactory
247659,DL005,2018-07-23 04:00:00,50.75,99.5,2.6,15.58,10.4,34.52,0.9,14.38,7.85,1.35,54.8,,63.0,Satisfactory
247660,DL005,2018-07-23 05:00:00,45.75,90.75,2.75,15.72,10.58,36.28,0.9,13.38,8.0,1.42,50.65,,64.0,Satisfactory
247661,DL005,2018-07-23 06:00:00,42.75,92.25,2.95,14.22,10.0,36.28,0.9,13.32,8.98,1.5,49.1,,64.0,Satisfactory
247662,DL005,2018-07-23 07:00:00,43.75,81.5,3.6,13.75,10.25,38.33,0.95,13.0,62.0,1.43,36.95,,64.0,Satisfactory
247663,DL005,2018-07-23 08:00:00,44.0,87.75,4.3,14.42,11.22,44.35,0.95,14.0,10.3,1.5,42.0,,65.0,Satisfactory
247664,DL005,2018-07-23 09:00:00,57.25,102.25,3.23,12.45,9.28,50.85,0.95,16.35,10.4,2.05,34.4,,66.0,Satisfactory
247665,DL005,2018-07-23 10:00:00,59.5,96.5,2.07,10.52,7.33,58.4,1.18,17.25,13.25,1.2,24.03,,66.0,Satisfactory
247666,DL005,2018-07-23 11:00:00,55.0,76.5,2.0,9.58,6.73,60.88,0.97,17.85,21.02,0.67,11.17,,66.0,Satisfactory
247667,DL005,2018-07-23 12:00:00,59.25,87.25,1.77,13.35,8.58,60.68,1.08,16.97,62.17,0.97,11.87,,69.0,Satisfactory
247668,DL005,2018-07-23 13:00:00,65.5,118.25,1.9,13.35,8.65,54.57,1.0,16.0,32.37,1.75,17.5,,72.0,Satisfactory
247669,DL005,2018-07-23 14:00:00,47.5,99.25,2.15,17.6,11.15,54.28,1.13,15.25,23.05,1.88,30.88,,73.0,Satisfactory
247670,DL005,2018-07-23 15:00:00,49.5,94.0,1.78,16.17,10.07,49.17,1.05,15.5,35.62,2.17,34.77,,73.0,Satisfactory
247671,DL005,2018-07-23 16:00:00,40.25,91.75,1.55,13.47,8.48,43.48,1.0,15.73,37.88,1.38,23.45,,75.0,Satisfactory
247672,DL005,2018-07-23 17:00:00,40.0,94.5,2.32,17.1,11.0,39.68,1.08,13.15,26.08,1.1,39.18,,77.0,Satisfactory
247673,DL005,2018-07-23 18:00:00,50.0,117.0,1.85,16.85,10.5,46.02,0.87,15.75,37.28,1.6,76.17,,81.0,Satisfactory
247674,DL005,2018-07-23 19:00:00,37.25,103.5,1.38,18.97,11.2,40.33,1.08,15.6,26.43,1.13,23.3,,83.0,Satisfactory
247675,DL005,2018-07-23 20:00:00,41.5,116.75,1.6,16.1,9.9,39.92,1.05,15.68,16.38,1.28,32.0,,86.0,Satisfactory
247676,DL005,2018-07-23 21:00:00,35.5,116.0,1.97,14.33,9.28,38.45,1.1,15.83,11.05,1.0,14.22,,88.0,Satisfactory
247677,DL005,2018-07-23 22:00:00,41.0,117.25,1.97,15.53,9.85,41.6,1.15,15.25,110.55,1.53,30.65,,116.0,Moderate
247678,DL005,2018-07-23 23:00:00,41.5,117.25,2.07,14.68,9.52,40.08,1.05,15.48,36.85,1.4,30.0,,116.0,Moderate
247679,DL005,2018-07-24 00:00:00,35.0,101.5,2.05,13.15,8.67,40.1,0.92,14.73,15.2,1.1,15.75,,116.0,Moderate
247680,DL005,2018-07-24 01:00:00,41.25,87.0,1.92,12.43,8.2,40.55,0.8,14.9,8.87,1.15,18.48,,116.0,Moderate
247681,DL005,2018-07-24 02:00:00,49.25,83.75,1.7,9.6,6.5,42.53,0.78,15.28,10.9,0.97,26.03,,116.0,Moderate
247682,DL005,2018-07-24 03:00:00,42.5,79.0,1.1,9.9,6.2,43.0,,15.7,7.88,0.95,24.77,,116.0,Moderate
247683,DL005,2018-07-24 04:00:00,38.25,67.25,1.4,9.65,6.3,41.6,0.87,15.65,9.15,1.0,8.42,,116.0,Moderate
247684,DL005,2018-07-24 05:00:00,38.25,72.0,2.25,9.25,6.78,46.55,0.8,13.95,12.45,0.87,13.3,,116.0,Moderate
247685,DL005,2018-07-24 06:00:00,43.0,96.0,2.4,12.45,8.6,47.25,0.95,14.58,12.05,1.3,37.72,,96.0,Satisfactory
247686,DL005,2018-07-24 07:00:00,65.5,136.25,3.35,13.38,9.88,47.53,1.13,16.6,9.6,1.73,39.7,,98.0,Satisfactory
247687,DL005,2018-07-24 08:00:00,67.25,143.5,3.7,13.0,9.92,48.27,1.03,17.28,10.2,2.48,44.28,,100.0,Satisfactory
247688,DL005,2018-07-24 09:00:00,57.5,121.0,3.52,12.02,9.25,45.73,1.12,19.08,8.52,1.35,26.3,,101.0,Moderate
247689,DL005,2018-07-24 10:00:00,55.75,117.75,3.15,12.73,9.33,48.27,1.05,17.93,10.83,1.4,27.78,,102.0,Moderate
247690,DL005,2018-07-24 11:00:00,58.25,162.0,2.6,14.07,9.63,49.4,0.98,15.77,12.65,1.78,73.65,,104.0,Moderate
247691,DL005,2018-07-24 12:00:00,39.0,90.0,1.78,9.15,6.3,46.65,0.8,18.55,18.82,0.68,17.15,,104.0,Moderate
247692,DL005,2018-07-24 13:00:00,32.25,95.75,1.73,9.4,6.37,46.43,0.8,18.17,34.08,0.73,62.05,,103.0,Moderate
247693,DL005,2018-07-24 14:00:00,33.75,112.25,1.7,10.28,6.88,50.65,0.8,18.15,57.53,0.83,39.55,,104.0,Moderate
247694,DL005,2018-07-24 15:00:00,46.75,115.5,1.4,12.75,7.95,49.07,0.8,17.75,89.92,1.03,26.05,,104.0,Moderate
247695,DL005,2018-07-24 16:00:00,51.0,136.25,1.8,13.33,8.53,46.05,0.9,16.23,99.7,1.15,20.1,,106.0,Moderate
247696,DL005,2018-07-24 17:00:00,54.0,154.75,1.33,13.73,8.38,39.67,1.22,15.6,104.32,1.05,27.12,,107.0,Moderate
247697,DL005,2018-07-24 18:00:00,66.0,155.25,1.42,12.62,7.88,39.83,0.95,17.1,64.7,1.05,20.6,,108.0,Moderate
247698,DL005,2018-07-24 19:00:00,46.5,103.5,1.25,15.7,9.43,39.77,1.05,14.38,49.2,0.8,24.97,,108.0,Moderate
247699,DL005,2018-07-24 20:00:00,48.5,117.75,1.5,36.6,20.65,38.98,1.5,13.45,39.17,1.72,31.32,,108.0,Moderate
247700,DL005,2018-07-24 21:00:00,72.25,176.0,1.87,40.48,23.05,40.5,1.53,16.55,23.88,2.3,41.4,,110.0,Moderate
247701,DL005,2018-07-24 22:00:00,86.0,195.0,2.28,36.03,21.03,41.47,1.65,18.95,14.28,2.82,58.37,,112.0,Moderate
247702,DL005,2018-07-24 23:00:00,81.25,206.0,1.88,26.75,15.78,39.55,1.18,18.9,11.73,2.82,61.58,,115.0,Moderate
247703,DL005,2018-07-25 00:00:00,58.25,113.0,1.53,16.57,9.92,37.6,0.87,16.47,12.88,1.13,18.35,,115.0,Moderate
247704,DL005,2018-07-25 01:00:00,58.75,81.5,1.43,12.2,7.65,36.32,0.87,14.67,13.03,1.2,18.87,,115.0,Moderate
247705,DL005,2018-07-25 02:00:00,53.0,69.0,1.75,11.6,7.6,36.65,0.9,14.55,11.75,0.88,15.32,,114.0,Moderate
247706,DL005,2018-07-25 03:00:00,44.5,79.75,4.0,16.5,12.0,43.0,,16.0,8.13,1.52,15.4,,114.0,Moderate
247707,DL005,2018-07-25 04:00:00,56.25,90.25,1.65,9.98,6.62,37.0,0.8,15.12,12.65,1.2,15.8,,115.0,Moderate
247708,DL005,2018-07-25 05:00:00,29.75,46.25,1.4,6.82,4.77,40.98,0.65,16.4,14.25,0.35,11.33,,114.0,Moderate
247709,DL005,2018-07-25 06:00:00,20.0,33.25,1.35,8.32,5.55,39.28,0.7,15.5,12.68,0.3,10.88,,113.0,Moderate
247710,DL005,2018-07-25 07:00:00,20.5,46.25,2.2,9.63,6.9,39.52,0.7,15.72,10.52,0.38,8.5,,110.0,Moderate
247711,DL005,2018-07-25 08:00:00,24.25,49.5,3.0,10.52,8.05,39.68,0.85,15.28,9.95,0.45,10.08,,107.0,Moderate
247712,DL005,2018-07-25 09:00:00,35.25,64.0,2.83,11.78,8.45,40.15,0.95,10.5,9.22,1.1,10.23,,106.0,Moderate
247713,DL005,2018-07-25 10:00:00,48.75,93.0,2.25,10.22,7.28,38.48,1.1,11.15,10.62,3.35,56.45,,105.0,Moderate
247714,DL005,2018-07-25 11:00:00,43.0,96.5,2.1,7.3,5.6,38.38,0.7,9.48,16.98,0.53,11.62,,103.0,Moderate
247715,DL005,2018-07-25 12:00:00,21.75,45.0,1.45,6.55,4.67,36.92,0.7,9.6,19.45,0.33,8.57,,102.0,Moderate
247716,DL005,2018-07-25 13:00:00,30.0,75.75,2.0,6.6,5.12,37.15,0.7,12.75,23.7,0.6,15.4,,102.0,Moderate
247717,DL005,2018-07-25 14:00:00,30.75,77.0,1.23,6.52,4.48,38.8,0.65,11.38,23.45,0.45,14.6,,101.0,Moderate
247718,DL005,2018-07-25 15:00:00,34.5,76.5,1.98,6.02,4.85,40.88,0.6,16.28,24.57,0.38,13.77,,99.0,Satisfactory
247719,DL005,2018-07-25 16:00:00,39.25,86.0,1.58,7.23,5.12,37.0,0.83,17.52,25.38,0.38,11.72,,97.0,Satisfactory
247720,DL005,2018-07-25 17:00:00,41.5,93.25,1.12,7.4,4.83,32.57,0.87,15.97,21.38,0.38,8.58,,95.0,Satisfactory
247721,DL005,2018-07-25 18:00:00,47.25,99.0,1.32,7.62,5.12,33.82,0.88,14.4,18.92,0.35,10.85,,92.0,Satisfactory
247722,DL005,2018-07-25 19:00:00,50.25,103.5,1.1,10.8,6.65,37.88,0.95,15.2,21.62,0.83,18.53,,92.0,Satisfactory
247723,DL005,2018-07-25 20:00:00,47.0,82.0,1.35,11.28,7.05,32.75,0.95,14.08,19.77,0.52,11.35,,91.0,Satisfactory
247724,DL005,2018-07-25 21:00:00,38.5,33.5,1.55,15.8,9.58,31.68,1.05,15.05,14.15,0.75,11.33,,85.0,Satisfactory
247725,DL005,2018-07-25 22:00:00,29.0,48.75,1.9,17.17,10.7,31.32,1.25,17.32,10.15,1.7,38.22,,79.0,Satisfactory
247726,DL005,2018-07-25 23:00:00,46.0,66.75,1.68,13.95,8.8,32.2,1.05,18.7,10.35,1.57,26.43,,73.0,Satisfactory
247727,DL005,2018-07-26 00:00:00,30.25,47.75,1.57,11.43,7.35,30.02,0.92,17.97,10.28,0.77,14.0,,70.0,Satisfactory
247728,DL005,2018-07-26 01:00:00,26.25,47.0,1.65,11.5,7.45,29.05,1.03,18.53,8.85,1.08,23.35,,69.0,Satisfactory
247729,DL005,2018-07-26 02:00:00,43.75,68.25,1.18,10.12,6.32,27.82,0.83,16.88,9.55,0.93,18.0,,69.0,Satisfactory
247730,DL005,2018-07-26 03:00:00,30.5,51.0,1.8,7.5,5.5,28.5,,18.3,8.83,0.5,10.4,,68.0,Satisfactory
247731,DL005,2018-07-26 04:00:00,29.25,48.5,1.65,7.18,5.12,26.2,0.8,16.45,9.0,0.65,12.9,,66.0,Satisfactory
247732,DL005,2018-07-26 05:00:00,31.25,45.0,1.6,7.05,5.08,31.12,0.75,16.62,9.65,0.43,15.27,,66.0,Satisfactory
247733,DL005,2018-07-26 06:00:00,34.75,59.75,1.5,4.5,3.57,32.3,0.7,18.17,11.25,0.38,7.05,,67.0,Satisfactory
247734,DL005,2018-07-26 07:00:00,35.25,66.75,1.75,6.38,4.82,31.18,0.7,17.6,9.25,0.33,8.45,,68.0,Satisfactory
247735,DL005,2018-07-26 08:00:00,36.25,53.25,1.7,4.1,3.6,31.2,0.7,16.5,13.25,0.25,6.35,,68.0,Satisfactory
247736,DL005,2018-07-26 09:00:00,27.25,25.25,1.4,4.65,3.62,31.1,0.7,10.7,16.1,0.2,5.12,,66.0,Satisfactory
247737,DL005,2018-07-26 10:00:00,27.25,33.5,1.77,7.3,5.32,30.67,0.72,9.17,13.77,0.2,5.22,,64.0,Satisfactory
247738,DL005,2018-07-26 11:00:00,35.0,48.5,5.48,12.85,11.35,31.03,0.75,9.35,11.62,0.33,7.67,,62.0,Satisfactory
247739,DL005,2018-07-26 12:00:00,37.5,52.5,2.85,7.42,6.27,31.27,0.7,10.1,13.55,0.4,7.05,,62.0,Satisfactory
247740,DL005,2018-07-26 13:00:00,37.0,53.75,2.6,6.77,5.75,30.38,0.7,9.07,13.03,0.38,12.18,,61.0,Satisfactory
247741,DL005,2018-07-26 14:00:00,35.75,55.25,2.1,7.08,5.48,30.8,0.72,10.3,17.23,0.48,24.82,,60.0,Satisfactory
247742,DL005,2018-07-26 15:00:00,21.75,35.25,1.9,8.1,5.85,31.65,0.8,13.88,18.47,0.75,54.7,,60.0,Satisfactory
247743,DL005,2018-07-26 16:00:00,19.5,36.75,0.92,8.1,5.08,31.15,0.8,15.55,18.97,0.45,10.38,,58.0,Satisfactory
247744,DL005,2018-07-26 17:00:00,26.5,44.0,1.15,10.8,6.68,29.9,0.95,15.55,19.5,0.95,80.45,,57.0,Satisfactory
247745,DL005,2018-07-26 18:00:00,31.5,56.25,1.7,10.63,7.05,28.9,0.95,15.53,17.1,1.92,136.23,,56.0,Satisfactory
247746,DL005,2018-07-26 19:00:00,23.75,44.75,1.72,9.95,6.7,29.07,1.07,14.97,15.97,1.6,206.2,,54.0,Satisfactory
247747,DL005,2018-07-26 20:00:00,24.25,37.75,1.4,12.55,7.85,28.85,1.08,15.53,12.03,0.98,24.2,,54.0,Satisfactory
247748,DL005,2018-07-26 21:00:00,28.25,45.0,1.78,16.7,10.35,30.15,1.08,14.55,11.6,1.47,77.92,,54.0,Satisfactory
247749,DL005,2018-07-26 22:00:00,27.25,38.5,2.15,18.85,11.77,29.0,1.08,14.23,9.57,1.05,36.35,,54.0,Satisfactory
247750,DL005,2018-07-26 23:00:00,22.5,29.5,1.57,11.52,7.45,29.5,0.93,13.62,18.88,1.62,46.9,,54.0,Satisfactory
247751,DL005,2018-07-27 00:00:00,20.75,27.75,1.18,6.97,4.73,27.78,0.75,13.9,15.48,1.05,54.25,,54.0,Satisfactory
247752,DL005,2018-07-27 01:00:00,11.5,8.75,1.35,3.47,2.95,25.55,0.7,13.2,19.75,0.28,8.48,,54.0,Satisfactory
247753,DL005,2018-07-27 02:00:00,11.75,7.75,1.35,2.53,2.45,24.65,0.7,12.85,19.9,0.23,6.85,,54.0,Satisfactory
247754,DL005,2018-07-27 03:00:00,10.25,13.75,1.1,4.5,3.3,26.0,,14.2,20.88,0.63,31.65,,54.0,Satisfactory
247755,DL005,2018-07-27 04:00:00,16.0,29.5,1.25,3.82,3.08,24.3,0.7,14.05,19.0,0.78,38.65,,54.0,Satisfactory
247756,DL005,2018-07-27 05:00:00,15.25,18.25,1.43,3.8,3.2,26.25,0.7,14.88,21.45,0.55,19.25,,54.0,Satisfactory
247757,DL005,2018-07-27 06:00:00,20.75,27.25,1.02,4.5,3.22,26.08,0.75,16.15,16.8,0.75,21.75,,46.0,Good
247758,DL005,2018-07-27 07:00:00,17.75,32.75,1.7,8.4,5.85,26.02,0.8,14.25,12.88,0.82,30.93,,41.0,Good
247759,DL005,2018-07-27 08:00:00,22.25,30.75,1.73,7.8,5.55,25.97,0.83,14.15,15.33,0.93,37.85,,42.0,Good
247760,DL005,2018-07-27 09:00:00,31.25,40.25,1.22,8.58,5.57,25.72,0.9,10.58,15.72,1.72,32.05,,45.0,Good
247761,DL005,2018-07-27 10:00:00,39.0,55.0,1.7,10.6,7.05,25.48,0.87,11.75,14.72,1.55,33.22,,45.0,Good
247762,DL005,2018-07-27 11:00:00,41.25,62.25,1.92,9.97,6.87,25.42,0.8,12.52,14.7,1.3,137.15,,45.0,Good
247763,DL005,2018-07-27 12:00:00,39.5,67.75,2.12,9.42,6.73,25.25,0.8,12.9,15.28,1.65,284.97,,45.0,Good
247764,DL005,2018-07-27 13:00:00,39.75,70.0,2.25,9.82,7.07,24.55,0.8,12.7,16.5,3.07,281.05,,45.0,Good
247765,DL005,2018-07-27 14:00:00,34.5,57.75,1.88,10.75,7.27,24.23,0.75,13.7,16.15,4.17,223.32,,45.0,Good
247766,DL005,2018-07-27 15:00:00,28.0,46.25,2.1,9.58,6.82,23.4,0.7,13.75,15.7,3.12,189.0,,45.0,Good
247767,DL005,2018-07-27 16:00:00,22.25,39.75,2.12,8.27,6.15,22.55,0.8,13.48,14.7,1.8,226.85,,45.0,Good
247768,DL005,2018-07-27 17:00:00,22.25,38.75,1.9,8.57,6.1,22.75,0.85,13.53,13.4,1.72,213.88,,44.0,Good
247769,DL005,2018-07-27 18:00:00,24.5,50.5,2.1,9.5,6.77,24.6,0.9,13.58,13.07,3.2,277.6,,45.0,Good
247770,DL005,2018-07-27 19:00:00,35.75,58.5,2.05,11.83,8.0,24.9,0.9,14.53,11.6,2.28,314.78,,45.0,Good
247771,DL005,2018-07-27 20:00:00,27.75,52.0,1.97,9.0,6.37,24.62,0.85,15.55,12.85,1.8,231.72,,45.0,Good
247772,DL005,2018-07-27 21:00:00,25.75,55.0,1.45,9.35,6.17,24.45,0.9,13.88,12.75,1.6,152.12,,45.0,Good
247773,DL005,2018-07-27 22:00:00,31.5,55.75,1.88,8.55,6.05,24.15,0.9,14.45,13.85,1.52,76.65,,45.0,Good
247774,DL005,2018-07-27 23:00:00,29.75,53.0,0.95,5.35,3.68,23.22,0.83,13.3,13.83,1.92,53.5,,45.0,Good
247775,DL005,2018-07-28 00:00:00,20.5,36.75,1.0,5.68,3.8,22.53,0.8,13.3,12.62,1.55,54.8,,45.0,Good
247776,DL005,2018-07-28 01:00:00,21.0,29.75,0.65,4.7,3.02,22.78,0.83,12.85,11.57,0.8,25.83,,45.0,Good
247777,DL005,2018-07-28 02:00:00,19.25,20.75,1.22,4.65,3.48,22.5,0.8,12.33,16.6,0.7,15.8,,45.0,Good
247778,DL005,2018-07-28 03:00:00,22.25,24.75,1.1,3.3,2.7,23.9,,15.1,13.62,0.58,10.97,,45.0,Good
247779,DL005,2018-07-28 04:00:00,21.0,29.5,0.85,3.25,2.43,23.3,0.75,14.08,13.2,0.48,7.05,,45.0,Good
247780,DL005,2018-07-28 05:00:00,23.0,32.0,1.38,3.77,3.12,25.5,0.7,14.18,13.62,0.45,6.58,,46.0,Good
247781,DL005,2018-07-28 06:00:00,22.75,43.5,1.45,3.33,2.98,25.5,0.7,15.55,13.65,0.4,6.0,,46.0,Good
247782,DL005,2018-07-28 07:00:00,31.75,43.5,1.5,3.9,3.3,25.48,0.7,14.2,12.52,0.43,6.27,,47.0,Good
247783,DL005,2018-07-28 08:00:00,35.5,49.25,1.72,5.33,4.22,25.03,0.72,14.35,11.23,0.53,6.77,,48.0,Good
247784,DL005,2018-07-28 09:00:00,37.75,54.25,1.53,6.3,4.57,25.25,0.85,11.97,10.9,0.63,6.85,,48.0,Good
247785,DL005,2018-07-28 10:00:00,31.0,54.75,2.22,6.83,5.45,25.6,0.78,11.2,12.48,0.78,20.7,,48.0,Good
247786,DL005,2018-07-28 11:00:00,31.75,49.5,1.6,6.1,4.58,25.38,0.75,12.45,16.25,0.6,18.43,,47.0,Good
247787,DL005,2018-07-28 12:00:00,37.0,64.75,1.3,6.43,4.48,26.42,0.8,12.47,18.35,0.83,35.85,,47.0,Good
247788,DL005,2018-07-28 13:00:00,44.0,65.5,1.97,7.2,5.42,27.72,0.8,11.55,21.7,1.25,29.98,,47.0,Good
247789,DL005,2018-07-28 14:00:00,36.0,52.75,1.47,4.87,3.8,27.05,0.75,13.05,18.42,0.7,14.98,,47.0,Good
247790,DL005,2018-07-28 15:00:00,31.5,58.75,1.17,4.47,3.35,30.4,0.7,15.42,21.8,0.52,12.12,,48.0,Good
247791,DL005,2018-07-28 16:00:00,34.0,71.0,1.12,4.87,3.47,31.75,0.7,15.55,23.52,0.45,18.17,,48.0,Good
247792,DL005,2018-07-28 17:00:00,27.75,71.25,0.92,3.8,2.77,29.72,0.7,14.9,22.9,0.43,42.68,,49.0,Good
247793,DL005,2018-07-28 18:00:00,27.0,64.75,1.35,3.9,3.15,26.68,0.75,15.53,25.47,0.53,26.1,,50.0,Good
247794,DL005,2018-07-28 19:00:00,26.25,63.5,0.8,4.98,3.28,28.95,0.73,14.4,33.45,0.35,13.8,,50.0,Good
247795,DL005,2018-07-28 20:00:00,22.5,42.0,0.7,13.15,7.55,29.0,0.85,14.25,24.53,0.45,8.17,,49.0,Good
247796,DL005,2018-07-28 21:00:00,21.0,37.5,2.03,16.15,10.25,31.22,1.0,13.75,17.57,0.95,16.22,,50.0,Good
247797,DL005,2018-07-28 22:00:00,31.0,48.25,1.5,15.75,9.62,33.08,1.15,15.12,15.6,0.9,9.3,,57.0,Satisfactory
247798,DL005,2018-07-28 23:00:00,39.75,71.75,3.97,23.78,15.85,35.83,1.4,15.02,8.63,2.4,41.78,,70.0,Satisfactory
247799,DL005,2018-07-29 00:00:00,56.5,88.0,3.82,23.05,15.38,36.12,1.1,14.75,9.25,2.32,71.62,,70.0,Satisfactory
247800,DL005,2018-07-29 01:00:00,55.5,91.25,3.67,19.87,13.55,36.48,1.03,14.22,7.65,1.62,45.6,,70.0,Satisfactory
247801,DL005,2018-07-29 02:00:00,53.25,79.75,3.1,14.7,10.7,34.2,0.92,14.33,11.3,1.4,36.52,,70.0,Satisfactory
247802,DL005,2018-07-29 03:00:00,45.25,74.5,3.0,13.2,9.5,36.3,,18.1,8.58,1.45,34.43,,70.0,Satisfactory
247803,DL005,2018-07-29 04:00:00,51.75,85.75,3.3,14.3,10.27,33.5,1.0,16.4,8.03,1.55,35.4,,70.0,Satisfactory
247804,DL005,2018-07-29 05:00:00,44.5,80.75,3.57,16.75,11.8,36.97,1.08,16.88,8.03,1.22,24.75,,70.0,Satisfactory
247805,DL005,2018-07-29 06:00:00,53.75,90.0,3.93,16.45,11.92,37.72,1.15,17.1,7.65,2.05,37.52,,70.0,Satisfactory
247806,DL005,2018-07-29 07:00:00,53.25,91.25,4.3,14.12,11.0,36.25,0.95,16.32,7.93,1.55,27.3,,67.0,Satisfactory
247807,DL005,2018-07-29 08:00:00,37.0,62.75,4.8,13.67,11.23,37.35,0.88,16.43,8.38,1.02,14.92,,67.0,Satisfactory
247808,DL005,2018-07-29 09:00:00,38.75,75.75,4.05,9.8,8.5,39.97,0.75,11.88,9.4,0.72,11.28,,68.0,Satisfactory
247809,DL005,2018-07-29 10:00:00,37.5,88.5,2.7,7.35,6.1,39.53,0.75,11.45,11.27,0.58,9.95,,70.0,Satisfactory
247810,DL005,2018-07-29 11:00:00,43.75,113.75,1.97,5.57,4.6,46.2,0.7,11.28,15.52,0.3,6.1,,72.0,Satisfactory
247811,DL005,2018-07-29 12:00:00,41.5,125.0,1.6,5.6,4.3,48.68,0.7,9.3,19.62,0.25,5.08,,75.0,Satisfactory
247812,DL005,2018-07-29 13:00:00,44.75,135.5,2.0,5.08,4.35,48.47,0.7,8.82,20.38,0.2,4.85,,78.0,Satisfactory
247813,DL005,2018-07-29 14:00:00,41.0,140.0,1.85,5.05,4.18,44.5,0.67,11.27,21.65,0.2,6.23,,81.0,Satisfactory
247814,DL005,2018-07-29 15:00:00,42.5,143.25,1.65,5.68,4.37,44.2,0.7,11.53,22.47,0.35,29.18,,85.0,Satisfactory
247815,DL005,2018-07-29 16:00:00,45.5,151.25,1.22,6.2,4.33,42.88,0.7,10.95,23.7,0.45,14.07,,88.0,Satisfactory
247816,DL005,2018-07-29 17:00:00,41.75,146.0,1.5,6.5,4.7,39.85,0.7,11.1,24.52,0.25,17.38,,91.0,Satisfactory
247817,DL005,2018-07-29 18:00:00,43.25,146.25,1.48,6.98,4.92,35.3,0.7,9.95,21.88,0.2,6.28,,95.0,Satisfactory
247818,DL005,2018-07-29 19:00:00,42.25,147.0,1.22,8.8,5.7,36.6,0.8,10.5,19.8,0.28,8.6,,98.0,Satisfactory
247819,DL005,2018-07-29 20:00:00,48.5,151.75,1.45,14.9,9.13,39.62,0.97,11.58,14.0,0.55,7.17,,102.0,Moderate
247820,DL005,2018-07-29 21:00:00,58.0,170.25,1.38,19.65,11.58,39.9,1.13,12.65,8.87,1.18,11.9,,106.0,Moderate
247821,DL005,2018-07-29 22:00:00,63.75,184.75,2.27,21.6,13.35,41.95,1.28,12.1,7.83,1.03,11.85,,109.0,Moderate
247822,DL005,2018-07-29 23:00:00,64.0,202.25,6.32,23.03,17.45,41.33,1.28,13.05,6.08,1.3,15.25,,113.0,Moderate
247823,DL005,2018-07-30 00:00:00,65.0,221.0,3.9,16.75,12.05,41.62,0.98,12.53,6.83,1.35,21.25,,117.0,Moderate
247824,DL005,2018-07-30 01:00:00,52.5,142.25,1.85,4.48,3.85,41.98,0.5,12.22,13.05,0.57,15.15,,118.0,Moderate
247825,DL005,2018-07-30 02:00:00,32.5,73.5,1.17,6.73,4.55,32.5,0.58,11.55,14.25,0.2,9.22,,118.0,Moderate
247826,DL005,2018-07-30 03:00:00,32.0,93.0,1.2,4.2,3.3,38.4,,16.6,15.05,0.38,6.45,,118.0,Moderate
247827,DL005,2018-07-30 04:00:00,35.75,102.0,1.3,5.12,3.8,40.18,0.7,16.45,15.65,0.38,4.77,,119.0,Moderate
247828,DL005,2018-07-30 05:00:00,37.5,99.25,1.0,6.2,4.1,41.13,0.7,16.68,14.83,0.33,4.85,,119.0,Moderate
247829,DL005,2018-07-30 06:00:00,34.0,94.0,1.85,8.9,6.27,39.55,0.7,17.2,10.5,0.38,6.57,,119.0,Moderate
247830,DL005,2018-07-30 07:00:00,30.5,106.25,2.6,9.83,7.33,39.77,0.83,17.95,9.6,0.45,6.43,,120.0,Moderate
247831,DL005,2018-07-30 08:00:00,39.0,115.5,2.88,9.85,7.6,38.97,0.8,17.98,10.5,0.8,8.68,,121.0,Moderate
247832,DL005,2018-07-30 09:00:00,41.0,113.0,2.5,8.45,6.53,38.5,0.75,16.4,10.9,0.6,8.6,,122.0,Moderate
247833,DL005,2018-07-30 10:00:00,37.25,109.5,2.05,6.9,5.35,36.22,0.7,14.85,12.85,0.33,5.3,,123.0,Moderate
247834,DL005,2018-07-30 11:00:00,36.0,109.5,2.07,6.5,5.17,36.92,0.7,13.73,16.08,0.3,5.0,,123.0,Moderate
247835,DL005,2018-07-30 12:00:00,38.75,120.0,1.47,6.38,4.58,40.7,0.65,13.5,19.23,0.28,4.65,,123.0,Moderate
247836,DL005,2018-07-30 13:00:00,36.75,134.25,1.5,6.23,4.55,40.0,0.63,12.55,21.67,0.23,4.5,,123.0,Moderate
247837,DL005,2018-07-30 14:00:00,33.25,123.25,1.67,5.77,4.42,39.55,0.67,13.5,22.6,0.2,3.85,,122.0,Moderate
247838,DL005,2018-07-30 15:00:00,34.25,122.25,1.25,5.4,3.88,37.4,0.7,15.28,24.13,0.35,5.38,,122.0,Moderate
247839,DL005,2018-07-30 16:00:00,38.25,121.0,1.5,5.65,4.25,38.92,0.82,14.67,26.1,1.5,29.65,,121.0,Moderate
247840,DL005,2018-07-30 17:00:00,46.5,133.0,1.62,5.9,4.45,38.75,0.75,14.35,29.67,0.38,7.15,,120.0,Moderate
247841,DL005,2018-07-30 18:00:00,39.75,131.5,1.15,5.73,3.95,36.48,0.75,13.45,31.97,0.3,5.35,,120.0,Moderate
247842,DL005,2018-07-30 19:00:00,35.0,125.0,1.0,5.33,3.63,33.03,0.7,12.42,30.1,0.3,4.6,,119.0,Moderate
247843,DL005,2018-07-30 20:00:00,44.75,131.25,0.97,10.0,6.15,38.07,1.0,13.58,21.38,0.4,7.92,,119.0,Moderate
247844,DL005,2018-07-30 21:00:00,57.5,177.5,1.6,22.1,13.05,38.75,1.4,16.03,11.15,1.28,28.25,,119.0,Moderate
247845,DL005,2018-07-30 22:00:00,62.5,206.25,2.82,28.53,17.5,38.55,1.35,18.0,9.15,1.68,28.47,,120.0,Moderate
247846,DL005,2018-07-30 23:00:00,63.5,215.25,2.55,28.32,17.15,39.55,1.42,17.65,8.3,1.7,31.72,,120.0,Moderate
247847,DL005,2018-07-31 00:00:00,64.5,233.75,3.22,27.4,17.2,40.7,1.32,17.38,7.85,2.55,56.02,,120.0,Moderate
247848,DL005,2018-07-31 01:00:00,66.0,193.0,2.35,17.23,11.1,41.08,0.83,16.8,9.45,1.78,31.65,,122.0,Moderate
247849,DL005,2018-07-31 02:00:00,50.75,129.0,1.85,8.33,5.95,37.95,0.7,18.12,12.2,0.85,12.17,,123.0,Moderate
247850,DL005,2018-07-31 03:00:00,54.25,128.75,0.7,4.3,2.9,33.9,,17.0,13.17,0.48,8.55,,124.0,Moderate
247851,DL005,2018-07-31 04:00:00,38.25,106.0,1.25,3.7,3.0,35.55,0.6,15.8,15.88,0.23,4.43,,124.0,Moderate
247852,DL005,2018-07-31 05:00:00,33.75,94.0,1.1,4.12,3.1,39.03,0.63,14.92,14.05,0.35,4.25,,124.0,Moderate
247853,DL005,2018-07-31 06:00:00,35.75,96.75,1.0,5.25,3.57,39.08,0.63,15.97,12.3,0.33,4.23,,124.0,Moderate
247854,DL005,2018-07-31 07:00:00,35.0,106.25,2.15,6.53,5.22,37.93,0.65,15.2,10.6,0.28,4.3,,124.0,Moderate
247855,DL005,2018-07-31 08:00:00,37.75,113.0,3.03,7.2,6.3,37.85,0.7,15.0,10.1,0.65,5.55,,124.0,Moderate
247856,DL005,2018-07-31 09:00:00,44.5,127.5,2.5,5.7,5.08,36.88,0.63,15.3,11.67,0.3,4.4,,125.0,Moderate
247857,DL005,2018-07-31 10:00:00,39.5,144.0,2.65,5.9,5.35,35.03,0.67,13.73,14.75,0.28,4.5,,126.0,Moderate
247858,DL005,2018-07-31 11:00:00,40.5,152.5,2.0,5.75,4.7,33.65,0.67,13.85,18.5,0.33,6.48,,127.0,Moderate
247859,DL005,2018-07-31 12:00:00,47.5,170.75,1.57,7.07,5.03,35.9,0.7,11.92,19.07,0.23,5.45,,128.0,Moderate
247860,DL005,2018-07-31 13:00:00,45.0,149.5,1.9,8.58,6.1,36.2,0.7,11.7,21.85,0.25,5.05,,129.0,Moderate
247861,DL005,2018-07-31 14:00:00,43.0,149.75,1.28,7.25,4.9,36.52,0.67,12.05,24.5,0.25,5.07,,129.0,Moderate
247862,DL005,2018-07-31 15:00:00,45.75,145.5,1.32,4.67,3.55,34.17,0.7,12.23,28.35,0.2,3.92,,130.0,Moderate
247863,DL005,2018-07-31 16:00:00,46.5,147.0,1.47,5.03,3.87,36.85,0.67,11.25,30.4,0.2,4.2,,131.0,Moderate
247864,DL005,2018-07-31 17:00:00,51.25,154.75,1.35,5.8,4.15,34.95,0.7,11.42,28.42,0.2,4.85,,131.0,Moderate
247865,DL005,2018-07-31 18:00:00,50.5,154.0,1.52,6.15,4.52,35.18,0.75,10.75,28.1,0.3,5.88,,132.0,Moderate
247866,DL005,2018-07-31 19:00:00,48.75,164.25,1.2,9.0,5.75,33.7,0.8,10.75,24.72,0.25,6.73,,133.0,Moderate
247867,DL005,2018-07-31 20:00:00,58.5,173.25,1.87,23.65,14.13,38.4,1.1,9.72,12.88,0.7,10.45,,134.0,Moderate
247868,DL005,2018-07-31 21:00:00,68.5,201.0,4.6,33.6,21.57,41.72,1.32,12.5,8.45,1.6,16.6,,135.0,Moderate
247869,DL005,2018-07-31 22:00:00,85.0,263.25,10.85,50.15,35.55,41.08,2.08,14.42,8.27,3.1,52.87,,136.0,Moderate
247870,DL005,2018-07-31 23:00:00,74.0,284.0,6.82,19.03,15.6,40.95,0.88,15.7,17.75,4.55,60.42,,138.0,Moderate
247871,DL005,2018-08-01 00:00:00,38.0,95.0,2.68,9.25,7.12,34.95,0.55,15.02,36.0,0.38,9.12,,135.0,Moderate
247872,DL005,2018-08-01 01:00:00,28.0,49.5,1.48,5.3,4.07,33.65,0.5,14.43,50.05,0.28,7.75,,131.0,Moderate
247873,DL005,2018-08-01 02:00:00,24.25,47.25,0.9,5.22,3.55,37.72,0.5,14.92,36.6,0.18,5.75,,128.0,Moderate
247874,DL005,2018-08-01 03:00:00,23.5,48.25,1.0,4.6,3.3,35.0,,16.5,37.08,0.2,5.45,,126.0,Moderate
247875,DL005,2018-08-01 04:00:00,28.25,56.0,1.22,5.02,3.68,38.32,0.6,15.22,30.4,0.2,5.12,,125.0,Moderate
247876,DL005,2018-08-01 05:00:00,29.25,51.75,1.38,7.25,4.98,40.12,0.65,14.8,26.17,0.2,7.52,,123.0,Moderate
247877,DL005,2018-08-01 06:00:00,31.5,64.0,1.35,11.4,7.15,36.93,0.75,16.32,20.7,0.3,6.88,,123.0,Moderate
247878,DL005,2018-08-01 07:00:00,40.0,92.75,5.87,21.93,16.4,36.38,0.95,15.87,10.5,0.85,11.9,,122.0,Moderate
247879,DL005,2018-08-01 08:00:00,55.5,133.25,7.57,16.6,14.97,40.03,0.97,14.87,9.47,1.55,27.85,,123.0,Moderate
247880,DL005,2018-08-01 09:00:00,63.25,179.0,4.3,10.22,8.93,38.4,0.72,14.45,9.38,0.78,16.45,,124.0,Moderate
247881,DL005,2018-08-01 10:00:00,55.25,167.75,2.45,7.27,5.85,38.2,0.67,14.1,14.45,0.3,5.65,,125.0,Moderate
247882,DL005,2018-08-01 11:00:00,59.0,197.0,2.12,6.5,5.2,37.28,0.7,14.33,19.72,0.38,5.43,,126.0,Moderate
247883,DL005,2018-08-01 12:00:00,68.5,225.0,1.75,7.47,5.4,44.93,0.65,12.85,22.47,0.43,4.77,,128.0,Moderate
247884,DL005,2018-08-01 13:00:00,69.0,243.25,1.8,7.73,5.6,43.35,0.67,12.17,27.15,0.23,5.07,,130.0,Moderate
247885,DL005,2018-08-01 14:00:00,65.5,277.75,1.43,6.6,4.65,42.8,0.6,12.15,29.9,0.2,4.27,,134.0,Moderate
247886,DL005,2018-08-01 15:00:00,64.0,245.0,1.73,5.88,4.55,39.43,0.7,14.6,30.03,0.18,3.55,,136.0,Moderate
247887,DL005,2018-08-01 16:00:00,66.0,249.5,1.47,7.12,4.97,39.28,0.63,14.62,31.3,0.18,3.82,,139.0,Moderate
247888,DL005,2018-08-01 17:00:00,72.75,253.0,2.1,7.73,5.82,37.75,0.63,14.15,32.9,0.18,4.58,,142.0,Moderate
247889,DL005,2018-08-01 18:00:00,72.75,248.25,1.5,10.05,6.6,35.55,0.67,13.6,33.15,0.18,4.83,,145.0,Moderate
247890,DL005,2018-08-01 19:00:00,68.75,243.5,1.32,12.2,7.55,31.7,0.8,14.53,26.23,0.25,6.6,,147.0,Moderate
247891,DL005,2018-08-01 20:00:00,80.75,245.75,1.53,18.25,10.92,36.57,0.95,13.63,21.35,0.53,8.97,,149.0,Moderate
247892,DL005,2018-08-01 21:00:00,99.75,273.0,1.97,27.63,16.3,36.4,1.5,13.67,10.72,1.85,48.05,,151.0,Moderate
247893,DL005,2018-08-01 22:00:00,120.0,349.75,7.12,33.62,23.68,36.35,1.6,14.33,7.33,3.05,71.38,,153.0,Moderate
247894,DL005,2018-08-01 23:00:00,111.25,341.75,7.62,30.22,22.28,34.97,1.32,17.1,7.45,3.18,40.82,,155.0,Moderate
247895,DL005,2018-08-02 00:00:00,108.0,299.0,5.53,25.67,18.17,34.95,1.15,16.1,8.12,3.15,28.75,,161.0,Moderate
247896,DL005,2018-08-02 01:00:00,93.25,274.0,3.68,21.1,14.2,34.4,0.95,15.03,8.05,2.38,20.88,,167.0,Moderate
247897,DL005,2018-08-02 02:00:00,81.75,213.25,2.32,13.57,9.08,34.78,0.75,15.42,13.3,0.98,19.02,,171.0,Moderate
247898,DL005,2018-08-02 03:00:00,70.5,173.0,2.7,9.8,7.4,32.1,,15.3,8.97,0.45,9.8,,175.0,Moderate
247899,DL005,2018-08-02 04:00:00,66.0,166.0,1.95,9.47,6.68,32.42,0.7,15.37,9.05,0.43,6.8,,178.0,Moderate
247900,DL005,2018-08-02 05:00:00,64.0,163.25,1.97,9.72,6.77,37.1,0.7,15.95,8.8,0.38,7.12,,181.0,Moderate
247901,DL005,2018-08-02 06:00:00,60.5,167.5,2.98,12.58,9.28,37.33,0.72,16.65,8.0,0.63,8.83,,184.0,Moderate
247902,DL005,2018-08-02 07:00:00,69.0,179.25,4.4,13.9,10.98,38.4,0.85,16.25,7.65,1.08,10.4,,186.0,Moderate
247903,DL005,2018-08-02 08:00:00,74.0,188.25,5.07,11.78,10.4,38.65,0.88,15.3,8.62,0.8,9.7,,188.0,Moderate
247904,DL005,2018-08-02 09:00:00,82.5,212.25,4.7,10.28,9.3,37.3,0.88,13.48,10.55,0.55,9.53,,189.0,Moderate
247905,DL005,2018-08-02 10:00:00,94.25,251.5,3.07,7.1,6.27,36.25,0.7,13.05,13.2,0.4,12.02,,191.0,Moderate
247906,DL005,2018-08-02 11:00:00,105.0,295.75,2.45,6.05,5.23,33.05,0.7,12.4,17.45,0.28,8.22,,194.0,Moderate
247907,DL005,2018-08-02 12:00:00,99.0,295.75,2.18,6.32,5.15,36.43,0.67,12.2,19.85,0.2,7.7,,196.0,Moderate
247908,DL005,2018-08-02 13:00:00,101.25,297.25,1.85,6.85,5.15,37.33,0.7,11.48,23.88,0.23,5.95,,197.0,Moderate
247909,DL005,2018-08-02 14:00:00,109.25,322.25,1.52,6.88,4.92,36.43,0.67,11.88,27.9,0.23,4.3,,199.0,Moderate
247910,DL005,2018-08-02 15:00:00,111.5,323.75,1.67,6.55,4.88,34.6,0.67,15.05,29.25,0.2,4.15,,201.0,Poor
247911,DL005,2018-08-02 16:00:00,108.5,323.75,1.82,5.65,4.48,35.42,0.6,14.92,32.2,0.18,4.15,,204.0,Poor
247912,DL005,2018-08-02 17:00:00,113.25,314.0,1.83,6.83,5.15,34.73,0.6,14.55,33.57,0.15,4.15,,207.0,Poor
247913,DL005,2018-08-02 18:00:00,109.0,302.0,1.88,7.52,5.52,32.68,0.63,14.4,31.45,0.2,5.65,,209.0,Poor
247914,DL005,2018-08-02 19:00:00,97.25,295.25,1.7,10.12,6.77,29.25,0.8,15.08,25.82,0.28,6.75,,211.0,Poor
247915,DL005,2018-08-02 20:00:00,111.25,307.25,1.9,18.78,11.55,33.4,0.98,15.23,16.55,0.72,30.62,,214.0,Poor
247916,DL005,2018-08-02 21:00:00,122.25,317.5,2.45,24.95,15.25,34.4,1.0,13.15,11.28,1.13,42.95,,217.0,Poor
247917,DL005,2018-08-02 22:00:00,118.5,306.75,4.08,29.68,19.15,33.27,1.3,12.03,8.75,1.4,28.02,,217.0,Poor
247918,DL005,2018-08-02 23:00:00,118.0,307.75,3.77,24.65,16.17,30.57,1.03,14.45,9.65,2.17,69.43,,218.0,Poor
247919,DL005,2018-08-03 00:00:00,99.25,243.0,2.02,15.05,9.65,28.62,0.72,14.12,13.15,0.85,17.83,,217.0,Poor
247920,DL005,2018-08-03 01:00:00,86.75,188.0,1.45,9.4,6.18,28.25,0.65,12.95,15.58,0.35,14.6,,216.0,Poor
247921,DL005,2018-08-03 02:00:00,81.75,164.5,1.72,9.38,6.4,27.12,0.6,13.3,18.3,0.3,8.15,,216.0,Poor
247922,DL005,2018-08-03 03:00:00,76.5,155.5,2.0,8.1,6.0,26.8,,14.3,15.4,0.28,8.38,,216.0,Poor
247923,DL005,2018-08-03 04:00:00,73.5,154.25,0.98,10.57,6.4,27.35,0.6,14.85,12.5,0.4,11.55,,218.0,Poor
247924,DL005,2018-08-03 05:00:00,80.0,165.25,2.32,11.17,7.83,30.93,0.72,18.35,9.38,0.58,16.98,,220.0,Poor
247925,DL005,2018-08-03 06:00:00,84.0,168.5,3.0,11.68,8.65,30.63,0.8,18.2,8.12,0.53,9.18,,223.0,Poor
247926,DL005,2018-08-03 07:00:00,79.25,171.0,4.28,13.97,10.93,30.98,0.85,19.58,8.1,0.83,8.18,,224.0,Poor
247927,DL005,2018-08-03 08:00:00,83.25,183.0,5.18,11.65,10.42,30.3,0.78,16.92,8.58,0.77,10.0,,226.0,Poor
247928,DL005,2018-08-03 09:00:00,88.5,193.75,4.2,7.1,7.23,29.4,0.65,14.9,10.2,0.55,15.6,,227.0,Poor
247929,DL005,2018-08-03 10:00:00,102.25,234.25,2.68,6.62,5.7,28.42,0.6,13.37,14.03,0.25,9.97,,228.0,Poor
247930,DL005,2018-08-03 11:00:00,104.25,258.5,1.9,6.35,4.95,27.7,0.63,12.72,17.55,0.2,5.45,,228.0,Poor
247931,DL005,2018-08-03 12:00:00,108.75,257.75,1.85,5.77,4.57,31.67,0.6,11.95,21.3,0.18,4.95,,229.0,Poor
247932,DL005,2018-08-03 13:00:00,109.5,259.75,2.32,5.78,5.0,32.3,0.6,11.15,23.6,0.1,4.77,,230.0,Poor
247933,DL005,2018-08-03 14:00:00,104.5,260.75,2.02,6.53,5.12,32.22,0.67,12.15,26.85,0.15,4.53,,229.0,Poor
247934,DL005,2018-08-03 15:00:00,102.0,265.25,1.7,6.83,5.02,31.47,0.7,13.92,28.65,0.1,3.87,,228.0,Poor
247935,DL005,2018-08-03 16:00:00,99.75,262.0,1.47,6.05,4.43,30.15,0.6,14.98,29.65,0.15,4.93,,227.0,Poor
247936,DL005,2018-08-03 17:00:00,100.75,254.0,1.45,7.43,5.17,30.3,0.6,13.55,26.8,0.13,6.28,,225.0,Poor
247937,DL005,2018-08-03 18:00:00,96.5,240.25,1.92,9.05,6.4,30.08,0.7,13.18,25.88,0.25,7.8,,223.0,Poor
247938,DL005,2018-08-03 19:00:00,96.25,248.5,2.0,12.3,8.15,28.75,0.82,13.28,22.05,0.7,24.62,,223.0,Poor
247939,DL005,2018-08-03 20:00:00,105.25,271.0,2.08,19.43,12.03,29.28,0.9,13.65,14.3,0.73,23.88,,222.0,Poor
247940,DL005,2018-08-03 21:00:00,116.5,285.75,3.3,22.97,14.9,29.72,0.92,14.9,11.45,1.32,56.93,,222.0,Poor
247941,DL005,2018-08-03 22:00:00,105.25,251.75,3.95,25.45,16.75,29.08,1.15,15.28,8.82,1.38,26.12,,220.0,Poor
247942,DL005,2018-08-03 23:00:00,109.0,246.0,4.18,23.0,15.65,29.67,1.0,15.33,8.98,1.65,47.37,,219.0,Poor
247943,DL005,2018-08-04 00:00:00,94.75,194.0,3.35,16.4,11.45,26.93,0.78,15.45,11.6,1.15,19.6,,218.0,Poor
247944,DL005,2018-08-04 01:00:00,80.25,165.75,2.2,13.3,9.03,25.97,0.7,14.43,12.4,0.7,9.6,,217.0,Poor
247945,DL005,2018-08-04 02:00:00,87.0,179.75,2.35,14.25,9.48,27.3,0.7,15.12,14.45,1.53,17.1,,218.0,Poor
247946,DL005,2018-08-04 03:00:00,92.25,194.0,2.3,15.9,10.3,27.4,,15.1,11.05,2.05,9.47,,220.0,Poor
247947,DL005,2018-08-04 04:00:00,81.0,158.5,2.07,14.53,9.42,27.3,0.7,14.25,10.22,1.18,8.17,,221.0,Poor
247948,DL005,2018-08-04 05:00:00,84.5,165.0,2.53,16.7,10.95,29.6,0.7,14.15,8.28,1.02,11.4,,222.0,Poor
247949,DL005,2018-08-04 06:00:00,91.0,174.5,4.05,17.58,12.65,29.3,0.7,13.83,7.75,1.1,12.55,,223.0,Poor
247950,DL005,2018-08-04 07:00:00,79.0,158.0,5.33,16.18,12.92,29.68,0.78,13.47,7.48,0.88,15.0,,222.0,Poor
247951,DL005,2018-08-04 08:00:00,85.0,166.0,6.9,13.6,12.85,30.27,0.78,13.18,8.62,1.22,20.4,,223.0,Poor
247952,DL005,2018-08-04 09:00:00,88.0,173.0,4.77,9.08,8.7,29.95,0.7,12.95,11.5,0.58,12.2,,223.0,Poor
247953,DL005,2018-08-04 10:00:00,92.0,188.0,3.98,7.17,7.1,28.95,0.6,12.62,14.7,0.38,7.93,,221.0,Poor
247954,DL005,2018-08-04 11:00:00,101.0,223.0,2.55,6.15,5.38,28.65,0.6,12.83,17.72,0.33,6.17,,221.0,Poor
247955,DL005,2018-08-04 12:00:00,108.0,255.0,2.48,5.47,4.95,28.68,0.6,13.2,21.2,0.2,5.52,,221.0,Poor
247956,DL005,2018-08-04 13:00:00,119.0,271.0,1.6,6.18,4.57,31.87,0.6,12.52,24.77,0.2,5.08,,222.0,Poor
247957,DL005,2018-08-04 14:00:00,112.0,268.0,1.7,5.6,4.38,32.12,0.6,12.48,28.47,0.23,5.07,,223.0,Poor
247958,DL005,2018-08-04 15:00:00,116.0,278.0,1.45,5.3,4.0,31.43,0.6,13.4,34.08,0.13,3.7,,225.0,Poor
247959,DL005,2018-08-04 16:00:00,122.0,266.0,1.0,4.67,3.3,29.67,0.6,16.05,36.73,0.15,3.38,,228.0,Poor
247960,DL005,2018-08-04 17:00:00,125.0,265.0,0.85,6.0,3.88,30.88,0.6,14.8,36.98,0.15,3.68,,231.0,Poor
247961,DL005,2018-08-04 18:00:00,127.0,278.0,1.45,6.55,4.65,29.47,0.6,14.25,34.65,0.2,5.6,,236.0,Poor
247962,DL005,2018-08-04 19:00:00,123.0,267.0,1.1,12.25,7.38,28.3,0.75,14.05,26.65,0.23,8.83,,239.0,Poor
247963,DL005,2018-08-04 20:00:00,123.0,269.0,1.92,21.2,12.85,27.53,0.87,14.55,16.28,0.52,10.6,,242.0,Poor
247964,DL005,2018-08-04 21:00:00,125.0,249.0,1.72,25.07,14.72,30.75,1.05,17.43,11.88,1.1,13.9,,243.0,Poor
247965,DL005,2018-08-04 22:00:00,130.0,272.0,2.23,25.18,15.2,29.53,1.13,15.88,10.97,1.45,12.2,,246.0,Poor
247966,DL005,2018-08-04 23:00:00,139.0,279.0,4.02,25.3,16.75,29.05,1.08,15.8,9.17,1.85,22.5,,251.0,Poor
247967,DL005,2018-08-05 00:00:00,125.0,304.0,3.02,19.18,12.7,27.82,0.97,16.85,9.35,0.97,14.18,,255.0,Poor
247968,DL005,2018-08-05 01:00:00,117.0,248.0,3.15,18.0,12.15,29.8,0.9,14.43,9.4,1.7,13.52,,260.0,Poor
247969,DL005,2018-08-05 02:00:00,110.0,218.0,2.4,11.93,8.3,28.88,0.7,15.47,14.55,1.3,12.95,,263.0,Poor
247970,DL005,2018-08-05 03:00:00,79.0,172.0,1.0,10.1,6.2,27.5,,14.2,11.88,0.53,6.45,,261.0,Poor
247971,DL005,2018-08-05 04:00:00,80.0,163.5,2.0,8.13,5.95,28.25,0.6,13.12,12.97,0.4,5.62,,261.0,Poor
247972,DL005,2018-08-05 05:00:00,74.0,156.0,1.2,7.75,5.07,29.65,0.6,12.88,13.48,0.2,4.75,,260.0,Poor
247973,DL005,2018-08-05 06:00:00,78.0,155.5,1.82,10.82,7.23,29.82,0.67,13.88,9.85,0.65,10.1,,258.0,Poor
247974,DL005,2018-08-05 07:00:00,79.0,166.0,2.1,8.73,6.4,29.8,0.63,13.75,10.45,0.45,9.72,,258.0,Poor
247975,DL005,2018-08-05 08:00:00,74.0,165.0,2.1,8.53,6.23,29.32,0.65,14.42,9.47,0.38,8.0,,256.0,Poor
247976,DL005,2018-08-05 09:00:00,80.0,187.25,3.33,6.7,6.3,29.45,0.7,13.52,11.67,0.45,7.72,,255.0,Poor
247977,DL005,2018-08-05 10:00:00,88.0,218.0,2.17,5.75,4.87,29.33,0.65,13.28,14.6,0.38,7.68,,255.0,Poor
247978,DL005,2018-08-05 11:00:00,112.0,293.25,2.17,5.2,4.52,29.33,0.65,13.02,18.05,0.23,7.23,,256.0,Poor
247979,DL005,2018-08-05 12:00:00,116.0,302.25,3.9,7.3,7.17,29.58,0.6,13.38,19.5,0.28,6.62,,257.0,Poor
247980,DL005,2018-08-05 13:00:00,110.0,328.25,2.1,6.52,5.2,31.55,0.6,11.72,24.05,0.2,7.95,,256.0,Poor
247981,DL005,2018-08-05 14:00:00,123.0,333.75,1.85,6.05,4.73,29.68,0.6,12.82,26.28,0.2,5.92,,258.0,Poor
247982,DL005,2018-08-05 15:00:00,124.0,336.25,1.42,6.33,4.55,29.4,0.6,15.43,29.7,0.2,5.45,,259.0,Poor
247983,DL005,2018-08-05 16:00:00,127.0,310.25,1.3,6.3,4.4,27.9,0.65,17.43,27.4,0.28,4.85,,259.0,Poor
247984,DL005,2018-08-05 17:00:00,89.0,257.75,1.78,9.95,6.77,28.15,0.75,14.7,20.25,0.38,8.5,,254.0,Poor
247985,DL005,2018-08-05 18:00:00,85.0,275.25,2.15,15.12,9.78,28.02,0.92,14.0,16.57,0.78,14.12,,249.0,Poor
247986,DL005,2018-08-05 19:00:00,110.0,321.0,4.02,24.12,16.15,29.08,1.25,14.25,8.95,3.15,34.0,,247.0,Poor
247987,DL005,2018-08-05 20:00:00,102.0,270.25,4.25,27.8,18.28,30.65,1.3,14.2,8.05,2.25,32.82,,244.0,Poor
247988,DL005,2018-08-05 21:00:00,100.0,255.75,4.42,24.8,16.77,30.55,1.18,14.92,7.38,2.52,25.32,,240.0,Poor
247989,DL005,2018-08-05 22:00:00,85.0,228.0,6.8,26.67,19.73,30.12,1.32,15.1,6.95,2.43,21.3,,234.0,Poor
247990,DL005,2018-08-05 23:00:00,83.0,218.0,6.38,23.67,17.75,29.08,1.27,15.1,7.33,1.85,19.6,,226.0,Poor
247991,DL005,2018-08-06 00:00:00,84.0,196.0,4.72,20.17,14.58,28.08,1.2,15.25,6.95,1.62,17.55,,221.0,Poor
247992,DL005,2018-08-06 01:00:00,72.0,166.0,4.7,19.35,14.12,29.8,1.13,14.9,7.0,1.55,17.1,,214.0,Poor
247993,DL005,2018-08-06 02:00:00,127.0,226.0,3.85,17.42,12.45,33.3,1.05,15.58,7.6,1.32,14.05,,217.0,Poor
247994,DL005,2018-08-06 03:00:00,73.0,147.5,3.6,12.8,9.7,39.2,,11.2,7.2,1.08,13.27,,216.0,Poor
247995,DL005,2018-08-06 04:00:00,97.0,173.0,3.28,13.17,9.65,38.07,0.97,12.33,6.88,1.3,12.23,,218.0,Poor
247996,DL005,2018-08-06 05:00:00,84.0,151.0,4.85,14.5,11.65,46.75,1.1,13.1,7.6,1.8,14.62,,220.0,Poor
247997,DL005,2018-08-06 06:00:00,73.0,122.0,3.45,13.4,9.92,46.35,0.87,13.35,6.95,0.9,11.15,,219.0,Poor
247998,DL005,2018-08-06 07:00:00,62.0,97.0,3.38,12.1,9.22,48.27,0.87,14.25,7.0,0.92,9.9,,217.0,Poor
247999,DL005,2018-08-06 08:00:00,63.0,95.0,3.98,13.25,10.25,47.5,1.05,13.63,7.12,1.93,11.75,,215.0,Poor
248000,DL005,2018-08-06 09:00:00,69.0,99.0,4.3,13.9,10.9,47.53,1.3,12.28,7.45,1.35,14.38,,214.0,Poor
248001,DL005,2018-08-06 10:00:00,61.0,88.0,4.77,11.38,9.95,48.55,1.65,12.4,9.25,1.12,12.15,,210.0,Poor
248002,DL005,2018-08-06 11:00:00,89.0,127.0,4.88,10.83,9.75,48.4,1.28,14.05,9.38,1.18,15.25,,207.0,Poor
248003,DL005,2018-08-06 12:00:00,91.0,138.0,5.52,14.17,12.03,48.42,0.95,13.9,8.22,1.7,244.4,,203.0,Poor
248004,DL005,2018-08-06 13:00:00,88.0,140.0,3.6,10.25,8.37,49.65,0.8,13.6,8.47,1.02,141.58,,200.0,Moderate
248005,DL005,2018-08-06 14:00:00,79.0,129.0,2.8,9.47,7.33,47.95,0.8,13.02,10.1,0.73,77.52,,194.0,Moderate
248006,DL005,2018-08-06 15:00:00,80.0,146.0,2.7,9.77,7.42,46.85,0.85,15.83,12.35,0.65,39.28,,188.0,Moderate
248007,DL005,2018-08-06 16:00:00,,139.75,2.73,8.6,6.8,43.78,1.13,16.73,11.4,0.55,50.9,,182.0,Moderate
248008,DL005,2018-08-06 17:00:00,66.0,160.0,2.73,11.38,8.3,42.72,1.08,17.13,21.0,0.77,38.83,,179.0,Moderate
248009,DL005,2018-08-06 18:00:00,74.0,193.0,1.67,7.2,5.17,42.5,0.9,16.47,17.07,0.58,28.75,,177.0,Moderate
248010,DL005,2018-08-06 19:00:00,51.0,144.5,1.57,6.58,4.83,41.03,0.95,15.88,12.88,0.48,17.23,,169.0,Moderate
248011,DL005,2018-08-06 20:00:00,48.0,122.0,1.93,8.23,5.93,38.85,1.05,22.18,9.6,0.58,12.55,,161.0,Moderate
248012,DL005,2018-08-06 21:00:00,62.0,157.0,2.12,8.08,6.0,36.05,0.97,44.65,9.75,1.1,16.2,,155.0,Moderate
248013,DL005,2018-08-06 22:00:00,52.0,129.0,1.57,6.03,4.5,35.62,0.87,29.57,9.22,0.9,16.17,,150.0,Moderate
248014,DL005,2018-08-06 23:00:00,46.0,110.0,1.65,6.32,4.75,36.35,0.87,18.15,8.25,0.83,11.93,,145.0,Moderate
248015,DL005,2018-08-07 00:00:00,40.0,103.25,2.05,5.2,4.45,34.8,0.83,16.4,7.73,0.67,8.83,,139.0,Moderate
248016,DL005,2018-08-07 01:00:00,45.0,95.0,2.07,4.3,3.97,33.98,0.8,15.03,10.42,0.7,7.65,,135.0,Moderate
248017,DL005,2018-08-07 02:00:00,40.0,78.75,1.67,4.4,3.7,33.82,0.83,13.9,19.15,1.02,11.95,,122.0,Moderate
248018,DL005,2018-08-07 03:00:00,42.0,77.75,1.3,4.9,3.7,33.2,,14.7,9.83,0.97,9.35,,118.0,Moderate
248019,DL005,2018-08-07 04:00:00,40.0,77.0,2.1,5.1,4.43,32.82,0.8,14.95,9.23,1.0,10.78,,114.0,Moderate
248020,DL005,2018-08-07 05:00:00,44.0,76.75,1.7,6.05,4.62,33.8,0.8,16.98,8.15,1.1,13.58,,112.0,Moderate
248021,DL005,2018-08-07 06:00:00,41.0,69.75,1.8,4.4,3.82,32.3,0.8,16.55,8.28,0.9,8.17,,111.0,Moderate
248022,DL005,2018-08-07 07:00:00,41.0,72.75,1.72,3.72,3.4,33.55,0.8,17.98,8.12,1.0,7.07,,110.0,Moderate
248023,DL005,2018-08-07 08:00:00,48.0,84.0,2.4,4.1,4.15,33.52,0.85,19.47,8.08,1.0,7.9,,110.0,Moderate
248024,DL005,2018-08-07 09:00:00,42.0,101.25,4.0,4.08,5.45,34.55,1.58,20.58,7.27,1.25,8.38,,110.0,Moderate
248025,DL005,2018-08-07 10:00:00,51.0,107.75,3.5,5.58,5.83,33.7,1.2,19.72,8.7,1.03,9.52,,111.0,Moderate
248026,DL005,2018-08-07 11:00:00,52.0,107.0,3.0,5.85,5.58,34.68,1.0,18.5,9.65,1.07,11.0,,110.0,Moderate
248027,DL005,2018-08-07 12:00:00,73.0,146.0,3.05,7.73,6.58,35.92,0.83,17.7,14.5,1.12,85.38,,110.0,Moderate
248028,DL005,2018-08-07 13:00:00,67.0,152.25,1.8,8.85,6.2,35.5,0.83,17.6,28.1,1.23,23.3,,111.0,Moderate
248029,DL005,2018-08-07 14:00:00,63.0,148.5,0.97,10.53,6.37,36.0,0.83,17.18,33.65,1.5,46.1,,111.0,Moderate
248030,DL005,2018-08-07 15:00:00,72.0,164.75,1.4,7.65,5.25,37.65,0.8,16.82,45.15,0.95,166.37,,112.0,Moderate
248031,DL005,2018-08-07 16:00:00,67.0,173.0,1.4,7.15,4.98,35.15,0.85,16.87,39.55,1.52,220.6,,113.0,Moderate
248032,DL005,2018-08-07 17:00:00,69.0,195.0,1.2,6.23,4.3,34.12,0.8,17.15,40.27,2.2,178.5,,114.0,Moderate
248033,DL005,2018-08-07 18:00:00,57.0,180.5,1.73,6.42,4.8,34.62,0.8,16.03,40.0,2.07,190.0,,113.0,Moderate
248034,DL005,2018-08-07 19:00:00,53.0,182.0,1.15,6.58,4.42,31.12,0.87,14.5,25.98,0.72,126.42,,114.0,Moderate
248035,DL005,2018-08-07 20:00:00,31.0,144.5,1.38,7.35,5.08,32.38,0.92,13.9,19.55,0.72,24.27,,115.0,Moderate
248036,DL005,2018-08-07 21:00:00,41.0,140.0,2.38,9.65,7.07,32.52,1.1,15.1,12.35,1.18,17.82,,114.0,Moderate
248037,DL005,2018-08-07 22:00:00,48.0,145.0,2.85,11.57,8.48,35.1,1.0,13.82,13.8,1.88,38.6,,115.0,Moderate
248038,DL005,2018-08-07 23:00:00,48.0,107.75,1.95,9.57,6.7,35.62,1.0,15.03,14.95,1.18,33.55,,115.0,Moderate
248039,DL005,2018-08-08 00:00:00,56.0,110.0,2.03,8.65,6.22,33.15,0.97,16.02,13.13,0.97,24.1,,115.0,Moderate
248040,DL005,2018-08-08 01:00:00,48.0,108.0,1.9,6.58,5.02,31.88,0.95,15.23,13.72,1.1,25.0,,115.0,Moderate
248041,DL005,2018-08-08 02:00:00,66.0,91.0,2.35,7.12,5.72,33.22,1.0,14.33,14.15,1.1,22.15,,116.0,Moderate
248042,DL005,2018-08-08 03:00:00,53.0,103.0,4.3,9.6,8.6,32.7,,13.4,10.72,1.65,31.3,,116.0,Moderate
248043,DL005,2018-08-08 04:00:00,42.0,107.0,2.35,5.77,5.0,31.57,0.8,13.57,8.02,0.7,21.78,,117.0,Moderate
248044,DL005,2018-08-08 05:00:00,33.0,66.0,2.05,2.78,3.12,30.37,0.7,15.63,10.67,1.6,10.78,,117.0,Moderate
248045,DL005,2018-08-08 06:00:00,19.0,30.0,2.15,4.42,4.12,30.52,0.8,15.12,11.5,1.4,11.78,,116.0,Moderate
248046,DL005,2018-08-08 07:00:00,30.0,41.0,1.75,5.05,4.05,34.33,0.9,14.62,9.18,0.75,9.88,,115.0,Moderate
248047,DL005,2018-08-08 08:00:00,25.0,39.0,2.7,3.82,4.25,37.3,1.18,15.55,7.62,1.78,10.72,,114.0,Moderate
248048,DL005,2018-08-08 09:00:00,36.0,58.0,2.77,4.1,4.42,37.38,1.9,14.35,9.25,1.5,11.25,,112.0,Moderate
248049,DL005,2018-08-08 10:00:00,38.0,57.0,4.58,5.83,6.83,38.38,1.55,16.78,11.08,1.42,9.9,,111.0,Moderate
248050,DL005,2018-08-08 11:00:00,84.0,116.0,4.1,8.6,7.95,39.32,1.2,18.6,32.53,1.12,14.12,,111.0,Moderate
248051,DL005,2018-08-08 12:00:00,70.0,97.0,2.98,10.7,8.12,39.53,1.13,18.12,29.4,1.05,16.38,,110.0,Moderate
248052,DL005,2018-08-08 13:00:00,68.0,97.0,1.6,10.33,6.77,39.4,1.05,17.37,89.75,1.12,18.78,,108.0,Moderate
248053,DL005,2018-08-08 14:00:00,66.0,124.0,0.83,8.75,5.35,39.68,0.92,17.92,101.18,1.1,18.53,,108.0,Moderate
248054,DL005,2018-08-08 15:00:00,57.0,121.0,1.22,8.58,5.55,41.9,1.15,16.0,94.23,1.03,17.03,,106.0,Moderate
248055,DL005,2018-08-08 16:00:00,61.0,130.0,1.8,7.85,5.67,39.82,1.33,15.12,114.18,1.03,15.9,,121.0,Moderate
248056,DL005,2018-08-08 17:00:00,75.0,121.0,1.03,8.88,5.55,37.27,1.23,16.18,86.3,1.23,19.92,,121.0,Moderate
248057,DL005,2018-08-08 18:00:00,51.0,125.0,1.28,11.35,7.1,38.45,1.03,13.83,58.82,1.4,25.75,,121.0,Moderate
248058,DL005,2018-08-08 19:00:00,40.0,135.0,1.17,12.83,7.78,36.2,1.08,13.25,81.83,1.33,64.9,,121.0,Moderate
248059,DL005,2018-08-08 20:00:00,50.0,153.0,1.7,18.07,11.0,35.22,1.23,13.83,31.7,2.55,285.72,,121.0,Moderate
248060,DL005,2018-08-08 21:00:00,62.0,173.0,2.77,18.4,12.05,33.55,1.28,16.1,18.6,1.9,269.0,,121.0,Moderate
248061,DL005,2018-08-08 22:00:00,61.0,152.0,2.63,13.7,9.4,35.88,1.23,16.93,12.1,1.45,73.62,,121.0,Moderate
248062,DL005,2018-08-08 23:00:00,41.0,129.0,2.43,9.68,7.15,34.7,1.13,14.4,9.27,1.8,41.55,,121.0,Moderate
248063,DL005,2018-08-09 00:00:00,41.0,100.0,1.7,9.13,6.25,34.67,1.1,14.58,23.02,2.32,42.38,,102.0,Moderate
248064,DL005,2018-08-09 01:00:00,55.0,103.0,1.92,7.45,5.5,33.5,1.05,15.52,10.73,2.4,56.12,,102.0,Moderate
248065,DL005,2018-08-09 02:00:00,59.0,96.0,1.62,8.0,5.62,34.6,1.1,15.7,14.25,1.7,30.6,,102.0,Moderate
248066,DL005,2018-08-09 03:00:00,36.0,75.0,2.0,6.2,4.9,35.7,,13.5,8.18,1.75,16.75,,101.0,Moderate
248067,DL005,2018-08-09 04:00:00,33.0,67.0,2.55,6.07,5.33,32.3,1.0,12.93,8.2,1.47,15.38,,100.0,Satisfactory
248068,DL005,2018-08-09 05:00:00,35.0,67.0,2.2,5.65,4.78,35.22,1.25,14.82,8.72,2.67,14.58,,100.0,Satisfactory
248069,DL005,2018-08-09 06:00:00,67.0,94.0,2.3,7.05,5.62,37.78,1.2,13.72,9.0,1.9,15.02,,102.0,Moderate
248070,DL005,2018-08-09 07:00:00,48.0,90.0,4.3,8.23,7.88,40.55,1.75,22.75,15.75,2.35,17.72,,103.0,Moderate
248071,DL005,2018-08-09 08:00:00,92.0,158.0,6.42,9.57,10.35,42.55,1.15,23.55,22.28,2.9,25.95,,107.0,Moderate
248072,DL005,2018-08-09 09:00:00,48.0,110.0,4.98,8.13,8.4,41.57,0.87,19.4,8.4,0.98,14.8,,108.0,Moderate
248073,DL005,2018-08-09 10:00:00,33.0,79.0,3.33,6.73,6.33,39.75,0.95,17.02,7.67,0.78,10.8,,109.0,Moderate
248074,DL005,2018-08-09 11:00:00,28.0,91.0,2.72,7.33,6.1,41.35,0.9,15.38,16.3,0.6,9.22,,108.0,Moderate
248075,DL005,2018-08-09 12:00:00,46.0,107.0,1.4,7.68,5.2,43.13,1.0,15.3,40.42,0.78,12.75,,108.0,Moderate
248076,DL005,2018-08-09 13:00:00,47.0,130.0,0.82,7.2,4.55,43.0,0.92,14.62,77.05,0.75,16.55,,109.0,Moderate
248077,DL005,2018-08-09 14:00:00,42.0,123.0,1.33,7.62,5.18,44.4,0.85,14.4,111.18,0.85,19.15,,116.0,Moderate
248078,DL005,2018-08-09 15:00:00,48.0,130.0,1.18,8.0,5.23,41.22,1.05,18.58,94.73,0.67,12.05,,116.0,Moderate
248079,DL005,2018-08-09 16:00:00,50.0,145.0,1.22,8.33,5.45,39.73,1.1,22.1,99.22,0.68,11.72,,116.0,Moderate
248080,DL005,2018-08-09 17:00:00,45.0,132.0,1.12,8.28,5.33,36.72,0.88,21.78,66.72,0.65,11.85,,116.0,Moderate
248081,DL005,2018-08-09 18:00:00,67.0,160.0,1.03,7.7,4.9,38.23,0.75,18.17,58.3,0.48,11.6,,116.0,Moderate
248082,DL005,2018-08-09 19:00:00,39.0,125.0,1.15,8.58,5.6,32.93,0.82,15.35,34.65,0.5,10.55,,116.0,Moderate
248083,DL005,2018-08-09 20:00:00,36.0,216.0,1.17,11.82,7.25,32.55,1.55,13.45,25.15,0.82,16.37,,116.0,Moderate
248084,DL005,2018-08-09 21:00:00,41.5,216.25,1.75,13.02,8.38,33.15,1.8,13.35,14.25,1.1,19.27,,116.0,Moderate
248085,DL005,2018-08-09 22:00:00,61.5,218.75,1.65,13.88,8.72,35.7,1.37,14.2,13.55,1.57,37.18,,116.0,Moderate
248086,DL005,2018-08-09 23:00:00,71.0,215.75,1.88,13.38,8.62,35.05,1.37,12.68,9.85,2.23,65.23,,118.0,Moderate
248087,DL005,2018-08-10 00:00:00,68.25,195.0,3.03,13.23,9.5,34.12,1.45,13.07,9.93,2.48,69.55,,121.0,Moderate
248088,DL005,2018-08-10 01:00:00,69.25,207.75,3.48,13.0,9.72,33.5,1.53,13.38,9.93,2.3,56.22,,124.0,Moderate
248089,DL005,2018-08-10 02:00:00,72.25,216.75,9.2,14.03,14.98,36.02,1.65,12.8,14.05,2.55,63.3,,127.0,Moderate
248090,DL005,2018-08-10 03:00:00,75.75,216.75,11.2,14.1,16.6,39.1,,13.5,12.45,2.45,44.65,,131.0,Moderate
248091,DL005,2018-08-10 04:00:00,67.5,157.25,12.43,13.52,17.32,35.2,1.2,13.1,19.62,2.38,32.95,,133.0,Moderate
248092,DL005,2018-08-10 05:00:00,80.25,184.25,22.68,11.23,24.47,35.42,1.42,14.2,20.35,2.67,45.3,,137.0,Moderate
248093,DL005,2018-08-10 06:00:00,112.25,269.5,31.67,11.95,31.73,39.3,1.63,14.67,19.07,3.15,58.62,,142.0,Moderate
248094,DL005,2018-08-10 07:00:00,136.25,322.0,38.7,14.65,39.28,43.07,1.83,14.9,19.53,3.8,55.32,,148.0,Moderate
248095,DL005,2018-08-10 08:00:00,140.75,327.25,34.43,20.95,39.2,52.45,1.65,17.63,15.37,4.42,68.22,,153.0,Moderate
248096,DL005,2018-08-10 09:00:00,116.0,252.0,21.43,12.58,24.15,51.25,1.25,17.15,9.65,2.35,34.8,,157.0,Moderate
248097,DL005,2018-08-10 10:00:00,56.5,127.0,12.8,10.72,16.1,59.82,0.88,15.17,9.85,1.35,18.03,,158.0,Moderate
248098,DL005,2018-08-10 11:00:00,41.25,86.75,5.77,8.83,9.4,62.85,0.8,13.65,14.33,0.63,10.33,,158.0,Moderate
248099,DL005,2018-08-10 12:00:00,45.0,91.25,1.97,7.62,5.68,62.8,0.8,12.6,25.85,0.58,9.28,,157.0,Moderate
248100,DL005,2018-08-10 13:00:00,43.5,86.25,0.95,5.55,3.7,54.2,0.75,12.5,35.38,0.45,8.48,,156.0,Moderate
248101,DL005,2018-08-10 14:00:00,41.0,80.75,1.45,5.35,4.02,57.2,0.8,11.03,45.23,0.45,10.15,,155.0,Moderate
248102,DL005,2018-08-10 15:00:00,49.25,94.25,1.55,6.7,4.88,53.5,0.72,14.5,60.38,0.55,39.85,,154.0,Moderate
248103,DL005,2018-08-10 16:00:00,55.75,109.5,1.45,5.48,4.15,47.6,0.75,15.3,72.35,0.58,64.4,,153.0,Moderate
248104,DL005,2018-08-10 17:00:00,55.0,125.25,1.6,14.48,9.0,42.35,1.63,15.7,49.95,1.15,42.17,,153.0,Moderate
248105,DL005,2018-08-10 18:00:00,58.75,186.0,1.35,20.52,12.0,46.73,1.78,14.45,54.2,1.95,70.4,,154.0,Moderate
248106,DL005,2018-08-10 19:00:00,73.25,226.5,1.35,23.83,13.75,44.6,2.03,14.7,50.68,6.33,143.8,,156.0,Moderate
248107,DL005,2018-08-10 20:00:00,88.75,278.0,1.98,28.12,16.55,43.85,2.45,15.05,24.92,7.58,216.55,,158.0,Moderate
248108,DL005,2018-08-10 21:00:00,106.25,307.0,2.12,30.03,17.7,41.02,2.43,14.8,16.58,6.17,130.8,,161.0,Moderate
248109,DL005,2018-08-10 22:00:00,90.0,242.5,1.53,16.7,10.1,42.0,0.92,13.83,20.52,2.3,45.52,,161.0,Moderate
248110,DL005,2018-08-10 23:00:00,36.75,84.0,1.72,12.12,7.85,38.87,0.87,13.18,20.4,0.83,19.7,,158.0,Moderate
248111,DL005,2018-08-11 00:00:00,32.0,84.25,2.27,11.82,8.17,39.73,0.9,13.88,17.05,1.08,16.75,,155.0,Moderate
248112,DL005,2018-08-11 01:00:00,38.25,94.5,1.8,12.2,8.0,40.45,0.9,13.7,14.45,1.35,19.6,,151.0,Moderate
248113,DL005,2018-08-11 02:00:00,38.75,91.5,1.67,10.85,7.15,41.3,0.85,14.05,16.3,1.45,15.43,,148.0,Moderate
248114,DL005,2018-08-11 03:00:00,42.5,88.0,1.3,10.7,6.8,43.3,,13.7,12.37,3.15,19.33,,144.0,Moderate
248115,DL005,2018-08-11 04:00:00,50.75,113.25,1.77,10.5,7.05,39.12,0.8,13.5,9.9,2.3,16.88,,143.0,Moderate
248116,DL005,2018-08-11 05:00:00,36.75,96.5,2.12,10.4,7.25,39.9,0.82,13.47,8.45,3.3,17.15,,141.0,Moderate
248117,DL005,2018-08-11 06:00:00,38.75,82.0,2.38,8.45,6.4,40.85,0.7,13.4,8.02,1.23,15.4,,135.0,Moderate
248118,DL005,2018-08-11 07:00:00,31.25,64.0,2.5,8.88,6.75,42.35,0.83,13.03,8.93,0.7,10.4,,128.0,Moderate
248119,DL005,2018-08-11 08:00:00,42.25,77.75,2.62,8.45,6.65,43.28,0.9,13.32,10.12,0.8,10.73,,121.0,Moderate
248120,DL005,2018-08-11 09:00:00,49.5,92.5,2.95,6.75,6.0,42.38,0.77,15.02,10.5,0.83,9.85,,117.0,Moderate
248121,DL005,2018-08-11 10:00:00,33.5,96.25,2.1,5.12,4.45,43.17,0.7,14.73,16.03,0.33,6.75,,116.0,Moderate
248122,DL005,2018-08-11 11:00:00,34.5,103.0,1.43,4.85,3.75,42.23,0.63,14.72,22.2,0.2,5.45,,117.0,Moderate
248123,DL005,2018-08-11 12:00:00,33.0,106.5,1.38,4.2,3.3,42.6,0.65,14.73,28.03,0.2,5.43,,117.0,Moderate
248124,DL005,2018-08-11 13:00:00,32.5,118.5,1.35,4.27,3.4,38.67,0.65,13.78,33.55,0.2,4.92,,118.0,Moderate
248125,DL005,2018-08-11 14:00:00,30.75,124.0,0.58,4.62,2.93,44.07,0.63,13.72,38.1,0.2,4.2,,119.0,Moderate
248126,DL005,2018-08-11 15:00:00,31.0,127.0,2.1,4.8,4.3,35.6,,15.7,37.5,0.23,3.93,,120.0,Moderate
248127,DL005,2018-08-11 16:00:00,35.0,127.75,6.48,4.8,6.38,34.85,0.7,15.92,24.6,0.18,3.15,,120.0,Moderate
248128,DL005,2018-08-11 17:00:00,40.25,134.25,1.6,5.38,4.15,35.97,0.7,17.32,33.27,0.13,2.75,,121.0,Moderate
248129,DL005,2018-08-11 18:00:00,43.5,147.75,1.25,5.73,4.05,42.3,0.7,15.62,49.37,0.18,2.87,,120.0,Moderate
248130,DL005,2018-08-11 19:00:00,33.5,156.0,1.35,7.5,5.08,38.38,0.83,14.98,47.68,0.25,4.25,,118.0,Moderate
248131,DL005,2018-08-11 20:00:00,37.25,184.25,1.18,12.35,7.5,35.58,1.0,14.63,29.92,0.6,6.55,,115.0,Moderate
248132,DL005,2018-08-11 21:00:00,42.0,191.5,1.18,12.45,7.55,29.47,0.83,12.3,31.27,0.7,9.22,,112.0,Moderate
248133,DL005,2018-08-11 22:00:00,35.75,115.0,1.15,9.12,5.77,32.1,0.85,11.93,24.97,0.45,6.9,,108.0,Moderate
248134,DL005,2018-08-11 23:00:00,35.75,95.25,1.68,10.3,6.85,32.65,0.72,12.97,20.78,0.8,13.63,,109.0,Moderate
248135,DL005,2018-08-12 00:00:00,35.25,84.75,1.28,6.25,4.35,31.08,0.63,12.33,26.7,0.3,10.3,,109.0,Moderate
248136,DL005,2018-08-12 01:00:00,33.25,76.0,1.67,5.38,4.2,29.85,0.65,12.7,25.33,0.33,10.25,,108.0,Moderate
248137,DL005,2018-08-12 02:00:00,46.25,91.0,1.73,4.65,3.87,31.5,0.6,13.32,23.6,0.67,17.12,,108.0,Moderate
248138,DL005,2018-08-12 03:00:00,28.75,68.75,1.1,2.0,1.9,34.8,,10.7,20.77,0.35,8.23,,108.0,Moderate
248139,DL005,2018-08-12 04:00:00,31.25,61.25,1.75,3.62,3.38,31.35,0.63,10.98,22.33,0.3,5.52,,106.0,Moderate
248140,DL005,2018-08-12 05:00:00,46.0,80.0,1.8,7.38,5.4,31.67,0.7,11.55,18.6,0.88,9.12,,106.0,Moderate
248141,DL005,2018-08-12 06:00:00,52.5,82.25,2.05,8.33,6.1,29.43,0.6,11.75,14.5,0.65,12.55,,106.0,Moderate
248142,DL005,2018-08-12 07:00:00,24.75,61.75,1.97,7.58,5.67,29.02,0.63,10.83,13.4,0.43,9.33,,106.0,Moderate
248143,DL005,2018-08-12 08:00:00,20.25,63.0,2.67,7.15,6.0,28.47,0.67,11.35,10.1,0.45,12.55,,105.0,Moderate
248144,DL005,2018-08-12 09:00:00,26.25,68.75,2.77,6.2,5.55,29.33,0.7,11.9,11.62,0.5,7.93,,105.0,Moderate
248145,DL005,2018-08-12 10:00:00,24.25,71.25,3.15,5.1,5.25,29.97,0.7,10.52,13.62,0.45,8.05,,104.0,Moderate
248146,DL005,2018-08-12 11:00:00,25.0,83.25,2.6,4.28,4.37,29.5,0.63,9.97,17.05,0.3,6.57,,103.0,Moderate
248147,DL005,2018-08-12 12:00:00,25.5,91.75,2.55,3.95,4.17,29.72,0.6,10.03,22.38,0.23,6.05,,103.0,Moderate
248148,DL005,2018-08-12 13:00:00,25.25,95.25,1.82,4.18,3.67,27.45,0.67,12.1,28.32,0.2,5.85,,102.0,Moderate
248149,DL005,2018-08-12 14:00:00,22.0,90.5,1.35,4.28,3.4,28.75,0.6,9.9,36.62,0.2,6.08,,101.0,Moderate
248150,DL005,2018-08-12 15:00:00,27.25,91.5,0.7,3.65,2.52,31.95,0.6,15.12,43.0,0.2,5.4,,100.0,Satisfactory
248151,DL005,2018-08-12 16:00:00,23.75,90.25,1.25,3.25,2.75,28.4,0.6,13.25,44.42,0.2,4.38,,99.0,Satisfactory
248152,DL005,2018-08-12 17:00:00,21.0,89.75,1.2,2.72,2.43,29.58,0.6,14.68,51.62,0.13,5.18,,97.0,Satisfactory
248153,DL005,2018-08-12 18:00:00,24.75,87.5,1.32,3.8,3.07,29.75,0.63,14.47,52.95,0.25,11.52,,95.0,Satisfactory
248154,DL005,2018-08-12 19:00:00,28.75,96.5,1.5,6.5,4.7,29.75,0.75,14.7,42.22,0.33,12.62,,92.0,Satisfactory
248155,DL005,2018-08-12 20:00:00,37.0,121.5,1.7,8.4,5.88,28.9,1.0,13.98,28.17,1.27,14.73,,90.0,Satisfactory
248156,DL005,2018-08-12 21:00:00,49.0,160.75,1.72,13.28,8.47,28.3,1.3,13.22,16.9,2.32,26.18,,88.0,Satisfactory
248157,DL005,2018-08-12 22:00:00,58.0,175.5,2.15,14.43,9.4,26.67,1.2,12.47,12.88,1.82,23.77,,91.0,Satisfactory
248158,DL005,2018-08-12 23:00:00,53.75,169.5,2.08,14.52,9.42,29.32,1.08,13.7,13.5,1.55,20.72,,94.0,Satisfactory
248159,DL005,2018-08-13 00:00:00,41.75,143.25,1.82,13.35,8.62,28.35,0.97,14.12,13.53,1.15,15.7,,96.0,Satisfactory
248160,DL005,2018-08-13 01:00:00,43.25,125.75,1.72,9.33,6.35,27.25,0.83,13.72,15.83,1.03,13.05,,98.0,Satisfactory
248161,DL005,2018-08-13 02:00:00,41.25,103.75,1.47,6.75,4.8,28.5,0.72,13.45,17.35,0.8,11.67,,99.0,Satisfactory
248162,DL005,2018-08-13 03:00:00,46.0,98.5,1.8,4.3,3.7,37.0,,11.9,13.85,0.58,10.02,,100.0,Satisfactory
248163,DL005,2018-08-13 04:00:00,52.25,102.25,1.97,4.4,3.95,29.4,0.65,12.07,14.97,0.6,7.82,,101.0,Moderate
248164,DL005,2018-08-13 05:00:00,33.25,70.75,2.07,6.12,4.97,27.07,0.67,12.03,12.1,0.4,7.2,,101.0,Moderate
248165,DL005,2018-08-13 06:00:00,33.75,71.75,2.15,7.48,5.75,25.95,0.6,11.68,10.5,0.4,8.02,,101.0,Moderate
248166,DL005,2018-08-13 07:00:00,45.25,91.25,3.25,8.0,6.93,27.7,0.7,11.75,11.32,0.45,8.3,,101.0,Moderate
248167,DL005,2018-08-13 08:00:00,30.5,82.25,3.85,7.75,7.28,28.65,0.78,12.32,12.62,0.68,9.2,,102.0,Moderate
248168,DL005,2018-08-13 09:00:00,34.75,88.0,4.02,6.85,6.95,28.83,0.7,13.0,14.35,0.8,10.43,,103.0,Moderate
248169,DL005,2018-08-13 10:00:00,23.5,87.25,3.33,5.1,5.45,29.25,0.7,13.5,20.28,0.4,7.37,,103.0,Moderate
248170,DL005,2018-08-13 11:00:00,21.0,90.75,1.87,4.6,4.0,30.8,0.63,12.4,26.43,0.4,5.17,,103.0,Moderate
248171,DL005,2018-08-13 12:00:00,27.25,86.25,1.45,3.53,3.08,29.9,0.6,12.08,32.67,0.38,27.12,,103.0,Moderate
248172,DL005,2018-08-13 13:00:00,27.75,101.5,1.48,3.28,2.93,27.7,0.63,12.1,33.33,0.38,55.12,,103.0,Moderate
248173,DL005,2018-08-13 14:00:00,27.5,106.25,1.47,3.5,3.05,26.23,0.63,12.33,41.0,0.38,65.62,,104.0,Moderate
248174,DL005,2018-08-13 15:00:00,31.75,133.0,1.5,4.82,3.77,30.28,0.63,16.1,46.52,0.45,41.85,,105.0,Moderate
248175,DL005,2018-08-13 16:00:00,39.75,151.75,0.58,4.55,2.88,29.88,0.8,16.9,50.32,0.28,28.4,,107.0,Moderate
248176,DL005,2018-08-13 17:00:00,41.0,135.25,0.97,3.43,2.6,28.97,0.8,17.9,62.57,0.35,14.1,,108.0,Moderate
248177,DL005,2018-08-13 18:00:00,46.5,132.75,0.97,3.2,2.5,30.12,0.7,18.0,64.32,0.4,10.17,,109.0,Moderate
248178,DL005,2018-08-13 19:00:00,45.0,142.25,1.0,4.27,3.1,30.8,0.75,16.72,55.62,0.4,10.8,,110.0,Moderate
248179,DL005,2018-08-13 20:00:00,43.75,156.0,1.15,7.28,4.83,29.85,0.92,14.18,34.38,0.68,13.6,,111.0,Moderate
248180,DL005,2018-08-13 21:00:00,44.5,114.5,1.12,7.65,4.98,29.95,1.0,11.47,25.52,0.85,14.38,,110.0,Moderate
248181,DL005,2018-08-13 22:00:00,53.0,125.75,1.23,7.45,4.95,25.55,0.73,12.83,33.07,1.37,38.12,,109.0,Moderate
248182,DL005,2018-08-13 23:00:00,38.5,70.75,1.0,4.58,3.23,28.8,0.65,12.07,29.6,0.4,11.1,,106.0,Moderate
248183,DL005,2018-08-14 00:00:00,36.0,58.5,1.02,4.57,3.27,25.7,0.75,12.03,16.25,0.95,13.2,,104.0,Moderate
248184,DL005,2018-08-14 01:00:00,28.0,55.5,2.3,9.77,7.1,25.2,0.97,13.12,11.6,1.28,21.6,,102.0,Moderate
248185,DL005,2018-08-14 02:00:00,40.25,73.25,4.45,13.62,10.88,29.4,1.0,14.95,13.05,1.33,38.78,,101.0,Moderate
248186,DL005,2018-08-14 03:00:00,41.0,87.5,6.1,13.0,11.9,33.2,,12.6,23.02,1.85,31.88,,100.0,Satisfactory
248187,DL005,2018-08-14 04:00:00,44.75,100.75,6.33,12.35,11.77,30.38,1.1,12.6,34.17,2.17,33.0,,100.0,Satisfactory
248188,DL005,2018-08-14 05:00:00,56.25,123.5,7.85,10.17,11.8,30.45,1.08,12.47,18.38,1.77,27.3,,102.0,Moderate
248189,DL005,2018-08-14 06:00:00,63.0,125.5,12.48,10.37,15.7,32.75,1.23,13.38,26.75,2.0,34.95,,103.0,Moderate
248190,DL005,2018-08-14 07:00:00,78.25,161.75,18.28,13.55,22.15,36.57,1.35,13.95,23.95,2.53,39.78,,105.0,Moderate
248191,DL005,2018-08-14 08:00:00,71.0,160.25,16.32,16.18,21.93,39.38,1.3,14.77,15.78,2.68,32.73,,107.0,Moderate
248192,DL005,2018-08-14 09:00:00,64.5,140.5,10.4,9.17,13.37,41.98,0.92,15.77,11.85,1.47,18.58,,109.0,Moderate
248193,DL005,2018-08-14 10:00:00,54.5,115.75,6.28,6.95,8.8,43.18,0.88,14.97,11.08,0.77,12.67,,110.0,Moderate
248194,DL005,2018-08-14 11:00:00,58.0,127.5,3.8,9.17,7.9,51.68,0.97,13.47,16.2,1.42,19.17,,111.0,Moderate
248195,DL005,2018-08-14 12:00:00,71.5,142.75,1.65,7.83,5.5,56.7,0.83,13.35,29.75,1.13,28.73,,112.0,Moderate
248196,DL005,2018-08-14 13:00:00,64.5,129.25,1.6,6.88,4.93,52.22,0.78,13.58,37.18,1.0,40.02,,113.0,Moderate
248197,DL005,2018-08-14 14:00:00,55.75,125.5,1.62,5.75,4.35,42.78,0.63,14.35,36.1,0.7,41.6,,114.0,Moderate
248198,DL005,2018-08-14 15:00:00,50.25,118.5,1.42,5.35,4.02,42.55,0.6,12.62,33.6,0.45,41.7,,113.0,Moderate
248199,DL005,2018-08-14 16:00:00,44.0,111.25,1.25,4.15,3.23,38.45,0.67,13.0,40.23,0.4,64.77,,112.0,Moderate
248200,DL005,2018-08-14 17:00:00,41.25,110.5,0.95,4.3,3.05,39.1,0.72,12.42,46.17,0.35,39.98,,111.0,Moderate
248201,DL005,2018-08-14 18:00:00,42.0,108.75,1.08,3.73,2.87,39.8,0.7,14.0,50.42,0.43,48.53,,111.0,Moderate
248202,DL005,2018-08-14 19:00:00,45.75,121.75,1.08,5.02,3.55,41.8,0.78,12.67,47.1,0.58,78.2,,110.0,Moderate
248203,DL005,2018-08-14 20:00:00,58.5,143.0,1.05,6.9,4.52,39.2,0.9,12.72,37.0,1.1,164.75,,110.0,Moderate
248204,DL005,2018-08-14 21:00:00,67.25,177.25,1.22,8.42,5.48,37.45,1.0,11.25,26.35,1.8,188.17,,112.0,Moderate
248205,DL005,2018-08-14 22:00:00,83.75,230.75,1.82,14.2,9.05,31.3,1.2,12.65,5.28,1.4,46.0,,114.0,Moderate
248206,DL005,2018-08-14 23:00:00,95.25,271.25,3.05,17.18,11.5,38.4,1.2,11.03,8.85,1.65,39.07,,120.0,Moderate
248207,DL005,2018-08-15 00:00:00,99.5,268.5,2.88,14.55,10.1,41.9,1.13,11.1,11.95,1.77,35.9,,126.0,Moderate
248208,DL005,2018-08-15 01:00:00,105.25,256.75,2.58,13.7,9.4,40.77,1.15,11.3,11.53,1.62,28.7,,131.0,Moderate
248209,DL005,2018-08-15 02:00:00,87.5,213.0,2.93,15.83,10.82,41.18,1.2,13.43,4.25,2.28,38.52,,135.0,Moderate
248210,DL005,2018-08-15 03:00:00,75.0,166.5,1.6,8.7,5.9,45.6,,14.5,12.23,1.72,29.02,,138.0,Moderate
248211,DL005,2018-08-15 04:00:00,66.25,141.0,2.08,7.18,5.48,42.97,0.92,13.28,13.48,1.12,16.28,,139.0,Moderate
248212,DL005,2018-08-15 05:00:00,57.25,131.25,1.6,7.85,5.5,47.72,0.9,12.32,12.2,1.18,18.92,,139.0,Moderate
248213,DL005,2018-08-15 06:00:00,55.25,129.75,1.85,8.7,6.15,43.97,0.9,12.33,8.65,1.15,23.38,,139.0,Moderate
248214,DL005,2018-08-15 07:00:00,56.75,134.25,2.25,9.0,6.62,46.88,0.9,13.2,8.92,0.95,20.97,,138.0,Moderate
248215,DL005,2018-08-15 08:00:00,60.0,141.75,2.95,7.8,6.55,49.12,0.87,12.6,8.73,1.08,18.18,,138.0,Moderate
248216,DL005,2018-08-15 09:00:00,63.75,150.0,2.77,5.95,5.45,48.9,0.72,13.52,8.95,0.8,15.62,,138.0,Moderate
248217,DL005,2018-08-15 10:00:00,65.25,175.0,2.12,4.65,4.23,45.95,0.78,15.55,9.83,0.45,8.6,,140.0,Moderate
248218,DL005,2018-08-15 11:00:00,55.0,172.5,1.43,2.95,2.72,47.62,0.6,14.42,14.55,0.5,11.55,,141.0,Moderate
248219,DL005,2018-08-15 12:00:00,33.0,99.5,1.63,2.92,2.85,43.7,0.67,12.78,29.72,0.33,11.0,,140.0,Moderate
248220,DL005,2018-08-15 13:00:00,39.25,90.0,1.05,3.98,2.97,45.8,0.72,13.7,44.55,0.48,12.03,,139.0,Moderate
248221,DL005,2018-08-15 14:00:00,44.25,96.5,1.05,5.17,3.63,37.72,0.8,14.55,60.18,0.48,10.77,,138.0,Moderate
248222,DL005,2018-08-15 15:00:00,59.5,136.5,1.2,4.7,3.45,46.6,0.78,13.88,67.03,0.5,9.5,,138.0,Moderate
248223,DL005,2018-08-15 16:00:00,62.0,133.0,1.0,4.88,3.45,44.12,0.65,13.1,68.8,0.72,32.0,,139.0,Moderate
248224,DL005,2018-08-15 17:00:00,49.25,106.0,0.85,5.8,3.78,37.82,0.72,13.65,69.9,0.8,21.38,,139.0,Moderate
248225,DL005,2018-08-15 18:00:00,54.5,131.0,0.82,7.23,4.52,36.95,0.88,15.43,69.72,0.7,12.2,,139.0,Moderate
248226,DL005,2018-08-15 19:00:00,53.0,154.0,1.12,13.17,7.9,35.85,1.03,14.95,34.58,1.85,20.42,,140.0,Moderate
248227,DL005,2018-08-15 20:00:00,59.75,155.0,0.75,10.67,6.3,34.43,0.9,14.83,38.22,1.87,17.38,,141.0,Moderate
248228,DL005,2018-08-15 21:00:00,53.5,138.75,1.05,8.58,5.4,33.08,0.9,12.97,26.3,1.3,14.08,,140.0,Moderate
248229,DL005,2018-08-15 22:00:00,55.75,128.0,1.45,8.6,5.75,29.57,1.0,12.72,20.65,1.03,13.55,,137.0,Moderate
248230,DL005,2018-08-15 23:00:00,54.75,103.25,1.22,10.03,6.3,33.3,1.0,13.45,22.77,1.0,12.82,,132.0,Moderate
248231,DL005,2018-08-16 00:00:00,45.5,95.75,1.35,10.4,6.62,34.45,1.03,12.42,14.85,1.1,14.9,,127.0,Moderate
248232,DL005,2018-08-16 01:00:00,52.0,110.0,1.85,9.7,6.65,33.05,1.0,12.45,19.57,1.25,15.38,,123.0,Moderate
248233,DL005,2018-08-16 02:00:00,63.0,118.75,2.32,7.6,5.93,34.03,1.0,12.7,24.3,1.3,12.95,,120.0,Moderate
248234,DL005,2018-08-16 03:00:00,50.75,116.25,2.9,8.7,7.0,36.8,,12.2,31.85,1.37,14.25,,119.0,Moderate
248235,DL005,2018-08-16 04:00:00,52.0,112.75,2.47,9.6,7.12,35.53,0.92,10.93,42.9,1.45,16.2,,118.0,Moderate
248236,DL005,2018-08-16 05:00:00,57.75,115.25,2.38,9.65,7.1,36.85,0.87,10.97,28.95,1.25,16.05,,118.0,Moderate
248237,DL005,2018-08-16 06:00:00,57.0,109.25,2.57,9.3,7.05,34.95,0.83,11.1,58.08,1.08,17.3,,117.0,Moderate
248238,DL005,2018-08-16 07:00:00,56.75,122.0,2.77,10.08,7.65,35.28,0.9,11.75,125.4,1.1,16.18,,137.0,Moderate
248239,DL005,2018-08-16 08:00:00,53.75,133.0,3.52,8.23,7.27,36.65,0.9,12.47,13.55,1.15,12.98,,137.0,Moderate
248240,DL005,2018-08-16 09:00:00,44.25,106.25,2.32,5.58,4.87,39.25,0.83,14.85,8.12,1.15,9.67,,137.0,Moderate
248241,DL005,2018-08-16 10:00:00,35.5,90.5,1.93,4.02,3.75,41.5,1.17,15.6,11.0,0.88,7.72,,137.0,Moderate
248242,DL005,2018-08-16 11:00:00,37.5,101.5,1.93,4.35,3.87,47.2,1.0,15.08,19.85,0.77,8.33,,137.0,Moderate
248243,DL005,2018-08-16 12:00:00,51.25,125.75,1.43,6.02,4.35,47.75,0.9,14.97,61.4,1.0,15.07,,137.0,Moderate
248244,DL005,2018-08-16 13:00:00,60.25,138.0,1.2,6.72,4.58,46.68,0.9,15.25,93.15,1.0,16.92,,137.0,Moderate
248245,DL005,2018-08-16 14:00:00,59.5,120.5,1.32,7.9,5.27,40.07,1.0,13.9,49.03,0.93,84.13,,137.0,Moderate
248246,DL005,2018-08-16 15:00:00,62.25,88.5,1.47,7.78,5.35,53.85,0.9,15.32,120.63,1.02,38.02,,130.0,Moderate
248247,DL005,2018-08-16 16:00:00,51.5,93.5,1.25,8.38,5.5,40.75,0.8,15.67,49.27,0.75,76.3,,130.0,Moderate
248248,DL005,2018-08-16 17:00:00,43.75,96.5,0.82,9.0,5.45,37.93,0.88,14.35,41.77,0.8,128.5,,130.0,Moderate
248249,DL005,2018-08-16 18:00:00,58.0,106.5,1.5,8.73,5.85,36.73,0.95,15.15,32.22,1.07,32.78,,130.0,Moderate
248250,DL005,2018-08-16 19:00:00,27.5,52.75,1.7,11.9,7.73,36.9,1.1,14.45,19.88,1.62,48.95,,130.0,Moderate
248251,DL005,2018-08-16 20:00:00,45.75,86.5,2.52,15.4,10.25,36.12,1.38,14.1,16.0,1.47,35.45,,130.0,Moderate
248252,DL005,2018-08-16 21:00:00,52.5,110.0,2.85,18.42,12.12,36.73,1.53,13.12,23.53,2.05,90.63,,130.0,Moderate
248253,DL005,2018-08-16 22:00:00,57.0,167.0,6.3,24.35,18.05,37.93,1.7,13.2,28.22,3.5,85.15,,130.0,Moderate
248254,DL005,2018-08-16 23:00:00,74.5,165.75,5.75,17.75,14.15,36.57,1.45,13.17,15.6,2.4,51.75,,108.0,Moderate
248255,DL005,2018-08-17 00:00:00,63.25,121.25,9.9,15.1,16.08,34.85,1.4,14.2,10.88,2.13,39.07,,109.0,Moderate
248256,DL005,2018-08-17 01:00:00,61.0,109.5,8.23,12.55,13.4,34.08,1.08,13.53,5.25,1.48,22.9,,109.0,Moderate
248257,DL005,2018-08-17 02:00:00,53.25,80.75,5.32,8.42,8.85,36.15,0.9,15.67,7.2,1.05,14.05,,107.0,Moderate
248258,DL005,2018-08-17 03:00:00,29.75,54.25,3.9,7.6,7.3,37.1,,13.7,10.7,0.87,11.12,,106.0,Moderate
248259,DL005,2018-08-17 04:00:00,30.5,58.25,3.43,6.98,6.5,34.55,0.9,13.88,9.68,0.9,12.85,,104.0,Moderate
248260,DL005,2018-08-17 05:00:00,36.25,64.5,4.18,7.45,7.38,36.68,0.92,13.65,13.53,1.28,17.4,,103.0,Moderate
248261,DL005,2018-08-17 06:00:00,45.75,90.0,5.9,9.42,9.83,39.2,1.08,13.1,54.37,2.0,20.0,,102.0,Moderate
248262,DL005,2018-08-17 07:00:00,61.0,117.5,13.45,10.07,16.35,40.07,1.15,14.22,77.9,2.57,30.35,,102.0,Moderate
248263,DL005,2018-08-17 08:00:00,50.75,107.5,13.7,10.65,16.85,40.9,0.95,15.95,24.03,2.1,25.58,,101.0,Moderate
248264,DL005,2018-08-17 09:00:00,35.25,66.25,8.58,7.35,10.9,41.35,0.8,14.78,8.98,0.77,11.98,,100.0,Satisfactory
248265,DL005,2018-08-17 10:00:00,26.25,48.5,6.12,6.25,8.33,39.88,0.85,15.87,9.27,0.58,9.65,,99.0,Satisfactory
248266,DL005,2018-08-17 11:00:00,24.25,60.0,4.17,7.38,7.35,43.85,0.8,16.02,10.12,0.85,10.25,,97.0,Satisfactory
248267,DL005,2018-08-17 12:00:00,26.25,73.25,2.02,6.77,5.27,46.88,0.83,14.7,15.6,0.78,11.55,,95.0,Satisfactory
248268,DL005,2018-08-17 13:00:00,30.25,82.75,1.77,6.62,4.95,44.98,0.8,13.15,28.73,0.78,13.7,,93.0,Satisfactory
248269,DL005,2018-08-17 14:00:00,31.5,94.75,1.25,6.8,4.65,42.2,0.8,12.2,44.05,0.77,13.72,,92.0,Satisfactory
248270,DL005,2018-08-17 15:00:00,34.5,91.25,0.8,7.65,4.72,39.53,0.8,11.93,47.38,0.7,13.02,,92.0,Satisfactory
248271,DL005,2018-08-17 16:00:00,35.5,118.75,1.18,6.82,4.6,41.38,0.8,13.72,16.52,1.45,154.02,,93.0,Satisfactory
248272,DL005,2018-08-17 17:00:00,27.25,95.25,1.9,8.6,6.13,41.17,0.8,14.47,19.83,2.05,251.22,,93.0,Satisfactory
248273,DL005,2018-08-17 18:00:00,30.5,109.25,2.4,8.88,6.68,37.33,0.78,15.2,20.15,1.25,201.28,,93.0,Satisfactory
248274,DL005,2018-08-17 19:00:00,24.0,116.75,1.38,8.38,5.62,34.55,0.9,14.88,19.6,0.98,50.82,,95.0,Satisfactory
248275,DL005,2018-08-17 20:00:00,33.75,122.75,1.27,8.8,5.75,37.33,0.95,13.9,14.85,1.18,99.6,,97.0,Satisfactory
248276,DL005,2018-08-17 21:00:00,30.0,103.0,1.85,8.8,6.2,35.4,1.0,13.18,11.95,0.92,24.53,,97.0,Satisfactory
248277,DL005,2018-08-17 22:00:00,38.25,92.25,1.72,8.67,6.05,34.97,1.05,12.17,11.32,1.6,27.6,,94.0,Satisfactory
248278,DL005,2018-08-17 23:00:00,35.5,90.75,2.38,8.48,6.42,33.73,0.9,12.75,7.37,1.2,23.95,,90.0,Satisfactory
248279,DL005,2018-08-18 00:00:00,35.75,77.25,1.93,7.53,5.6,35.15,0.95,13.58,13.6,1.0,12.28,,89.0,Satisfactory
248280,DL005,2018-08-18 01:00:00,39.75,83.0,1.67,6.98,5.05,33.35,0.92,13.65,18.3,1.03,12.38,,87.0,Satisfactory
248281,DL005,2018-08-18 02:00:00,36.5,81.25,2.32,8.15,6.25,32.03,0.9,13.8,6.4,1.15,14.03,,87.0,Satisfactory
248282,DL005,2018-08-18 03:00:00,38.5,84.75,2.7,7.5,6.2,33.4,,14.7,10.23,1.8,14.42,,89.0,Satisfactory
248283,DL005,2018-08-18 04:00:00,37.75,80.25,2.5,6.45,5.45,30.47,0.9,13.55,34.68,1.28,13.6,,90.0,Satisfactory
248284,DL005,2018-08-18 05:00:00,35.0,72.75,2.82,6.95,6.03,32.45,0.9,12.75,11.87,1.28,15.4,,90.0,Satisfactory
248285,DL005,2018-08-18 06:00:00,45.75,86.0,4.45,6.6,7.15,32.7,0.92,12.7,14.08,1.28,16.42,,90.0,Satisfactory
248286,DL005,2018-08-18 07:00:00,46.75,105.0,8.42,7.77,11.05,32.3,1.08,13.6,35.98,1.7,22.8,,89.0,Satisfactory
248287,DL005,2018-08-18 08:00:00,59.5,139.25,11.15,10.18,14.53,32.68,1.05,14.72,31.25,2.02,23.77,,91.0,Satisfactory
248288,DL005,2018-08-18 09:00:00,51.25,115.25,8.22,9.72,11.88,33.95,0.92,15.22,8.8,1.25,19.13,,93.0,Satisfactory
248289,DL005,2018-08-18 10:00:00,37.25,85.75,5.3,7.95,8.55,33.0,0.85,15.07,10.75,1.1,13.1,,94.0,Satisfactory
248290,DL005,2018-08-18 11:00:00,30.5,84.75,2.18,6.7,5.35,34.55,0.8,14.3,13.17,0.78,9.92,,95.0,Satisfactory
248291,DL005,2018-08-18 12:00:00,33.25,91.0,1.92,8.18,5.88,40.6,0.83,13.35,23.58,1.2,13.37,,96.0,Satisfactory
248292,DL005,2018-08-18 13:00:00,30.75,114.5,1.35,6.92,4.77,37.4,0.8,13.13,43.48,1.15,18.35,,97.0,Satisfactory
248293,DL005,2018-08-18 14:00:00,36.5,111.25,1.3,7.77,5.23,36.33,0.78,12.83,44.8,0.88,14.85,,98.0,Satisfactory
248294,DL005,2018-08-18 15:00:00,29.5,84.5,0.98,7.55,4.8,36.75,0.78,13.95,,0.78,11.73,,98.0,Satisfactory
248295,DL005,2018-08-18 16:00:00,34.25,95.25,1.08,9.4,5.85,32.0,0.72,14.0,7.6,1.03,41.65,,97.0,Satisfactory
248296,DL005,2018-08-18 17:00:00,40.0,70.5,1.1,9.1,5.73,37.7,0.65,14.47,39.73,1.05,35.75,,96.0,Satisfactory
248297,DL005,2018-08-18 18:00:00,25.75,48.5,1.28,5.83,4.15,32.03,0.65,13.18,30.65,0.48,10.9,,93.0,Satisfactory
248298,DL005,2018-08-18 19:00:00,22.5,54.75,1.07,9.38,5.85,31.7,0.9,12.75,20.45,0.92,30.93,,91.0,Satisfactory
248299,DL005,2018-08-18 20:00:00,33.25,67.75,1.95,13.23,8.62,32.93,0.85,14.05,14.67,1.05,40.33,,88.0,Satisfactory
248300,DL005,2018-08-18 21:00:00,34.0,65.25,1.53,11.05,7.12,35.05,0.92,12.6,14.55,1.05,25.43,,87.0,Satisfactory
248301,DL005,2018-08-18 22:00:00,34.0,67.0,1.65,9.95,6.65,37.8,0.85,11.67,11.33,1.05,18.98,,86.0,Satisfactory
248302,DL005,2018-08-18 23:00:00,32.5,59.0,1.7,9.0,6.2,37.05,0.9,11.35,9.18,0.98,8.78,,84.0,Satisfactory
248303,DL005,2018-08-19 00:00:00,29.5,55.0,1.23,8.32,5.42,32.17,0.9,11.12,11.68,1.0,14.02,,83.0,Satisfactory
248304,DL005,2018-08-19 01:00:00,36.5,61.75,1.78,8.18,5.8,32.85,0.85,11.42,10.55,1.75,24.2,,83.0,Satisfactory
248305,DL005,2018-08-19 02:00:00,43.25,69.0,1.38,9.03,5.95,34.45,0.9,12.83,24.7,1.45,35.88,,82.0,Satisfactory
248306,DL005,2018-08-19 03:00:00,41.0,84.0,,,,,,,10.45,1.35,36.95,,82.0,Satisfactory
248307,DL005,2018-08-19 04:00:00,,,,,,,,,,,,,82.0,Satisfactory
248308,DL005,2018-08-19 05:00:00,,,,,,,,,,,,,82.0,Satisfactory
248309,DL005,2018-08-19 06:00:00,,,,,,,,,,,,,82.0,Satisfactory
248310,DL005,2018-08-19 07:00:00,,,,,,,,,,,,,81.0,Satisfactory
248311,DL005,2018-08-19 08:00:00,,,,,,,,,,,,,78.0,Satisfactory
248312,DL005,2018-08-19 09:00:00,,,,,,,,,,,,,76.0,Satisfactory
248313,DL005,2018-08-19 10:00:00,,,,,,,,,,,,,76.0,Satisfactory
248314,DL005,2018-08-19 11:00:00,59.0,108.0,1.6,11.2,7.2,34.4,0.9,15.1,32.4,1.3,17.3,,77.0,Satisfactory
248315,DL005,2018-08-19 12:00:00,66.5,117.0,1.67,15.12,9.42,36.35,1.1,15.42,28.6,1.15,84.1,,78.0,Satisfactory
248316,DL005,2018-08-19 13:00:00,85.0,137.5,1.85,10.9,7.27,36.12,1.08,13.82,41.85,0.8,48.82,,80.0,Satisfactory
248317,DL005,2018-08-19 14:00:00,70.75,119.5,1.12,9.15,5.8,48.82,1.0,12.55,55.88,1.08,135.65,,80.0,Satisfactory
248318,DL005,2018-08-19 15:00:00,62.75,119.75,1.5,8.75,5.88,36.48,1.05,12.9,35.62,1.32,192.88,,82.0,Satisfactory
248319,DL005,2018-08-19 16:00:00,58.0,105.75,1.97,11.6,7.78,41.67,1.0,13.1,17.55,1.27,62.05,,83.0,Satisfactory
248320,DL005,2018-08-19 17:00:00,57.75,110.5,1.85,15.6,9.83,44.53,1.22,12.45,19.2,1.38,40.4,,85.0,Satisfactory
248321,DL005,2018-08-19 18:00:00,63.75,130.0,1.67,16.8,10.3,44.32,1.15,12.28,18.38,1.45,64.77,,90.0,Satisfactory
248322,DL005,2018-08-19 19:00:00,59.25,118.5,2.05,18.27,11.4,37.0,1.37,12.63,22.55,1.68,41.3,,94.0,Satisfactory
248323,DL005,2018-08-19 20:00:00,65.5,132.75,1.85,19.82,12.02,41.65,1.4,12.85,15.68,2.18,41.03,,98.0,Satisfactory
248324,DL005,2018-08-19 21:00:00,65.0,123.0,3.08,21.78,14.1,46.52,1.5,12.38,12.12,1.97,33.62,,101.0,Moderate
248325,DL005,2018-08-19 22:00:00,66.25,141.75,5.75,25.42,18.17,44.67,1.5,12.42,11.95,2.18,35.1,,104.0,Moderate
248326,DL005,2018-08-19 23:00:00,65.75,151.75,8.97,24.78,20.47,46.95,1.77,13.67,11.05,2.88,46.35,,107.0,Moderate
248327,DL005,2018-08-20 00:00:00,80.0,170.25,10.02,23.23,20.53,42.12,1.45,13.88,13.27,3.15,48.6,,112.0,Moderate
248328,DL005,2018-08-20 01:00:00,75.75,148.75,4.9,22.87,16.17,45.43,1.3,13.48,11.95,2.3,33.85,,115.0,Moderate
248329,DL005,2018-08-20 02:00:00,63.0,126.25,2.88,20.92,13.5,44.93,1.23,14.47,27.55,2.43,28.55,,117.0,Moderate
248330,DL005,2018-08-20 03:00:00,62.75,126.75,2.9,19.3,12.6,44.7,,10.8,13.35,2.13,26.52,,121.0,Moderate
248331,DL005,2018-08-20 04:00:00,65.75,140.75,5.5,18.9,14.55,37.75,1.3,11.62,12.77,2.6,27.75,,121.0,Moderate
248332,DL005,2018-08-20 05:00:00,81.25,171.0,8.72,16.38,15.8,50.73,1.4,11.57,11.3,2.88,30.38,,123.0,Moderate
248333,DL005,2018-08-20 06:00:00,92.75,210.0,13.45,16.4,19.7,49.57,1.37,11.83,10.47,2.08,31.88,,128.0,Moderate
248334,DL005,2018-08-20 07:00:00,86.5,196.25,15.53,17.48,21.95,54.05,1.53,12.28,9.4,2.32,36.25,,131.0,Moderate
248335,DL005,2018-08-20 08:00:00,80.25,162.0,13.97,21.85,22.97,49.12,1.57,12.92,10.98,2.8,37.42,,132.0,Moderate
248336,DL005,2018-08-20 09:00:00,80.5,172.25,10.15,19.33,18.58,56.1,1.22,14.85,8.83,2.15,25.2,,134.0,Moderate
248337,DL005,2018-08-20 10:00:00,69.0,135.75,3.57,10.42,8.45,58.25,1.03,15.1,13.83,1.33,14.42,,134.0,Moderate
248338,DL005,2018-08-20 11:00:00,59.5,115.25,1.62,7.0,5.03,54.85,0.87,14.7,15.23,0.93,8.72,,134.0,Moderate
248339,DL005,2018-08-20 12:00:00,41.75,98.25,1.13,6.12,4.17,59.78,0.9,14.88,26.58,0.63,6.8,,130.0,Moderate
248340,DL005,2018-08-20 13:00:00,47.75,113.5,1.2,5.97,4.17,56.8,0.87,15.68,35.05,0.7,7.73,,126.0,Moderate
248341,DL005,2018-08-20 14:00:00,49.0,98.75,1.02,4.02,2.97,57.57,0.78,14.92,44.45,0.43,5.73,,126.0,Moderate
248342,DL005,2018-08-20 15:00:00,48.25,92.25,1.13,4.5,3.32,46.15,0.85,16.25,58.75,0.65,18.6,,125.0,Moderate
248343,DL005,2018-08-20 16:00:00,56.75,117.0,1.32,6.18,4.4,54.75,0.85,14.8,61.15,1.27,121.05,,125.0,Moderate
248344,DL005,2018-08-20 17:00:00,63.5,141.25,0.9,6.65,4.25,48.78,0.85,13.68,59.45,0.65,46.05,,126.0,Moderate
248345,DL005,2018-08-20 18:00:00,69.25,164.5,0.88,7.8,4.88,42.43,1.03,13.3,59.57,1.65,34.3,,127.0,Moderate
248346,DL005,2018-08-20 19:00:00,68.5,171.25,0.75,8.25,5.0,31.9,1.05,13.55,41.65,1.08,18.2,,128.0,Moderate
248347,DL005,2018-08-20 20:00:00,57.25,147.0,1.47,14.75,9.05,45.4,1.1,14.1,46.83,1.28,31.55,,129.0,Moderate
248348,DL005,2018-08-20 21:00:00,58.5,127.5,1.8,15.35,9.88,38.18,1.08,13.5,21.82,1.22,26.65,,129.0,Moderate
248349,DL005,2018-08-20 22:00:00,48.0,117.75,1.22,13.8,8.38,35.5,1.08,14.6,18.22,1.25,26.98,,128.0,Moderate
248350,DL005,2018-08-20 23:00:00,66.0,152.25,2.27,16.22,10.6,37.52,1.13,14.55,21.95,1.33,24.22,,128.0,Moderate
248351,DL005,2018-08-21 00:00:00,63.5,135.5,3.22,15.23,10.75,33.72,1.1,14.58,14.1,1.45,27.78,,127.0,Moderate
248352,DL005,2018-08-21 01:00:00,53.5,113.25,2.65,12.5,8.83,32.97,1.03,13.88,9.05,1.35,19.22,,126.0,Moderate
248353,DL005,2018-08-21 02:00:00,47.25,97.25,2.5,11.9,8.4,33.3,0.97,13.9,84.7,1.58,18.0,,125.0,Moderate
248354,DL005,2018-08-21 03:00:00,49.25,99.5,3.0,10.7,8.2,31.8,,11.8,53.27,1.38,17.62,,125.0,Moderate
248355,DL005,2018-08-21 04:00:00,43.25,93.5,3.1,9.02,7.35,27.2,0.83,13.12,24.8,1.08,17.67,,123.0,Moderate
248356,DL005,2018-08-21 05:00:00,41.75,88.75,2.35,9.0,6.72,30.1,0.83,12.73,65.25,1.15,16.7,,121.0,Moderate
248357,DL005,2018-08-21 06:00:00,43.25,89.5,3.9,10.07,8.55,32.65,0.9,12.83,39.88,1.28,19.3,,118.0,Moderate
248358,DL005,2018-08-21 07:00:00,43.5,95.25,4.7,10.15,9.2,36.42,0.9,12.92,22.88,1.15,24.72,,115.0,Moderate
248359,DL005,2018-08-21 08:00:00,51.5,102.75,7.05,10.08,11.1,34.4,1.0,13.83,15.87,1.42,23.43,,113.0,Moderate
248360,DL005,2018-08-21 09:00:00,52.5,109.75,10.1,14.8,16.12,36.0,1.0,19.5,8.75,1.28,19.48,,112.0,Moderate
248361,DL005,2018-08-21 10:00:00,48.75,95.5,7.25,15.38,14.08,38.0,1.03,20.65,8.35,1.0,12.85,,110.0,Moderate
248362,DL005,2018-08-21 11:00:00,41.0,93.25,3.2,13.33,9.7,34.23,1.0,18.63,22.92,1.05,10.32,,110.0,Moderate
248363,DL005,2018-08-21 12:00:00,41.0,107.0,2.3,16.25,10.5,34.4,1.05,20.35,52.15,1.05,12.75,,110.0,Moderate
248364,DL005,2018-08-21 13:00:00,51.5,132.25,1.33,12.42,7.67,41.15,1.03,17.88,95.68,1.12,14.75,,111.0,Moderate
248365,DL005,2018-08-21 14:00:00,56.25,146.25,1.53,10.25,6.75,40.92,0.95,16.15,108.62,0.97,15.77,,113.0,Moderate
248366,DL005,2018-08-21 15:00:00,58.75,150.75,1.78,9.0,6.25,37.9,0.97,16.87,119.58,0.97,15.45,,129.0,Moderate
248367,DL005,2018-08-21 16:00:00,62.25,151.25,0.77,7.5,4.65,40.55,0.8,18.5,86.52,0.72,11.35,,129.0,Moderate
248368,DL005,2018-08-21 17:00:00,59.5,146.25,0.9,7.15,4.55,41.88,0.8,15.8,57.27,0.62,24.55,,129.0,Moderate
248369,DL005,2018-08-21 18:00:00,62.0,137.75,1.22,5.6,3.97,34.8,0.8,15.08,51.02,0.48,18.6,,129.0,Moderate
248370,DL005,2018-08-21 19:00:00,49.25,120.5,1.15,7.57,4.98,29.45,1.0,14.73,37.73,0.55,10.88,,129.0,Moderate
248371,DL005,2018-08-21 20:00:00,61.25,163.25,1.03,14.25,8.43,25.28,1.28,15.85,20.85,1.12,25.08,,129.0,Moderate
248372,DL005,2018-08-21 21:00:00,75.0,190.5,1.62,16.1,9.88,29.65,1.25,13.95,12.5,1.0,19.18,,129.0,Moderate
248373,DL005,2018-08-21 22:00:00,69.25,171.5,2.05,12.85,8.52,35.35,1.13,12.83,13.17,1.13,13.25,,129.0,Moderate
248374,DL005,2018-08-21 23:00:00,67.0,171.75,2.23,12.38,8.4,37.25,1.18,13.05,9.75,1.6,31.55,,117.0,Moderate
248375,DL005,2018-08-22 00:00:00,60.0,164.0,2.6,11.77,8.4,37.85,1.08,12.67,6.38,1.87,28.7,,118.0,Moderate
248376,DL005,2018-08-22 01:00:00,64.25,149.0,2.65,12.73,8.92,33.3,1.13,12.75,6.73,1.6,22.47,,119.0,Moderate
248377,DL005,2018-08-22 02:00:00,61.0,144.0,5.25,15.0,12.23,31.25,1.2,13.35,25.25,1.85,25.18,,120.0,Moderate
248378,DL005,2018-08-22 03:00:00,65.75,154.5,9.1,14.0,14.9,30.7,,14.2,31.55,2.17,29.27,,121.0,Moderate
248379,DL005,2018-08-22 04:00:00,58.5,139.5,8.3,13.18,13.77,21.95,1.15,15.73,14.0,1.4,23.95,,123.0,Moderate
248380,DL005,2018-08-22 05:00:00,47.25,106.5,6.68,11.2,11.4,20.78,1.05,15.37,15.72,0.87,19.6,,123.0,Moderate
248381,DL005,2018-08-22 06:00:00,43.75,104.75,8.03,10.6,12.17,25.43,1.08,15.45,21.62,0.75,20.22,,124.0,Moderate
248382,DL005,2018-08-22 07:00:00,44.25,118.0,9.75,10.6,13.6,44.05,1.15,14.45,19.55,1.25,25.88,,124.0,Moderate
248383,DL005,2018-08-22 08:00:00,56.75,131.5,10.43,12.4,15.08,37.85,1.13,14.65,10.9,1.8,25.03,,125.0,Moderate
248384,DL005,2018-08-22 09:00:00,51.75,110.75,8.25,12.3,13.25,36.98,0.83,16.25,5.33,1.33,15.62,,125.0,Moderate
248385,DL005,2018-08-22 10:00:00,38.25,67.75,5.35,13.28,11.42,37.6,1.0,17.97,7.52,0.97,10.08,,124.0,Moderate
248386,DL005,2018-08-22 11:00:00,34.25,86.75,3.23,11.92,8.97,40.55,0.92,17.12,11.32,1.03,11.35,,124.0,Moderate
248387,DL005,2018-08-22 12:00:00,31.75,96.0,1.72,11.08,7.33,39.2,0.9,17.83,17.15,1.12,74.28,,124.0,Moderate
248388,DL005,2018-08-22 13:00:00,41.0,106.75,2.15,14.38,9.42,42.68,0.97,15.95,25.55,1.27,174.85,,123.0,Moderate
248389,DL005,2018-08-22 14:00:00,46.25,108.0,2.75,15.03,10.22,46.57,1.0,16.77,32.27,1.3,176.12,,122.0,Moderate
248390,DL005,2018-08-22 15:00:00,52.75,118.5,2.07,12.3,8.22,41.73,1.0,17.07,45.72,1.1,125.4,,121.0,Moderate
248391,DL005,2018-08-22 16:00:00,49.0,103.75,1.55,10.65,6.93,40.6,0.87,15.72,27.5,1.42,171.53,,120.0,Moderate
248392,DL005,2018-08-22 17:00:00,35.75,86.25,1.25,7.12,4.83,52.68,0.85,15.1,27.6,0.92,62.5,,118.0,Moderate
248393,DL005,2018-08-22 18:00:00,22.0,45.0,1.2,8.12,5.3,39.32,0.87,14.12,20.72,0.85,34.97,,116.0,Moderate
248394,DL005,2018-08-22 19:00:00,20.0,53.75,1.4,8.88,5.85,35.5,1.03,13.8,22.12,0.75,24.15,,114.0,Moderate
248395,DL005,2018-08-22 20:00:00,30.0,95.75,1.6,16.62,10.15,35.1,1.23,14.7,24.32,0.9,173.12,,112.0,Moderate
248396,DL005,2018-08-22 21:00:00,48.0,138.25,2.62,14.73,10.0,35.7,1.13,12.42,15.13,1.67,125.27,,110.0,Moderate
248397,DL005,2018-08-22 22:00:00,40.75,118.25,2.75,11.22,8.22,33.52,1.2,12.08,15.42,1.18,26.3,,109.0,Moderate
248398,DL005,2018-08-22 23:00:00,46.0,97.25,2.53,11.25,8.05,38.75,1.12,12.17,12.65,1.8,33.9,,107.0,Moderate
248399,DL005,2018-08-23 00:00:00,41.25,80.0,1.95,8.18,5.9,35.77,1.0,12.57,19.13,1.15,18.8,,104.0,Moderate
248400,DL005,2018-08-23 01:00:00,34.25,63.5,1.9,9.5,6.6,30.97,1.0,13.98,68.0,1.2,19.05,,102.0,Moderate
248401,DL005,2018-08-23 02:00:00,53.25,69.5,1.67,10.5,6.95,35.88,1.0,13.65,72.35,1.32,17.17,,100.0,Satisfactory
248402,DL005,2018-08-23 03:00:00,47.0,79.25,6.9,14.4,13.3,35.2,,13.0,103.37,1.87,24.88,,105.0,Moderate
248403,DL005,2018-08-23 04:00:00,55.75,98.75,5.83,14.47,12.42,29.4,1.35,14.72,16.12,2.42,57.7,,105.0,Moderate
248404,DL005,2018-08-23 05:00:00,63.75,109.25,5.38,13.77,11.72,34.85,1.2,13.67,10.1,1.82,62.0,,105.0,Moderate
248405,DL005,2018-08-23 06:00:00,60.0,101.5,4.55,13.3,10.75,35.18,1.05,12.67,8.83,1.67,48.75,,105.0,Moderate
248406,DL005,2018-08-23 07:00:00,50.0,84.0,5.85,12.77,11.57,39.1,1.03,13.27,7.12,1.35,29.35,,105.0,Moderate
248407,DL005,2018-08-23 08:00:00,41.0,72.0,5.07,9.55,9.17,36.45,0.77,14.05,6.3,1.02,16.48,,105.0,Moderate
248408,DL005,2018-08-23 09:00:00,19.5,39.75,2.45,4.55,4.43,33.52,0.7,13.72,16.45,0.33,6.2,,105.0,Moderate
248409,DL005,2018-08-23 10:00:00,10.75,25.0,1.93,5.67,4.6,33.2,0.78,14.57,15.15,0.35,6.13,,105.0,Moderate
248410,DL005,2018-08-23 11:00:00,14.25,28.5,2.62,5.15,4.85,33.7,0.75,13.9,9.97,0.35,7.2,,84.0,Satisfactory
248411,DL005,2018-08-23 12:00:00,11.0,30.25,3.35,4.68,5.2,30.8,0.7,14.88,9.35,0.25,9.28,,81.0,Satisfactory
248412,DL005,2018-08-23 13:00:00,18.5,33.0,4.15,3.9,5.45,34.8,0.72,13.9,8.15,0.35,12.83,,78.0,Satisfactory
248413,DL005,2018-08-23 14:00:00,24.25,41.0,3.02,3.23,4.17,35.8,0.7,13.5,7.23,0.23,6.35,,76.0,Satisfactory
248414,DL005,2018-08-23 15:00:00,26.5,48.25,2.1,3.1,3.38,37.55,0.7,11.92,7.55,0.18,4.47,,73.0,Satisfactory
248415,DL005,2018-08-23 16:00:00,23.25,58.5,1.72,3.08,3.05,28.3,0.63,13.4,11.7,0.2,4.18,,71.0,Satisfactory
248416,DL005,2018-08-23 17:00:00,28.5,80.75,1.35,4.02,3.25,43.65,0.63,12.6,14.08,0.25,4.73,,70.0,Satisfactory
248417,DL005,2018-08-23 18:00:00,30.75,88.25,1.28,4.95,3.67,36.88,0.63,11.77,14.35,0.23,5.12,,72.0,Satisfactory
248418,DL005,2018-08-23 19:00:00,23.0,90.25,1.42,8.42,5.63,34.65,0.77,11.25,13.15,0.43,7.1,,74.0,Satisfactory
248419,DL005,2018-08-23 20:00:00,22.5,112.5,2.58,14.65,9.9,26.88,1.0,11.93,8.77,0.6,10.85,,74.0,Satisfactory
248420,DL005,2018-08-23 21:00:00,31.25,132.5,3.32,15.05,10.73,26.22,1.0,14.57,7.73,0.48,9.5,,74.0,Satisfactory
248421,DL005,2018-08-23 22:00:00,35.0,101.25,3.5,11.42,8.95,28.25,0.8,15.57,6.77,0.4,11.2,,74.0,Satisfactory
248422,DL005,2018-08-23 23:00:00,33.25,77.0,2.93,6.23,5.73,46.45,0.58,15.48,8.4,0.4,7.68,,73.0,Satisfactory
248423,DL005,2018-08-24 00:00:00,29.25,55.75,2.2,6.9,5.45,41.67,0.58,15.3,7.92,0.43,7.95,,72.0,Satisfactory
248424,DL005,2018-08-24 01:00:00,32.25,54.25,2.18,5.47,4.68,30.97,0.58,15.33,9.32,0.4,6.12,,71.0,Satisfactory
248425,DL005,2018-08-24 02:00:00,28.5,52.25,1.7,5.05,4.07,28.8,0.5,16.08,22.5,0.38,7.88,,71.0,Satisfactory
248426,DL005,2018-08-24 03:00:00,26.75,55.5,0.9,3.9,2.9,30.5,,12.3,10.2,0.55,7.45,,70.0,Satisfactory
248427,DL005,2018-08-24 04:00:00,34.5,61.75,0.93,4.1,2.98,26.22,0.7,13.08,9.98,0.35,6.05,,68.0,Satisfactory
248428,DL005,2018-08-24 05:00:00,29.5,56.5,1.7,3.47,3.25,28.18,0.65,12.6,9.67,0.25,6.02,,66.0,Satisfactory
248429,DL005,2018-08-24 06:00:00,20.0,50.5,2.4,4.0,4.1,28.57,0.63,12.47,9.13,0.2,4.87,,64.0,Satisfactory
248430,DL005,2018-08-24 07:00:00,24.0,49.0,2.43,4.52,4.38,28.97,0.65,12.95,7.33,0.28,8.05,,62.0,Satisfactory
248431,DL005,2018-08-24 08:00:00,27.5,55.0,2.45,4.38,4.33,32.62,0.7,13.0,6.5,0.4,10.03,,62.0,Satisfactory
248432,DL005,2018-08-24 09:00:00,28.0,46.5,2.45,3.83,4.05,29.0,0.65,13.6,7.85,0.4,8.25,,62.0,Satisfactory
248433,DL005,2018-08-24 10:00:00,25.0,48.75,2.6,3.23,3.82,27.53,0.7,12.78,10.33,0.3,4.25,,63.0,Satisfactory
248434,DL005,2018-08-24 11:00:00,23.5,51.25,1.9,3.37,3.32,27.58,0.7,12.65,13.98,0.3,4.9,,64.0,Satisfactory
248435,DL005,2018-08-24 12:00:00,18.5,54.75,1.93,2.75,3.05,21.75,0.7,12.83,20.35,0.28,3.85,,65.0,Satisfactory
248436,DL005,2018-08-24 13:00:00,17.5,64.75,1.63,2.88,2.88,26.7,0.7,12.4,20.35,0.2,3.23,,66.0,Satisfactory
248437,DL005,2018-08-24 14:00:00,19.25,73.5,1.45,3.08,2.82,30.12,0.7,11.35,24.65,0.18,3.63,,67.0,Satisfactory
248438,DL005,2018-08-24 15:00:00,19.5,83.75,1.55,3.35,3.07,29.15,0.7,12.38,32.78,0.23,3.98,,69.0,Satisfactory
248439,DL005,2018-08-24 16:00:00,20.5,87.0,1.38,3.87,3.18,26.05,0.75,14.42,29.72,0.2,3.88,,70.0,Satisfactory
248440,DL005,2018-08-24 17:00:00,28.75,103.25,0.88,3.88,2.8,33.5,0.7,14.22,30.1,0.18,3.53,,71.0,Satisfactory
248441,DL005,2018-08-24 18:00:00,30.25,115.5,1.35,5.95,4.25,31.75,0.75,13.5,29.9,0.15,4.05,,72.0,Satisfactory
248442,DL005,2018-08-24 19:00:00,28.0,116.75,1.47,10.03,6.52,27.4,0.95,13.08,22.53,0.35,6.03,,73.0,Satisfactory
248443,DL005,2018-08-24 20:00:00,27.25,126.75,1.85,14.83,9.37,21.3,1.1,14.27,14.62,0.65,10.65,,74.0,Satisfactory
248444,DL005,2018-08-24 21:00:00,30.25,141.25,3.95,16.4,11.9,23.68,1.3,14.07,7.55,0.8,15.92,,74.0,Satisfactory
248445,DL005,2018-08-24 22:00:00,44.75,161.25,5.42,16.08,12.95,27.47,1.08,11.67,7.25,0.85,22.28,,77.0,Satisfactory
248446,DL005,2018-08-24 23:00:00,41.25,133.75,6.67,14.5,13.17,27.65,0.95,12.92,6.2,0.78,17.9,,79.0,Satisfactory
248447,DL005,2018-08-25 00:00:00,40.5,110.75,4.75,11.0,9.75,35.47,0.72,11.1,5.93,0.85,16.58,,81.0,Satisfactory
248448,DL005,2018-08-25 01:00:00,33.25,72.5,2.27,5.85,4.97,28.22,0.6,11.45,11.95,0.55,10.35,,82.0,Satisfactory
248449,DL005,2018-08-25 02:00:00,23.75,46.0,1.22,3.05,2.6,25.25,0.5,12.83,23.9,0.25,4.92,,82.0,Satisfactory
248450,DL005,2018-08-25 03:00:00,18.0,36.5,1.3,2.9,2.6,22.9,,12.2,18.28,0.2,5.07,,81.0,Satisfactory
248451,DL005,2018-08-25 04:00:00,12.0,42.0,1.28,2.55,2.4,21.93,0.6,13.0,20.8,0.18,4.43,,80.0,Satisfactory
248452,DL005,2018-08-25 05:00:00,14.5,39.5,1.58,2.95,2.87,22.25,0.6,13.8,18.35,0.1,4.35,,80.0,Satisfactory
248453,DL005,2018-08-25 06:00:00,22.25,49.5,2.0,3.37,3.38,23.53,0.6,13.97,16.23,0.23,5.78,,80.0,Satisfactory
248454,DL005,2018-08-25 07:00:00,21.75,49.25,1.65,4.25,3.6,23.65,0.58,13.75,14.42,0.33,6.68,,80.0,Satisfactory
248455,DL005,2018-08-25 08:00:00,19.0,51.0,2.22,4.03,3.93,27.55,0.5,12.67,13.98,0.25,7.35,,79.0,Satisfactory
248456,DL005,2018-08-25 09:00:00,22.5,45.5,1.85,3.07,3.15,25.98,0.5,12.33,15.27,0.23,5.88,,79.0,Satisfactory
248457,DL005,2018-08-25 10:00:00,24.75,53.25,1.92,3.15,3.27,25.33,0.63,12.03,16.9,0.23,5.75,,80.0,Satisfactory
248458,DL005,2018-08-25 11:00:00,25.25,69.25,1.93,3.27,3.3,26.3,0.67,12.57,19.95,0.2,3.73,,80.0,Satisfactory
248459,DL005,2018-08-25 12:00:00,19.25,64.25,2.1,3.02,3.32,23.05,0.7,12.08,27.78,0.23,3.17,,81.0,Satisfactory
248460,DL005,2018-08-25 13:00:00,17.75,72.75,1.8,3.5,3.35,21.03,0.7,13.25,28.82,0.2,3.6,,81.0,Satisfactory
248461,DL005,2018-08-25 14:00:00,22.0,72.0,1.47,3.18,2.92,24.8,0.7,12.28,30.07,0.18,3.1,,81.0,Satisfactory
248462,DL005,2018-08-25 15:00:00,25.5,80.5,1.97,2.67,3.05,25.92,0.7,13.05,34.72,0.15,3.38,,81.0,Satisfactory
248463,DL005,2018-08-25 16:00:00,19.25,80.5,3.0,6.65,5.98,22.88,0.65,15.9,31.07,0.2,3.6,,81.0,Satisfactory
248464,DL005,2018-08-25 17:00:00,21.25,84.0,1.62,4.57,3.75,24.28,0.63,15.4,34.73,0.15,3.6,,80.0,Satisfactory
248465,DL005,2018-08-25 18:00:00,17.75,81.5,0.73,4.73,3.12,29.88,0.72,13.72,35.97,0.18,3.0,,78.0,Satisfactory
248466,DL005,2018-08-25 19:00:00,24.25,84.5,0.88,8.05,5.0,25.7,0.88,14.93,26.72,0.35,6.67,,77.0,Satisfactory
248467,DL005,2018-08-25 20:00:00,31.5,100.0,1.67,13.02,8.25,22.5,1.2,15.15,19.1,1.52,38.5,,76.0,Satisfactory
248468,DL005,2018-08-25 21:00:00,41.0,129.5,1.65,13.75,8.65,22.03,1.1,15.85,13.38,1.35,23.3,,75.0,Satisfactory
248469,DL005,2018-08-25 22:00:00,40.0,117.75,2.08,13.72,9.0,25.85,1.0,14.77,10.3,1.55,28.0,,74.0,Satisfactory
248470,DL005,2018-08-25 23:00:00,46.25,115.0,3.48,14.05,10.33,25.72,1.0,14.08,7.3,1.28,32.8,,73.0,Satisfactory
248471,DL005,2018-08-26 00:00:00,49.0,119.25,4.62,13.4,10.9,27.85,1.0,13.9,5.68,1.57,24.22,,73.0,Satisfactory
248472,DL005,2018-08-26 01:00:00,52.75,109.25,5.12,9.97,9.53,26.43,0.85,14.12,6.12,1.4,18.92,,75.0,Satisfactory
248473,DL005,2018-08-26 02:00:00,43.0,65.0,2.92,6.05,5.58,25.0,0.75,15.8,19.3,0.6,11.53,,75.0,Satisfactory
248474,DL005,2018-08-26 03:00:00,32.75,55.25,2.1,5.5,4.6,21.7,,15.6,10.15,0.5,7.6,,76.0,Satisfactory
248475,DL005,2018-08-26 04:00:00,26.75,53.5,1.65,3.8,3.38,21.0,0.7,14.78,12.0,0.45,8.37,,77.0,Satisfactory
248476,DL005,2018-08-26 05:00:00,24.75,58.25,1.72,3.87,3.45,22.15,0.6,15.25,11.92,0.35,9.17,,78.0,Satisfactory
248477,DL005,2018-08-26 06:00:00,33.75,63.5,2.05,4.2,3.9,24.4,0.6,16.05,12.35,0.55,4.52,,78.0,Satisfactory
248478,DL005,2018-08-26 07:00:00,20.5,51.25,2.68,5.22,4.95,21.78,0.67,15.55,10.25,0.23,4.25,,78.0,Satisfactory
248479,DL005,2018-08-26 08:00:00,29.5,53.0,2.45,4.1,4.2,23.5,0.6,13.92,9.85,0.3,4.15,,78.0,Satisfactory
248480,DL005,2018-08-26 09:00:00,33.25,48.25,2.93,3.27,4.12,24.35,0.6,15.82,12.22,0.33,3.75,,78.0,Satisfactory
248481,DL005,2018-08-26 10:00:00,31.0,55.75,1.92,3.5,3.43,24.83,0.6,15.7,16.83,0.23,3.43,,78.0,Satisfactory
248482,DL005,2018-08-26 11:00:00,31.5,68.5,1.93,3.18,3.25,25.5,0.67,15.6,24.5,0.23,3.45,,78.0,Satisfactory
248483,DL005,2018-08-26 12:00:00,32.25,74.0,1.43,3.05,2.78,23.05,0.65,16.9,29.35,0.23,4.35,,79.0,Satisfactory
248484,DL005,2018-08-26 13:00:00,31.5,80.0,1.08,3.3,2.65,21.67,0.6,16.97,30.35,0.18,5.53,,79.0,Satisfactory
248485,DL005,2018-08-26 14:00:00,35.5,86.0,1.32,2.75,2.52,24.25,0.6,15.68,35.55,0.13,4.53,,80.0,Satisfactory
248486,DL005,2018-08-26 15:00:00,35.0,80.0,1.0,2.85,2.35,25.35,0.6,13.27,40.5,0.13,10.83,,80.0,Satisfactory
248487,DL005,2018-08-26 16:00:00,37.25,87.0,1.15,3.48,2.8,26.3,0.67,11.8,42.17,0.3,15.95,,80.0,Satisfactory
248488,DL005,2018-08-26 17:00:00,36.75,83.25,1.37,3.12,2.8,26.53,0.6,12.85,39.32,0.15,12.25,,80.0,Satisfactory
248489,DL005,2018-08-26 18:00:00,41.5,91.25,1.13,3.27,2.72,27.3,0.7,12.32,39.05,0.4,22.28,,80.0,Satisfactory
248490,DL005,2018-08-26 19:00:00,41.75,98.25,1.25,4.2,3.2,25.6,0.77,11.93,36.68,0.63,32.48,,81.0,Satisfactory
248491,DL005,2018-08-26 20:00:00,45.5,105.0,0.52,4.77,2.97,24.03,0.9,12.7,33.42,1.28,11.15,,81.0,Satisfactory
248492,DL005,2018-08-26 21:00:00,41.0,97.25,1.3,7.1,4.83,22.17,1.0,13.05,20.9,1.27,11.78,,80.0,Satisfactory
248493,DL005,2018-08-26 22:00:00,40.25,98.25,1.0,7.33,4.72,23.05,0.9,11.8,14.0,0.97,12.83,,79.0,Satisfactory
248494,DL005,2018-08-26 23:00:00,37.5,87.0,1.57,7.95,5.53,23.88,0.9,11.97,12.8,0.87,12.5,,78.0,Satisfactory
248495,DL005,2018-08-27 00:00:00,35.5,77.75,1.4,6.82,4.75,27.95,0.85,11.15,10.12,1.35,12.67,,76.0,Satisfactory
248496,DL005,2018-08-27 01:00:00,36.5,69.5,1.77,5.08,4.1,27.38,0.8,11.6,10.55,1.8,8.8,,74.0,Satisfactory
248497,DL005,2018-08-27 02:00:00,40.25,45.5,1.47,4.1,3.38,23.85,0.83,10.88,25.15,1.05,6.85,,74.0,Satisfactory
248498,DL005,2018-08-27 03:00:00,27.25,39.75,1.2,2.9,2.5,24.1,,15.1,11.38,1.1,7.72,,73.0,Satisfactory
248499,DL005,2018-08-27 04:00:00,23.75,41.0,1.28,3.83,3.07,22.2,0.9,14.35,10.42,2.65,8.17,,72.0,Satisfactory
248500,DL005,2018-08-27 05:00:00,27.25,50.75,1.38,4.22,3.35,19.8,0.8,16.1,9.52,2.25,8.27,,72.0,Satisfactory
248501,DL005,2018-08-27 06:00:00,22.5,35.0,2.33,5.98,5.07,22.85,0.8,16.6,7.47,0.83,7.3,,71.0,Satisfactory
248502,DL005,2018-08-27 07:00:00,23.75,32.5,1.72,4.15,3.63,23.75,0.8,16.25,8.4,0.65,6.18,,70.0,Satisfactory
248503,DL005,2018-08-27 08:00:00,23.0,23.25,1.65,2.78,2.78,26.0,0.72,15.02,9.38,0.48,6.1,,69.0,Satisfactory
248504,DL005,2018-08-27 09:00:00,23.5,18.25,2.88,6.5,5.8,25.72,0.88,14.88,8.28,0.75,10.05,,68.0,Satisfactory
248505,DL005,2018-08-27 10:00:00,24.75,21.5,2.2,4.35,4.1,24.75,0.85,16.13,7.87,0.45,5.93,,66.0,Satisfactory
248506,DL005,2018-08-27 11:00:00,23.5,30.25,2.17,3.97,3.88,25.17,0.75,15.6,9.08,1.03,19.58,,65.0,Satisfactory
248507,DL005,2018-08-27 12:00:00,20.75,34.0,1.53,2.28,2.42,23.8,0.75,15.02,13.88,0.4,5.38,,63.0,Satisfactory
248508,DL005,2018-08-27 13:00:00,17.0,35.0,1.55,2.48,2.57,21.17,0.72,15.53,24.35,0.38,5.58,,61.0,Satisfactory
248509,DL005,2018-08-27 14:00:00,17.75,40.25,1.15,3.18,2.65,23.2,0.78,14.48,32.87,0.38,13.27,,59.0,Satisfactory
248510,DL005,2018-08-27 15:00:00,22.0,48.0,1.18,3.25,2.67,23.7,0.8,13.85,37.5,0.4,10.65,,58.0,Satisfactory
248511,DL005,2018-08-27 16:00:00,27.25,51.5,1.65,3.3,3.05,25.75,0.8,13.7,35.85,0.48,8.68,,56.0,Satisfactory
248512,DL005,2018-08-27 17:00:00,28.25,60.5,1.62,3.92,3.43,27.68,0.78,13.98,42.9,4.13,51.68,,55.0,Satisfactory
248513,DL005,2018-08-27 18:00:00,40.25,89.0,1.27,5.15,3.77,33.48,0.8,14.22,44.35,0.9,143.17,,55.0,Satisfactory
248514,DL005,2018-08-27 19:00:00,48.25,108.0,1.58,7.02,5.03,29.72,0.92,13.85,35.07,1.4,223.38,,56.0,Satisfactory
248515,DL005,2018-08-27 20:00:00,52.25,114.25,1.62,8.73,5.95,28.25,0.97,13.78,26.97,1.9,218.4,,56.0,Satisfactory
248516,DL005,2018-08-27 21:00:00,52.25,125.0,1.1,8.05,5.2,23.68,0.97,14.13,21.8,1.67,249.65,,57.0,Satisfactory
248517,DL005,2018-08-27 22:00:00,54.75,139.5,2.75,14.75,10.08,24.2,1.45,13.67,8.85,1.68,119.32,,72.0,Satisfactory
248518,DL005,2018-08-27 23:00:00,70.0,168.75,5.8,18.25,14.43,25.38,1.35,12.95,7.35,1.78,135.85,,72.0,Satisfactory
248519,DL005,2018-08-28 00:00:00,66.5,139.5,3.85,11.85,9.42,29.3,1.0,12.97,7.42,1.73,77.12,,72.0,Satisfactory
248520,DL005,2018-08-28 01:00:00,43.5,91.5,2.95,9.4,7.42,29.85,0.97,13.23,6.5,1.72,29.6,,72.0,Satisfactory
248521,DL005,2018-08-28 02:00:00,33.25,70.5,2.07,9.55,6.75,27.15,0.9,14.53,25.25,1.13,22.22,,72.0,Satisfactory
248522,DL005,2018-08-28 03:00:00,33.25,71.75,2.8,7.3,6.2,25.6,,16.5,9.0,1.33,26.52,,72.0,Satisfactory
248523,DL005,2018-08-28 04:00:00,31.0,61.25,2.12,6.6,5.2,23.07,0.9,16.13,9.92,1.55,24.43,,72.0,Satisfactory
248524,DL005,2018-08-28 05:00:00,30.25,52.5,1.38,2.8,2.6,18.17,0.75,16.17,14.58,1.35,21.8,,72.0,Satisfactory
248525,DL005,2018-08-28 06:00:00,26.0,27.0,1.25,0.95,1.52,21.83,0.65,15.3,22.9,0.25,7.2,,69.0,Satisfactory
248526,DL005,2018-08-28 07:00:00,19.75,11.75,0.93,2.68,2.2,23.6,0.7,14.72,28.72,0.35,14.33,,68.0,Satisfactory
248527,DL005,2018-08-28 08:00:00,20.5,21.25,1.4,6.5,4.6,24.03,0.77,14.67,26.75,0.43,19.3,,68.0,Satisfactory
248528,DL005,2018-08-28 09:00:00,27.0,29.25,2.52,9.35,7.05,27.42,0.87,13.62,18.53,1.13,29.55,,68.0,Satisfactory
248529,DL005,2018-08-28 10:00:00,31.5,40.25,2.22,6.02,5.0,26.97,0.87,12.95,15.35,0.88,35.93,,69.0,Satisfactory
248530,DL005,2018-08-28 11:00:00,25.25,39.5,1.9,4.48,3.9,27.08,0.85,12.7,14.97,0.63,8.5,,70.0,Satisfactory
248531,DL005,2018-08-28 12:00:00,26.75,58.25,1.25,6.9,4.7,27.5,0.92,13.12,24.63,0.68,11.72,,71.0,Satisfactory
248532,DL005,2018-08-28 13:00:00,46.25,74.0,1.55,7.03,5.0,22.65,0.9,14.7,37.47,0.75,135.6,,72.0,Satisfactory
248533,DL005,2018-08-28 14:00:00,39.75,61.25,1.33,7.23,4.95,38.6,0.78,13.48,48.23,0.78,67.05,,73.0,Satisfactory
248534,DL005,2018-08-28 15:00:00,29.25,32.5,1.88,9.95,6.85,29.05,0.8,9.93,73.77,0.9,87.48,,74.0,Satisfactory
248535,DL005,2018-08-28 16:00:00,32.5,55.25,1.9,7.78,5.7,26.0,0.9,8.57,28.27,1.25,160.9,,74.0,Satisfactory
248536,DL005,2018-08-28 17:00:00,21.5,36.0,1.75,8.6,5.98,25.07,0.92,8.38,30.2,1.17,179.2,,74.0,Satisfactory
248537,DL005,2018-08-28 18:00:00,20.0,28.0,1.82,8.65,6.13,24.58,0.9,11.17,33.8,0.87,163.28,,74.0,Satisfactory
248538,DL005,2018-08-28 19:00:00,31.0,24.0,0.97,9.17,5.67,24.03,0.97,10.65,31.85,1.0,26.05,,74.0,Satisfactory
248539,DL005,2018-08-28 20:00:00,29.25,32.0,1.55,10.2,6.7,23.35,1.25,12.1,21.75,1.8,44.75,,74.0,Satisfactory
248540,DL005,2018-08-28 21:00:00,23.0,38.25,1.85,12.02,7.9,24.03,1.3,14.75,13.1,1.65,29.88,,74.0,Satisfactory
248541,DL005,2018-08-28 22:00:00,25.0,39.5,2.9,15.4,10.58,26.72,1.27,14.28,8.32,2.05,37.0,,74.0,Satisfactory
248542,DL005,2018-08-28 23:00:00,38.75,42.5,2.38,13.42,9.12,26.7,1.15,13.78,9.25,2.0,44.1,,65.0,Satisfactory
248543,DL005,2018-08-29 00:00:00,35.75,46.25,3.25,12.85,9.5,27.23,1.05,13.6,6.97,1.55,29.92,,65.0,Satisfactory
248544,DL005,2018-08-29 01:00:00,37.0,43.5,3.57,13.2,9.92,26.65,1.0,15.75,5.65,1.42,26.45,,65.0,Satisfactory
248545,DL005,2018-08-29 02:00:00,34.0,45.25,3.52,13.27,9.93,23.82,0.97,15.88,21.75,1.42,19.68,,65.0,Satisfactory
248546,DL005,2018-08-29 03:00:00,32.5,53.0,2.2,9.0,6.5,,,14.0,7.65,1.42,26.15,,65.0,Satisfactory
248547,DL005,2018-08-29 04:00:00,29.5,46.5,2.32,8.35,6.35,22.7,0.9,15.23,7.63,1.0,15.22,,65.0,Satisfactory
248548,DL005,2018-08-29 05:00:00,33.75,45.75,2.68,6.65,5.7,21.75,0.87,14.33,7.77,0.97,15.95,,64.0,Satisfactory
248549,DL005,2018-08-29 06:00:00,31.5,45.75,2.6,5.3,4.92,25.3,0.8,12.77,8.2,0.87,13.6,,57.0,Satisfactory
248550,DL005,2018-08-29 07:00:00,27.25,37.75,2.82,5.35,5.13,24.92,0.8,12.0,7.8,0.7,9.7,,52.0,Satisfactory
248551,DL005,2018-08-29 08:00:00,27.0,33.75,3.15,7.1,6.33,23.97,0.8,12.9,7.9,0.67,11.27,,51.0,Satisfactory
248552,DL005,2018-08-29 09:00:00,28.0,36.5,3.53,5.77,5.98,26.18,0.85,12.15,8.1,0.83,14.2,,51.0,Satisfactory
248553,DL005,2018-08-29 10:00:00,45.5,52.75,3.78,7.4,6.97,25.3,1.0,12.18,10.1,0.92,15.7,,52.0,Satisfactory
248554,DL005,2018-08-29 11:00:00,63.5,74.5,4.15,9.0,8.23,26.25,1.03,12.62,21.57,1.0,13.65,,55.0,Satisfactory
248555,DL005,2018-08-29 12:00:00,65.25,89.0,3.57,13.0,9.82,28.67,1.13,13.0,34.88,1.13,16.83,,57.0,Satisfactory
248556,DL005,2018-08-29 13:00:00,53.75,87.25,2.15,12.88,8.62,24.97,1.13,12.98,57.45,1.22,20.68,,58.0,Satisfactory
248557,DL005,2018-08-29 14:00:00,37.75,60.5,2.1,10.58,7.33,23.3,1.05,11.57,45.75,1.18,32.93,,58.0,Satisfactory
248558,DL005,2018-08-29 15:00:00,20.5,23.25,2.45,9.83,7.2,26.58,1.0,11.73,37.82,1.0,18.4,,57.0,Satisfactory
248559,DL005,2018-08-29 16:00:00,26.5,25.0,1.95,8.15,5.95,28.88,0.85,12.38,52.6,1.32,21.08,,57.0,Satisfactory
248560,DL005,2018-08-29 17:00:00,29.5,30.5,1.08,7.5,4.85,26.53,0.87,13.9,54.65,0.85,17.37,,57.0,Satisfactory
248561,DL005,2018-08-29 18:00:00,26.0,44.0,1.8,13.18,8.48,26.05,0.97,13.35,39.37,0.93,19.58,,58.0,Satisfactory
248562,DL005,2018-08-29 19:00:00,25.75,51.0,0.95,9.67,5.88,29.82,0.78,13.23,32.15,0.68,14.4,,57.0,Satisfactory
248563,DL005,2018-08-29 20:00:00,15.5,18.25,1.15,10.43,6.5,28.38,0.9,13.47,24.72,0.55,11.83,,57.0,Satisfactory
248564,DL005,2018-08-29 21:00:00,16.75,24.0,1.63,13.67,8.62,24.75,1.2,11.92,14.6,0.98,27.3,,60.0,Satisfactory
248565,DL005,2018-08-29 22:00:00,26.25,41.25,2.07,15.73,10.05,24.9,1.23,10.95,10.82,1.38,125.1,,62.0,Satisfactory
248566,DL005,2018-08-29 23:00:00,31.5,49.0,2.5,17.9,11.55,25.97,1.3,10.9,9.52,1.62,56.68,,65.0,Satisfactory
248567,DL005,2018-08-30 00:00:00,37.5,50.75,3.18,16.35,11.25,26.2,1.05,11.0,14.4,1.47,67.6,,65.0,Satisfactory
248568,DL005,2018-08-30 01:00:00,42.5,44.0,2.0,10.57,7.25,30.83,0.8,11.55,16.62,0.95,23.45,,65.0,Satisfactory
248569,DL005,2018-08-30 02:00:00,45.75,35.75,2.12,13.75,9.03,44.05,0.9,5.4,22.35,1.03,21.6,,65.0,Satisfactory
248570,DL005,2018-08-30 03:00:00,50.25,40.0,,,,51.4,,2.8,18.6,1.2,26.97,,65.0,Satisfactory
248571,DL005,2018-08-30 04:00:00,49.0,47.75,,,,51.02,0.67,1.25,15.88,0.28,0.1,,65.0,Satisfactory
248572,DL005,2018-08-30 05:00:00,51.75,50.75,,,,55.5,,0.3,5.93,0.3,0.4,,65.0,Satisfactory
248573,DL005,2018-08-30 06:00:00,48.0,42.75,,,,,,,,0.38,0.4,,65.0,Satisfactory
248574,DL005,2018-08-30 07:00:00,37.75,38.75,,,,,,,,0.18,0.43,,63.0,Satisfactory
248575,DL005,2018-08-30 08:00:00,33.0,37.25,,,,,,,,0.25,0.5,,63.0,Satisfactory
248576,DL005,2018-08-30 09:00:00,32.5,38.75,,,,,,,,0.35,0.63,,63.0,Satisfactory
248577,DL005,2018-08-30 10:00:00,40.5,52.0,,,,,,,,0.0,0.4,,63.0,Satisfactory
248578,DL005,2018-08-30 11:00:00,22.5,62.5,4.8,10.8,9.7,54.4,1.6,9.6,26.1,0.25,1.65,,80.0,Satisfactory
248579,DL005,2018-08-30 12:00:00,3.0,68.75,2.42,7.15,5.77,41.35,0.65,9.95,43.98,0.38,5.0,,80.0,Satisfactory
248580,DL005,2018-08-30 13:00:00,29.0,72.0,1.95,4.3,3.87,30.75,0.75,5.88,39.25,0.3,3.12,,80.0,Satisfactory
248581,DL005,2018-08-30 14:00:00,29.25,67.0,1.6,3.95,3.43,34.15,0.72,5.0,40.93,0.3,3.65,,80.0,Satisfactory
248582,DL005,2018-08-30 15:00:00,31.5,74.5,1.55,5.5,4.2,28.1,0.72,4.68,44.88,0.28,3.1,,80.0,Satisfactory
248583,DL005,2018-08-30 16:00:00,35.5,86.75,1.55,7.22,5.1,31.03,0.9,5.02,47.85,0.35,4.98,,80.0,Satisfactory
248584,DL005,2018-08-30 17:00:00,34.25,89.75,1.4,7.38,5.05,29.4,0.9,4.65,53.93,0.4,42.7,,80.0,Satisfactory
248585,DL005,2018-08-30 18:00:00,36.25,119.0,1.53,8.85,5.98,26.93,0.95,5.65,52.13,0.7,91.03,,80.0,Satisfactory
248586,DL005,2018-08-30 19:00:00,41.5,147.75,1.32,13.75,8.45,22.0,1.1,6.33,37.35,0.65,88.13,,58.0,Satisfactory
248587,DL005,2018-08-30 20:00:00,49.25,170.0,2.55,24.7,15.23,26.97,1.53,6.88,18.65,0.93,37.2,,76.0,Satisfactory
248588,DL005,2018-08-30 21:00:00,62.25,236.25,7.32,33.9,24.0,27.67,2.25,9.5,10.8,1.4,23.93,,103.0,Moderate
248589,DL005,2018-08-30 22:00:00,69.5,268.75,11.72,28.9,24.93,23.1,2.0,10.73,10.3,2.25,104.15,,103.0,Moderate
248590,DL005,2018-08-30 23:00:00,67.5,253.25,17.12,27.22,28.43,23.8,2.52,9.3,10.08,1.57,90.35,,106.0,Moderate
248591,DL005,2018-08-31 00:00:00,83.75,307.0,34.55,36.88,47.82,32.58,2.68,8.62,9.8,5.13,104.17,,108.0,Moderate
248592,DL005,2018-08-31 01:00:00,84.75,239.25,23.3,36.43,38.35,30.8,2.02,8.85,11.6,3.85,63.15,,108.0,Moderate
248593,DL005,2018-08-31 02:00:00,87.75,198.75,13.37,30.15,26.93,34.45,1.63,8.8,42.35,2.02,41.0,,111.0,Moderate
248594,DL005,2018-08-31 03:00:00,80.5,173.25,6.8,18.4,15.3,35.9,,3.6,16.4,1.93,41.95,,115.0,Moderate
248595,DL005,2018-08-31 04:00:00,72.25,162.0,5.0,15.07,12.07,27.48,1.08,5.4,10.12,1.23,23.85,,118.0,Moderate
248596,DL005,2018-08-31 05:00:00,50.0,130.5,2.95,8.77,7.05,28.12,0.8,5.2,9.15,1.12,12.23,,120.0,Moderate
248597,DL005,2018-08-31 06:00:00,41.75,116.0,1.85,7.0,5.22,29.28,0.7,4.45,10.32,0.45,7.02,,122.0,Moderate
248598,DL005,2018-08-31 07:00:00,31.75,114.25,2.0,6.77,5.27,27.6,0.72,3.4,11.35,0.23,6.12,,125.0,Moderate
248599,DL005,2018-08-31 08:00:00,25.0,116.75,2.8,7.73,6.42,29.85,0.78,2.58,10.03,0.4,8.4,,127.0,Moderate
248600,DL005,2018-08-31 09:00:00,35.5,115.25,3.05,7.22,6.32,31.07,0.75,6.3,10.83,0.48,7.25,,129.0,Moderate
248601,DL005,2018-08-31 10:00:00,37.25,124.75,2.95,5.88,5.5,32.35,0.7,9.0,12.25,0.35,5.65,,131.0,Moderate
248602,DL005,2018-08-31 11:00:00,30.75,131.0,2.1,5.05,4.42,29.75,0.7,10.7,15.83,0.25,4.3,,133.0,Moderate
248603,DL005,2018-08-31 12:00:00,37.0,129.0,2.15,5.07,4.43,33.68,0.7,10.08,20.28,0.3,4.48,,135.0,Moderate
248604,DL005,2018-08-31 13:00:00,39.0,147.25,1.8,5.2,4.25,34.75,0.7,10.2,23.62,0.28,18.15,,137.0,Moderate
248605,DL005,2018-08-31 14:00:00,36.5,166.25,1.7,5.3,4.2,33.6,0.7,9.13,31.28,0.48,72.97,,139.0,Moderate
248606,DL005,2018-08-31 15:00:00,36.25,164.25,1.8,4.58,3.93,27.58,0.7,6.05,35.1,0.25,24.23,,142.0,Moderate
248607,DL005,2018-08-31 16:00:00,33.25,157.0,1.22,4.73,3.47,32.42,0.7,2.6,38.25,0.23,14.6,,144.0,Moderate
248608,DL005,2018-08-31 17:00:00,39.0,156.5,1.15,4.6,3.4,33.08,0.7,2.15,47.88,0.2,7.7,,146.0,Moderate
248609,DL005,2018-08-31 18:00:00,38.5,158.25,1.43,6.83,4.8,32.5,0.77,2.3,47.98,0.58,65.42,,147.0,Moderate
248610,DL005,2018-08-31 19:00:00,47.0,198.75,1.27,9.02,5.83,29.68,0.9,7.2,41.68,2.8,108.08,,148.0,Moderate
248611,DL005,2018-08-31 20:00:00,51.5,226.75,1.0,13.75,8.15,30.0,1.1,7.73,23.95,1.18,101.15,,150.0,Moderate
248612,DL005,2018-08-31 21:00:00,55.25,281.25,1.38,18.22,10.83,30.93,1.35,11.6,14.25,1.25,38.75,,151.0,Moderate
248613,DL005,2018-08-31 22:00:00,55.75,290.0,1.23,15.85,9.63,32.05,1.23,9.35,14.93,1.28,44.5,,152.0,Moderate
248614,DL005,2018-08-31 23:00:00,62.25,272.75,2.08,15.67,10.02,28.65,1.22,8.88,10.25,1.33,58.25,,152.0,Moderate
248615,DL005,2018-09-01 00:00:00,58.25,248.0,2.1,15.42,9.9,29.47,1.2,8.28,9.53,1.1,47.35,,150.0,Moderate
248616,DL005,2018-09-01 01:00:00,63.25,202.0,1.85,12.12,7.95,29.9,1.1,7.87,9.15,1.1,26.28,,149.0,Moderate
248617,DL005,2018-09-01 02:00:00,66.75,144.5,1.8,12.93,8.35,35.72,1.1,11.4,41.2,1.35,24.23,,148.0,Moderate
248618,DL005,2018-09-01 03:00:00,66.5,141.0,1.2,16.0,9.5,40.9,,9.1,18.55,1.7,28.78,,147.0,Moderate
248619,DL005,2018-09-01 04:00:00,69.5,141.5,2.55,14.75,9.93,31.85,1.15,7.85,20.45,1.9,27.88,,146.0,Moderate
248620,DL005,2018-09-01 05:00:00,72.5,158.25,3.65,14.78,10.85,30.75,1.1,7.73,35.57,1.92,39.63,,147.0,Moderate
248621,DL005,2018-09-01 06:00:00,68.0,151.75,3.0,14.75,10.25,33.28,1.08,7.27,23.9,1.65,29.15,,148.0,Moderate
248622,DL005,2018-09-01 07:00:00,70.75,158.75,3.95,14.23,10.78,32.2,1.13,8.27,23.35,1.9,37.68,,149.0,Moderate
248623,DL005,2018-09-01 08:00:00,77.5,162.0,5.2,13.53,11.42,32.15,1.23,8.42,17.47,1.75,30.25,,151.0,Moderate
248624,DL005,2018-09-01 09:00:00,64.75,135.75,6.2,16.1,13.6,36.15,1.1,7.35,8.35,1.47,23.12,,151.0,Moderate
248625,DL005,2018-09-01 10:00:00,40.0,74.5,5.85,17.9,14.3,35.1,1.13,7.17,8.6,1.12,18.5,,150.0,Moderate
248626,DL005,2018-09-01 11:00:00,40.5,71.5,6.82,16.25,14.2,34.15,1.18,7.0,9.45,1.78,24.7,,148.0,Moderate
248627,DL005,2018-09-01 12:00:00,37.75,64.75,4.85,11.33,10.0,34.73,0.88,5.32,10.38,1.47,25.87,,146.0,Moderate
248628,DL005,2018-09-01 13:00:00,27.5,60.5,3.6,5.9,6.08,35.67,0.72,7.25,13.45,0.73,24.3,,144.0,Moderate
248629,DL005,2018-09-01 14:00:00,34.75,67.75,2.25,4.95,4.45,36.2,0.78,6.4,17.15,0.35,8.05,,141.0,Moderate
248630,DL005,2018-09-01 15:00:00,35.25,69.75,2.38,5.38,4.8,34.22,0.75,6.7,17.77,0.55,27.3,,139.0,Moderate
248631,DL005,2018-09-01 16:00:00,41.0,84.75,2.57,8.02,6.35,34.77,0.83,7.68,19.1,1.05,94.95,,137.0,Moderate
248632,DL005,2018-09-01 17:00:00,45.0,99.5,1.95,6.15,4.85,34.5,0.8,8.0,22.6,0.77,42.65,,135.0,Moderate
248633,DL005,2018-09-01 18:00:00,39.25,92.75,1.6,8.45,5.8,37.2,0.92,8.2,26.7,0.88,60.3,,133.0,Moderate
248634,DL005,2018-09-01 19:00:00,42.0,119.75,1.32,11.78,7.35,37.42,1.03,7.92,19.72,1.33,101.68,,131.0,Moderate
248635,DL005,2018-09-01 20:00:00,50.25,115.75,0.98,16.78,9.85,38.98,1.33,8.78,14.23,1.15,31.67,,128.0,Moderate
248636,DL005,2018-09-01 21:00:00,56.75,125.0,1.48,16.0,9.82,37.55,1.55,8.33,10.93,1.83,77.85,,124.0,Moderate
248637,DL005,2018-09-01 22:00:00,60.5,139.0,4.22,20.15,14.18,37.1,1.65,8.5,7.88,1.82,82.75,,119.0,Moderate
248638,DL005,2018-09-01 23:00:00,70.25,169.0,5.3,19.75,14.8,36.3,1.42,8.9,8.83,3.3,88.08,,117.0,Moderate
248639,DL005,2018-09-02 00:00:00,58.0,149.0,3.68,17.67,12.38,35.67,1.15,9.28,7.85,1.28,79.0,,114.0,Moderate
248640,DL005,2018-09-02 01:00:00,57.0,114.5,2.95,14.12,9.92,35.68,1.05,10.02,8.0,1.1,41.0,,111.0,Moderate
248641,DL005,2018-09-02 02:00:00,61.0,107.5,2.82,11.95,8.65,35.38,1.0,9.55,30.45,1.1,29.47,,110.0,Moderate
248642,DL005,2018-09-02 03:00:00,56.5,99.25,1.5,11.4,7.3,38.9,,7.8,9.97,1.03,21.32,,109.0,Moderate
248643,DL005,2018-09-02 04:00:00,60.5,99.25,1.85,11.42,7.57,31.2,1.0,6.67,8.32,1.0,16.47,,108.0,Moderate
248644,DL005,2018-09-02 05:00:00,58.75,105.75,1.77,10.8,7.2,32.18,1.0,6.52,8.48,1.1,15.5,,107.0,Moderate
248645,DL005,2018-09-02 06:00:00,59.25,107.25,1.75,10.05,6.8,34.88,1.08,6.93,9.05,1.25,20.12,,105.0,Moderate
248646,DL005,2018-09-02 07:00:00,62.0,118.5,1.7,11.93,7.73,35.88,1.1,7.3,11.97,2.43,42.2,,104.0,Moderate
248647,DL005,2018-09-02 08:00:00,63.5,129.5,2.0,7.57,5.68,35.9,1.08,8.4,11.35,2.22,30.35,,103.0,Moderate
248648,DL005,2018-09-02 09:00:00,74.25,116.25,2.35,6.25,5.22,35.8,1.03,8.43,9.62,1.43,16.45,,103.0,Moderate
248649,DL005,2018-09-02 10:00:00,58.5,91.25,2.3,5.95,5.03,35.27,0.8,8.18,9.77,0.78,8.62,,103.0,Moderate
248650,DL005,2018-09-02 11:00:00,34.25,63.0,2.07,5.25,4.47,35.8,0.75,6.38,16.42,0.5,7.52,,103.0,Moderate
248651,DL005,2018-09-02 12:00:00,27.5,51.5,1.58,4.73,3.78,33.25,0.7,6.18,24.8,0.72,58.52,,103.0,Moderate
248652,DL005,2018-09-02 13:00:00,24.5,63.75,1.75,8.17,5.8,33.07,0.72,7.1,26.6,1.0,193.45,,103.0,Moderate
248653,DL005,2018-09-02 14:00:00,30.75,65.5,1.9,5.65,4.55,33.47,0.72,8.25,23.15,1.27,194.45,,103.0,Moderate
248654,DL005,2018-09-02 15:00:00,36.5,58.5,2.15,5.82,4.85,34.07,0.72,5.05,25.6,1.0,78.52,,102.0,Moderate
248655,DL005,2018-09-02 16:00:00,40.0,69.25,1.65,6.95,5.05,34.05,0.78,6.2,27.5,0.88,154.55,,102.0,Moderate
248656,DL005,2018-09-02 17:00:00,43.0,65.25,1.25,4.42,3.38,32.55,0.7,3.73,30.77,0.73,132.75,,101.0,Moderate
248657,DL005,2018-09-02 18:00:00,34.0,53.0,1.18,4.42,3.32,31.52,0.8,3.77,33.48,0.78,112.42,,100.0,Satisfactory
248658,DL005,2018-09-02 19:00:00,35.75,62.5,1.5,6.73,4.83,32.58,0.85,3.35,29.95,1.38,163.5,,97.0,Satisfactory
248659,DL005,2018-09-02 20:00:00,41.0,75.75,1.12,8.38,5.35,31.38,0.9,4.12,27.33,1.48,170.78,,96.0,Satisfactory
248660,DL005,2018-09-02 21:00:00,42.25,80.25,1.08,8.75,5.53,29.6,0.88,9.75,23.12,2.75,180.98,,94.0,Satisfactory
248661,DL005,2018-09-02 22:00:00,47.25,75.75,1.1,12.28,7.42,30.2,1.08,10.33,18.3,1.72,77.55,,91.0,Satisfactory
248662,DL005,2018-09-02 23:00:00,47.75,91.25,1.95,14.98,9.57,28.03,1.13,9.73,7.55,1.47,90.9,,88.0,Satisfactory
248663,DL005,2018-09-03 00:00:00,38.75,73.25,2.28,13.27,8.85,27.72,1.03,9.43,6.23,0.97,31.03,,85.0,Satisfactory
248664,DL005,2018-09-03 01:00:00,41.75,63.0,2.3,10.25,7.3,28.45,1.05,9.65,6.85,1.1,40.68,,83.0,Satisfactory
248665,DL005,2018-09-03 02:00:00,44.0,66.75,2.87,11.2,8.33,28.28,1.08,9.07,29.85,1.13,32.17,,81.0,Satisfactory
248666,DL005,2018-09-03 03:00:00,43.5,68.25,4.2,10.5,9.0,29.4,,9.2,8.4,1.08,27.77,,80.0,Satisfactory
248667,DL005,2018-09-03 04:00:00,39.75,63.75,2.5,8.23,6.38,26.62,0.9,9.13,8.73,0.95,20.93,,78.0,Satisfactory
248668,DL005,2018-09-03 05:00:00,34.75,63.0,2.65,10.12,7.55,24.87,0.97,9.1,8.67,1.1,33.93,,76.0,Satisfactory
248669,DL005,2018-09-03 06:00:00,37.75,74.0,2.98,12.42,9.05,25.2,0.92,9.65,6.95,1.22,42.38,,75.0,Satisfactory
248670,DL005,2018-09-03 07:00:00,32.25,54.0,2.75,8.62,6.85,24.5,0.9,8.62,7.77,0.7,43.75,,72.0,Satisfactory
248671,DL005,2018-09-03 08:00:00,37.5,60.75,2.93,5.6,5.35,24.85,0.92,11.0,10.62,0.8,10.0,,70.0,Satisfactory
248672,DL005,2018-09-03 09:00:00,44.5,72.75,2.55,4.52,4.5,25.65,0.9,8.75,10.42,0.9,8.68,,68.0,Satisfactory
248673,DL005,2018-09-03 10:00:00,54.5,77.25,2.4,4.2,4.22,25.5,0.92,9.12,14.1,0.78,7.83,,67.0,Satisfactory
248674,DL005,2018-09-03 11:00:00,61.25,81.75,2.18,6.12,5.05,26.3,0.9,8.1,12.15,0.98,12.07,,68.0,Satisfactory
248675,DL005,2018-09-03 12:00:00,60.75,83.75,2.17,6.28,5.1,27.75,0.92,8.58,18.28,1.25,45.05,,69.0,Satisfactory
248676,DL005,2018-09-03 13:00:00,64.25,104.75,1.45,6.45,4.6,27.5,0.9,8.52,33.5,1.25,81.83,,72.0,Satisfactory
248677,DL005,2018-09-03 14:00:00,58.0,83.25,0.93,5.17,3.5,26.6,0.77,7.73,41.07,0.88,55.13,,74.0,Satisfactory
248678,DL005,2018-09-03 15:00:00,51.0,66.0,1.12,9.6,6.02,25.7,1.0,9.97,39.35,0.93,63.22,,75.0,Satisfactory
248679,DL005,2018-09-03 16:00:00,36.75,58.25,1.9,10.42,7.08,23.25,0.88,10.12,28.55,1.82,68.72,,74.0,Satisfactory
248680,DL005,2018-09-03 17:00:00,31.0,36.75,2.0,10.17,7.02,24.75,0.95,9.92,24.5,0.73,32.28,,74.0,Satisfactory
248681,DL005,2018-09-03 18:00:00,30.5,40.25,1.62,8.78,5.98,25.65,0.9,9.78,23.1,1.2,53.15,,73.0,Satisfactory
248682,DL005,2018-09-03 19:00:00,21.0,36.25,1.68,10.55,7.0,26.65,1.05,10.23,18.32,0.77,22.4,,72.0,Satisfactory
248683,DL005,2018-09-03 20:00:00,27.5,44.5,1.32,15.17,9.15,26.05,1.3,11.08,13.68,1.7,28.67,,71.0,Satisfactory
248684,DL005,2018-09-03 21:00:00,39.75,62.75,2.88,17.75,11.83,25.25,1.58,10.4,10.0,2.6,44.38,,79.0,Satisfactory
248685,DL005,2018-09-03 22:00:00,47.75,82.0,13.6,20.27,21.93,24.15,1.92,10.03,7.27,3.2,62.18,,96.0,Satisfactory
248686,DL005,2018-09-03 23:00:00,57.25,95.75,12.62,21.82,21.9,25.08,1.75,9.28,8.08,3.32,72.52,,96.0,Satisfactory
248687,DL005,2018-09-04 00:00:00,61.0,90.5,8.23,18.47,16.55,26.25,1.55,9.2,6.98,3.4,39.95,,96.0,Satisfactory
248688,DL005,2018-09-04 01:00:00,65.75,88.75,9.48,15.92,16.22,25.75,1.53,9.08,7.27,3.5,34.85,,96.0,Satisfactory
248689,DL005,2018-09-04 02:00:00,67.5,90.75,6.4,13.2,12.25,24.12,1.3,9.15,28.75,2.65,27.55,,96.0,Satisfactory
248690,DL005,2018-09-04 03:00:00,36.25,74.0,6.1,15.2,13.1,28.0,,8.3,8.03,2.5,23.82,,96.0,Satisfactory
248691,DL005,2018-09-04 04:00:00,58.75,85.25,9.35,14.25,15.22,26.5,1.8,8.8,9.95,3.18,35.57,,96.0,Satisfactory
248692,DL005,2018-09-04 05:00:00,68.0,100.0,13.8,12.7,18.0,23.68,1.77,9.0,10.83,3.6,53.75,,96.0,Satisfactory
248693,DL005,2018-09-04 06:00:00,63.0,99.0,20.02,12.5,22.97,23.85,1.42,9.1,7.22,2.82,34.93,,90.0,Satisfactory
248694,DL005,2018-09-04 07:00:00,61.25,99.75,19.5,10.7,21.6,24.02,1.27,9.1,8.05,2.4,29.12,,90.0,Satisfactory
248695,DL005,2018-09-04 08:00:00,52.25,90.5,17.05,13.68,21.17,23.12,1.37,9.25,10.02,1.8,25.65,,90.0,Satisfactory
248696,DL005,2018-09-04 09:00:00,76.75,118.25,15.15,22.75,24.45,28.08,1.68,9.28,39.4,2.5,50.2,,90.0,Satisfactory
248697,DL005,2018-09-04 10:00:00,99.75,138.0,9.05,20.78,18.42,30.35,1.47,8.88,34.38,2.65,40.88,,90.0,Satisfactory
248698,DL005,2018-09-04 11:00:00,89.75,123.0,4.43,16.62,12.43,31.4,1.35,8.85,38.1,2.35,28.33,,92.0,Satisfactory
248699,DL005,2018-09-04 12:00:00,84.25,117.0,1.75,10.2,6.85,30.0,1.03,9.25,49.87,1.72,60.02,,94.0,Satisfactory
248700,DL005,2018-09-04 13:00:00,65.75,97.25,0.95,6.17,4.02,29.75,0.9,8.45,55.9,1.1,77.43,,94.0,Satisfactory
248701,DL005,2018-09-04 14:00:00,50.0,92.0,1.05,5.7,3.88,30.2,0.83,8.03,58.32,1.15,77.75,,93.0,Satisfactory
248702,DL005,2018-09-04 15:00:00,41.0,92.0,0.95,5.23,3.55,29.28,0.8,8.75,52.48,0.85,35.15,,93.0,Satisfactory
248703,DL005,2018-09-04 16:00:00,45.0,89.0,0.98,5.73,3.88,26.4,0.75,8.38,40.75,0.53,9.45,,93.0,Satisfactory
248704,DL005,2018-09-04 17:00:00,30.0,73.0,1.7,11.15,7.3,30.2,1.0,8.52,25.6,1.22,153.73,,93.0,Satisfactory
248705,DL005,2018-09-04 18:00:00,59.0,105.0,2.22,11.15,7.75,30.97,0.95,8.57,26.62,2.03,241.6,,95.0,Satisfactory
248706,DL005,2018-09-04 19:00:00,47.0,77.0,1.82,9.93,6.8,31.9,0.83,8.23,28.25,0.85,34.07,,97.0,Satisfactory
248707,DL005,2018-09-04 20:00:00,47.0,85.0,1.95,13.93,8.98,31.07,0.97,8.95,21.35,0.77,26.9,,98.0,Satisfactory
248708,DL005,2018-09-04 21:00:00,45.0,84.0,1.85,15.4,9.7,29.22,1.05,8.47,18.68,1.12,28.08,,99.0,Satisfactory
248709,DL005,2018-09-04 22:00:00,46.0,95.0,2.08,14.65,9.5,29.3,1.13,7.85,15.35,1.15,40.7,,98.0,Satisfactory
248710,DL005,2018-09-04 23:00:00,51.0,113.0,2.12,14.38,9.38,28.22,1.2,7.3,13.25,1.45,36.4,,98.0,Satisfactory
248711,DL005,2018-09-05 00:00:00,55.0,121.0,2.93,17.1,11.53,28.4,1.12,7.67,10.3,1.6,38.8,,98.0,Satisfactory
248712,DL005,2018-09-05 01:00:00,52.0,113.0,1.88,9.1,6.4,27.22,0.92,7.38,17.05,1.05,18.03,,99.0,Satisfactory
248713,DL005,2018-09-05 02:00:00,53.0,100.0,2.15,6.95,5.45,25.9,0.9,7.42,33.1,0.63,9.25,,99.0,Satisfactory
248714,DL005,2018-09-05 03:00:00,42.0,84.0,1.9,6.9,5.2,28.9,,8.7,13.57,0.75,10.25,,100.0,Satisfactory
248715,DL005,2018-09-05 04:00:00,33.0,83.0,1.7,7.72,5.5,26.3,0.9,8.0,12.05,0.8,12.3,,100.0,Satisfactory
248716,DL005,2018-09-05 05:00:00,42.0,89.0,1.97,6.37,5.0,22.88,0.83,8.08,11.45,0.68,12.07,,99.0,Satisfactory
248717,DL005,2018-09-05 06:00:00,39.0,83.0,1.32,5.57,4.02,23.8,0.8,8.78,12.02,0.48,9.05,,98.0,Satisfactory
248718,DL005,2018-09-05 07:00:00,33.0,83.0,1.83,9.03,6.3,23.4,0.9,9.03,9.02,0.38,6.73,,98.0,Satisfactory
248719,DL005,2018-09-05 08:00:00,38.0,84.0,1.8,7.67,5.57,24.7,0.83,9.45,28.98,0.8,12.97,,97.0,Satisfactory
248720,DL005,2018-09-05 09:00:00,30.0,88.0,1.18,7.98,5.23,22.7,0.8,9.42,39.68,0.6,13.05,,96.0,Satisfactory
248721,DL005,2018-09-05 10:00:00,25.0,66.0,1.43,6.5,4.62,20.9,0.8,8.88,37.33,0.58,18.38,,93.0,Satisfactory
248722,DL005,2018-09-05 11:00:00,34.0,57.0,1.92,4.55,3.98,20.4,0.75,8.88,28.67,0.45,6.4,,90.0,Satisfactory
248723,DL005,2018-09-05 12:00:00,283.0,31.0,1.75,4.42,3.75,21.03,0.78,8.65,29.6,0.3,4.85,,89.0,Satisfactory
248724,DL005,2018-09-05 13:00:00,31.0,48.0,1.45,4.18,3.4,26.85,0.55,9.05,24.45,0.35,6.85,,87.0,Satisfactory
248725,DL005,2018-09-05 14:00:00,33.0,70.0,1.2,3.28,2.75,26.12,0.5,9.25,28.4,0.28,6.87,,86.0,Satisfactory
248726,DL005,2018-09-05 15:00:00,31.0,92.0,1.0,3.55,2.7,25.32,0.6,7.3,34.2,0.3,5.0,,85.0,Satisfactory
248727,DL005,2018-09-05 16:00:00,29.0,103.0,1.13,3.67,2.9,22.5,0.78,6.8,35.55,0.33,4.18,,84.0,Satisfactory
248728,DL005,2018-09-05 17:00:00,31.0,103.0,1.33,4.22,3.35,24.22,0.83,6.48,43.3,0.5,6.1,,86.0,Satisfactory
248729,DL005,2018-09-05 18:00:00,31.0,117.0,0.98,5.43,3.67,24.4,0.83,6.97,41.62,0.43,6.88,,86.0,Satisfactory
248730,DL005,2018-09-05 19:00:00,35.0,114.0,1.77,6.73,5.02,24.2,0.92,7.13,31.78,0.58,9.9,,88.0,Satisfactory
248731,DL005,2018-09-05 20:00:00,40.0,117.0,1.58,13.48,8.45,26.0,1.2,8.2,18.97,1.28,20.85,,89.0,Satisfactory
248732,DL005,2018-09-05 21:00:00,50.0,140.0,4.78,18.55,13.8,28.07,1.67,8.12,8.58,1.47,20.58,,91.0,Satisfactory
248733,DL005,2018-09-05 22:00:00,73.0,191.0,6.77,18.2,15.2,28.38,2.0,8.57,7.1,2.93,111.55,,100.0,Satisfactory
248734,DL005,2018-09-05 23:00:00,68.0,186.0,11.55,14.9,17.33,27.8,1.97,8.62,6.25,2.35,66.12,,100.0,Satisfactory
248735,DL005,2018-09-06 00:00:00,63.0,180.0,12.03,16.15,18.38,25.58,1.65,8.25,7.62,2.12,35.85,,101.0,Moderate
248736,DL005,2018-09-06 01:00:00,81.0,230.0,11.75,14.25,17.15,24.3,1.65,7.85,7.52,2.15,42.95,,104.0,Moderate
248737,DL005,2018-09-06 02:00:00,97.0,200.0,12.65,12.75,17.1,26.05,1.68,8.72,29.15,2.2,47.45,,107.0,Moderate
248738,DL005,2018-09-06 03:00:00,64.0,162.0,15.0,12.4,18.8,30.7,,8.2,9.25,2.27,51.9,,109.0,Moderate
248739,DL005,2018-09-06 04:00:00,66.0,186.0,14.92,11.05,18.05,28.45,1.47,9.42,7.5,2.38,39.08,,112.0,Moderate
248740,DL005,2018-09-06 05:00:00,67.0,147.0,11.23,8.88,13.87,25.18,1.25,9.32,6.28,1.65,27.25,,113.0,Moderate
248741,DL005,2018-09-06 06:00:00,67.0,138.0,7.98,6.9,10.15,25.08,0.88,9.28,5.7,0.87,14.03,,115.0,Moderate
248742,DL005,2018-09-06 07:00:00,35.0,97.0,5.55,4.62,7.0,,0.8,9.1,8.35,0.38,7.25,,115.0,Moderate
248743,DL005,2018-09-06 08:00:00,35.0,81.0,4.18,4.17,5.62,22.0,0.8,8.58,8.52,0.38,7.05,,115.0,Moderate
248744,DL005,2018-09-06 09:00:00,29.0,80.0,3.77,3.78,5.1,22.57,0.8,8.55,8.25,0.38,8.35,,115.0,Moderate
248745,DL005,2018-09-06 10:00:00,35.0,91.0,3.15,3.27,4.33,24.33,0.65,9.38,9.55,0.35,7.23,,116.0,Moderate
248746,DL005,2018-09-06 11:00:00,39.0,111.0,2.9,3.47,4.23,26.5,0.6,8.9,14.07,0.25,4.4,,117.0,Moderate
248747,DL005,2018-09-06 12:00:00,30.0,128.0,2.1,3.72,3.68,25.17,0.65,8.48,28.38,0.25,3.75,,120.0,Moderate
248748,DL005,2018-09-06 13:00:00,41.0,138.0,1.6,3.95,3.4,27.68,0.6,7.32,41.02,0.3,3.98,,122.0,Moderate
248749,DL005,2018-09-06 14:00:00,44.0,144.0,1.1,4.0,3.02,28.0,0.6,8.03,44.43,0.28,3.55,,124.0,Moderate
248750,DL005,2018-09-06 15:00:00,35.0,152.0,1.5,4.12,3.42,29.62,0.6,8.9,43.48,0.2,4.25,,126.0,Moderate
248751,DL005,2018-09-06 16:00:00,40.0,151.0,1.33,4.35,3.4,27.95,0.8,8.28,45.6,0.2,3.47,,127.0,Moderate
248752,DL005,2018-09-06 17:00:00,34.0,152.0,1.07,5.1,3.55,28.4,0.83,8.3,46.3,0.28,3.65,,129.0,Moderate
248753,DL005,2018-09-06 18:00:00,44.0,161.0,0.95,7.38,4.73,32.28,0.8,8.05,39.18,0.33,5.52,,130.0,Moderate
248754,DL005,2018-09-06 19:00:00,41.0,190.0,1.03,7.45,4.82,31.0,0.75,8.32,45.23,0.95,130.9,,132.0,Moderate
248755,DL005,2018-09-06 20:00:00,30.0,41.0,1.05,9.65,6.0,26.08,0.87,8.28,43.6,0.43,25.65,,130.0,Moderate
248756,DL005,2018-09-06 21:00:00,14.0,14.0,0.95,10.98,6.6,23.62,0.95,8.6,34.83,0.45,8.7,,126.0,Moderate
248757,DL005,2018-09-06 22:00:00,17.0,17.0,0.63,8.1,4.78,24.15,0.75,8.1,43.8,0.38,6.45,,122.0,Moderate
248758,DL005,2018-09-06 23:00:00,12.0,12.0,0.95,8.58,5.35,24.53,0.75,7.75,27.35,0.43,12.37,,117.0,Moderate
248759,DL005,2018-09-07 00:00:00,20.0,33.0,0.9,9.75,5.92,23.32,0.83,8.48,25.17,0.45,10.38,,113.0,Moderate
248760,DL005,2018-09-07 01:00:00,9.0,28.0,1.03,7.15,4.67,22.9,0.83,7.68,20.72,0.6,25.98,,107.0,Moderate
248761,DL005,2018-09-07 02:00:00,31.0,33.0,1.85,9.6,6.62,24.1,0.9,8.22,29.45,0.77,23.8,,102.0,Moderate
248762,DL005,2018-09-07 03:00:00,30.0,42.0,1.7,7.4,5.3,27.5,,9.3,16.75,0.7,16.38,,99.0,Satisfactory
248763,DL005,2018-09-07 04:00:00,28.0,39.0,1.93,5.95,4.78,26.6,0.8,8.88,18.3,0.5,18.03,,92.0,Satisfactory
248764,DL005,2018-09-07 05:00:00,31.0,38.0,1.6,5.75,4.38,25.67,0.8,9.02,13.0,0.78,40.9,,88.0,Satisfactory
248765,DL005,2018-09-07 06:00:00,28.0,34.0,1.68,7.42,5.3,24.85,0.8,9.5,9.75,0.7,28.65,,84.0,Satisfactory
248766,DL005,2018-09-07 07:00:00,23.0,41.0,4.0,10.3,8.7,25.62,0.97,9.62,8.08,0.92,20.12,,81.0,Satisfactory
248767,DL005,2018-09-07 08:00:00,41.0,70.0,4.55,11.62,9.85,25.3,1.0,8.75,12.38,1.62,24.58,,81.0,Satisfactory
248768,DL005,2018-09-07 09:00:00,48.0,73.0,3.55,8.85,7.57,23.68,0.8,6.6,21.62,1.0,12.05,,81.0,Satisfactory
248769,DL005,2018-09-07 10:00:00,35.0,66.0,2.22,6.9,5.45,23.52,0.83,6.23,42.55,0.87,16.17,,80.0,Satisfactory
248770,DL005,2018-09-07 11:00:00,47.0,78.0,1.27,6.1,4.3,23.65,0.8,6.12,70.22,0.7,17.38,,78.0,Satisfactory
248771,DL005,2018-09-07 12:00:00,45.0,74.0,1.15,7.62,5.0,25.03,0.95,6.52,121.52,0.72,11.25,,132.0,Moderate
248772,DL005,2018-09-07 13:00:00,47.0,95.0,1.03,11.58,7.0,25.05,1.18,6.98,185.5,1.38,16.7,,244.0,Poor
248773,DL005,2018-09-07 14:00:00,75.0,136.0,0.68,14.5,8.3,26.35,1.1,6.57,147.8,1.32,29.0,,244.0,Poor
248774,DL005,2018-09-07 15:00:00,88.0,150.0,0.83,11.4,6.73,28.03,0.88,7.42,128.5,1.38,13.98,,244.0,Poor
248775,DL005,2018-09-07 16:00:00,44.0,102.0,1.03,10.0,6.17,27.32,0.92,6.47,70.68,0.92,49.85,,244.0,Poor
248776,DL005,2018-09-07 17:00:00,28.0,58.0,1.18,10.2,6.35,24.6,0.92,6.7,51.3,0.92,20.6,,244.0,Poor
248777,DL005,2018-09-07 18:00:00,22.0,68.0,1.3,13.83,8.45,26.63,1.03,7.13,26.73,2.3,156.15,,244.0,Poor
248778,DL005,2018-09-07 19:00:00,38.0,84.0,1.15,16.55,9.75,27.23,1.0,8.05,17.95,2.55,253.68,,244.0,Poor
248779,DL005,2018-09-07 20:00:00,48.0,102.0,2.2,19.78,12.33,26.27,1.3,8.55,11.7,3.12,328.55,,244.0,Poor
248780,DL005,2018-09-07 21:00:00,41.0,90.0,6.9,22.93,17.82,28.25,1.47,9.25,8.02,2.93,207.5,,170.0,Moderate
248781,DL005,2018-09-07 22:00:00,75.0,166.0,5.93,18.7,14.8,27.72,1.08,10.2,11.03,3.08,255.72,,142.0,Moderate
248782,DL005,2018-09-07 23:00:00,53.0,111.0,3.6,10.75,8.65,24.35,0.85,9.38,14.25,1.55,78.93,,75.0,Satisfactory
248783,DL005,2018-09-08 00:00:00,38.0,79.0,3.45,13.22,9.85,27.3,0.9,9.33,11.38,2.05,70.58,,77.0,Satisfactory
248784,DL005,2018-09-08 01:00:00,58.0,106.0,2.45,10.52,7.58,23.98,0.87,9.3,9.25,1.33,53.82,,81.0,Satisfactory
248785,DL005,2018-09-08 02:00:00,34.0,63.0,3.05,10.22,7.92,24.38,0.87,9.3,21.7,1.22,86.5,,82.0,Satisfactory
248786,DL005,2018-09-08 03:00:00,47.0,75.0,2.6,10.2,7.5,30.8,,8.3,9.47,1.62,78.22,,83.0,Satisfactory
248787,DL005,2018-09-08 04:00:00,57.0,94.0,3.05,9.6,7.62,28.12,0.97,7.88,7.4,2.05,67.22,,86.0,Satisfactory
248788,DL005,2018-09-08 05:00:00,45.0,95.0,2.73,9.97,7.53,26.13,0.85,7.72,7.12,1.18,44.3,,88.0,Satisfactory
248789,DL005,2018-09-08 06:00:00,25.0,61.0,3.03,7.35,6.38,26.57,0.9,7.67,9.25,0.98,36.7,,89.0,Satisfactory
248790,DL005,2018-09-08 07:00:00,34.0,62.0,3.77,7.75,7.23,25.77,1.0,8.7,9.45,1.37,46.35,,90.0,Satisfactory
248791,DL005,2018-09-08 08:00:00,36.0,75.0,7.18,8.5,10.42,26.05,1.1,8.8,6.73,1.03,19.92,,90.0,Satisfactory
248792,DL005,2018-09-08 09:00:00,52.0,92.0,7.4,7.97,10.3,27.03,1.1,9.28,7.2,1.3,30.5,,91.0,Satisfactory
248793,DL005,2018-09-08 10:00:00,58.0,100.0,6.48,6.7,8.83,27.7,0.9,10.0,8.0,1.3,15.55,,92.0,Satisfactory
248794,DL005,2018-09-08 11:00:00,39.0,66.0,2.98,4.65,4.9,27.45,0.7,9.52,10.38,0.62,8.88,,92.0,Satisfactory
248795,DL005,2018-09-08 12:00:00,29.0,48.0,2.43,4.52,4.37,23.6,0.72,9.2,16.32,0.58,8.63,,91.0,Satisfactory
248796,DL005,2018-09-08 13:00:00,23.0,52.0,2.62,5.5,5.07,22.32,0.72,7.75,19.25,0.45,9.2,,89.0,Satisfactory
248797,DL005,2018-09-08 14:00:00,19.0,63.0,2.35,4.32,4.2,22.62,0.7,8.1,25.6,0.4,8.73,,86.0,Satisfactory
248798,DL005,2018-09-08 15:00:00,7.0,67.0,2.1,5.33,4.55,28.65,0.7,8.58,29.8,0.33,5.3,,82.0,Satisfactory
248799,DL005,2018-09-08 16:00:00,23.0,70.0,1.82,5.3,4.3,31.35,0.7,8.45,35.55,0.3,5.55,,81.0,Satisfactory
248800,DL005,2018-09-08 17:00:00,24.0,58.0,2.23,4.98,4.48,29.7,0.72,8.23,32.98,0.38,8.2,,81.0,Satisfactory
248801,DL005,2018-09-08 18:00:00,22.0,,1.83,6.32,4.85,27.4,0.85,8.62,30.72,0.4,8.67,,82.0,Satisfactory
248802,DL005,2018-09-08 19:00:00,22.0,57.0,1.35,7.93,5.33,23.7,1.05,8.43,25.53,0.7,13.32,,81.0,Satisfactory
248803,DL005,2018-09-08 20:00:00,30.0,91.0,0.83,7.97,4.9,27.88,0.95,9.05,26.0,0.83,14.9,,80.0,Satisfactory
248804,DL005,2018-09-08 21:00:00,34.0,70.0,0.85,4.5,3.05,28.42,0.8,7.2,37.65,0.7,12.35,,79.0,Satisfactory
248805,DL005,2018-09-08 22:00:00,22.0,16.0,1.05,4.8,3.43,25.28,0.72,6.48,33.27,0.45,8.58,,73.0,Satisfactory
248806,DL005,2018-09-08 23:00:00,19.0,17.0,1.3,6.15,4.33,25.38,0.75,5.6,25.72,0.4,8.3,,69.0,Satisfactory
248807,DL005,2018-09-09 00:00:00,12.0,13.0,1.18,7.48,4.95,25.22,0.7,6.3,20.68,0.43,9.25,,66.0,Satisfactory
248808,DL005,2018-09-09 01:00:00,23.0,27.0,1.33,6.33,4.45,24.3,0.7,6.4,19.8,0.4,8.37,,62.0,Satisfactory
248809,DL005,2018-09-09 02:00:00,34.0,28.0,1.47,6.8,4.8,24.62,0.7,5.75,28.1,0.43,10.15,,61.0,Satisfactory
248810,DL005,2018-09-09 03:00:00,27.0,27.0,1.4,5.1,3.9,28.0,,9.3,16.47,0.5,13.88,,59.0,Satisfactory
248811,DL005,2018-09-09 04:00:00,29.0,34.0,1.4,5.6,4.12,24.6,0.8,9.52,13.98,0.5,13.45,,56.0,Satisfactory
248812,DL005,2018-09-09 05:00:00,28.0,38.0,1.1,5.78,3.97,22.55,0.78,10.0,12.55,0.78,13.22,,54.0,Satisfactory
248813,DL005,2018-09-09 06:00:00,35.0,41.0,1.28,5.6,4.03,23.1,0.72,10.1,11.72,0.72,14.95,,53.0,Satisfactory
248814,DL005,2018-09-09 07:00:00,30.0,44.0,1.23,5.63,4.0,23.57,0.78,9.45,10.17,0.58,12.87,,52.0,Satisfactory
248815,DL005,2018-09-09 08:00:00,24.0,40.0,2.02,5.8,4.73,23.97,0.8,8.5,10.25,0.67,10.08,,50.0,Good
248816,DL005,2018-09-09 09:00:00,31.0,50.0,2.45,6.22,5.27,23.22,0.8,9.45,13.22,0.75,10.08,,49.0,Good
248817,DL005,2018-09-09 10:00:00,48.0,53.0,2.35,5.75,4.98,23.3,0.8,8.95,20.03,0.67,9.6,,47.0,Good
248818,DL005,2018-09-09 11:00:00,34.0,57.0,2.12,5.95,4.9,22.15,0.75,8.1,36.33,0.63,9.85,,46.0,Good
248819,DL005,2018-09-09 12:00:00,39.0,63.0,1.78,5.88,4.57,21.5,0.8,9.38,91.75,0.8,10.45,,92.0,Satisfactory
248820,DL005,2018-09-09 13:00:00,45.0,66.0,1.65,5.45,4.28,21.35,0.72,10.12,77.05,0.9,10.98,,92.0,Satisfactory
248821,DL005,2018-09-09 14:00:00,31.0,53.0,1.2,6.03,4.17,21.25,0.7,10.82,74.93,0.68,11.1,,92.0,Satisfactory
248822,DL005,2018-09-09 15:00:00,30.0,56.0,1.3,6.68,4.62,20.33,0.7,10.18,58.25,0.65,9.9,,92.0,Satisfactory
248823,DL005,2018-09-09 16:00:00,25.0,68.0,0.9,5.7,3.75,21.75,0.7,7.62,55.28,0.53,8.58,,92.0,Satisfactory
248824,DL005,2018-09-09 17:00:00,22.0,46.0,1.12,5.67,3.95,22.53,0.7,6.95,53.48,0.55,9.35,,92.0,Satisfactory
248825,DL005,2018-09-09 18:00:00,22.0,44.0,1.62,5.92,4.48,22.57,0.7,6.88,52.05,0.48,8.95,,92.0,Satisfactory
248826,DL005,2018-09-09 19:00:00,24.0,53.0,1.53,8.7,5.9,21.4,0.9,7.67,33.92,0.65,12.17,,92.0,Satisfactory
248827,DL005,2018-09-09 20:00:00,24.0,58.0,1.65,13.08,8.3,21.0,1.05,8.9,15.78,1.05,21.1,,77.0,Satisfactory
248828,DL005,2018-09-09 21:00:00,33.0,70.0,1.6,14.08,8.8,22.45,1.18,6.8,12.4,1.47,19.9,,75.0,Satisfactory
248829,DL005,2018-09-09 22:00:00,30.0,80.0,1.47,11.27,7.23,22.62,1.0,6.82,14.55,1.3,16.3,,59.0,Satisfactory
248830,DL005,2018-09-09 23:00:00,33.0,73.0,1.7,9.6,6.52,22.85,0.9,6.73,14.18,0.95,14.83,,59.0,Satisfactory
248831,DL005,2018-09-10 00:00:00,30.0,67.0,1.37,10.9,6.9,23.55,0.95,6.77,10.88,0.95,12.62,,59.0,Satisfactory
248832,DL005,2018-09-10 01:00:00,38.0,80.0,1.95,10.95,7.4,22.53,0.95,6.48,9.55,1.2,15.22,,59.0,Satisfactory
248833,DL005,2018-09-10 02:00:00,39.0,67.0,2.18,9.42,6.75,22.45,0.8,6.3,23.95,0.93,16.73,,59.0,Satisfactory
248834,DL005,2018-09-10 03:00:00,30.0,57.0,2.4,8.7,6.6,25.5,,8.8,12.12,0.65,13.72,,59.0,Satisfactory
248835,DL005,2018-09-10 04:00:00,27.0,45.0,1.8,7.0,5.18,22.53,0.7,10.45,11.08,0.6,10.83,,59.0,Satisfactory
248836,DL005,2018-09-10 05:00:00,29.0,38.0,2.35,8.27,6.33,21.05,0.72,10.1,9.15,0.67,10.05,,57.0,Satisfactory
248837,DL005,2018-09-10 06:00:00,25.0,47.0,3.82,9.42,8.13,21.82,0.8,9.25,7.52,0.83,11.55,,57.0,Satisfactory
248838,DL005,2018-09-10 07:00:00,27.0,59.0,6.18,9.7,10.28,22.97,0.85,8.82,6.75,0.72,10.23,,58.0,Satisfactory
248839,DL005,2018-09-10 08:00:00,39.0,74.0,6.98,9.3,10.65,22.62,0.83,8.13,8.85,0.82,10.33,,59.0,Satisfactory
248840,DL005,2018-09-10 09:00:00,35.0,62.0,6.12,6.75,8.55,23.68,0.7,7.13,9.88,0.53,8.02,,60.0,Satisfactory
248841,DL005,2018-09-10 10:00:00,30.0,52.0,5.35,8.83,9.23,24.8,0.95,5.15,12.73,0.75,12.27,,60.0,Satisfactory
248842,DL005,2018-09-10 11:00:00,38.0,99.0,3.48,9.3,7.78,25.72,0.83,5.75,25.65,1.18,52.0,,62.0,Satisfactory
248843,DL005,2018-09-10 12:00:00,34.0,99.0,1.7,10.28,6.82,25.83,0.9,6.7,47.25,1.12,89.37,,63.0,Satisfactory
248844,DL005,2018-09-10 13:00:00,42.0,110.0,0.9,6.58,4.23,25.35,0.8,6.95,71.98,0.72,34.23,,72.0,Satisfactory
248845,DL005,2018-09-10 14:00:00,34.0,89.0,0.97,6.12,4.08,25.93,0.8,8.07,105.43,0.53,13.83,,108.0,Moderate
248846,DL005,2018-09-10 15:00:00,35.0,108.0,1.2,9.12,5.88,27.25,1.0,10.7,146.68,1.15,20.43,,169.0,Moderate
248847,DL005,2018-09-10 16:00:00,45.0,160.0,0.55,11.78,6.7,29.05,1.03,10.58,180.67,1.32,22.53,,232.0,Poor
248848,DL005,2018-09-10 17:00:00,53.0,172.0,1.2,15.62,9.25,30.75,1.2,9.7,177.0,1.75,23.07,,232.0,Poor
248849,DL005,2018-09-10 18:00:00,61.0,162.0,1.22,15.43,9.2,27.8,1.05,9.22,143.55,1.57,23.25,,232.0,Poor
248850,DL005,2018-09-10 19:00:00,48.0,124.5,1.25,18.78,10.97,26.85,1.12,8.77,94.6,1.22,17.22,,232.0,Poor
248851,DL005,2018-09-10 20:00:00,47.0,125.5,1.5,26.05,15.08,26.35,1.45,9.17,41.5,1.5,21.97,,232.0,Poor
248852,DL005,2018-09-10 21:00:00,48.0,160.5,1.38,27.88,15.97,27.23,1.42,8.43,20.07,1.87,28.33,,232.0,Poor
248853,DL005,2018-09-10 22:00:00,51.0,152.5,2.2,20.95,12.95,24.58,1.25,9.05,11.92,1.95,25.7,,232.0,Poor
248854,DL005,2018-09-10 23:00:00,41.0,114.0,2.12,13.33,8.83,24.6,0.97,8.38,12.5,1.28,16.0,,232.0,Poor
248855,DL005,2018-09-11 00:00:00,36.0,79.75,1.55,10.0,6.6,26.0,0.9,8.48,11.8,0.88,12.45,,222.0,Poor
248856,DL005,2018-09-11 01:00:00,24.0,60.5,2.02,7.92,5.85,24.97,0.8,8.63,11.92,0.8,14.75,,164.0,Moderate
248857,DL005,2018-09-11 02:00:00,19.0,41.75,1.93,4.73,4.1,24.38,0.67,7.25,26.85,0.6,10.27,,96.0,Satisfactory
248858,DL005,2018-09-11 03:00:00,27.0,40.0,1.8,4.1,3.7,23.8,,9.7,13.25,0.55,8.05,,95.0,Satisfactory
248859,DL005,2018-09-11 04:00:00,20.0,28.0,1.57,3.67,3.27,21.53,0.7,7.18,10.27,0.48,6.35,,94.0,Satisfactory
248860,DL005,2018-09-11 05:00:00,22.0,34.75,1.95,4.45,3.95,19.52,0.7,8.53,8.25,0.45,7.33,,94.0,Satisfactory
248861,DL005,2018-09-11 06:00:00,25.0,47.0,2.07,4.17,3.88,20.55,0.7,7.65,7.45,0.33,5.83,,94.0,Satisfactory
248862,DL005,2018-09-11 07:00:00,22.0,53.5,3.12,5.83,5.65,21.95,0.7,8.15,6.82,0.33,5.78,,94.0,Satisfactory
248863,DL005,2018-09-11 08:00:00,28.0,62.5,3.27,5.2,5.4,23.85,0.7,7.45,7.75,0.45,6.0,,93.0,Satisfactory
248864,DL005,2018-09-11 09:00:00,27.0,58.0,3.0,3.85,4.5,22.25,0.63,8.3,10.95,0.33,4.88,,93.0,Satisfactory
248865,DL005,2018-09-11 10:00:00,20.0,46.25,2.4,3.7,3.92,21.98,0.7,7.3,19.02,0.25,3.85,,93.0,Satisfactory
248866,DL005,2018-09-11 11:00:00,20.0,47.75,2.17,3.35,3.57,20.87,0.75,8.47,28.3,0.23,3.57,,91.0,Satisfactory
248867,DL005,2018-09-11 12:00:00,24.0,41.0,1.23,2.5,2.35,18.95,0.7,9.22,34.5,0.45,7.58,,88.0,Satisfactory
248868,DL005,2018-09-11 13:00:00,25.0,39.5,1.05,2.88,2.38,22.52,0.7,8.53,40.4,0.25,2.95,,85.0,Satisfactory
248869,DL005,2018-09-11 14:00:00,22.0,38.0,0.35,2.65,1.7,23.3,0.7,7.6,43.62,0.2,2.75,,83.0,Satisfactory
248870,DL005,2018-09-11 15:00:00,23.0,42.5,0.87,4.45,3.1,22.78,0.72,8.48,49.12,0.23,3.13,,80.0,Satisfactory
248871,DL005,2018-09-11 16:00:00,28.0,53.0,1.42,4.67,3.65,24.05,0.7,7.0,52.7,0.25,3.35,,76.0,Satisfactory
248872,DL005,2018-09-11 17:00:00,25.0,56.0,1.62,5.6,4.33,25.1,0.7,5.9,51.55,0.2,4.2,,71.0,Satisfactory
248873,DL005,2018-09-11 18:00:00,25.0,53.0,1.55,6.33,4.67,23.82,0.7,5.95,52.43,0.23,5.45,,67.0,Satisfactory
248874,DL005,2018-09-11 19:00:00,30.0,55.75,1.8,9.33,6.42,22.3,0.88,7.1,34.4,0.38,6.65,,64.0,Satisfactory
248875,DL005,2018-09-11 20:00:00,35.0,79.0,1.93,12.65,8.28,19.5,1.05,7.55,19.07,0.68,10.5,,62.0,Satisfactory
248876,DL005,2018-09-11 21:00:00,40.0,101.0,1.8,15.33,9.62,21.5,1.03,8.2,13.9,1.0,14.62,,59.0,Satisfactory
248877,DL005,2018-09-11 22:00:00,34.0,103.75,2.38,16.32,10.62,24.2,1.2,9.08,12.52,1.68,45.25,,60.0,Satisfactory
248878,DL005,2018-09-11 23:00:00,45.0,112.0,1.93,11.35,7.58,22.45,0.9,7.83,13.15,0.7,12.33,,60.0,Satisfactory
248879,DL005,2018-09-12 00:00:00,39.0,91.0,2.25,10.1,7.22,24.32,0.8,7.72,10.23,0.78,24.05,,60.0,Satisfactory
248880,DL005,2018-09-12 01:00:00,48.0,95.0,1.72,8.35,5.82,24.05,0.75,7.28,11.3,0.9,21.45,,60.0,Satisfactory
248881,DL005,2018-09-12 02:00:00,44.0,75.0,1.4,6.27,4.48,22.87,0.7,8.02,27.45,0.58,11.83,,61.0,Satisfactory
248882,DL005,2018-09-12 03:00:00,33.0,69.0,1.1,1.6,1.8,,,10.1,16.15,0.33,6.45,,62.0,Satisfactory
248883,DL005,2018-09-12 04:00:00,30.0,56.0,1.32,3.17,2.78,20.43,0.63,9.18,15.15,0.25,7.38,,63.0,Satisfactory
248884,DL005,2018-09-12 05:00:00,28.0,59.0,0.98,3.65,2.75,18.25,0.6,10.3,13.73,0.23,5.4,,64.0,Satisfactory
248885,DL005,2018-09-12 06:00:00,16.0,48.0,1.65,2.73,2.8,19.52,0.6,9.4,13.23,0.23,3.82,,64.0,Satisfactory
248886,DL005,2018-09-12 07:00:00,20.0,47.0,1.92,3.05,3.15,20.17,0.63,9.32,10.85,0.2,4.0,,64.0,Satisfactory
248887,DL005,2018-09-12 08:00:00,22.0,61.0,1.97,4.43,3.97,21.12,0.58,8.55,12.92,0.4,4.35,,64.0,Satisfactory
248888,DL005,2018-09-12 09:00:00,18.0,53.0,1.9,4.18,3.8,21.15,0.6,8.9,23.92,0.23,3.43,,63.0,Satisfactory
248889,DL005,2018-09-12 10:00:00,22.0,59.0,2.12,3.88,3.85,19.82,0.6,9.28,22.2,0.23,4.33,,64.0,Satisfactory
248890,DL005,2018-09-12 11:00:00,28.0,86.0,1.63,3.98,3.43,18.95,0.63,9.33,26.45,0.33,4.35,,66.0,Satisfactory
248891,DL005,2018-09-12 12:00:00,27.0,75.0,1.52,2.92,2.77,17.02,0.65,9.32,36.47,0.23,3.3,,67.0,Satisfactory
248892,DL005,2018-09-12 13:00:00,29.0,79.0,1.48,2.83,2.72,18.9,0.6,9.9,36.82,0.15,3.35,,69.0,Satisfactory
248893,DL005,2018-09-12 14:00:00,28.0,91.0,0.6,3.18,2.18,20.22,0.63,10.2,37.42,0.15,2.95,,71.0,Satisfactory
248894,DL005,2018-09-12 15:00:00,29.0,102.0,0.68,3.73,2.55,19.92,0.7,8.48,41.43,0.15,2.72,,73.0,Satisfactory
248895,DL005,2018-09-12 16:00:00,23.0,105.0,1.15,4.65,3.43,19.88,0.63,7.85,41.33,0.18,3.33,,75.0,Satisfactory
248896,DL005,2018-09-12 17:00:00,27.0,121.0,1.8,7.12,5.25,22.78,0.67,5.98,39.78,0.23,4.05,,78.0,Satisfactory
248897,DL005,2018-09-12 18:00:00,31.0,132.0,1.8,7.4,5.45,22.7,0.7,6.02,38.23,0.25,4.82,,81.0,Satisfactory
248898,DL005,2018-09-12 19:00:00,29.0,114.0,1.65,9.12,6.23,22.5,0.83,6.83,28.4,0.45,5.45,,84.0,Satisfactory
248899,DL005,2018-09-12 20:00:00,30.0,112.0,1.67,11.98,7.75,20.22,0.97,6.3,16.95,0.9,10.85,,85.0,Satisfactory
248900,DL005,2018-09-12 21:00:00,41.0,143.0,4.13,15.45,11.6,19.48,1.4,9.08,6.48,1.05,13.7,,87.0,Satisfactory
248901,DL005,2018-09-12 22:00:00,58.0,186.0,3.15,10.1,7.95,23.15,0.85,8.75,11.35,1.03,19.6,,90.0,Satisfactory
248902,DL005,2018-09-12 23:00:00,34.0,105.0,2.75,11.7,8.48,23.05,0.92,8.27,8.12,1.07,13.08,,90.0,Satisfactory
248903,DL005,2018-09-13 00:00:00,53.0,144.0,2.75,9.58,7.35,22.97,0.7,8.95,12.15,0.72,12.67,,92.0,Satisfactory
248904,DL005,2018-09-13 01:00:00,27.0,72.0,2.1,5.5,4.65,21.57,0.6,7.2,19.72,0.45,6.77,,91.0,Satisfactory
248905,DL005,2018-09-13 02:00:00,20.0,47.0,1.9,4.43,3.93,19.95,0.63,9.27,28.55,0.67,5.8,,90.0,Satisfactory
248906,DL005,2018-09-13 03:00:00,17.0,41.0,2.9,3.3,4.1,20.5,,9.2,18.03,0.28,6.12,,89.0,Satisfactory
248907,DL005,2018-09-13 04:00:00,18.0,41.0,1.8,3.72,3.45,19.28,0.63,8.45,15.9,0.18,11.42,,88.0,Satisfactory
248908,DL005,2018-09-13 05:00:00,25.0,35.0,1.2,3.8,3.0,17.55,0.58,9.4,13.9,0.62,8.88,,87.0,Satisfactory
248909,DL005,2018-09-13 06:00:00,25.0,45.0,1.32,3.95,3.15,18.2,0.6,9.72,12.45,0.28,4.77,,87.0,Satisfactory
248910,DL005,2018-09-13 07:00:00,17.0,45.0,1.75,4.85,3.98,18.57,0.6,8.33,9.75,0.3,5.0,,87.0,Satisfactory
248911,DL005,2018-09-13 08:00:00,22.0,73.0,2.17,4.05,3.92,19.25,0.6,7.68,9.88,0.35,4.83,,88.0,Satisfactory
248912,DL005,2018-09-13 09:00:00,24.0,94.0,3.27,3.88,4.75,19.77,0.53,7.85,12.85,0.28,5.5,,89.0,Satisfactory
248913,DL005,2018-09-13 10:00:00,29.0,107.0,3.08,4.15,4.7,19.75,0.6,7.45,17.83,0.23,5.25,,91.0,Satisfactory
248914,DL005,2018-09-13 11:00:00,25.0,121.0,2.22,4.5,4.17,19.88,0.63,7.27,23.67,0.2,4.37,,93.0,Satisfactory
248915,DL005,2018-09-13 12:00:00,22.0,116.0,1.72,3.15,3.07,19.15,0.7,7.07,32.97,0.2,4.47,,95.0,Satisfactory
248916,DL005,2018-09-13 13:00:00,28.0,121.0,0.93,3.4,2.6,20.95,0.6,7.25,36.35,0.18,4.27,,96.0,Satisfactory
248917,DL005,2018-09-13 14:00:00,27.0,116.0,1.15,2.7,2.38,21.4,0.63,6.83,38.7,0.18,4.18,,97.0,Satisfactory
248918,DL005,2018-09-13 15:00:00,23.0,105.0,1.3,2.53,2.38,19.6,0.63,6.55,44.48,0.1,3.35,,98.0,Satisfactory
248919,DL005,2018-09-13 16:00:00,22.0,101.0,1.03,3.77,2.85,19.7,0.58,6.77,45.12,0.13,3.25,,97.0,Satisfactory
248920,DL005,2018-09-13 17:00:00,25.0,103.0,1.1,5.2,3.67,21.32,0.55,5.9,46.62,0.2,4.13,,97.0,Satisfactory
248921,DL005,2018-09-13 18:00:00,27.0,110.0,1.05,6.98,4.57,20.93,0.6,6.13,44.8,0.15,4.15,,96.0,Satisfactory
248922,DL005,2018-09-13 19:00:00,25.0,111.0,1.62,10.85,7.1,20.35,0.78,7.63,27.8,0.33,6.8,,96.0,Satisfactory
248923,DL005,2018-09-13 20:00:00,28.0,143.0,2.43,17.27,11.15,20.35,1.05,5.05,12.65,0.85,12.15,,97.0,Satisfactory
248924,DL005,2018-09-13 21:00:00,46.0,177.0,4.35,18.33,13.3,21.0,1.18,8.8,7.85,1.62,19.1,,98.0,Satisfactory
248925,DL005,2018-09-13 22:00:00,52.0,185.0,4.4,16.98,12.62,20.92,1.05,9.83,7.38,1.8,47.53,,98.0,Satisfactory
248926,DL005,2018-09-13 23:00:00,51.0,163.0,2.73,12.63,8.97,20.2,0.8,9.92,13.25,1.15,23.87,,100.0,Satisfactory
248927,DL005,2018-09-14 00:00:00,35.0,92.0,2.27,9.17,6.75,20.23,0.7,9.5,14.95,0.4,12.25,,98.0,Satisfactory
248928,DL005,2018-09-14 01:00:00,28.0,77.0,1.42,7.2,4.98,19.95,0.6,10.73,19.73,0.38,16.5,,99.0,Satisfactory
248929,DL005,2018-09-14 02:00:00,23.0,56.0,2.28,5.22,4.62,18.32,0.6,11.0,28.65,0.28,9.3,,99.0,Satisfactory
248930,DL005,2018-09-14 03:00:00,24.0,52.0,3.1,5.9,5.7,20.8,,7.6,17.95,0.25,12.3,,100.0,Satisfactory
248931,DL005,2018-09-14 04:00:00,13.0,59.0,2.48,5.15,4.75,18.47,0.7,8.67,16.75,0.3,7.35,,100.0,Satisfactory
248932,DL005,2018-09-14 05:00:00,28.0,61.0,1.85,5.5,4.45,16.83,0.72,9.25,13.05,0.7,7.62,,101.0,Moderate
248933,DL005,2018-09-14 06:00:00,20.0,62.0,2.38,5.48,4.83,17.88,0.7,9.05,8.77,0.28,6.95,,101.0,Moderate
248934,DL005,2018-09-14 07:00:00,24.0,53.0,2.95,6.62,5.95,18.58,0.75,8.08,8.53,0.43,6.35,,102.0,Moderate
248935,DL005,2018-09-14 08:00:00,27.0,73.0,3.77,7.1,6.87,19.72,0.7,8.17,8.6,0.48,8.93,,102.0,Moderate
248936,DL005,2018-09-14 09:00:00,,89.0,3.52,5.7,5.9,19.45,0.6,8.1,18.47,0.38,7.18,,101.0,Moderate
248937,DL005,2018-09-14 10:00:00,24.0,81.0,2.53,5.7,5.08,19.35,0.6,5.5,25.97,0.23,4.92,,101.0,Moderate
248938,DL005,2018-09-14 11:00:00,24.75,85.0,2.22,4.87,4.4,19.78,0.5,5.82,32.25,0.2,4.2,,100.0,Satisfactory
248939,DL005,2018-09-14 12:00:00,28.5,91.75,2.52,3.62,3.97,18.97,0.67,4.33,46.52,0.2,3.63,,99.0,Satisfactory
248940,DL005,2018-09-14 13:00:00,30.5,100.25,1.47,3.43,3.0,18.6,0.6,5.12,43.33,0.18,3.1,,98.0,Satisfactory
248941,DL005,2018-09-14 14:00:00,25.5,119.0,1.45,3.3,2.95,19.5,0.65,5.9,50.15,0.15,4.32,,98.0,Satisfactory
248942,DL005,2018-09-14 15:00:00,32.25,116.75,1.03,3.1,2.5,18.72,0.6,8.65,46.9,0.18,6.15,,98.0,Satisfactory
248943,DL005,2018-09-14 16:00:00,30.25,117.0,1.55,4.62,3.75,20.03,0.67,9.38,51.05,0.23,25.62,,99.0,Satisfactory
248944,DL005,2018-09-14 17:00:00,31.75,134.25,1.4,6.83,4.75,21.97,0.6,7.2,49.25,0.25,14.12,,100.0,Satisfactory
248945,DL005,2018-09-14 18:00:00,32.75,127.5,1.8,8.75,6.1,21.77,0.7,6.4,40.75,0.2,6.3,,101.0,Moderate
248946,DL005,2018-09-14 19:00:00,30.5,153.25,2.08,15.5,9.93,20.2,0.92,8.9,20.17,0.33,6.38,,102.0,Moderate
248947,DL005,2018-09-14 20:00:00,42.0,198.0,5.15,20.68,15.2,21.1,1.3,7.02,7.85,0.9,12.65,,103.0,Moderate
248948,DL005,2018-09-14 21:00:00,64.25,232.75,13.7,21.9,22.82,21.3,1.45,9.35,6.68,2.1,28.75,,105.0,Moderate
248949,DL005,2018-09-14 22:00:00,71.75,271.5,20.92,22.45,29.02,24.15,1.58,9.87,8.15,2.17,50.93,,107.0,Moderate
248950,DL005,2018-09-14 23:00:00,83.25,322.75,31.02,17.68,34.75,21.58,1.62,9.62,6.85,2.57,29.8,,112.0,Moderate
248951,DL005,2018-09-15 00:00:00,75.75,364.75,25.47,16.88,29.8,23.72,1.08,9.75,6.0,1.3,15.7,,119.0,Moderate
248952,DL005,2018-09-15 01:00:00,61.0,200.25,20.2,13.88,23.85,23.8,1.2,10.05,6.35,0.85,11.9,,123.0,Moderate
248953,DL005,2018-09-15 02:00:00,84.75,177.25,16.22,11.23,19.2,23.28,1.08,8.97,20.5,1.52,10.93,,126.0,Moderate
248954,DL005,2018-09-15 03:00:00,57.75,132.75,11.6,4.9,12.1,21.6,,2.9,9.75,0.68,11.65,,128.0,Moderate
248955,DL005,2018-09-15 04:00:00,34.25,80.75,9.93,5.45,11.0,19.2,0.7,5.35,10.4,0.45,7.5,,129.0,Moderate
248956,DL005,2018-09-15 05:00:00,40.5,93.0,7.3,6.48,9.42,18.95,0.7,4.18,10.2,0.35,5.73,,130.0,Moderate
248957,DL005,2018-09-15 06:00:00,43.75,94.75,5.07,6.33,7.53,20.58,0.7,5.23,8.92,0.45,5.73,,131.0,Moderate
248958,DL005,2018-09-15 07:00:00,31.5,65.0,4.3,6.5,6.95,19.8,0.72,4.45,8.47,0.4,5.15,,131.0,Moderate
248959,DL005,2018-09-15 08:00:00,37.25,79.25,5.03,6.88,7.75,20.57,0.82,5.85,7.62,0.45,5.08,,131.0,Moderate
248960,DL005,2018-09-15 09:00:00,47.25,106.25,4.23,6.5,6.88,21.22,0.72,10.3,10.95,0.45,4.38,,132.0,Moderate
248961,DL005,2018-09-15 10:00:00,37.0,84.0,3.53,6.2,6.17,21.85,0.6,9.97,21.05,0.33,3.8,,132.0,Moderate
248962,DL005,2018-09-15 11:00:00,32.25,79.75,2.45,5.98,5.2,22.63,0.6,8.93,37.3,0.3,3.78,,132.0,Moderate
248963,DL005,2018-09-15 12:00:00,34.5,87.75,1.77,5.23,4.22,22.75,0.63,7.15,49.4,0.25,3.68,,132.0,Moderate
248964,DL005,2018-09-15 13:00:00,29.75,93.5,1.25,3.5,2.88,22.5,0.6,8.5,48.8,0.18,3.23,,131.0,Moderate
248965,DL005,2018-09-15 14:00:00,29.25,85.75,1.33,3.58,2.98,23.35,0.58,7.63,50.25,0.18,7.55,,131.0,Moderate
248966,DL005,2018-09-15 15:00:00,28.75,86.5,0.82,3.35,2.45,21.98,0.6,11.05,48.9,0.2,12.15,,130.0,Moderate
248967,DL005,2018-09-15 16:00:00,23.25,88.25,0.6,4.3,2.8,21.55,0.5,10.4,50.82,0.18,4.48,,129.0,Moderate
248968,DL005,2018-09-15 17:00:00,21.0,83.75,1.38,5.73,4.2,22.53,0.5,9.8,56.88,0.2,3.95,,127.0,Moderate
248969,DL005,2018-09-15 18:00:00,29.5,99.5,1.37,8.03,5.4,22.5,0.55,10.95,49.2,0.18,3.92,,127.0,Moderate
248970,DL005,2018-09-15 19:00:00,31.25,124.75,1.38,14.9,9.08,23.25,0.8,9.65,22.73,0.75,10.38,,126.0,Moderate
248971,DL005,2018-09-15 20:00:00,46.0,171.25,4.72,21.9,15.52,23.32,1.17,10.6,8.12,1.12,21.95,,125.0,Moderate
248972,DL005,2018-09-15 21:00:00,60.25,203.75,12.15,23.25,22.28,24.6,1.35,11.35,6.9,0.92,22.28,,124.0,Moderate
248973,DL005,2018-09-15 22:00:00,55.0,185.75,6.58,15.22,13.48,24.05,0.92,10.85,11.5,1.12,31.33,,122.0,Moderate
248974,DL005,2018-09-15 23:00:00,44.75,139.0,4.1,9.62,8.45,23.83,0.83,12.15,11.6,0.85,30.32,,117.0,Moderate
248975,DL005,2018-09-16 00:00:00,44.5,129.75,5.7,14.33,12.33,23.98,0.95,10.5,6.38,0.83,15.28,,110.0,Moderate
248976,DL005,2018-09-16 01:00:00,57.75,137.5,8.05,13.83,13.92,25.18,1.0,8.1,20.57,1.1,11.78,,109.0,Moderate
248977,DL005,2018-09-16 02:00:00,62.75,130.0,8.15,11.98,13.03,24.98,0.95,9.95,24.5,1.15,17.77,,107.0,Moderate
248978,DL005,2018-09-16 03:00:00,56.75,112.25,8.4,9.1,11.7,29.5,,5.4,8.33,1.07,10.58,,107.0,Moderate
248979,DL005,2018-09-16 04:00:00,69.25,124.75,7.47,8.15,10.45,30.53,0.92,6.55,7.82,1.0,8.75,,108.0,Moderate
248980,DL005,2018-09-16 05:00:00,81.25,165.75,6.45,7.83,9.4,31.0,0.95,6.85,7.5,1.1,8.1,,110.0,Moderate
248981,DL005,2018-09-16 06:00:00,96.75,166.5,5.88,7.9,8.98,30.38,1.03,7.02,6.55,1.15,7.22,,112.0,Moderate
248982,DL005,2018-09-16 07:00:00,68.25,121.25,5.62,7.22,8.45,24.65,1.0,8.03,7.03,0.88,12.0,,114.0,Moderate
248983,DL005,2018-09-16 08:00:00,67.0,136.5,5.17,7.7,8.35,25.62,1.0,8.5,6.85,0.97,17.07,,115.0,Moderate
248984,DL005,2018-09-16 09:00:00,66.25,136.5,4.8,6.35,7.32,26.48,0.8,8.65,7.18,0.75,8.2,,116.0,Moderate
248985,DL005,2018-09-16 10:00:00,54.0,115.0,3.38,6.68,6.28,25.25,0.67,10.33,13.65,0.58,4.73,,117.0,Moderate
248986,DL005,2018-09-16 11:00:00,51.5,121.5,2.3,6.7,5.43,24.55,0.6,8.3,24.88,0.4,4.1,,118.0,Moderate
248987,DL005,2018-09-16 12:00:00,51.5,135.75,1.97,6.0,4.83,23.25,0.58,7.83,34.7,0.35,3.88,,119.0,Moderate
248988,DL005,2018-09-16 13:00:00,46.25,143.75,1.6,4.8,3.85,21.45,0.53,9.45,41.23,0.2,3.63,,121.0,Moderate
248989,DL005,2018-09-16 14:00:00,42.0,126.25,1.48,3.8,3.22,21.7,0.5,6.72,44.02,0.2,2.95,,122.0,Moderate
248990,DL005,2018-09-16 15:00:00,37.25,106.5,0.75,3.9,2.68,22.73,0.5,9.42,50.58,0.2,5.35,,122.0,Moderate
248991,DL005,2018-09-16 16:00:00,41.75,117.0,1.47,4.3,3.47,23.28,0.58,9.55,60.65,0.2,4.22,,123.0,Moderate
248992,DL005,2018-09-16 17:00:00,43.25,116.75,1.53,6.3,4.57,24.25,0.55,7.63,58.55,0.2,3.48,,124.0,Moderate
248993,DL005,2018-09-16 18:00:00,42.5,120.75,1.12,8.12,5.25,25.03,0.63,9.85,52.38,0.23,7.0,,125.0,Moderate
248994,DL005,2018-09-16 19:00:00,50.5,142.25,1.47,11.88,7.5,25.0,0.75,10.85,38.02,0.45,26.0,,125.0,Moderate
248995,DL005,2018-09-16 20:00:00,61.25,163.5,1.53,10.15,6.62,25.23,0.77,9.92,33.35,1.1,135.58,,125.0,Moderate
248996,DL005,2018-09-16 21:00:00,65.0,162.0,1.65,13.32,8.42,23.85,1.0,2.9,20.85,1.58,160.88,,124.0,Moderate
248997,DL005,2018-09-16 22:00:00,74.25,,1.33,9.27,6.0,25.7,0.95,2.73,30.07,1.95,166.13,,122.0,Moderate
248998,DL005,2018-09-16 23:00:00,76.25,,1.38,7.73,5.22,27.58,0.97,2.38,22.33,1.38,55.7,,122.0,Moderate
248999,DL005,2018-09-17 00:00:00,74.0,,1.35,5.97,4.3,25.58,0.8,2.62,23.85,1.28,63.1,,122.0,Moderate
249000,DL005,2018-09-17 01:00:00,60.75,,1.05,8.15,5.17,26.12,0.83,3.63,16.83,1.12,47.8,,122.0,Moderate
249001,DL005,2018-09-17 02:00:00,73.25,,1.62,9.85,6.58,25.88,0.9,2.6,22.4,1.4,21.18,,122.0,Moderate
249002,DL005,2018-09-17 03:00:00,65.25,128.0,3.5,7.7,6.8,28.1,,7.5,12.2,1.05,17.77,,123.0,Moderate
249003,DL005,2018-09-17 04:00:00,58.75,130.0,2.97,9.25,7.35,26.08,0.92,7.2,9.33,1.3,18.85,,123.0,Moderate
249004,DL005,2018-09-17 05:00:00,66.25,141.0,4.1,9.83,8.55,28.65,1.08,10.77,8.3,1.73,16.2,,122.0,Moderate
249005,DL005,2018-09-17 06:00:00,77.0,156.0,6.53,9.77,10.52,29.92,1.2,9.87,6.48,1.35,11.08,,122.0,Moderate
249006,DL005,2018-09-17 07:00:00,88.25,,8.78,9.58,12.25,28.35,1.15,8.7,6.77,1.65,11.53,,122.0,Moderate
249007,DL005,2018-09-17 08:00:00,81.5,140.0,7.78,10.42,11.88,29.1,1.15,9.0,7.48,1.35,12.08,,122.0,Moderate
249008,DL005,2018-09-17 09:00:00,66.5,140.0,5.58,8.2,8.95,30.43,0.92,8.88,8.85,1.2,10.88,,122.0,Moderate
249009,DL005,2018-09-17 10:00:00,59.25,,3.3,6.73,6.3,28.03,0.75,7.8,20.4,0.77,5.68,,123.0,Moderate
249010,DL005,2018-09-17 11:00:00,54.25,,1.47,6.65,4.75,26.92,0.7,6.12,52.23,0.65,5.05,,124.0,Moderate
249011,DL005,2018-09-17 12:00:00,63.5,167.0,1.38,6.35,4.5,26.95,0.72,7.1,71.38,0.55,6.58,,125.0,Moderate
249012,DL005,2018-09-17 13:00:00,63.5,167.0,1.45,4.95,3.83,22.25,0.78,6.7,81.93,0.45,37.33,,126.0,Moderate
249013,DL005,2018-09-17 14:00:00,69.75,,0.95,5.1,3.48,27.5,0.78,6.35,78.85,0.63,39.82,,110.0,Moderate
249014,DL005,2018-09-17 15:00:00,72.25,161.0,1.22,5.23,3.77,29.82,0.75,8.73,82.48,0.55,30.3,,115.0,Moderate
249015,DL005,2018-09-17 16:00:00,63.5,161.5,1.35,4.75,3.62,27.97,0.75,10.1,80.1,0.58,29.27,,118.0,Moderate
249016,DL005,2018-09-17 17:00:00,62.5,170.5,0.9,6.32,4.12,31.02,0.72,10.97,81.0,0.48,7.32,,121.0,Moderate
249017,DL005,2018-09-17 18:00:00,64.0,189.75,0.68,8.03,4.83,31.53,0.72,12.0,68.25,0.45,5.35,,124.0,Moderate
249018,DL005,2018-09-17 19:00:00,63.25,187.75,0.77,13.15,7.63,30.32,0.9,11.1,46.62,1.03,40.55,,126.0,Moderate
249019,DL005,2018-09-17 20:00:00,59.5,209.25,1.25,17.8,10.5,29.92,1.05,10.28,28.48,0.92,42.8,,125.0,Moderate
249020,DL005,2018-09-17 21:00:00,55.25,205.75,2.57,24.57,15.17,29.53,1.13,5.52,12.4,1.6,30.75,,124.0,Moderate
249021,DL005,2018-09-17 22:00:00,55.75,205.25,1.55,15.8,9.62,31.4,1.05,5.4,30.83,1.35,23.1,,144.0,Moderate
249022,DL005,2018-09-17 23:00:00,53.25,174.75,0.78,6.45,4.07,28.72,0.95,4.92,42.38,1.3,31.4,,144.0,Moderate
249023,DL005,2018-09-18 00:00:00,46.25,132.5,0.9,10.75,6.42,27.95,1.0,5.48,27.15,0.9,21.02,,143.0,Moderate
249024,DL005,2018-09-18 01:00:00,41.75,127.0,1.15,13.53,8.15,29.58,1.0,3.82,13.52,0.9,8.27,,142.0,Moderate
249025,DL005,2018-09-18 02:00:00,44.0,132.75,1.45,9.07,5.98,31.0,1.0,5.38,21.35,0.85,7.8,,141.0,Moderate
249026,DL005,2018-09-18 03:00:00,46.0,146.25,0.8,8.9,5.3,37.8,,10.1,12.03,1.12,6.48,,142.0,Moderate
249027,DL005,2018-09-18 04:00:00,56.0,200.5,2.12,8.75,6.42,36.85,1.1,7.2,9.45,1.78,14.48,,144.0,Moderate
249028,DL005,2018-09-18 05:00:00,68.25,219.0,1.97,9.0,6.4,36.2,1.0,9.75,11.05,1.65,12.03,,146.0,Moderate
249029,DL005,2018-09-18 06:00:00,63.0,156.0,1.65,7.1,5.1,27.85,0.87,9.3,9.85,0.85,6.48,,146.0,Moderate
249030,DL005,2018-09-18 07:00:00,45.0,109.0,1.8,8.17,5.82,23.82,0.85,8.42,9.12,0.58,4.38,,145.0,Moderate
249031,DL005,2018-09-18 08:00:00,46.75,107.0,2.75,8.03,6.5,23.82,0.9,9.67,8.63,0.68,4.7,,143.0,Moderate
249032,DL005,2018-09-18 09:00:00,56.0,129.25,3.08,8.82,7.2,25.97,0.9,9.38,10.42,0.8,4.85,,143.0,Moderate
249033,DL005,2018-09-18 10:00:00,67.75,167.75,2.55,7.08,5.83,26.1,0.82,7.7,24.6,0.77,5.42,,143.0,Moderate
249034,DL005,2018-09-18 11:00:00,68.25,184.75,1.12,5.65,3.92,25.15,0.7,9.18,56.75,0.48,4.1,,144.0,Moderate
249035,DL005,2018-09-18 12:00:00,67.75,175.0,1.07,5.48,3.77,25.1,0.7,10.35,78.87,0.67,35.72,,144.0,Moderate
249036,DL005,2018-09-18 13:00:00,55.0,200.25,1.22,5.4,3.87,23.47,0.75,9.5,91.72,0.68,100.85,,145.0,Moderate
249037,DL005,2018-09-18 14:00:00,53.75,189.75,0.87,4.25,2.97,25.85,0.72,9.53,90.02,0.7,92.1,,146.0,Moderate
249038,DL005,2018-09-18 15:00:00,49.5,175.0,0.88,4.48,3.07,26.7,0.8,14.73,97.0,0.48,51.87,,146.0,Moderate
249039,DL005,2018-09-18 16:00:00,49.75,181.0,1.02,5.88,3.97,27.25,0.7,13.6,93.35,0.65,86.1,,147.0,Moderate
249040,DL005,2018-09-18 17:00:00,53.0,190.0,0.75,5.65,3.62,28.28,0.7,12.15,89.55,0.75,73.2,,147.0,Moderate
249041,DL005,2018-09-18 18:00:00,49.25,197.75,0.88,7.12,4.47,29.4,0.75,11.65,78.45,0.9,97.27,,147.0,Moderate
249042,DL005,2018-09-18 19:00:00,59.5,230.5,1.1,11.92,7.25,29.87,0.8,9.73,59.62,1.75,189.0,,148.0,Moderate
249043,DL005,2018-09-18 20:00:00,70.0,251.0,1.15,13.73,8.25,29.97,0.87,8.72,50.92,2.73,273.08,,150.0,Moderate
249044,DL005,2018-09-18 21:00:00,69.5,223.5,1.22,10.35,6.5,28.0,0.97,8.95,50.55,2.65,283.5,,150.0,Moderate
249045,DL005,2018-09-18 22:00:00,68.0,208.75,0.7,11.1,6.5,28.62,1.0,9.6,40.2,2.25,165.35,,150.0,Moderate
249046,DL005,2018-09-18 23:00:00,66.25,186.5,0.9,13.02,7.67,28.3,0.95,8.8,31.3,2.1,79.45,,151.0,Moderate
249047,DL005,2018-09-19 00:00:00,61.75,156.0,1.67,15.9,9.83,28.72,1.08,7.75,26.8,1.0,18.02,,151.0,Moderate
249048,DL005,2018-09-19 01:00:00,65.0,154.5,1.43,13.7,8.42,28.3,1.05,6.45,23.3,1.8,16.9,,152.0,Moderate
249049,DL005,2018-09-19 02:00:00,69.75,165.25,2.35,12.17,8.4,29.03,1.0,9.83,24.3,1.13,14.78,,153.0,Moderate
249050,DL005,2018-09-19 03:00:00,72.75,150.0,3.0,8.0,6.7,31.1,,10.7,14.67,1.05,12.1,,153.0,Moderate
249051,DL005,2018-09-19 04:00:00,66.0,132.75,1.75,10.23,6.88,27.4,0.9,8.78,10.72,1.18,22.73,,151.0,Moderate
249052,DL005,2018-09-19 05:00:00,70.5,152.25,3.78,12.35,9.65,29.28,1.03,14.63,7.2,1.57,44.18,,149.0,Moderate
249053,DL005,2018-09-19 06:00:00,84.0,175.5,7.3,16.55,14.77,31.75,1.2,12.88,7.1,2.15,48.38,,150.0,Moderate
249054,DL005,2018-09-19 07:00:00,85.75,176.0,14.82,16.45,20.85,33.22,1.35,12.75,8.07,2.52,45.55,,152.0,Moderate
249055,DL005,2018-09-19 08:00:00,87.5,188.0,11.12,16.82,18.0,32.18,1.18,13.17,8.4,2.03,19.1,,154.0,Moderate
249056,DL005,2018-09-19 09:00:00,79.0,182.75,8.0,13.58,13.78,34.33,1.03,7.95,9.45,1.43,16.2,,155.0,Moderate
249057,DL005,2018-09-19 10:00:00,82.5,194.75,4.65,8.7,8.45,32.85,0.9,6.5,18.1,1.05,12.4,,156.0,Moderate
249058,DL005,2018-09-19 11:00:00,66.25,192.0,2.15,6.85,5.38,32.35,0.8,8.7,46.0,0.83,7.1,,156.0,Moderate
249059,DL005,2018-09-19 12:00:00,45.75,179.75,1.65,6.43,4.75,35.0,0.72,10.35,78.73,0.9,39.45,,156.0,Moderate
249060,DL005,2018-09-19 13:00:00,61.25,184.0,1.25,6.45,4.45,30.75,0.78,9.27,99.0,0.9,50.9,,156.0,Moderate
249061,DL005,2018-09-19 14:00:00,54.5,173.5,1.28,5.7,4.07,30.25,0.75,7.75,104.4,0.7,57.95,,156.0,Moderate
249062,DL005,2018-09-19 15:00:00,50.5,184.5,1.15,5.45,3.82,31.6,0.78,15.25,108.85,0.62,67.17,,156.0,Moderate
249063,DL005,2018-09-19 16:00:00,52.0,204.0,1.1,5.55,3.85,30.93,0.8,15.25,102.95,0.55,44.4,,156.0,Moderate
249064,DL005,2018-09-19 17:00:00,48.0,182.0,0.9,6.05,3.98,32.67,0.78,13.92,106.57,0.67,48.48,,156.0,Moderate
249065,DL005,2018-09-19 18:00:00,52.0,201.0,0.68,7.12,4.35,31.9,0.72,11.1,96.62,1.22,129.73,,156.0,Moderate
249066,DL005,2018-09-19 19:00:00,52.0,182.0,0.53,10.67,6.1,29.85,0.83,10.95,76.35,1.78,202.25,,155.0,Moderate
249067,DL005,2018-09-19 20:00:00,58.0,185.0,1.15,13.25,7.97,30.03,0.9,10.92,65.1,2.38,250.7,,153.0,Moderate
249068,DL005,2018-09-19 21:00:00,70.0,189.0,1.07,19.25,11.08,29.02,1.08,14.88,37.0,2.97,299.7,,152.0,Moderate
249069,DL005,2018-09-19 22:00:00,72.0,185.0,2.0,23.88,14.33,30.88,1.38,13.42,16.75,2.28,57.88,,152.0,Moderate
249070,DL005,2018-09-19 23:00:00,114.0,208.0,1.88,23.32,13.93,32.28,1.65,14.8,10.75,3.9,43.13,,152.0,Moderate
249071,DL005,2018-09-20 00:00:00,113.0,288.0,3.78,25.78,16.8,30.4,1.47,14.58,9.05,4.12,147.2,,156.0,Moderate
249072,DL005,2018-09-20 01:00:00,89.0,205.0,9.55,25.0,21.07,32.52,1.47,12.9,7.08,3.53,115.5,,157.0,Moderate
249073,DL005,2018-09-20 02:00:00,121.0,196.0,5.72,20.38,15.5,32.7,1.35,13.97,17.35,2.95,78.52,,158.0,Moderate
249074,DL005,2018-09-20 03:00:00,86.0,163.0,3.5,12.3,9.4,32.6,,7.4,10.1,3.03,103.52,,158.0,Moderate
249075,DL005,2018-09-20 04:00:00,77.0,134.0,4.12,14.98,11.32,29.65,1.32,7.38,7.42,2.02,37.05,,158.0,Moderate
249076,DL005,2018-09-20 05:00:00,103.0,161.0,4.88,16.17,12.6,35.53,1.3,9.5,7.7,2.27,27.55,,159.0,Moderate
249077,DL005,2018-09-20 06:00:00,112.0,158.0,6.95,15.27,13.82,34.65,1.45,13.35,7.7,2.12,29.8,,158.0,Moderate
249078,DL005,2018-09-20 07:00:00,167.0,245.25,10.1,16.22,16.95,35.95,1.8,15.6,7.83,2.4,25.7,,166.0,Moderate
249079,DL005,2018-09-20 08:00:00,194.0,252.0,16.1,19.47,23.48,37.25,1.57,17.08,7.7,2.38,24.75,,181.0,Moderate
249080,DL005,2018-09-20 09:00:00,166.0,268.0,9.2,15.9,15.92,36.9,1.1,16.57,9.9,1.62,22.27,,193.0,Moderate
249081,DL005,2018-09-20 10:00:00,88.0,188.0,4.0,9.38,8.25,33.68,0.9,9.83,19.95,1.18,11.9,,193.0,Moderate
249082,DL005,2018-09-20 11:00:00,72.0,194.0,1.73,7.57,5.48,32.95,0.87,9.95,59.77,1.28,13.58,,194.0,Moderate
249083,DL005,2018-09-20 12:00:00,74.0,184.0,0.9,8.68,5.38,37.18,0.9,11.67,104.35,1.25,26.17,,198.0,Moderate
249084,DL005,2018-09-20 13:00:00,83.0,203.5,0.9,7.65,4.8,34.97,0.8,9.75,116.05,1.32,57.42,,201.0,Poor
249085,DL005,2018-09-20 14:00:00,61.0,160.0,0.87,7.35,4.67,34.13,0.92,9.47,149.3,1.18,63.95,,202.0,Poor
249086,DL005,2018-09-20 15:00:00,95.0,218.5,0.9,6.9,4.43,35.18,0.75,13.12,137.58,1.2,33.78,,208.0,Poor
249087,DL005,2018-09-20 16:00:00,56.0,157.0,0.78,5.12,3.32,31.68,0.7,14.4,129.8,0.68,26.1,,209.0,Poor
249088,DL005,2018-09-20 17:00:00,58.0,144.5,0.98,4.62,3.25,31.2,0.7,11.3,116.03,0.55,16.25,,210.0,Poor
249089,DL005,2018-09-20 18:00:00,53.0,177.25,0.8,6.98,4.37,30.12,0.77,10.15,104.67,0.65,8.22,,210.0,Poor
249090,DL005,2018-09-20 19:00:00,59.0,242.0,0.78,16.22,9.33,30.78,1.03,6.93,72.58,1.15,20.35,,211.0,Poor
249091,DL005,2018-09-20 20:00:00,84.0,285.25,0.93,15.88,9.17,34.6,1.13,8.27,72.72,2.75,263.28,,215.0,Poor
249092,DL005,2018-09-20 21:00:00,102.0,281.0,1.1,16.27,9.58,39.35,1.32,11.58,58.82,3.07,307.5,,219.0,Poor
249093,DL005,2018-09-20 22:00:00,140.0,322.5,1.27,20.3,11.85,45.8,1.4,14.98,53.62,3.6,191.88,,229.0,Poor
249094,DL005,2018-09-20 23:00:00,204.0,375.0,1.6,22.03,13.02,54.57,1.45,16.58,23.77,4.2,88.27,,241.0,Poor
249095,DL005,2018-09-21 00:00:00,367.0,429.0,1.07,14.07,8.32,35.35,1.15,16.0,118.0,4.55,18.92,,277.0,Poor
249096,DL005,2018-09-21 01:00:00,112.0,185.25,1.47,17.72,10.62,35.62,1.2,13.1,126.33,2.2,20.75,,280.0,Poor
249097,DL005,2018-09-21 02:00:00,111.0,178.75,2.88,24.5,15.38,35.1,1.2,11.08,47.8,2.33,26.4,,278.0,Poor
249098,DL005,2018-09-21 03:00:00,95.0,149.5,3.4,24.0,15.6,31.9,,8.4,37.67,2.0,35.8,,280.0,Poor
249099,DL005,2018-09-21 04:00:00,85.0,134.0,4.32,24.72,16.65,28.43,1.2,9.05,107.75,1.97,30.13,,281.0,Poor
249100,DL005,2018-09-21 05:00:00,94.0,161.0,5.1,22.5,16.13,31.9,1.2,9.2,16.18,2.43,36.02,,279.0,Poor
249101,DL005,2018-09-21 06:00:00,102.0,173.5,2.72,16.05,10.75,30.72,1.1,12.75,8.95,2.0,34.6,,278.0,Poor
249102,DL005,2018-09-21 07:00:00,91.0,152.25,2.47,11.5,8.1,31.65,1.2,13.13,11.72,1.58,17.45,,268.0,Poor
249103,DL005,2018-09-21 08:00:00,85.0,143.75,3.97,12.72,10.05,34.55,1.35,13.4,16.03,2.4,13.72,,252.0,Poor
249104,DL005,2018-09-21 09:00:00,105.0,148.75,4.4,10.83,9.38,31.45,1.13,9.23,11.97,1.77,12.83,,244.0,Poor
249105,DL005,2018-09-21 10:00:00,67.0,109.25,3.58,9.22,7.8,31.6,0.92,5.95,18.55,1.22,12.08,,241.0,Poor
249106,DL005,2018-09-21 11:00:00,44.0,101.0,2.62,7.27,5.98,30.08,0.8,6.8,19.77,0.8,9.17,,237.0,Poor
249107,DL005,2018-09-21 12:00:00,42.0,87.0,1.25,7.65,5.12,30.75,0.8,9.08,43.07,0.7,9.42,,233.0,Poor
249108,DL005,2018-09-21 13:00:00,40.0,96.0,1.42,7.85,5.35,31.22,0.8,7.58,65.82,0.83,10.4,,227.0,Poor
249109,DL005,2018-09-21 14:00:00,39.0,113.5,1.45,6.8,4.77,27.22,0.75,6.53,66.55,0.7,10.7,,224.0,Poor
249110,DL005,2018-09-21 15:00:00,41.0,133.0,1.42,5.98,4.35,30.7,0.75,10.67,61.2,0.6,10.6,,216.0,Poor
249111,DL005,2018-09-21 16:00:00,36.0,124.5,1.38,6.27,4.45,29.18,0.7,10.93,43.9,0.53,12.78,,213.0,Poor
249112,DL005,2018-09-21 17:00:00,35.0,128.75,1.78,5.98,4.62,27.83,0.6,11.8,40.73,0.52,12.08,,210.0,Poor
249113,DL005,2018-09-21 18:00:00,30.0,128.0,1.4,6.35,4.52,27.35,0.63,10.35,35.1,0.58,12.4,,207.0,Poor
249114,DL005,2018-09-21 19:00:00,35.0,108.0,1.58,9.87,6.52,26.2,0.72,5.55,29.42,0.72,15.5,,204.0,Poor
249115,DL005,2018-09-21 20:00:00,44.0,110.0,1.97,10.33,7.1,24.7,0.77,7.08,21.97,1.0,19.1,,198.0,Moderate
249116,DL005,2018-09-21 21:00:00,42.0,141.0,1.45,9.83,6.4,24.07,0.78,10.42,14.97,0.85,14.85,,190.0,Moderate
249117,DL005,2018-09-21 22:00:00,41.0,125.0,1.25,8.9,5.78,24.25,0.8,16.75,21.85,1.05,23.77,,176.0,Moderate
249118,DL005,2018-09-21 23:00:00,42.0,112.0,1.1,6.73,4.48,25.2,0.72,16.0,131.5,0.7,13.68,,153.0,Moderate
249119,DL005,2018-09-22 00:00:00,36.0,75.0,1.62,4.82,3.85,25.62,0.7,15.72,7.8,0.83,8.5,,146.0,Moderate
249120,DL005,2018-09-22 01:00:00,23.0,42.0,1.02,3.05,2.48,25.02,0.55,14.38,20.9,0.43,10.32,,146.0,Moderate
249121,DL005,2018-09-22 02:00:00,24.0,18.0,0.77,2.82,2.12,25.88,0.5,13.72,29.55,0.45,22.25,,146.0,Moderate
249122,DL005,2018-09-22 03:00:00,19.0,7.0,1.3,8.5,5.6,31.0,,8.5,22.47,0.45,15.35,,146.0,Moderate
249123,DL005,2018-09-22 04:00:00,25.0,34.0,0.97,7.05,4.53,24.22,0.68,6.5,18.3,0.72,39.5,,146.0,Moderate
249124,DL005,2018-09-22 05:00:00,20.0,33.0,2.1,9.67,6.85,27.88,0.6,8.9,15.43,0.85,23.95,,146.0,Moderate
249125,DL005,2018-09-22 06:00:00,20.0,28.0,1.45,6.2,4.5,25.65,0.65,12.42,16.5,0.48,12.55,,146.0,Moderate
249126,DL005,2018-09-22 07:00:00,17.0,33.0,2.12,9.47,6.8,29.33,0.7,11.7,10.4,0.72,13.35,,91.0,Satisfactory
249127,DL005,2018-09-22 08:00:00,24.0,55.0,1.77,6.4,4.88,23.85,0.7,11.45,12.83,0.67,20.88,,87.0,Satisfactory
249128,DL005,2018-09-22 09:00:00,14.0,23.0,2.1,4.7,4.2,23.05,0.8,8.1,12.05,0.72,14.6,,82.0,Satisfactory
249129,DL005,2018-09-22 10:00:00,25.0,30.0,1.98,4.12,3.8,24.13,0.72,3.32,10.75,0.65,8.8,,79.0,Satisfactory
249130,DL005,2018-09-22 11:00:00,17.0,27.0,2.2,4.23,4.05,23.58,0.78,2.8,13.42,0.5,6.48,,75.0,Satisfactory
249131,DL005,2018-09-22 12:00:00,25.0,30.0,1.42,4.78,3.7,23.68,0.75,6.3,14.2,0.48,6.48,,73.0,Satisfactory
249132,DL005,2018-09-22 13:00:00,19.0,27.0,1.72,5.3,4.22,24.4,0.75,7.78,16.75,0.63,10.72,,70.0,Satisfactory
249133,DL005,2018-09-22 14:00:00,31.0,39.0,1.65,4.97,4.0,23.28,0.85,8.7,22.2,0.58,8.7,,67.0,Satisfactory
249134,DL005,2018-09-22 15:00:00,28.0,38.0,2.98,9.65,7.55,25.45,0.93,9.92,19.35,1.17,30.0,,63.0,Satisfactory
249135,DL005,2018-09-22 16:00:00,33.0,52.0,2.27,7.75,5.98,26.03,0.92,6.93,58.95,0.77,19.13,,60.0,Satisfactory
249136,DL005,2018-09-22 17:00:00,33.0,50.0,2.25,8.65,6.45,24.85,0.92,7.32,43.18,1.1,25.4,,59.0,Satisfactory
249137,DL005,2018-09-22 18:00:00,29.0,53.0,2.0,7.9,5.83,26.9,0.8,4.87,27.28,0.9,20.98,,59.0,Satisfactory
249138,DL005,2018-09-22 19:00:00,38.0,52.0,1.23,6.72,4.57,25.97,0.8,3.57,24.83,0.67,11.62,,59.0,Satisfactory
249139,DL005,2018-09-22 20:00:00,30.0,53.0,1.15,5.88,4.05,24.55,0.87,3.98,21.6,0.8,11.78,,59.0,Satisfactory
249140,DL005,2018-09-22 21:00:00,30.0,51.0,1.2,5.9,4.1,23.93,0.85,8.02,20.68,0.85,15.72,,59.0,Satisfactory
249141,DL005,2018-09-22 22:00:00,30.0,50.0,1.42,5.77,4.25,23.53,0.95,8.95,17.05,0.87,21.75,,59.0,Satisfactory
249142,DL005,2018-09-22 23:00:00,31.0,68.0,1.12,5.45,3.83,23.45,0.95,14.67,21.58,0.88,14.1,,59.0,Satisfactory
249143,DL005,2018-09-23 00:00:00,35.0,61.0,1.28,9.82,6.28,23.85,0.97,14.53,28.07,1.13,16.68,,48.0,Good
249144,DL005,2018-09-23 01:00:00,34.0,58.0,1.7,11.33,7.4,24.53,0.82,16.55,29.4,0.9,13.35,,48.0,Good
249145,DL005,2018-09-23 02:00:00,33.0,61.0,1.03,6.05,4.07,26.42,0.7,18.15,31.95,0.5,9.22,,48.0,Good
249146,DL005,2018-09-23 03:00:00,30.0,46.0,1.5,1.7,2.2,22.8,,11.3,25.15,0.3,6.13,,48.0,Good
249147,DL005,2018-09-23 04:00:00,19.0,25.0,0.82,2.55,2.0,20.07,0.7,8.12,25.43,0.3,4.6,,48.0,Good
249148,DL005,2018-09-23 05:00:00,20.0,28.0,0.65,3.12,2.17,20.65,0.7,8.4,23.38,0.33,4.9,,48.0,Good
249149,DL005,2018-09-23 06:00:00,18.0,31.0,0.58,2.75,1.98,22.2,0.7,14.45,23.63,0.38,4.95,,48.0,Good
249150,DL005,2018-09-23 07:00:00,23.0,29.0,0.83,2.2,1.88,22.4,0.7,15.58,23.45,0.35,4.43,,48.0,Good
249151,DL005,2018-09-23 08:00:00,24.0,35.0,0.88,2.93,2.3,22.8,0.8,17.95,19.78,0.35,5.1,,45.0,Good
249152,DL005,2018-09-23 09:00:00,27.0,40.0,1.6,5.3,4.12,23.38,0.9,14.23,18.67,0.55,10.62,,46.0,Good
249153,DL005,2018-09-23 10:00:00,33.0,53.0,1.47,5.62,4.23,24.1,0.8,8.67,29.88,0.7,10.05,,47.0,Good
249154,DL005,2018-09-23 11:00:00,28.0,66.0,2.38,5.92,5.08,25.07,0.85,8.45,37.07,0.72,10.8,,47.0,Good
249155,DL005,2018-09-23 12:00:00,27.0,74.0,1.85,5.77,4.6,24.75,0.88,7.9,41.05,0.77,11.65,,48.0,Good
249156,DL005,2018-09-23 13:00:00,34.0,85.0,1.35,6.6,4.62,25.22,0.83,7.48,35.57,0.8,15.15,,50.0,Good
249157,DL005,2018-09-23 14:00:00,30.0,90.0,1.32,4.68,3.55,24.35,0.83,6.12,33.68,0.65,12.47,,52.0,Satisfactory
249158,DL005,2018-09-23 15:00:00,34.0,56.0,1.7,5.58,4.38,25.35,0.85,6.57,32.35,0.8,11.65,,53.0,Satisfactory
249159,DL005,2018-09-23 16:00:00,30.0,72.0,0.92,4.42,3.07,25.5,0.87,6.3,34.6,0.63,11.25,,54.0,Satisfactory
249160,DL005,2018-09-23 17:00:00,31.0,63.0,1.1,5.85,4.05,25.35,0.9,8.58,35.0,0.88,11.38,,54.0,Satisfactory
249161,DL005,2018-09-23 18:00:00,29.0,74.0,1.13,3.83,2.93,25.67,0.78,10.78,28.8,0.65,8.27,,55.0,Satisfactory
249162,DL005,2018-09-23 19:00:00,23.0,58.0,1.0,2.88,2.35,26.25,0.8,9.48,33.3,0.5,6.42,,55.0,Satisfactory
249163,DL005,2018-09-23 20:00:00,31.0,50.0,0.75,2.4,1.92,25.1,0.8,10.45,30.03,0.65,8.43,,55.0,Satisfactory
249164,DL005,2018-09-23 21:00:00,31.0,52.0,0.75,3.15,2.3,23.93,0.8,6.73,30.02,0.7,7.4,,55.0,Satisfactory
249165,DL005,2018-09-23 22:00:00,24.0,50.0,1.08,3.4,2.7,22.6,0.8,5.27,30.15,0.6,7.35,,55.0,Satisfactory
249166,DL005,2018-09-23 23:00:00,19.0,28.0,0.85,3.05,2.32,21.75,0.83,6.22,34.77,0.5,6.5,,54.0,Satisfactory
249167,DL005,2018-09-24 00:00:00,22.0,34.0,1.4,6.85,4.8,21.4,0.85,9.55,22.77,0.7,18.9,,52.0,Satisfactory
249168,DL005,2018-09-24 01:00:00,23.0,24.0,1.35,4.05,3.25,20.18,0.7,9.85,26.6,0.43,20.48,,51.0,Satisfactory
249169,DL005,2018-09-24 02:00:00,8.0,11.0,0.75,4.93,3.27,21.72,0.7,10.73,27.5,0.35,5.88,,49.0,Good
249170,DL005,2018-09-24 03:00:00,18.0,17.0,1.3,6.3,4.4,20.8,,9.4,15.68,0.58,5.92,,48.0,Good
249171,DL005,2018-09-24 04:00:00,18.0,18.0,1.3,5.17,3.82,18.32,0.6,8.32,13.72,0.3,5.8,,47.0,Good
249172,DL005,2018-09-24 05:00:00,20.0,22.0,1.4,5.83,4.27,17.7,0.6,9.4,12.05,0.35,4.9,,47.0,Good
249173,DL005,2018-09-24 06:00:00,20.0,23.0,1.22,5.55,3.98,18.78,0.7,6.88,12.3,0.3,4.67,,47.0,Good
249174,DL005,2018-09-24 07:00:00,25.0,25.0,0.97,5.25,3.62,18.73,0.7,8.78,11.97,0.3,4.73,,47.0,Good
249175,DL005,2018-09-24 08:00:00,14.0,27.0,2.0,6.62,5.2,18.7,0.8,9.65,9.93,0.38,5.07,,46.0,Good
249176,DL005,2018-09-24 09:00:00,22.0,30.0,3.2,8.45,7.1,18.78,0.85,11.17,8.43,0.43,5.45,,46.0,Good
249177,DL005,2018-09-24 10:00:00,11.0,34.0,3.17,8.15,6.92,18.78,0.8,9.52,9.67,0.55,7.05,,45.0,Good
249178,DL005,2018-09-24 11:00:00,25.0,38.0,4.62,9.92,9.17,19.55,0.92,9.38,9.78,0.68,8.7,,46.0,Good
249179,DL005,2018-09-24 12:00:00,18.75,41.75,5.75,11.7,10.9,20.22,1.0,10.08,11.3,1.22,15.88,,50.0,Good
249180,DL005,2018-09-24 13:00:00,25.0,49.75,5.45,12.9,11.3,21.17,1.1,10.38,12.88,1.25,19.65,,55.0,Satisfactory
249181,DL005,2018-09-24 14:00:00,26.75,55.25,5.4,13.92,11.8,21.6,1.05,8.97,15.77,1.62,27.53,,55.0,Satisfactory
249182,DL005,2018-09-24 15:00:00,24.25,46.5,4.7,13.67,11.08,21.83,1.03,7.4,18.4,1.4,21.43,,55.0,Satisfactory
249183,DL005,2018-09-24 16:00:00,26.0,46.75,3.22,13.4,9.75,22.05,0.97,7.6,23.67,1.18,16.47,,55.0,Satisfactory
249184,DL005,2018-09-24 17:00:00,20.0,46.25,1.73,8.6,6.0,20.6,0.83,6.7,28.07,0.85,17.3,,55.0,Satisfactory
249185,DL005,2018-09-24 18:00:00,22.25,41.5,1.95,12.43,8.18,20.42,0.92,9.05,18.65,1.25,151.25,,55.0,Satisfactory
249186,DL005,2018-09-24 19:00:00,28.5,70.75,1.62,13.32,8.42,22.17,0.9,9.38,15.65,2.48,339.0,,55.0,Satisfactory
249187,DL005,2018-09-24 20:00:00,23.5,36.75,1.82,6.6,4.97,19.8,0.7,9.85,20.3,0.48,28.4,,55.0,Satisfactory
249188,DL005,2018-09-24 21:00:00,13.25,8.5,2.12,5.27,4.55,18.8,0.7,8.0,21.55,0.43,10.27,,52.0,Satisfactory
249189,DL005,2018-09-24 22:00:00,13.5,7.25,1.12,4.23,3.15,18.62,0.8,7.4,22.9,0.4,8.65,,52.0,Satisfactory
249190,DL005,2018-09-24 23:00:00,12.25,7.5,1.15,3.15,2.65,17.15,0.78,7.48,24.75,0.38,7.33,,48.0,Good
249191,DL005,2018-09-25 00:00:00,12.0,5.0,1.05,2.05,1.92,17.03,0.72,11.95,25.88,0.38,5.98,,46.0,Good
249192,DL005,2018-09-25 01:00:00,11.25,6.5,0.85,0.85,1.15,17.22,0.7,12.75,27.52,0.3,5.02,,46.0,Good
249193,DL005,2018-09-25 02:00:00,15.5,18.25,1.02,0.43,1.07,18.2,0.7,12.35,31.45,0.35,5.3,,45.0,Good
249194,DL005,2018-09-25 03:00:00,8.25,11.75,1.6,0.7,1.7,19.2,,6.3,30.9,0.35,5.33,,40.0,Good
249195,DL005,2018-09-25 04:00:00,9.5,7.25,1.2,0.35,1.15,16.0,0.6,7.9,35.78,0.25,4.38,,40.0,Good
249196,DL005,2018-09-25 05:00:00,12.75,4.5,1.12,0.25,1.03,14.67,0.6,8.35,35.28,0.2,3.98,,40.0,Good
249197,DL005,2018-09-25 06:00:00,15.5,4.5,1.25,0.5,1.3,16.05,0.63,8.08,33.12,0.2,3.93,,39.0,Good
249198,DL005,2018-09-25 07:00:00,10.25,11.25,1.03,2.38,2.1,17.15,0.7,10.8,32.45,0.28,5.05,,36.0,Good
249199,DL005,2018-09-25 08:00:00,18.75,22.0,0.95,2.53,2.12,17.3,0.78,10.67,42.65,0.48,18.57,,43.0,Good
249200,DL005,2018-09-25 09:00:00,23.0,36.0,1.0,3.45,2.65,17.5,0.75,7.75,38.05,0.58,28.58,,43.0,Good
249201,DL005,2018-09-25 10:00:00,20.0,40.5,1.4,4.3,3.45,17.92,0.78,5.32,31.68,0.6,22.75,,43.0,Good
249202,DL005,2018-09-25 11:00:00,22.75,33.25,1.95,2.7,3.0,17.35,0.6,1.75,20.68,0.4,11.95,,43.0,Good
249203,DL005,2018-09-25 12:00:00,28.75,24.75,1.55,4.0,3.38,18.38,0.65,4.98,19.1,0.35,6.5,,43.0,Good
249204,DL005,2018-09-25 13:00:00,22.0,23.75,1.75,3.75,3.45,16.15,0.7,2.57,26.27,0.43,6.4,,43.0,Good
249205,DL005,2018-09-25 14:00:00,24.25,21.5,2.6,3.85,4.2,16.55,0.67,5.0,34.5,,,,43.0,Good
249206,DL005,2018-09-25 15:00:00,30.0,19.0,2.78,7.42,6.2,17.83,0.75,9.88,33.4,8.5,133.85,,43.0,Good
249207,DL005,2018-09-25 16:00:00,26.25,28.5,2.07,11.13,7.6,18.32,0.83,9.78,44.5,,,,44.0,Good
249208,DL005,2018-09-25 17:00:00,22.25,40.5,2.5,12.8,8.9,17.4,0.8,10.8,39.3,,,,44.0,Good
249209,DL005,2018-09-25 18:00:00,18.75,49.75,1.25,6.75,4.62,17.5,0.87,9.35,35.25,,,,44.0,Good
249210,DL005,2018-09-25 19:00:00,25.25,69.25,1.8,6.85,5.12,16.88,1.03,6.8,19.75,,,,52.0,Satisfactory
249211,DL005,2018-09-25 20:00:00,34.5,97.25,3.2,8.97,7.35,18.3,1.52,3.22,9.6,,,,76.0,Satisfactory
249212,DL005,2018-09-25 21:00:00,47.0,129.5,5.6,8.75,9.23,18.22,1.18,5.58,9.53,,,,76.0,Satisfactory
249213,DL005,2018-09-25 22:00:00,36.25,111.75,7.85,7.78,10.55,18.32,1.1,9.57,8.62,,,,76.0,Satisfactory
249214,DL005,2018-09-25 23:00:00,39.0,93.5,8.13,7.3,10.52,18.43,1.0,14.22,9.8,,,,76.0,Satisfactory
249215,DL005,2018-09-26 00:00:00,37.25,76.25,7.52,7.05,9.88,18.27,0.95,13.97,9.7,,,,76.0,Satisfactory
249216,DL005,2018-09-26 01:00:00,39.5,66.5,5.73,5.02,7.38,17.7,0.85,14.32,16.2,,,,76.0,Satisfactory
249217,DL005,2018-09-26 02:00:00,32.25,40.75,3.83,3.38,4.92,17.13,0.8,14.07,33.0,,,,76.0,Satisfactory
249218,DL005,2018-09-26 03:00:00,31.0,43.0,3.9,2.5,4.5,26.5,,4.0,14.87,,,,76.0,Satisfactory
249219,DL005,2018-09-26 04:00:00,52.25,83.5,3.23,2.62,4.05,26.32,0.8,1.5,12.02,,,,59.0,Satisfactory
249220,DL005,2018-09-26 05:00:00,57.0,105.0,4.32,3.35,5.3,23.65,0.85,0.6,9.92,,,,55.0,Satisfactory
249221,DL005,2018-09-26 06:00:00,67.0,119.0,4.67,4.33,6.1,22.88,0.97,4.1,8.32,,,,58.0,Satisfactory
249222,DL005,2018-09-26 07:00:00,57.25,85.0,6.55,4.25,7.58,19.38,1.0,6.68,9.2,,,,61.0,Satisfactory
249223,DL005,2018-09-26 08:00:00,44.5,69.5,7.8,4.38,8.67,20.67,0.97,6.65,14.67,,,,63.0,Satisfactory
249224,DL005,2018-09-26 09:00:00,41.0,58.75,5.38,4.35,6.72,20.75,0.9,8.5,15.13,,,,64.0,Satisfactory
249225,DL005,2018-09-26 10:00:00,43.0,60.25,3.13,4.05,4.7,21.15,0.87,5.62,25.4,,,,65.0,Satisfactory
249226,DL005,2018-09-26 11:00:00,35.75,63.0,1.8,2.62,2.85,19.97,0.75,1.1,41.25,,,,66.0,Satisfactory
249227,DL005,2018-09-26 12:00:00,23.5,52.0,1.35,2.15,2.25,19.03,0.72,10.37,54.58,,,,67.0,Satisfactory
249228,DL005,2018-09-26 13:00:00,25.0,59.25,1.05,1.87,1.87,18.15,0.7,9.83,67.08,,,,68.0,Satisfactory
249229,DL005,2018-09-26 14:00:00,25.0,69.25,0.95,1.43,1.55,16.72,0.72,7.35,81.2,,,,81.0,Satisfactory
249230,DL005,2018-09-26 15:00:00,25.0,63.0,1.52,0.98,1.8,16.33,0.72,10.2,73.83,,,,81.0,Satisfactory
249231,DL005,2018-09-26 16:00:00,25.75,71.25,0.83,1.75,1.6,17.07,0.7,9.67,75.75,,,,81.0,Satisfactory
249232,DL005,2018-09-26 17:00:00,30.75,84.0,0.48,1.85,1.4,18.83,0.75,6.7,85.55,,121.85,,86.0,Satisfactory
249233,DL005,2018-09-26 18:00:00,38.0,106.75,0.98,3.03,2.4,19.03,0.95,6.6,71.97,,,,86.0,Satisfactory
249234,DL005,2018-09-26 19:00:00,39.25,154.25,2.2,12.17,8.3,17.97,1.5,3.82,25.83,,,,86.0,Satisfactory
249235,DL005,2018-09-26 20:00:00,55.75,273.75,8.82,21.3,18.5,20.45,2.05,3.15,10.1,,,,101.0,Moderate
249236,DL005,2018-09-26 21:00:00,69.0,332.5,15.22,18.38,22.2,19.42,2.0,7.73,9.95,,,,101.0,Moderate
249237,DL005,2018-09-26 22:00:00,73.75,302.5,14.58,14.97,19.85,21.55,1.75,10.4,10.3,,,,104.0,Moderate
249238,DL005,2018-09-26 23:00:00,75.25,253.0,27.85,13.38,29.8,24.93,1.98,16.72,8.1,,,,108.0,Moderate
249239,DL005,2018-09-27 00:00:00,90.25,323.5,27.82,12.5,29.35,25.95,1.8,17.15,9.62,,203.7,,115.0,Moderate
249240,DL005,2018-09-27 01:00:00,90.25,200.0,24.7,10.3,25.65,25.43,1.37,17.32,8.9,,,,119.0,Moderate
249241,DL005,2018-09-27 02:00:00,91.25,158.5,18.7,7.7,19.32,23.7,1.3,15.98,29.75,,,,122.0,Moderate
249242,DL005,2018-09-27 03:00:00,78.0,139.75,15.0,5.3,15.1,25.7,,2.5,11.72,,,,125.0,Moderate
249243,DL005,2018-09-27 04:00:00,92.25,162.0,13.5,5.67,14.03,23.08,1.3,2.03,11.25,,,,127.0,Moderate
249244,DL005,2018-09-27 05:00:00,106.25,187.0,12.48,5.28,13.0,22.65,1.5,5.3,11.03,,,,129.0,Moderate
249245,DL005,2018-09-27 06:00:00,125.75,234.75,15.12,4.88,14.9,23.62,1.47,4.67,9.25,,,,132.0,Moderate
249246,DL005,2018-09-27 07:00:00,117.5,212.0,23.32,6.45,22.45,27.17,1.58,6.75,9.17,,,,136.0,Moderate
249247,DL005,2018-09-27 08:00:00,105.0,202.75,23.55,6.58,22.7,27.23,1.45,6.83,12.58,,,,140.0,Moderate
249248,DL005,2018-09-27 09:00:00,80.0,129.5,16.95,8.95,18.63,27.32,1.15,9.88,12.98,,,,142.0,Moderate
249249,DL005,2018-09-27 10:00:00,71.75,122.5,10.07,5.8,11.28,26.53,0.92,11.62,19.8,,,,143.0,Moderate
249250,DL005,2018-09-27 11:00:00,54.5,105.75,4.42,4.55,6.02,22.7,0.92,4.85,44.6,,,,144.0,Moderate
249251,DL005,2018-09-27 12:00:00,49.0,103.0,2.17,2.9,3.3,21.93,0.9,2.1,71.23,,,,146.0,Moderate
249252,DL005,2018-09-27 13:00:00,47.25,97.0,1.5,2.42,2.52,23.2,0.85,2.9,87.95,,,,147.0,Moderate
249253,DL005,2018-09-27 14:00:00,50.75,102.0,1.43,2.2,2.38,25.88,0.85,3.1,96.33,,,,148.0,Moderate
249254,DL005,2018-09-27 15:00:00,51.75,118.0,1.23,1.65,1.87,26.9,0.8,9.18,93.6,,,,149.0,Moderate
249255,DL005,2018-09-27 16:00:00,54.75,121.5,0.85,1.97,1.75,28.5,0.8,7.55,96.4,,,,151.0,Moderate
249256,DL005,2018-09-27 17:00:00,48.0,126.75,1.35,2.45,2.4,28.75,0.72,4.65,101.88,,,,152.0,Moderate
249257,DL005,2018-09-27 18:00:00,48.5,143.0,0.95,3.22,2.47,26.95,0.85,3.95,86.1,,131.05,,153.0,Moderate
249258,DL005,2018-09-27 19:00:00,53.25,180.5,1.43,9.28,6.1,24.02,1.25,1.1,44.62,,133.65,,154.0,Moderate
249259,DL005,2018-09-27 20:00:00,71.0,264.75,2.5,15.92,10.53,27.0,1.75,0.5,20.8,,309.95,,153.0,Moderate
249260,DL005,2018-09-27 21:00:00,101.75,344.0,11.73,18.78,19.6,30.2,2.28,7.83,10.88,,237.3,,154.0,Moderate
249261,DL005,2018-09-27 22:00:00,122.25,437.0,14.62,15.85,20.37,31.7,2.45,6.3,10.7,,188.2,,161.0,Moderate
249262,DL005,2018-09-27 23:00:00,118.75,437.25,16.97,13.05,20.82,33.05,2.23,16.33,10.28,,206.92,,167.0,Moderate
249263,DL005,2018-09-28 00:00:00,103.75,360.0,16.57,12.22,20.0,31.32,1.68,16.03,10.5,,196.78,,169.0,Moderate
249264,DL005,2018-09-28 01:00:00,107.75,303.25,27.15,10.5,27.8,31.1,2.1,16.2,11.35,,227.85,,171.0,Moderate
249265,DL005,2018-09-28 02:00:00,134.25,334.5,39.77,8.05,36.75,27.78,2.07,16.32,28.35,,311.72,,177.0,Moderate
249266,DL005,2018-09-28 03:00:00,114.5,272.25,31.4,9.6,30.8,29.7,,2.6,13.08,,273.75,,182.0,Moderate
249267,DL005,2018-09-28 04:00:00,105.75,216.25,34.02,8.5,32.25,26.07,1.75,4.15,12.38,,302.65,,184.0,Moderate
249268,DL005,2018-09-28 05:00:00,101.25,211.0,29.73,8.28,28.67,28.53,1.58,3.62,10.95,,274.47,,183.0,Moderate
249269,DL005,2018-09-28 06:00:00,104.0,203.5,31.23,5.65,28.5,32.2,1.68,3.1,11.35,,271.98,,180.0,Moderate
249270,DL005,2018-09-28 07:00:00,119.5,235.5,36.2,5.1,32.25,35.58,2.05,8.8,11.95,,275.62,,180.0,Moderate
249271,DL005,2018-09-28 08:00:00,131.25,262.0,51.88,13.82,49.65,38.03,2.95,9.83,16.68,,254.4,,184.0,Moderate
249272,DL005,2018-09-28 09:00:00,155.25,316.5,40.23,28.07,47.68,39.42,2.22,10.97,13.7,,167.08,,195.0,Moderate
249273,DL005,2018-09-28 10:00:00,128.0,242.5,24.42,18.53,29.75,38.4,1.43,7.38,26.85,,121.5,,202.0,Poor
249274,DL005,2018-09-28 11:00:00,97.0,194.25,9.12,14.02,14.88,33.1,1.05,1.2,78.6,,,,208.0,Poor
249275,DL005,2018-09-28 12:00:00,70.25,164.5,2.38,11.2,7.92,37.12,0.97,1.4,119.05,,,,211.0,Poor
249276,DL005,2018-09-28 13:00:00,72.0,163.5,1.1,6.3,4.22,38.18,0.78,6.4,106.0,,,,215.0,Poor
249277,DL005,2018-09-28 14:00:00,46.5,131.5,1.33,4.47,3.43,34.45,0.7,4.65,103.25,,,,214.0,Poor
249278,DL005,2018-09-28 15:00:00,42.0,112.25,1.05,2.88,2.4,31.25,0.7,8.98,115.43,,,,213.0,Poor
249279,DL005,2018-09-28 16:00:00,41.0,112.75,1.03,2.75,2.3,30.08,0.63,9.98,99.15,,,,211.0,Poor
249280,DL005,2018-09-28 17:00:00,37.0,114.75,1.25,3.32,2.83,27.85,0.65,8.47,93.67,,,,209.0,Poor
249281,DL005,2018-09-28 18:00:00,35.5,143.25,1.53,9.3,6.2,25.9,0.85,7.93,56.0,,,,207.0,Poor
249282,DL005,2018-09-28 19:00:00,52.25,274.0,1.97,16.35,10.28,30.98,1.53,4.08,29.1,,239.2,,207.0,Poor
249283,DL005,2018-09-28 20:00:00,93.0,533.0,9.88,19.62,18.48,30.9,2.27,3.62,11.58,,236.05,,210.0,Poor
249284,DL005,2018-09-28 21:00:00,118.75,658.5,21.57,19.95,28.2,35.23,2.62,9.23,13.08,,379.62,,218.0,Poor
249285,DL005,2018-09-28 22:00:00,158.75,558.75,14.3,22.22,23.47,35.0,2.02,7.02,13.22,,,,223.0,Poor
249286,DL005,2018-09-28 23:00:00,153.5,500.5,16.2,18.78,23.25,34.88,2.2,15.35,11.93,,487.6,,226.0,Poor
249287,DL005,2018-09-29 00:00:00,145.5,607.25,23.42,18.72,29.05,33.13,2.15,16.1,11.42,,245.85,,236.0,Poor
249288,DL005,2018-09-29 01:00:00,137.75,465.25,29.8,18.07,33.9,32.4,1.95,16.85,29.68,,294.7,,243.0,Poor
249289,DL005,2018-09-29 02:00:00,142.5,383.25,49.45,9.55,45.35,29.32,2.22,15.62,33.65,,276.63,,245.0,Poor
249290,DL005,2018-09-29 03:00:00,129.25,430.25,56.2,12.4,52.4,38.1,,7.3,17.55,,314.22,,251.0,Poor
249291,DL005,2018-09-29 04:00:00,117.5,356.5,53.53,11.17,49.65,31.82,1.85,8.13,22.28,,334.35,,257.0,Poor
249292,DL005,2018-09-29 05:00:00,111.0,305.25,54.55,11.23,50.45,36.02,1.85,7.1,14.45,,284.9,,261.0,Poor
249293,DL005,2018-09-29 06:00:00,127.5,293.5,50.85,11.98,47.83,39.4,1.87,5.65,19.78,,236.08,,265.0,Poor
249294,DL005,2018-09-29 07:00:00,142.5,337.5,54.52,11.72,50.68,45.57,2.02,8.12,19.4,,200.7,,269.0,Poor
249295,DL005,2018-09-29 08:00:00,140.0,366.0,56.25,13.0,52.77,43.67,1.97,11.53,16.33,,157.52,,274.0,Poor
249296,DL005,2018-09-29 09:00:00,119.75,359.0,47.3,17.65,47.95,50.23,1.82,10.38,15.85,,114.0,,275.0,Poor
249297,DL005,2018-09-29 10:00:00,118.5,332.25,29.62,24.2,37.0,53.22,1.7,7.3,20.17,,,,279.0,Poor
249298,DL005,2018-09-29 11:00:00,106.25,309.5,11.78,27.0,23.98,54.1,1.53,2.15,56.43,,,,284.0,Poor
249299,DL005,2018-09-29 12:00:00,89.0,267.25,2.38,16.98,10.95,52.6,1.05,0.9,118.93,,,,288.0,Poor
249300,DL005,2018-09-29 13:00:00,60.75,189.75,1.25,9.85,6.3,49.53,1.03,0.8,161.55,,,,289.0,Poor
249301,DL005,2018-09-29 14:00:00,85.5,189.5,1.07,8.08,5.2,51.98,1.1,0.78,196.55,,,,292.0,Poor
249302,DL005,2018-09-29 15:00:00,91.75,194.5,0.92,7.3,4.62,53.48,1.1,11.75,161.83,,,,295.0,Poor
249303,DL005,2018-09-29 16:00:00,87.0,193.75,1.15,5.52,3.92,49.93,0.8,11.3,101.23,,,,298.0,Poor
249304,DL005,2018-09-29 17:00:00,61.5,165.0,1.12,5.25,3.68,44.0,0.9,6.57,95.8,,,,301.0,Very Poor
249305,DL005,2018-09-29 18:00:00,72.25,183.5,0.7,6.98,4.3,43.0,0.97,7.05,73.55,,,,303.0,Very Poor
249306,DL005,2018-09-29 19:00:00,67.75,199.75,1.03,9.7,6.0,39.65,1.15,8.77,49.9,,141.8,,299.0,Poor
249307,DL005,2018-09-29 20:00:00,85.0,230.0,4.03,16.6,12.1,39.95,1.6,6.83,15.1,,,,287.0,Poor
249308,DL005,2018-09-29 21:00:00,102.25,264.75,4.98,15.32,12.2,41.12,1.55,11.35,11.47,,,,271.0,Poor
249309,DL005,2018-09-29 22:00:00,94.5,236.0,3.85,9.25,8.08,39.52,1.2,10.38,15.28,,,,260.0,Poor
249310,DL005,2018-09-29 23:00:00,75.5,179.25,3.18,9.4,7.6,38.85,1.08,14.15,18.05,,,,249.0,Poor
249311,DL005,2018-09-30 00:00:00,68.25,146.5,2.2,5.55,4.8,38.02,1.0,17.5,21.68,,,,238.0,Poor
249312,DL005,2018-09-30 01:00:00,73.0,125.75,1.6,5.53,4.23,35.95,0.97,18.9,19.38,,,,229.0,Poor
249313,DL005,2018-09-30 02:00:00,78.5,118.5,1.42,3.25,2.9,35.8,0.9,17.7,35.75,,,,220.0,Poor
249314,DL005,2018-09-30 03:00:00,60.0,110.25,1.7,6.9,5.0,35.2,,1.0,21.33,,,,210.0,Poor
249315,DL005,2018-09-30 04:00:00,72.75,135.0,2.27,5.95,5.02,36.62,1.05,3.28,15.65,,,,204.0,Poor
249316,DL005,2018-09-30 05:00:00,97.25,183.25,2.12,4.8,4.3,40.02,1.1,2.43,12.1,,,,202.0,Poor
249317,DL005,2018-09-30 06:00:00,80.75,154.0,3.02,5.27,5.27,37.28,1.1,3.0,11.65,,,,196.0,Moderate
249318,DL005,2018-09-30 07:00:00,78.25,129.0,4.12,5.73,6.4,38.78,1.22,3.17,8.45,,,,187.0,Moderate
249319,DL005,2018-09-30 08:00:00,89.0,158.75,4.77,5.77,6.98,38.42,1.22,7.12,11.4,,,,180.0,Moderate
249320,DL005,2018-09-30 09:00:00,78.75,141.0,4.12,4.6,5.78,36.93,0.95,6.93,11.95,,,,174.0,Moderate
249321,DL005,2018-09-30 10:00:00,66.5,119.5,2.3,3.9,3.95,35.83,0.92,4.4,22.8,,,,167.0,Moderate
249322,DL005,2018-09-30 11:00:00,61.5,119.25,1.3,3.52,2.92,31.25,0.83,,53.23,,,,161.0,Moderate
249323,DL005,2018-09-30 12:00:00,40.0,96.75,1.3,2.58,2.47,25.25,0.78,0.8,75.92,,,,154.0,Moderate
249324,DL005,2018-09-30 13:00:00,33.25,96.75,1.1,3.23,2.62,27.05,0.7,3.2,82.15,,,,150.0,Moderate
249325,DL005,2018-09-30 14:00:00,32.0,95.25,1.1,4.45,3.25,25.05,0.68,7.95,89.02,,,,143.0,Moderate
249326,DL005,2018-09-30 15:00:00,33.25,108.75,1.6,3.6,3.22,22.45,0.6,8.22,101.85,,,,136.0,Moderate
249327,DL005,2018-09-30 16:00:00,29.25,97.5,1.03,2.75,2.3,23.25,0.6,9.58,105.07,,,,133.0,Moderate
249328,DL005,2018-09-30 17:00:00,33.25,86.5,1.25,3.12,2.7,28.2,0.67,5.65,102.2,,,,131.0,Moderate
249329,DL005,2018-09-30 18:00:00,35.5,100.25,1.25,5.07,3.75,30.32,0.75,1.77,91.75,,,,129.0,Moderate
249330,DL005,2018-09-30 19:00:00,46.75,138.5,1.8,12.82,8.28,30.4,1.2,2.43,44.7,,,,127.0,Moderate
249331,DL005,2018-09-30 20:00:00,73.25,214.0,2.92,20.62,13.35,30.85,1.58,,14.5,,,,127.0,Moderate
249332,DL005,2018-09-30 21:00:00,94.25,263.75,3.9,19.95,13.78,32.47,1.6,4.87,11.52,,108.2,,126.0,Moderate
249333,DL005,2018-09-30 22:00:00,98.0,246.5,4.5,17.17,12.77,31.58,1.45,6.98,15.73,,152.8,,127.0,Moderate
249334,DL005,2018-09-30 23:00:00,85.25,194.5,5.2,14.95,12.2,32.55,1.25,8.45,14.3,,126.1,,127.0,Moderate
249335,DL005,2018-10-01 00:00:00,76.5,156.25,3.78,12.78,9.88,31.73,1.18,13.35,15.62,,,,127.0,Moderate
249336,DL005,2018-10-01 01:00:00,83.25,150.5,3.38,10.68,8.38,31.12,1.18,13.73,12.02,,,,128.0,Moderate
249337,DL005,2018-10-01 02:00:00,80.75,157.75,3.05,8.25,6.88,32.1,1.15,13.3,28.25,,,,129.0,Moderate
249338,DL005,2018-10-01 03:00:00,82.25,131.0,3.3,8.8,7.3,39.2,,6.6,13.73,,,,130.0,Moderate
249339,DL005,2018-10-01 04:00:00,86.25,137.0,3.65,7.53,7.0,34.35,1.1,1.72,10.28,,,,130.0,Moderate
249340,DL005,2018-10-01 05:00:00,83.25,157.25,5.03,8.03,8.35,38.47,1.13,2.57,8.6,,,,129.0,Moderate
249341,DL005,2018-10-01 06:00:00,97.25,179.5,6.1,7.32,8.83,34.88,1.2,2.3,8.83,,,,130.0,Moderate
249342,DL005,2018-10-01 07:00:00,95.5,154.25,9.28,7.95,11.8,35.95,1.35,4.38,8.07,,,,131.0,Moderate
249343,DL005,2018-10-01 08:00:00,101.0,178.75,12.3,8.78,14.73,38.35,1.28,6.0,8.67,,,,131.0,Moderate
249344,DL005,2018-10-01 09:00:00,83.25,163.5,8.75,6.83,10.75,38.55,1.03,8.07,14.28,,,,132.0,Moderate
249345,DL005,2018-10-01 10:00:00,74.75,154.5,4.65,6.0,7.0,35.15,0.95,6.18,28.03,,,,133.0,Moderate
249346,DL005,2018-10-01 11:00:00,71.5,170.75,1.85,5.38,4.35,33.08,0.85,3.0,68.35,,,,134.0,Moderate
249347,DL005,2018-10-01 12:00:00,57.0,146.0,1.28,3.65,2.97,28.55,0.72,0.82,92.72,,,,136.0,Moderate
249348,DL005,2018-10-01 13:00:00,40.0,130.75,1.2,3.65,2.93,31.53,0.8,2.75,121.22,,,,136.0,Moderate
249349,DL005,2018-10-01 14:00:00,50.5,139.0,1.08,3.45,2.73,34.1,0.8,4.4,133.67,,,,150.0,Moderate
249350,DL005,2018-10-01 15:00:00,44.5,140.25,1.57,3.47,3.15,34.25,0.8,7.4,115.38,,,,150.0,Moderate
249351,DL005,2018-10-01 16:00:00,41.5,145.75,1.35,2.28,2.27,31.38,0.7,10.17,113.7,,,,150.0,Moderate
249352,DL005,2018-10-01 17:00:00,45.75,151.25,1.17,4.08,3.12,32.17,0.75,7.67,111.12,,,,150.0,Moderate
249353,DL005,2018-10-01 18:00:00,49.75,167.0,0.95,7.43,4.73,32.35,0.92,5.38,87.08,,,,150.0,Moderate
249354,DL005,2018-10-01 19:00:00,67.25,226.75,1.5,13.38,8.35,33.22,1.2,3.62,55.42,,233.88,,150.0,Moderate
249355,DL005,2018-10-01 20:00:00,82.75,285.25,3.15,24.2,15.48,30.77,1.75,2.6,16.67,,261.47,,150.0,Moderate
249356,DL005,2018-10-01 21:00:00,104.25,330.75,3.88,23.0,15.4,35.8,1.78,7.07,20.97,,239.3,,150.0,Moderate
249357,DL005,2018-10-01 22:00:00,118.5,332.0,3.05,12.55,9.12,36.27,1.3,8.83,55.2,,332.38,,152.0,Moderate
249358,DL005,2018-10-01 23:00:00,120.25,296.25,2.0,8.65,6.25,36.9,1.18,7.9,55.65,,263.27,,155.0,Moderate
249359,DL005,2018-10-02 00:00:00,114.5,252.75,1.87,11.97,7.93,35.4,1.22,14.03,33.17,,250.22,,160.0,Moderate
249360,DL005,2018-10-02 01:00:00,115.5,245.5,3.07,15.03,10.5,33.35,1.27,15.08,11.2,,161.35,,165.0,Moderate
249361,DL005,2018-10-02 02:00:00,97.75,214.75,3.9,12.78,9.95,33.48,1.27,13.5,27.4,,,,167.0,Moderate
249362,DL005,2018-10-02 03:00:00,115.0,217.25,2.1,9.3,6.6,44.5,,11.1,20.48,,,,172.0,Moderate
249363,DL005,2018-10-02 04:00:00,144.5,242.25,2.48,7.17,5.8,37.2,1.3,8.88,24.2,,,,180.0,Moderate
249364,DL005,2018-10-02 05:00:00,121.75,225.75,2.62,7.48,6.12,35.45,1.3,7.77,13.45,,,,185.0,Moderate
249365,DL005,2018-10-02 06:00:00,115.25,205.0,5.07,9.55,9.23,38.6,1.45,5.43,8.32,,,,188.0,Moderate
249366,DL005,2018-10-02 07:00:00,131.5,240.0,9.85,6.85,11.65,39.15,1.67,4.82,8.95,,,,193.0,Moderate
249367,DL005,2018-10-02 08:00:00,158.0,309.0,15.32,7.9,16.68,50.05,1.75,10.72,10.27,,,,201.0,Poor
249368,DL005,2018-10-02 09:00:00,169.0,291.5,10.5,8.85,13.28,48.37,1.52,8.17,14.03,,,,213.0,Poor
249369,DL005,2018-10-02 10:00:00,127.0,225.0,4.93,7.95,8.22,43.85,1.05,4.68,33.55,,,,220.0,Poor
249370,DL005,2018-10-02 11:00:00,85.75,174.75,1.28,5.65,4.02,41.52,0.92,1.18,69.6,,,,222.0,Poor
249371,DL005,2018-10-02 12:00:00,64.5,146.5,0.72,3.65,2.55,37.2,0.85,3.7,92.15,,,,223.0,Poor
249372,DL005,2018-10-02 13:00:00,49.75,135.25,0.83,3.4,2.52,38.52,0.8,4.75,105.88,,,,224.0,Poor
249373,DL005,2018-10-02 14:00:00,52.25,134.75,1.03,3.12,2.48,37.55,0.75,2.45,98.28,,,,225.0,Poor
249374,DL005,2018-10-02 15:00:00,41.25,133.25,1.0,2.82,2.32,33.75,0.73,6.08,91.12,,,,224.0,Poor
249375,DL005,2018-10-02 16:00:00,36.0,113.0,1.25,1.78,1.97,31.15,0.65,10.35,101.23,,,,223.0,Poor
249376,DL005,2018-10-02 17:00:00,44.25,119.25,1.17,1.5,1.77,33.3,0.68,10.07,102.9,,,,223.0,Poor
249377,DL005,2018-10-02 18:00:00,44.0,143.5,0.88,2.77,2.18,31.4,0.65,5.08,86.7,,276.1,,222.0,Poor
249378,DL005,2018-10-02 19:00:00,53.5,174.0,1.27,10.7,6.75,29.55,0.95,5.7,32.4,,197.0,,220.0,Poor
249379,DL005,2018-10-02 20:00:00,67.25,213.0,2.88,15.7,10.72,31.35,1.25,4.4,17.0,,,,218.0,Poor
249380,DL005,2018-10-02 21:00:00,81.5,208.5,3.35,12.68,9.45,33.78,1.25,10.67,18.78,,,,215.0,Poor
249381,DL005,2018-10-02 22:00:00,94.25,224.75,4.75,12.8,10.67,34.7,1.28,10.65,11.42,,,,212.0,Poor
249382,DL005,2018-10-02 23:00:00,84.75,221.25,3.73,10.88,8.83,29.33,1.1,9.83,11.18,,,,207.0,Poor
249383,DL005,2018-10-03 00:00:00,64.0,184.5,6.57,10.28,10.85,28.22,1.08,19.5,6.8,,236.55,,200.0,Moderate
249384,DL005,2018-10-03 01:00:00,71.25,182.75,7.57,9.0,11.0,28.27,1.0,17.35,7.05,,,,194.0,Moderate
249385,DL005,2018-10-03 02:00:00,84.25,186.75,5.85,7.03,8.53,27.5,0.9,15.9,19.2,,,,192.0,Moderate
249386,DL005,2018-10-03 03:00:00,82.0,160.0,4.15,12.15,9.85,33.58,1.5,10.5,10.22,,,,187.0,Moderate
249387,DL005,2018-10-03 04:00:00,81.0,139.75,4.8,7.1,7.7,29.15,0.97,5.2,8.5,,,,178.0,Moderate
249388,DL005,2018-10-03 05:00:00,102.5,193.75,6.42,7.5,9.22,33.45,1.03,11.27,8.8,,,,176.0,Moderate
249389,DL005,2018-10-03 06:00:00,94.25,164.75,7.5,6.78,9.73,30.35,1.15,2.03,10.88,,,,173.0,Moderate
249390,DL005,2018-10-03 07:00:00,98.5,195.0,9.72,6.85,11.55,32.88,1.25,2.3,12.3,,,,168.0,Moderate
249391,DL005,2018-10-03 08:00:00,123.25,258.5,15.28,9.7,17.62,39.45,1.53,6.83,10.65,,,,163.0,Moderate
249392,DL005,2018-10-03 09:00:00,122.25,267.75,11.55,7.78,13.55,30.33,1.0,10.6,9.52,,,,157.0,Moderate
249393,DL005,2018-10-03 10:00:00,71.25,158.75,6.93,8.6,10.25,28.98,0.92,6.18,16.05,,,,151.0,Moderate
249394,DL005,2018-10-03 11:00:00,66.25,162.0,2.8,8.97,7.0,29.72,0.75,3.1,43.58,,,,151.0,Moderate
249395,DL005,2018-10-03 12:00:00,55.25,140.0,1.35,6.73,4.7,29.43,0.8,2.78,100.68,,,,150.0,Moderate
249396,DL005,2018-10-03 13:00:00,46.5,120.0,0.9,5.12,3.47,30.1,0.7,1.95,108.75,,,,150.0,Moderate
249397,DL005,2018-10-03 14:00:00,43.5,116.5,1.42,3.8,3.2,30.17,0.85,4.05,120.95,,,,149.0,Moderate
249398,DL005,2018-10-03 15:00:00,41.25,107.25,1.5,4.3,3.5,30.5,0.83,8.05,143.25,,,,164.0,Moderate
249399,DL005,2018-10-03 16:00:00,44.75,135.5,0.92,3.35,2.55,29.07,0.6,13.73,123.98,,105.8,,164.0,Moderate
249400,DL005,2018-10-03 17:00:00,37.25,131.0,0.85,4.12,2.93,28.75,0.67,15.8,116.52,,122.4,,164.0,Moderate
249401,DL005,2018-10-03 18:00:00,48.75,156.75,0.92,6.3,4.1,32.95,0.78,16.35,113.75,,251.93,,164.0,Moderate
249402,DL005,2018-10-03 19:00:00,71.5,256.75,1.02,16.12,9.4,33.1,1.25,15.5,32.58,,384.07,,164.0,Moderate
249403,DL005,2018-10-03 20:00:00,100.75,404.25,4.05,18.2,12.9,33.38,1.58,10.5,18.72,,406.7,,164.0,Moderate
249404,DL005,2018-10-03 21:00:00,116.0,419.25,13.7,15.9,19.67,35.5,1.47,5.95,11.33,,169.72,,164.0,Moderate
249405,DL005,2018-10-03 22:00:00,127.0,454.5,12.82,17.02,19.52,38.55,1.53,5.18,14.15,,344.62,,170.0,Moderate
249406,DL005,2018-10-03 23:00:00,120.75,345.5,7.55,10.48,11.75,36.48,0.97,5.62,44.28,,240.45,,173.0,Moderate
249407,DL005,2018-10-04 00:00:00,105.5,243.0,4.32,7.75,7.67,34.85,0.92,7.2,43.85,,250.8,,175.0,Moderate
249408,DL005,2018-10-04 01:00:00,92.0,227.5,1.93,6.85,5.23,35.82,1.03,9.05,27.0,,189.2,,176.0,Moderate
249409,DL005,2018-10-04 02:00:00,100.75,225.0,2.03,8.27,6.05,36.17,1.1,9.92,17.5,,157.8,,177.0,Moderate
249410,DL005,2018-10-04 03:00:00,105.25,216.5,12.82,13.03,17.37,40.8,1.82,7.2,10.7,,207.3,,180.0,Moderate
249411,DL005,2018-10-04 04:00:00,113.75,191.0,1.85,4.68,4.0,41.9,1.08,8.25,15.28,,336.12,,185.0,Moderate
249412,DL005,2018-10-04 05:00:00,84.25,163.0,1.85,3.62,3.45,35.03,0.92,5.22,20.57,,216.3,,182.0,Moderate
249413,DL005,2018-10-04 06:00:00,63.25,161.75,1.6,4.15,3.48,33.52,0.92,5.23,21.98,,250.7,,179.0,Moderate
249414,DL005,2018-10-04 07:00:00,75.5,190.75,2.65,5.72,5.22,33.6,1.2,5.07,12.25,,142.7,,179.0,Moderate
249415,DL005,2018-10-04 08:00:00,96.5,263.75,4.85,8.95,8.73,39.33,1.32,9.0,10.28,,127.8,,179.0,Moderate
249416,DL005,2018-10-04 09:00:00,107.75,259.0,5.93,8.27,9.2,42.75,1.22,10.42,13.38,,,,179.0,Moderate
249417,DL005,2018-10-04 10:00:00,99.25,225.0,3.47,8.28,7.25,42.3,1.13,7.6,31.05,,,,181.0,Moderate
249418,DL005,2018-10-04 11:00:00,99.75,237.0,1.22,11.15,6.93,43.95,1.35,8.6,104.45,,,,183.0,Moderate
249419,DL005,2018-10-04 12:00:00,111.5,299.0,1.15,14.98,8.9,41.9,1.35,8.63,97.2,,,,187.0,Moderate
249420,DL005,2018-10-04 13:00:00,91.25,264.0,1.47,14.58,8.92,38.27,1.18,10.02,10.95,,,,191.0,Moderate
249421,DL005,2018-10-04 14:00:00,80.75,242.0,1.0,11.33,6.88,36.3,1.08,10.73,11.15,,,,197.0,Moderate
249422,DL005,2018-10-04 15:00:00,95.5,250.0,0.97,11.17,6.72,38.73,1.2,10.33,18.35,,154.4,,204.0,Poor
249423,DL005,2018-10-04 16:00:00,124.5,317.5,0.88,10.22,6.15,36.1,1.03,8.68,59.63,,146.95,,215.0,Poor
249424,DL005,2018-10-04 17:00:00,95.75,247.0,0.75,8.15,4.95,33.5,0.8,6.12,165.62,,,,223.0,Poor
249425,DL005,2018-10-04 18:00:00,94.25,234.25,1.35,8.65,5.75,33.08,0.92,3.1,117.82,,470.1,,230.0,Poor
249426,DL005,2018-10-04 19:00:00,115.5,334.75,0.83,12.33,7.2,31.55,1.2,3.6,59.55,,419.45,,236.0,Poor
249427,DL005,2018-10-04 20:00:00,108.25,419.0,1.5,19.32,11.53,34.35,1.68,5.05,25.03,,194.02,,237.0,Poor
249428,DL005,2018-10-04 21:00:00,122.0,421.25,3.3,18.77,12.67,32.95,1.82,7.65,11.8,,125.65,,238.0,Poor
249429,DL005,2018-10-04 22:00:00,140.5,532.75,16.72,18.38,23.58,34.87,2.7,8.2,11.6,,120.1,,239.0,Poor
249430,DL005,2018-10-04 23:00:00,163.75,602.0,31.9,20.38,36.82,39.12,2.53,9.47,10.95,,183.35,,245.0,Poor
249431,DL005,2018-10-05 00:00:00,173.25,494.25,30.1,18.98,27.33,37.77,2.07,9.63,11.72,,241.12,,255.0,Poor
249432,DL005,2018-10-05 01:00:00,168.0,434.0,35.9,16.12,30.82,38.68,2.02,8.52,10.8,,379.5,,265.0,Poor
249433,DL005,2018-10-05 02:00:00,165.25,420.0,36.7,15.45,38.18,37.05,1.95,13.6,26.57,,358.45,,274.0,Poor
249434,DL005,2018-10-05 03:00:00,155.25,353.5,12.43,17.97,19.67,33.77,2.38,8.02,10.35,,257.25,,281.0,Poor
249435,DL005,2018-10-05 04:00:00,147.25,325.75,28.45,13.5,30.35,37.95,1.53,9.4,9.62,,173.55,,286.0,Poor
249436,DL005,2018-10-05 05:00:00,148.5,310.25,24.35,13.73,27.18,40.15,1.63,7.55,10.72,,137.03,,295.0,Poor
249437,DL005,2018-10-05 06:00:00,196.25,364.25,22.58,12.12,24.88,52.13,1.8,8.43,11.17,,117.4,,303.0,Very Poor
249438,DL005,2018-10-05 07:00:00,238.25,428.0,24.75,10.97,26.0,49.38,1.97,7.52,16.35,,184.65,,308.0,Very Poor
249439,DL005,2018-10-05 08:00:00,194.75,398.0,24.02,12.7,26.38,55.85,1.95,9.2,14.6,,232.55,,311.0,Very Poor
249440,DL005,2018-10-05 09:00:00,196.0,424.25,18.6,15.1,23.18,55.98,1.6,19.08,12.62,,172.2,,314.0,Very Poor
249441,DL005,2018-10-05 10:00:00,151.25,355.5,10.38,13.65,15.67,49.72,1.13,18.82,13.48,,140.08,,316.0,Very Poor
249442,DL005,2018-10-05 11:00:00,100.0,294.0,3.3,9.53,7.75,52.23,0.92,17.67,28.1,,132.4,,319.0,Very Poor
249443,DL005,2018-10-05 12:00:00,79.25,215.5,1.35,5.77,4.15,53.5,0.92,15.15,77.2,,125.83,,315.0,Very Poor
249444,DL005,2018-10-05 13:00:00,81.0,198.0,1.38,5.2,3.93,48.75,0.9,12.05,133.78,,235.08,,315.0,Very Poor
249445,DL005,2018-10-05 14:00:00,80.5,198.0,1.08,5.6,3.85,47.5,0.83,14.23,144.33,,176.7,,315.0,Very Poor
249446,DL005,2018-10-05 15:00:00,68.5,180.75,4.92,5.52,3.82,46.13,1.03,13.9,160.57,,116.6,,314.0,Very Poor
249447,DL005,2018-10-05 16:00:00,67.5,183.25,1.55,5.03,3.95,42.98,0.7,16.23,158.22,,155.25,,312.0,Very Poor
249448,DL005,2018-10-05 17:00:00,79.5,192.0,0.55,5.38,3.35,35.4,0.8,17.25,181.8,,201.73,,311.0,Very Poor
249449,DL005,2018-10-05 18:00:00,80.25,215.0,0.88,11.5,6.85,39.4,0.92,14.45,111.35,,204.55,,311.0,Very Poor
249450,DL005,2018-10-05 19:00:00,75.25,234.25,1.35,27.35,15.7,33.43,1.3,13.0,37.02,,360.98,,310.0,Very Poor
249451,DL005,2018-10-05 20:00:00,98.75,316.0,5.8,29.33,20.38,37.68,1.77,12.38,8.95,,290.75,,309.0,Very Poor
249452,DL005,2018-10-05 21:00:00,116.75,356.75,13.6,23.22,23.45,39.38,1.52,5.95,9.08,,162.67,,309.0,Very Poor
249453,DL005,2018-10-05 22:00:00,123.75,317.75,15.6,19.55,23.12,40.88,1.55,5.3,11.12,,178.18,,309.0,Very Poor
249454,DL005,2018-10-05 23:00:00,116.75,241.25,14.97,15.78,20.63,42.57,1.45,5.55,11.35,,201.4,,307.0,Very Poor
249455,DL005,2018-10-06 00:00:00,125.25,235.75,14.25,13.78,18.93,41.7,1.3,6.72,9.45,,288.23,,306.0,Very Poor
249456,DL005,2018-10-06 01:00:00,110.5,202.25,10.93,10.4,14.45,40.8,1.3,7.23,11.55,,344.9,,304.0,Very Poor
249457,DL005,2018-10-06 02:00:00,141.25,210.75,8.92,8.58,11.82,42.28,1.35,6.43,19.78,,212.55,,303.0,Very Poor
249458,DL005,2018-10-06 03:00:00,127.75,209.25,13.92,18.4,21.15,42.35,1.7,6.85,10.08,,144.1,,302.0,Very Poor
249459,DL005,2018-10-06 04:00:00,119.75,213.25,6.72,7.97,9.7,39.33,1.2,9.05,9.15,,,,301.0,Very Poor
249460,DL005,2018-10-06 05:00:00,116.5,205.0,7.28,8.3,10.35,41.68,1.3,6.88,8.7,,,,300.0,Poor
249461,DL005,2018-10-06 06:00:00,119.5,202.75,7.65,9.3,11.17,43.25,1.37,6.6,7.88,,,,290.0,Poor
249462,DL005,2018-10-06 07:00:00,126.5,210.75,16.53,8.65,18.1,45.27,1.58,7.33,7.33,,,,275.0,Poor
249463,DL005,2018-10-06 08:00:00,138.5,256.75,20.65,10.98,22.7,48.6,1.63,8.75,9.0,,,,267.0,Poor
249464,DL005,2018-10-06 09:00:00,144.25,246.75,16.97,9.45,18.9,48.07,1.3,8.2,12.28,,,,260.0,Poor
249465,DL005,2018-10-06 10:00:00,109.25,191.75,9.65,7.05,11.6,41.88,1.0,8.9,19.12,,,,254.0,Poor
249466,DL005,2018-10-06 11:00:00,75.75,163.75,3.8,6.8,6.7,39.98,0.9,7.92,43.57,,,,250.0,Poor
249467,DL005,2018-10-06 12:00:00,73.5,154.5,1.65,4.55,3.77,35.4,0.72,6.93,71.45,,,,250.0,Poor
249468,DL005,2018-10-06 13:00:00,47.75,123.0,1.35,3.87,3.17,31.43,0.53,6.57,80.5,,,,245.0,Poor
249469,DL005,2018-10-06 14:00:00,36.25,104.0,1.2,4.62,3.45,31.3,0.48,6.42,85.25,,,,239.0,Poor
249470,DL005,2018-10-06 15:00:00,30.25,105.25,1.12,4.57,3.32,29.65,0.55,8.55,93.07,,,,233.0,Poor
249471,DL005,2018-10-06 16:00:00,30.0,130.0,1.4,5.27,3.93,28.72,0.5,8.82,100.27,,,,228.0,Poor
249472,DL005,2018-10-06 17:00:00,36.5,159.75,1.37,3.3,2.85,26.9,0.63,10.12,106.33,,,,222.0,Poor
249473,DL005,2018-10-06 18:00:00,47.0,156.75,1.37,5.62,4.1,30.87,0.83,9.15,81.95,,,,218.0,Poor
249474,DL005,2018-10-06 19:00:00,75.75,222.0,2.05,15.15,9.75,34.13,1.25,9.48,20.3,,,,218.0,Poor
249475,DL005,2018-10-06 20:00:00,89.75,296.25,3.22,19.6,13.1,36.2,1.68,8.85,13.22,,101.7,,216.0,Poor
249476,DL005,2018-10-06 21:00:00,114.0,335.75,6.73,19.25,15.72,37.15,1.32,10.52,11.08,,123.62,,216.0,Poor
249477,DL005,2018-10-06 22:00:00,108.75,287.5,13.0,16.05,19.13,36.03,1.68,10.65,8.3,,,,214.0,Poor
249478,DL005,2018-10-06 23:00:00,102.0,295.25,11.38,11.6,17.2,33.55,1.1,10.48,12.38,,,,212.0,Poor
249479,DL005,2018-10-07 00:00:00,77.25,178.75,8.7,12.25,15.48,33.35,1.1,9.17,12.85,,,,205.0,Poor
249480,DL005,2018-10-07 01:00:00,84.0,174.5,7.7,9.5,11.35,32.53,0.97,8.37,21.38,,,,202.0,Poor
249481,DL005,2018-10-07 02:00:00,84.25,164.5,5.13,9.58,9.3,32.25,0.92,9.67,26.27,,111.27,,194.0,Moderate
249482,DL005,2018-10-07 03:00:00,83.25,163.75,5.93,14.48,12.57,35.9,1.57,10.22,36.8,,126.4,,188.0,Moderate
249483,DL005,2018-10-07 04:00:00,84.0,164.25,2.4,6.75,5.55,33.2,0.95,8.45,25.2,,,,183.0,Moderate
249484,DL005,2018-10-07 05:00:00,124.75,219.5,4.05,10.2,8.7,46.73,1.22,11.57,10.47,,,,184.0,Moderate
249485,DL005,2018-10-07 06:00:00,197.25,330.25,12.45,9.83,15.4,51.83,1.32,9.8,8.38,,,,195.0,Moderate
249486,DL005,2018-10-07 07:00:00,203.25,359.0,20.75,10.42,22.45,47.57,1.47,9.92,9.12,,,,205.0,Poor
249487,DL005,2018-10-07 08:00:00,179.0,344.0,26.58,11.6,27.85,46.9,1.65,10.55,9.95,,,,211.0,Poor
249488,DL005,2018-10-07 09:00:00,155.5,289.5,19.4,9.6,20.97,46.93,1.2,11.08,13.75,,,,212.0,Poor
249489,DL005,2018-10-07 10:00:00,114.75,211.0,11.13,9.45,14.12,41.68,1.08,11.28,26.8,,,,213.0,Poor
249490,DL005,2018-10-07 11:00:00,92.75,222.0,4.17,9.28,9.65,38.17,0.92,11.45,71.88,,,,215.0,Poor
249491,DL005,2018-10-07 12:00:00,81.5,220.25,1.47,5.4,4.05,36.32,0.8,11.22,113.5,,,,217.0,Poor
249492,DL005,2018-10-07 13:00:00,75.25,224.5,1.22,5.38,3.85,36.1,0.8,11.0,132.28,,,,220.0,Poor
249493,DL005,2018-10-07 14:00:00,70.0,220.75,0.6,5.52,3.45,37.65,0.7,10.88,138.45,,135.8,,225.0,Poor
249494,DL005,2018-10-07 15:00:00,68.0,198.75,0.85,5.75,3.75,35.85,0.75,10.7,140.72,,,,230.0,Poor
249495,DL005,2018-10-07 16:00:00,62.5,185.25,1.05,6.48,4.27,34.78,0.7,11.38,148.7,,,,235.0,Poor
249496,DL005,2018-10-07 17:00:00,64.0,207.5,1.35,5.4,3.95,32.22,0.7,10.62,157.9,,176.3,,239.0,Poor
249497,DL005,2018-10-07 18:00:00,68.0,242.0,1.38,6.55,4.6,32.32,0.83,11.45,127.58,,281.28,,242.0,Poor
249498,DL005,2018-10-07 19:00:00,85.5,297.25,0.93,13.8,8.08,32.9,1.2,9.3,56.15,,414.18,,243.0,Poor
249499,DL005,2018-10-07 20:00:00,106.75,350.0,1.3,21.28,12.35,34.9,1.53,9.38,21.8,,144.2,,245.0,Poor
249500,DL005,2018-10-07 21:00:00,125.5,400.5,2.08,20.47,12.6,36.12,1.33,8.38,18.07,,,,247.0,Poor
249501,DL005,2018-10-07 22:00:00,140.0,350.5,7.35,19.73,16.45,36.32,1.87,8.58,12.43,,187.45,,251.0,Poor
249502,DL005,2018-10-07 23:00:00,151.5,396.75,27.05,16.53,30.85,43.02,2.18,9.25,9.42,,228.35,,258.0,Poor
249503,DL005,2018-10-08 00:00:00,166.25,509.75,17.75,14.57,22.2,37.45,1.25,8.98,23.1,,205.77,,270.0,Poor
249504,DL005,2018-10-08 01:00:00,139.75,331.0,11.2,8.52,13.7,39.15,1.13,9.73,39.57,,196.85,,278.0,Poor
249505,DL005,2018-10-08 02:00:00,149.0,295.5,7.07,9.18,10.65,38.17,1.2,9.05,24.6,,169.05,,287.0,Poor
249506,DL005,2018-10-08 03:00:00,124.0,252.0,3.22,17.15,11.78,38.12,1.65,8.93,10.8,,181.03,,293.0,Poor
249507,DL005,2018-10-08 04:00:00,120.5,247.75,4.82,8.57,8.5,39.0,1.2,11.45,10.75,,,,298.0,Poor
249508,DL005,2018-10-08 05:00:00,121.25,240.25,5.38,10.02,9.72,42.65,1.23,10.92,8.5,,160.3,,297.0,Poor
249509,DL005,2018-10-08 06:00:00,129.0,257.25,7.38,11.15,11.97,43.9,1.3,10.48,8.15,,217.77,,288.0,Poor
249510,DL005,2018-10-08 07:00:00,137.0,273.25,7.45,11.53,12.2,45.88,1.37,11.12,9.45,,184.5,,279.0,Poor
249511,DL005,2018-10-08 08:00:00,164.0,338.25,8.85,13.78,14.55,49.58,1.6,12.38,11.7,,150.38,,277.0,Poor
249512,DL005,2018-10-08 09:00:00,190.0,392.5,6.97,11.9,12.03,50.9,1.3,12.55,20.57,,121.75,,281.0,Poor
249513,DL005,2018-10-08 10:00:00,155.0,300.75,3.65,13.4,10.13,46.32,1.4,13.62,40.4,,,,287.0,Poor
249514,DL005,2018-10-08 11:00:00,133.0,294.0,1.7,14.0,8.83,46.55,1.22,13.68,86.98,,,,293.0,Poor
249515,DL005,2018-10-08 12:00:00,103.5,257.0,0.63,9.93,5.75,39.0,0.9,12.7,149.85,,,,296.0,Poor
249516,DL005,2018-10-08 13:00:00,80.5,210.75,0.85,9.6,5.8,40.55,1.0,13.57,10.3,,,,296.0,Poor
249517,DL005,2018-10-08 14:00:00,84.5,231.25,1.45,8.97,5.95,41.28,0.82,13.15,14.02,,121.75,,298.0,Poor
249518,DL005,2018-10-08 15:00:00,95.5,188.75,1.23,7.08,4.77,37.17,0.88,11.6,179.47,,,,301.0,Very Poor
249519,DL005,2018-10-08 16:00:00,145.0,162.5,0.95,6.43,4.17,30.87,0.53,10.17,148.12,,,,303.0,Very Poor
249520,DL005,2018-10-08 17:00:00,119.0,157.75,1.47,5.58,4.15,28.88,0.68,10.22,152.9,,136.42,,305.0,Very Poor
249521,DL005,2018-10-08 18:00:00,92.25,237.75,1.32,11.1,6.98,33.3,1.02,11.8,144.52,,286.73,,306.0,Very Poor
249522,DL005,2018-10-08 19:00:00,114.75,464.5,1.25,23.2,13.38,37.65,1.5,10.62,51.18,,296.1,,307.0,Very Poor
249523,DL005,2018-10-08 20:00:00,158.75,643.0,1.32,22.58,13.08,41.88,1.58,10.52,37.0,,153.45,,308.0,Very Poor
249524,DL005,2018-10-08 21:00:00,164.75,582.5,2.0,20.97,12.78,40.75,1.4,11.05,20.37,,,,310.0,Very Poor
249525,DL005,2018-10-08 22:00:00,157.5,545.75,1.93,16.68,10.42,39.85,1.55,11.55,26.15,,106.65,,310.0,Very Poor
249526,DL005,2018-10-08 23:00:00,151.0,454.75,1.53,13.12,8.23,39.12,1.3,12.7,41.9,,138.05,,310.0,Very Poor
249527,DL005,2018-10-09 00:00:00,133.75,331.0,1.78,11.83,7.73,38.52,1.27,12.53,30.17,,356.6,,309.0,Very Poor
249528,DL005,2018-10-09 01:00:00,126.5,302.5,1.25,11.27,7.03,39.53,1.25,12.68,22.12,,190.9,,309.0,Very Poor
249529,DL005,2018-10-09 02:00:00,125.0,274.25,1.35,9.63,6.28,38.2,1.18,11.48,30.25,,,,308.0,Very Poor
249530,DL005,2018-10-09 03:00:00,130.5,289.75,1.9,17.58,10.9,40.93,1.6,11.38,18.65,,,,308.0,Very Poor
249531,DL005,2018-10-09 04:00:00,148.25,308.25,2.88,12.6,9.08,39.05,1.27,11.57,46.75,,133.1,,309.0,Very Poor
249532,DL005,2018-10-09 05:00:00,145.25,296.0,3.4,14.33,10.42,40.23,1.13,11.0,30.5,,143.0,,310.0,Very Poor
249533,DL005,2018-10-09 06:00:00,127.0,250.0,3.0,12.38,9.03,40.8,1.18,11.18,19.83,,,,310.0,Very Poor
249534,DL005,2018-10-09 07:00:00,131.5,262.75,2.48,14.5,9.72,41.77,1.2,11.43,21.8,,,,310.0,Very Poor
249535,DL005,2018-10-09 08:00:00,127.5,287.5,3.03,15.1,10.53,43.7,1.23,12.4,21.85,,,,308.0,Very Poor
249536,DL005,2018-10-09 09:00:00,125.25,298.25,4.12,16.63,12.2,43.58,1.25,15.07,30.0,,,,306.0,Very Poor
249537,DL005,2018-10-09 10:00:00,110.75,288.25,3.65,15.7,11.88,41.7,1.2,14.7,54.65,,,,305.0,Very Poor
249538,DL005,2018-10-09 11:00:00,97.0,270.25,2.7,15.0,10.2,40.12,1.03,13.53,91.63,,,,304.0,Very Poor
249539,DL005,2018-10-09 12:00:00,86.0,240.5,1.38,12.05,7.55,36.65,1.05,12.55,81.15,,,,303.0,Very Poor
249540,DL005,2018-10-09 13:00:00,93.5,281.25,1.03,11.12,6.75,37.48,1.15,13.85,20.2,,111.2,,304.0,Very Poor
249541,DL005,2018-10-09 14:00:00,107.25,328.5,0.92,11.7,7.0,39.38,1.08,15.35,25.32,,,,304.0,Very Poor
249542,DL005,2018-10-09 15:00:00,106.25,323.0,0.72,11.47,6.7,39.25,1.0,14.77,40.32,,,,305.0,Very Poor
249543,DL005,2018-10-09 16:00:00,98.5,292.0,0.98,13.6,8.08,37.6,0.9,20.97,72.13,,,,303.0,Very Poor
249544,DL005,2018-10-09 17:00:00,91.25,294.75,1.1,13.17,7.92,38.0,0.92,18.65,160.22,,,,302.0,Very Poor
249545,DL005,2018-10-09 18:00:00,99.75,362.0,1.3,12.45,7.7,37.62,1.23,11.45,116.65,,,,302.0,Very Poor
249546,DL005,2018-10-09 19:00:00,126.0,539.0,1.53,18.1,10.9,42.45,1.55,8.7,41.32,,111.2,,303.0,Very Poor
249547,DL005,2018-10-09 20:00:00,140.5,606.0,1.9,21.07,12.75,43.15,1.8,9.67,19.87,,,,302.0,Very Poor
249548,DL005,2018-10-09 21:00:00,161.5,555.75,2.1,20.1,12.42,43.88,1.6,8.6,12.88,,,,302.0,Very Poor
249549,DL005,2018-10-09 22:00:00,182.5,549.0,4.05,20.67,14.28,46.45,2.1,9.15,8.32,,119.23,,303.0,Very Poor
249550,DL005,2018-10-09 23:00:00,200.0,569.5,5.0,18.03,13.7,48.0,1.95,10.3,7.73,,137.33,,305.0,Very Poor
249551,DL005,2018-10-10 00:00:00,184.75,448.75,4.32,16.4,12.27,48.23,1.73,10.55,9.03,,103.4,,306.0,Very Poor
249552,DL005,2018-10-10 01:00:00,179.0,378.0,3.72,14.18,10.57,49.28,1.6,10.68,10.77,,,,310.0,Very Poor
249553,DL005,2018-10-10 02:00:00,163.75,338.5,3.1,10.15,7.93,48.5,1.42,8.5,33.05,,,,313.0,Very Poor
249554,DL005,2018-10-10 03:00:00,165.0,315.5,2.8,18.85,12.32,46.32,2.0,8.92,49.58,,100.3,,315.0,Very Poor
249555,DL005,2018-10-10 04:00:00,179.75,336.75,3.02,9.83,7.7,50.35,1.4,8.6,28.3,,145.93,,316.0,Very Poor
249556,DL005,2018-10-10 05:00:00,194.5,336.5,2.47,9.35,7.02,50.9,1.27,9.12,34.62,,112.17,,318.0,Very Poor
249557,DL005,2018-10-10 06:00:00,149.0,276.75,2.3,10.88,7.67,47.32,1.1,9.28,19.0,,,,320.0,Very Poor
249558,DL005,2018-10-10 07:00:00,115.5,229.25,2.65,10.45,7.73,48.65,1.1,9.22,20.15,,,,318.0,Very Poor
249559,DL005,2018-10-10 08:00:00,115.75,240.5,2.77,11.25,8.27,49.32,1.25,10.1,24.57,,,,316.0,Very Poor
249560,DL005,2018-10-10 09:00:00,122.75,266.25,3.72,10.45,8.6,52.2,1.32,8.75,16.65,,,,314.0,Very Poor
249561,DL005,2018-10-10 10:00:00,126.75,279.5,2.72,7.0,5.93,51.45,1.3,7.85,30.55,,,,313.0,Very Poor
249562,DL005,2018-10-10 11:00:00,121.75,294.25,2.32,7.92,6.1,50.18,1.25,8.17,60.9,,,,315.0,Very Poor
249563,DL005,2018-10-10 12:00:00,116.25,307.5,1.75,8.97,6.25,49.07,1.18,10.6,85.45,,,,318.0,Very Poor
249564,DL005,2018-10-10 13:00:00,109.5,303.75,1.58,11.2,7.25,47.93,1.15,14.07,117.7,,,,319.0,Very Poor
249565,DL005,2018-10-10 14:00:00,102.5,280.75,1.32,13.62,8.33,46.72,1.0,13.98,130.1,,,,317.0,Very Poor
249566,DL005,2018-10-10 15:00:00,90.0,256.75,1.15,11.17,6.87,45.52,1.0,13.05,165.1,,,,315.0,Very Poor
249567,DL005,2018-10-10 16:00:00,76.25,247.25,1.18,9.75,6.12,45.17,0.95,9.17,169.6,,,,314.0,Very Poor
249568,DL005,2018-10-10 17:00:00,79.25,241.25,1.05,9.22,5.78,44.68,1.03,8.75,167.83,,,,314.0,Very Poor
249569,DL005,2018-10-10 18:00:00,79.75,260.0,1.2,11.5,7.1,40.75,1.23,8.98,116.0,,,,313.0,Very Poor
249570,DL005,2018-10-10 19:00:00,93.0,325.5,1.73,18.67,11.33,41.25,1.72,8.15,35.8,,,,312.0,Very Poor
249571,DL005,2018-10-10 20:00:00,110.0,408.75,3.15,27.28,17.05,41.08,2.05,8.52,12.2,,,,311.0,Very Poor
249572,DL005,2018-10-10 21:00:00,126.0,451.0,7.57,29.88,22.05,41.82,2.1,8.85,10.15,,103.3,,310.0,Very Poor
249573,DL005,2018-10-10 22:00:00,157.25,626.75,14.25,27.4,26.2,42.85,2.18,9.27,29.95,,128.33,,309.0,Very Poor
249574,DL005,2018-10-10 23:00:00,162.5,599.0,14.83,21.3,23.42,45.08,2.27,10.58,32.4,,117.67,,308.0,Very Poor
249575,DL005,2018-10-11 00:00:00,172.25,479.0,14.4,17.0,20.8,47.57,1.95,11.28,53.7,,111.45,,307.0,Very Poor
249576,DL005,2018-10-11 01:00:00,184.5,413.5,15.3,15.15,20.5,51.75,1.87,10.37,65.18,,,,307.0,Very Poor
249577,DL005,2018-10-11 02:00:00,176.75,396.0,17.5,12.6,20.95,49.38,1.82,9.48,52.23,,,,308.0,Very Poor
249578,DL005,2018-10-11 03:00:00,179.0,356.75,11.32,25.45,22.78,44.62,2.62,9.23,38.2,,112.02,,308.0,Very Poor
249579,DL005,2018-10-11 04:00:00,155.75,311.0,9.85,8.95,12.78,45.43,1.35,9.5,11.3,,126.25,,308.0,Very Poor
249580,DL005,2018-10-11 05:00:00,139.75,254.25,7.77,9.25,11.27,47.1,1.25,8.73,15.22,,115.1,,306.0,Very Poor
249581,DL005,2018-10-11 06:00:00,133.75,240.25,5.67,12.25,11.15,46.92,1.15,10.33,12.0,,,,305.0,Very Poor
249582,DL005,2018-10-11 07:00:00,116.0,221.5,4.65,11.62,9.95,47.48,1.15,10.5,11.55,,,,305.0,Very Poor
249583,DL005,2018-10-11 08:00:00,110.5,221.25,4.93,13.1,11.0,50.63,1.22,12.15,11.77,,,,305.0,Very Poor
249584,DL005,2018-10-11 09:00:00,110.25,231.0,4.55,11.35,9.75,51.92,1.25,10.77,14.0,,,,305.0,Very Poor
249585,DL005,2018-10-11 10:00:00,104.5,226.0,3.6,7.88,7.15,49.55,1.25,7.92,25.22,,,,304.0,Very Poor
249586,DL005,2018-10-11 11:00:00,105.75,241.25,2.05,7.77,5.83,50.38,1.22,9.65,48.85,,,,304.0,Very Poor
249587,DL005,2018-10-11 12:00:00,108.5,238.25,1.65,4.9,3.97,47.9,1.0,10.68,94.95,,,,303.0,Very Poor
249588,DL005,2018-10-11 13:00:00,93.75,375.75,1.2,4.62,3.43,42.4,0.85,9.85,99.4,,,,303.0,Very Poor
249589,DL005,2018-10-11 14:00:00,99.0,903.0,1.9,8.85,6.25,41.4,0.8,10.42,55.28,,175.2,,307.0,Very Poor
249590,DL005,2018-10-11 15:00:00,56.0,609.0,1.15,6.1,4.2,33.75,0.7,7.53,67.08,,,,325.0,Very Poor
249591,DL005,2018-10-11 16:00:00,35.0,256.0,1.45,5.08,3.87,30.2,0.5,8.05,69.73,,,,325.0,Very Poor
249592,DL005,2018-10-11 17:00:00,35.0,185.0,1.62,4.85,3.9,28.48,0.5,8.92,75.45,,,,322.0,Very Poor
249593,DL005,2018-10-11 18:00:00,28.0,144.0,1.35,3.62,3.05,25.85,0.6,6.85,73.4,,,,316.0,Very Poor
249594,DL005,2018-10-11 19:00:00,30.0,124.0,1.35,7.08,4.85,27.97,0.92,6.58,43.68,,175.2,,306.0,Very Poor
249595,DL005,2018-10-11 20:00:00,75.0,230.0,1.95,11.75,7.82,28.22,1.18,6.67,22.58,,,,297.0,Poor
249596,DL005,2018-10-11 21:00:00,78.0,274.0,6.07,16.15,13.55,26.47,1.55,11.33,14.25,,,,290.0,Poor
249597,DL005,2018-10-11 22:00:00,81.0,271.0,14.8,18.7,22.0,26.9,1.58,11.88,12.15,,122.3,,275.0,Poor
249598,DL005,2018-10-11 23:00:00,94.0,272.0,18.25,16.83,23.8,29.63,1.37,11.72,13.7,,112.5,,261.0,Poor
249599,DL005,2018-10-12 00:00:00,108.0,283.0,16.15,14.6,20.95,34.82,0.9,11.95,13.2,,144.05,,253.0,Poor
249600,DL005,2018-10-12 01:00:00,107.0,257.0,12.6,11.8,16.55,30.15,0.78,10.6,8.4,,152.6,,247.0,Poor
249601,DL005,2018-10-12 02:00:00,89.0,182.0,10.25,6.7,11.97,36.55,0.75,11.95,22.25,,,,238.0,Poor
249602,DL005,2018-10-12 03:00:00,96.0,197.0,7.5,6.2,9.4,26.1,,7.5,9.5,,,,231.0,Poor
249603,DL005,2018-10-12 04:00:00,81.0,147.0,7.33,5.92,9.23,25.58,0.8,8.55,8.35,,,,224.0,Poor
249604,DL005,2018-10-12 05:00:00,78.0,146.0,6.25,5.12,7.83,27.32,0.75,7.3,9.15,,,,220.0,Poor
249605,DL005,2018-10-12 06:00:00,66.0,129.0,5.43,7.75,8.55,26.78,0.7,6.92,7.6,,,,215.0,Poor
249606,DL005,2018-10-12 07:00:00,61.0,127.0,8.3,9.38,11.75,25.95,0.8,7.12,8.1,,,,211.0,Poor
249607,DL005,2018-10-12 08:00:00,81.0,194.0,14.35,10.35,17.22,27.8,0.92,8.05,9.55,,121.1,,210.0,Poor
249608,DL005,2018-10-12 09:00:00,96.0,248.0,12.28,9.25,14.83,26.55,0.8,13.42,12.28,,,,211.0,Poor
249609,DL005,2018-10-12 10:00:00,74.0,173.0,9.4,6.57,11.17,25.23,0.75,14.33,17.55,,,,209.0,Poor
249610,DL005,2018-10-12 11:00:00,63.0,144.0,4.95,5.95,7.18,23.77,0.67,13.15,31.72,,,,205.0,Poor
249611,DL005,2018-10-12 12:00:00,59.0,134.0,2.13,5.05,4.43,24.7,0.67,12.95,73.83,,,,200.0,Moderate
249612,DL005,2018-10-12 13:00:00,64.0,144.0,1.1,6.03,4.1,28.5,0.7,13.73,125.4,,151.07,,194.0,Moderate
249613,DL005,2018-10-12 14:00:00,73.0,162.0,1.28,5.42,3.93,27.35,0.65,13.62,139.4,,129.15,,173.0,Moderate
249614,DL005,2018-10-12 15:00:00,68.0,152.0,1.45,5.62,4.2,25.97,0.55,10.22,135.58,,104.9,,160.0,Moderate
249615,DL005,2018-10-12 16:00:00,72.0,155.0,0.95,6.52,4.27,25.2,0.6,8.98,139.2,,,,158.0,Moderate
249616,DL005,2018-10-12 17:00:00,69.0,166.0,1.2,8.12,5.27,24.85,0.63,8.98,142.75,,150.45,,163.0,Moderate
249617,DL005,2018-10-12 18:00:00,80.0,184.0,1.52,9.42,6.28,26.12,0.8,9.55,97.73,,340.9,,163.0,Moderate
249618,DL005,2018-10-12 19:00:00,94.0,249.0,0.82,12.73,7.45,27.15,1.0,8.3,66.35,,436.3,,165.0,Moderate
249619,DL005,2018-10-12 20:00:00,127.0,335.0,1.32,14.62,8.85,28.32,1.1,8.6,51.4,,409.97,,172.0,Moderate
249620,DL005,2018-10-12 21:00:00,144.0,374.0,1.57,18.55,11.18,30.35,1.3,8.8,21.48,,424.97,,181.0,Moderate
249621,DL005,2018-10-12 22:00:00,168.0,429.0,5.2,24.92,17.45,29.53,1.55,9.18,11.35,,351.97,,193.0,Moderate
249622,DL005,2018-10-12 23:00:00,162.0,432.0,6.15,21.3,16.33,33.35,1.28,9.2,14.35,,178.45,,203.0,Poor
249623,DL005,2018-10-13 00:00:00,147.0,353.0,4.62,14.7,11.6,33.2,1.08,10.3,36.9,,176.18,,208.0,Poor
249624,DL005,2018-10-13 01:00:00,149.0,342.0,3.9,10.0,8.47,36.0,1.2,10.78,34.28,,180.65,,214.0,Poor
249625,DL005,2018-10-13 02:00:00,153.0,367.0,2.5,10.12,7.4,40.65,1.4,10.87,27.7,,192.12,,223.0,Poor
249626,DL005,2018-10-13 03:00:00,166.0,395.0,3.4,7.4,6.7,36.9,,10.4,11.05,,161.55,,233.0,Poor
249627,DL005,2018-10-13 04:00:00,133.0,283.0,2.67,7.47,6.17,37.02,1.3,10.38,11.5,,,,240.0,Poor
249628,DL005,2018-10-13 05:00:00,139.0,300.0,3.1,7.98,6.77,40.02,1.37,10.73,10.33,,,,248.0,Poor
249629,DL005,2018-10-13 06:00:00,156.0,322.0,6.35,9.02,9.98,40.05,1.4,9.6,9.6,,,,261.0,Poor
249630,DL005,2018-10-13 07:00:00,146.0,310.0,9.83,9.95,13.3,40.68,1.6,9.77,11.03,,,,273.0,Poor
249631,DL005,2018-10-13 08:00:00,146.0,360.0,20.02,11.8,22.6,46.65,1.9,10.82,11.23,,,,282.0,Poor
249632,DL005,2018-10-13 09:00:00,186.0,487.0,15.62,12.68,19.47,47.88,1.7,11.65,13.38,,,,294.0,Poor
249633,DL005,2018-10-13 10:00:00,166.0,376.0,10.7,11.03,14.6,50.05,1.28,15.95,19.85,,,,302.0,Very Poor
249634,DL005,2018-10-13 11:00:00,124.0,282.0,4.4,9.27,8.47,46.15,0.98,15.27,40.58,,,,304.0,Very Poor
249635,DL005,2018-10-13 12:00:00,107.0,217.0,1.68,5.92,4.5,38.77,0.67,13.48,79.67,,,,305.0,Very Poor
249636,DL005,2018-10-13 13:00:00,74.0,156.0,1.05,3.45,2.7,33.73,0.63,12.52,107.17,,,,305.0,Very Poor
249637,DL005,2018-10-13 14:00:00,69.0,117.0,0.85,3.55,2.6,35.35,0.6,11.88,122.77,,,,305.0,Very Poor
249638,DL005,2018-10-13 15:00:00,62.0,136.0,0.85,4.55,3.12,35.73,0.6,11.58,127.05,,,,305.0,Very Poor
249639,DL005,2018-10-13 16:00:00,67.0,143.0,0.9,5.52,3.68,34.75,0.58,9.93,129.75,,,,305.0,Very Poor
249640,DL005,2018-10-13 17:00:00,61.0,135.0,0.8,6.03,3.85,34.0,0.6,9.45,128.7,,,,305.0,Very Poor
249641,DL005,2018-10-13 18:00:00,66.0,149.0,1.32,8.28,5.48,35.47,0.77,8.88,92.08,,,,304.0,Very Poor
249642,DL005,2018-10-13 19:00:00,75.0,180.0,1.22,14.0,8.45,35.75,1.1,7.53,36.77,,,,304.0,Very Poor
249643,DL005,2018-10-13 20:00:00,99.0,255.0,1.9,18.45,11.35,36.32,1.3,6.53,22.95,,,,303.0,Very Poor
249644,DL005,2018-10-13 21:00:00,113.0,295.0,1.85,15.33,9.68,35.38,1.2,7.82,25.75,,,,302.0,Very Poor
249645,DL005,2018-10-13 22:00:00,92.0,216.0,6.52,17.3,14.53,34.93,1.5,10.28,12.4,,,,297.0,Poor
249646,DL005,2018-10-13 23:00:00,124.0,306.0,6.85,16.17,14.2,37.6,1.25,10.17,9.12,,,,292.0,Poor
249647,DL005,2018-10-14 00:00:00,103.0,243.0,7.2,14.67,13.65,35.1,1.22,10.5,9.87,,,,286.0,Poor
249648,DL005,2018-10-14 01:00:00,111.0,271.0,7.48,12.0,12.48,34.98,1.13,10.75,14.23,,,,280.0,Poor
249649,DL005,2018-10-14 02:00:00,101.0,228.0,5.77,8.37,9.17,34.32,1.13,9.33,22.55,,,,273.0,Poor
249650,DL005,2018-10-14 03:00:00,94.0,206.0,2.9,8.0,6.6,34.3,,7.1,16.25,,,,263.0,Poor
249651,DL005,2018-10-14 04:00:00,95.0,193.0,3.02,7.1,6.25,33.8,1.1,7.83,13.27,,,,258.0,Poor
249652,DL005,2018-10-14 05:00:00,102.0,226.0,3.17,7.32,6.53,39.35,1.08,7.53,12.35,,,,253.0,Poor
249653,DL005,2018-10-14 06:00:00,128.0,289.0,3.07,8.35,6.95,37.88,1.1,6.67,12.17,,,,249.0,Poor
249654,DL005,2018-10-14 07:00:00,111.0,243.0,6.9,11.4,11.7,36.25,1.37,7.5,8.2,,,,244.0,Poor
249655,DL005,2018-10-14 08:00:00,107.0,260.0,10.73,12.27,15.28,38.32,1.4,8.13,8.93,,,,238.0,Poor
249656,DL005,2018-10-14 09:00:00,102.0,252.0,9.75,10.95,13.77,39.62,1.2,9.42,13.93,,,,227.0,Poor
249657,DL005,2018-10-14 10:00:00,97.0,226.0,6.75,7.58,9.58,36.07,0.88,10.08,24.9,,,,217.0,Poor
249658,DL005,2018-10-14 11:00:00,75.0,162.0,3.5,5.67,5.85,33.4,0.8,9.55,49.47,,,,210.0,Poor
249659,DL005,2018-10-14 12:00:00,80.0,157.0,1.25,4.68,3.53,32.93,0.75,9.42,90.52,,,,207.0,Poor
249660,DL005,2018-10-14 13:00:00,74.0,173.0,1.15,3.35,2.75,30.5,0.67,9.77,124.03,,,,207.0,Poor
249661,DL005,2018-10-14 14:00:00,77.0,178.0,0.77,3.88,2.73,28.95,0.63,10.1,133.25,,,,208.0,Poor
249662,DL005,2018-10-14 15:00:00,79.0,185.0,0.67,4.85,3.13,28.1,0.63,9.2,140.1,,,,210.0,Poor
249663,DL005,2018-10-14 16:00:00,74.0,172.0,1.35,5.3,3.92,27.95,0.6,7.8,123.27,,,,211.0,Poor
249664,DL005,2018-10-14 17:00:00,61.0,150.0,1.25,6.3,4.4,25.5,0.63,7.23,123.62,,,,211.0,Poor
249665,DL005,2018-10-14 18:00:00,69.0,180.0,1.68,9.3,6.3,25.92,0.82,7.27,80.77,,,,212.0,Poor
249666,DL005,2018-10-14 19:00:00,83.0,235.0,2.85,19.35,12.6,30.3,1.42,7.85,24.67,,,,213.0,Poor
249667,DL005,2018-10-14 20:00:00,117.0,345.0,10.73,23.55,21.25,30.95,1.88,6.25,11.42,,,,215.0,Poor
249668,DL005,2018-10-14 21:00:00,129.0,377.0,14.08,22.4,23.35,31.9,1.9,7.28,10.47,,,,217.0,Poor
249669,DL005,2018-10-14 22:00:00,114.0,288.0,16.25,21.05,24.45,34.1,1.78,8.55,9.93,,,,220.0,Poor
249670,DL005,2018-10-14 23:00:00,135.0,346.0,12.95,18.33,20.33,36.35,1.42,9.07,13.72,,,,222.0,Poor
249671,DL005,2018-10-15 00:00:00,119.0,307.0,10.1,15.75,16.65,35.45,1.37,9.28,16.52,,104.7,,224.0,Poor
249672,DL005,2018-10-15 01:00:00,127.0,312.0,7.23,10.38,11.4,37.18,1.13,9.85,40.43,,196.23,,226.0,Poor
249673,DL005,2018-10-15 02:00:00,116.0,295.0,5.05,7.95,8.3,35.08,1.05,9.22,78.3,,195.15,,228.0,Poor
249674,DL005,2018-10-15 03:00:00,116.0,284.0,1.8,7.6,5.5,32.1,,6.3,61.07,,115.9,,232.0,Poor
249675,DL005,2018-10-15 04:00:00,101.0,219.0,1.6,7.48,5.27,32.2,1.1,10.67,21.3,,155.88,,232.0,Poor
249676,DL005,2018-10-15 05:00:00,103.0,240.0,4.5,8.55,8.22,33.75,1.25,9.5,9.03,,,,232.0,Poor
249677,DL005,2018-10-15 06:00:00,125.0,295.0,6.97,11.65,11.88,38.03,1.45,11.02,8.83,,,,232.0,Poor
249678,DL005,2018-10-15 07:00:00,128.0,321.0,8.22,12.68,13.45,38.85,1.65,13.2,8.8,,,,234.0,Poor
249679,DL005,2018-10-15 08:00:00,145.0,395.0,13.77,15.57,19.53,41.0,1.7,12.67,9.98,,,,240.0,Poor
249680,DL005,2018-10-15 09:00:00,145.0,378.0,9.58,17.52,16.97,40.05,1.45,12.3,20.15,,,,246.0,Poor
249681,DL005,2018-10-15 10:00:00,135.0,351.0,5.15,15.47,12.43,37.25,1.2,12.3,51.1,,,,251.0,Poor
249682,DL005,2018-10-15 11:00:00,111.0,289.0,2.25,10.38,7.35,35.03,1.03,11.23,100.9,,,,256.0,Poor
249683,DL005,2018-10-15 12:00:00,108.0,250.0,1.12,6.13,4.2,33.93,0.83,11.8,147.62,,,,260.0,Poor
249684,DL005,2018-10-15 13:00:00,92.0,219.0,1.22,4.27,3.27,30.05,0.7,11.48,143.53,,,,262.0,Poor
249685,DL005,2018-10-15 14:00:00,74.0,162.0,0.77,2.75,2.1,27.2,0.72,10.2,159.33,,,,262.0,Poor
249686,DL005,2018-10-15 15:00:00,79.0,191.0,0.9,5.05,3.42,27.2,0.72,11.88,160.5,,158.2,,262.0,Poor
249687,DL005,2018-10-15 16:00:00,88.0,222.0,1.0,5.15,3.55,27.25,0.67,12.1,166.85,,146.85,,264.0,Poor
249688,DL005,2018-10-15 17:00:00,89.0,218.0,1.05,6.67,4.43,27.68,0.7,12.25,157.35,,156.2,,268.0,Poor
249689,DL005,2018-10-15 18:00:00,94.0,246.0,1.25,9.9,6.27,28.05,0.92,12.35,112.5,,258.68,,271.0,Poor
249690,DL005,2018-10-15 19:00:00,118.0,340.0,2.25,16.8,10.8,29.62,1.55,11.08,33.9,,385.35,,276.0,Poor
249691,DL005,2018-10-15 20:00:00,186.0,613.0,7.63,26.52,20.32,36.77,2.17,11.12,18.12,,436.4,,286.0,Poor
249692,DL005,2018-10-15 21:00:00,229.0,729.0,14.3,23.95,24.38,39.55,2.35,11.92,17.85,,,,300.0,Poor
249693,DL005,2018-10-15 22:00:00,244.0,729.0,20.05,22.47,28.33,39.52,2.35,12.05,13.38,,426.1,,304.0,Very Poor
249694,DL005,2018-10-15 23:00:00,211.0,617.0,21.15,21.88,28.9,38.62,2.25,11.15,12.73,,372.83,,307.0,Very Poor
249695,DL005,2018-10-16 00:00:00,167.0,493.0,17.73,21.35,25.78,38.48,1.85,11.38,22.65,,244.78,,308.0,Very Poor
249696,DL005,2018-10-16 01:00:00,145.0,451.0,14.45,19.9,22.38,38.18,1.63,11.62,20.83,,274.1,,309.0,Very Poor
249697,DL005,2018-10-16 02:00:00,147.0,414.0,14.1,20.85,22.6,39.45,1.6,11.8,20.5,,174.9,,314.0,Very Poor
249698,DL005,2018-10-16 03:00:00,136.0,374.0,13.5,15.7,19.4,42.1,,6.0,8.85,,,,319.0,Very Poor
249699,DL005,2018-10-16 04:00:00,128.0,338.0,11.23,15.48,17.4,40.45,1.6,8.78,10.8,,,,325.0,Very Poor
249700,DL005,2018-10-16 05:00:00,127.0,342.0,10.67,13.83,16.07,42.2,1.75,8.28,14.13,,,,330.0,Very Poor
249701,DL005,2018-10-16 06:00:00,134.0,384.0,13.38,13.97,18.33,42.57,1.8,7.68,13.7,,,,335.0,Very Poor
249702,DL005,2018-10-16 07:00:00,146.0,399.0,16.22,16.22,21.85,46.03,2.15,8.62,15.33,,,,339.0,Very Poor
249703,DL005,2018-10-16 08:00:00,147.0,440.0,22.45,21.02,29.55,49.93,2.83,11.7,33.55,,106.9,,341.0,Very Poor
249704,DL005,2018-10-16 09:00:00,173.0,554.0,33.53,25.38,40.88,51.18,2.77,16.53,101.5,,115.45,,350.0,Very Poor
249705,DL005,2018-10-16 10:00:00,189.0,558.0,28.62,31.37,40.05,46.12,2.08,21.7,50.02,,110.2,,361.0,Very Poor
249706,DL005,2018-10-16 11:00:00,135.0,383.0,19.22,23.8,28.38,42.6,1.55,16.12,32.55,,,,366.0,Very Poor
249707,DL005,2018-10-16 12:00:00,129.0,335.0,7.03,21.6,17.2,43.18,1.38,12.85,93.5,,,,370.0,Very Poor
249708,DL005,2018-10-16 13:00:00,219.0,,1.5,14.5,8.93,43.82,1.15,9.3,197.0,,,,381.0,Very Poor
249709,DL005,2018-10-16 14:00:00,136.0,,1.0,8.63,5.42,42.6,0.92,8.4,,,,,395.0,Very Poor
249710,DL005,2018-10-16 15:00:00,94.0,,0.88,7.92,4.92,40.07,0.83,10.75,,,,,409.0,Severe
249711,DL005,2018-10-16 16:00:00,85.0,267.0,1.32,8.78,5.75,40.6,0.95,12.07,,,,,412.0,Severe
249712,DL005,2018-10-16 17:00:00,97.0,290.0,1.18,10.05,6.32,43.38,1.3,12.17,,,,,416.0,Severe
249713,DL005,2018-10-16 18:00:00,136.0,510.0,1.33,11.3,7.07,47.6,1.65,12.92,175.37,,,,432.0,Severe
249714,DL005,2018-10-16 19:00:00,166.0,742.0,1.4,13.65,8.38,48.88,1.85,11.6,124.25,,,,455.0,Severe
249715,DL005,2018-10-16 20:00:00,179.0,701.0,1.03,12.5,7.45,52.0,2.1,12.3,111.75,,128.05,,461.0,Severe
249716,DL005,2018-10-16 21:00:00,221.0,663.0,1.25,11.65,7.23,53.03,2.48,14.4,95.75,,114.6,,457.0,Severe
249717,DL005,2018-10-16 22:00:00,252.0,743.0,1.2,9.92,6.28,50.5,2.02,13.97,87.93,,114.0,,458.0,Severe
249718,DL005,2018-10-16 23:00:00,229.0,647.0,1.1,11.03,6.73,49.9,1.85,13.18,61.48,,,,459.0,Severe
249719,DL005,2018-10-17 00:00:00,240.0,575.0,1.53,10.32,6.7,52.9,1.92,13.3,25.4,,,,464.0,Severe
249720,DL005,2018-10-17 01:00:00,245.0,554.0,1.58,9.55,6.43,54.82,2.05,13.32,39.13,,,,470.0,Severe
249721,DL005,2018-10-17 02:00:00,254.0,572.0,4.23,8.58,8.0,55.45,2.9,13.18,71.8,,120.45,,480.0,Severe
249722,DL005,2018-10-17 03:00:00,260.0,650.0,9.5,6.5,11.2,55.5,,9.6,28.53,,170.95,,496.0,Severe
249723,DL005,2018-10-17 04:00:00,340.0,585.0,8.58,5.42,9.88,53.15,1.7,9.12,12.97,,,,511.0,Severe
249724,DL005,2018-10-17 05:00:00,241.0,423.0,6.18,3.95,7.15,55.13,1.65,8.48,11.32,,,,516.0,Severe
249725,DL005,2018-10-17 06:00:00,241.0,427.0,4.9,3.83,5.98,55.0,1.87,8.05,15.35,,,,518.0,Severe
249726,DL005,2018-10-17 07:00:00,268.0,483.0,5.4,6.83,8.03,56.22,2.0,8.55,16.08,,,,523.0,Severe
249727,DL005,2018-10-17 08:00:00,285.0,526.0,8.55,7.6,11.05,60.25,2.43,10.53,34.5,,,,528.0,Severe
249728,DL005,2018-10-17 09:00:00,342.0,617.0,11.33,9.45,14.28,59.52,1.93,13.72,37.35,,,,532.0,Severe
249729,DL005,2018-10-17 10:00:00,233.0,484.0,7.68,10.35,11.77,54.28,1.5,12.05,79.9,,,,528.0,Severe
249730,DL005,2018-10-17 11:00:00,171.0,404.0,3.22,7.72,6.75,48.43,1.1,10.28,150.98,,,,529.0,Severe
249731,DL005,2018-10-17 12:00:00,117.0,287.0,1.23,4.82,3.5,44.68,0.95,9.6,189.8,,,,526.0,Severe
249732,DL005,2018-10-17 13:00:00,107.0,251.0,0.75,3.2,2.32,34.28,0.62,8.3,173.57,,,,510.0,Severe
249733,DL005,2018-10-17 14:00:00,69.0,169.0,0.55,2.4,1.7,31.0,0.6,7.67,175.55,,,,491.0,Severe
249734,DL005,2018-10-17 15:00:00,64.0,173.0,1.3,3.1,2.7,28.68,0.48,6.95,150.35,,,,474.0,Severe
249735,DL005,2018-10-17 16:00:00,48.0,150.0,1.03,4.38,3.18,25.15,0.4,6.93,123.67,,,,468.0,Severe
249736,DL005,2018-10-17 17:00:00,38.0,119.0,1.67,4.45,3.72,24.4,0.4,6.27,109.43,,,,459.0,Severe
249737,DL005,2018-10-17 18:00:00,34.0,118.0,2.25,5.0,4.47,25.25,1.0,7.65,38.05,,,,439.0,Severe
249738,DL005,2018-10-17 19:00:00,70.0,290.0,4.62,6.12,7.05,31.85,1.82,9.78,9.7,,118.1,,415.0,Severe
249739,DL005,2018-10-17 20:00:00,164.0,602.0,10.73,6.68,12.3,40.82,3.1,9.55,13.28,,,,410.0,Severe
249740,DL005,2018-10-17 21:00:00,245.0,,21.02,4.88,19.78,37.68,3.38,11.0,13.52,,,,398.0,Very Poor
249741,DL005,2018-10-17 22:00:00,246.0,,29.9,2.98,25.97,39.43,2.98,11.78,14.88,,372.38,,380.0,Very Poor
249742,DL005,2018-10-17 23:00:00,243.0,867.0,33.78,2.35,28.75,37.73,2.85,11.92,13.28,,413.57,,392.0,Very Poor
249743,DL005,2018-10-18 00:00:00,248.0,840.0,37.05,3.43,32.05,42.57,2.53,13.88,12.52,,447.15,,407.0,Severe
249744,DL005,2018-10-18 01:00:00,248.0,674.0,37.0,4.42,32.5,40.7,1.95,13.0,11.12,,225.85,,414.0,Severe
249745,DL005,2018-10-18 02:00:00,206.0,449.0,34.4,3.85,30.1,44.75,1.68,14.12,19.7,,132.02,,407.0,Severe
249746,DL005,2018-10-18 03:00:00,195.0,417.0,23.7,2.7,20.8,50.1,,9.4,15.67,,123.75,,394.0,Very Poor
249747,DL005,2018-10-18 04:00:00,199.0,353.0,21.72,1.8,18.67,54.88,1.75,8.88,9.82,,,,381.0,Very Poor
249748,DL005,2018-10-18 05:00:00,243.0,460.0,21.03,0.6,17.53,56.85,2.12,6.85,14.38,,,,383.0,Very Poor
249749,DL005,2018-10-18 06:00:00,248.0,486.0,23.0,1.62,19.62,56.73,2.3,8.2,18.3,,132.33,,386.0,Very Poor
249750,DL005,2018-10-18 07:00:00,283.0,608.0,24.47,1.95,21.0,63.93,2.02,8.35,16.65,,,,393.0,Very Poor
249751,DL005,2018-10-18 08:00:00,349.0,613.0,22.7,3.07,20.15,67.33,2.18,10.8,16.58,,,,398.0,Very Poor
249752,DL005,2018-10-18 09:00:00,311.0,577.0,19.38,4.98,18.43,72.22,2.4,13.75,25.2,,,,396.0,Very Poor
249753,DL005,2018-10-18 10:00:00,344.0,632.0,14.62,7.35,15.83,72.35,1.7,13.58,44.48,,,,404.0,Severe
249754,DL005,2018-10-18 11:00:00,174.0,404.0,8.37,8.05,11.1,64.62,1.42,11.23,86.33,,,,404.0,Severe
249755,DL005,2018-10-18 12:00:00,138.0,365.0,3.28,6.85,6.32,59.65,1.32,9.3,147.85,,,,409.0,Severe
249756,DL005,2018-10-18 13:00:00,122.0,340.0,1.32,4.7,3.6,51.45,1.1,8.55,,,,,414.0,Severe
249757,DL005,2018-10-18 14:00:00,94.0,289.0,1.25,2.68,2.48,45.57,1.05,8.4,,,,,421.0,Severe
249758,DL005,2018-10-18 15:00:00,100.0,284.0,1.0,3.32,2.6,43.78,1.0,9.0,,,,,427.0,Severe
249759,DL005,2018-10-18 16:00:00,94.0,280.0,1.1,5.4,3.77,43.68,1.08,11.0,,,,,434.0,Severe
249760,DL005,2018-10-18 17:00:00,106.0,356.0,1.22,6.62,4.55,44.38,1.15,10.45,,,,,448.0,Severe
249761,DL005,2018-10-18 18:00:00,105.0,444.0,1.35,6.6,4.6,42.4,1.18,10.12,139.13,,,,466.0,Severe
249762,DL005,2018-10-18 19:00:00,105.0,486.0,1.58,5.47,4.25,43.47,1.82,9.65,58.17,,113.4,,478.0,Severe
249763,DL005,2018-10-18 20:00:00,144.0,693.0,1.72,5.32,4.23,41.77,2.08,8.08,14.7,,114.0,,483.0,Severe
249764,DL005,2018-10-18 21:00:00,167.0,697.0,3.57,6.45,6.35,45.27,2.58,8.83,12.88,,116.38,,494.0,Severe
249765,DL005,2018-10-18 22:00:00,221.0,748.0,6.83,5.48,8.5,47.15,3.32,10.17,15.12,,151.1,,506.0,Severe
249766,DL005,2018-10-18 23:00:00,252.0,876.0,14.75,4.35,14.33,49.73,3.22,10.08,13.57,,214.65,,507.0,Severe
249767,DL005,2018-10-19 00:00:00,234.0,696.0,21.17,5.52,20.22,50.65,2.8,13.3,11.55,,246.12,,499.0,Severe
249768,DL005,2018-10-19 01:00:00,211.0,560.0,22.82,5.57,21.6,45.45,1.92,13.45,9.33,,155.73,,493.0,Severe
249769,DL005,2018-10-19 02:00:00,151.0,393.0,20.2,5.33,19.3,43.3,1.4,12.38,20.75,,,,490.0,Severe
249770,DL005,2018-10-19 03:00:00,152.0,350.0,14.3,1.3,12.3,40.4,,3.7,10.48,,,,487.0,Severe
249771,DL005,2018-10-19 04:00:00,129.0,310.0,12.28,1.65,10.88,42.78,1.25,6.25,16.15,,,,485.0,Severe
249772,DL005,2018-10-19 05:00:00,134.0,274.0,9.3,1.23,8.23,43.32,1.13,3.28,16.4,,,,475.0,Severe
249773,DL005,2018-10-19 06:00:00,128.0,283.0,7.15,1.3,6.5,43.93,1.2,1.53,7.92,,,,464.0,Severe
249774,DL005,2018-10-19 07:00:00,145.0,305.0,6.83,1.33,6.3,44.55,1.3,2.18,8.2,,,,449.0,Severe
249775,DL005,2018-10-19 08:00:00,149.0,296.0,7.33,2.58,7.38,48.67,1.6,3.75,9.38,,,,432.0,Severe
249776,DL005,2018-10-19 09:00:00,180.0,320.0,7.63,3.18,7.93,57.88,1.75,13.48,15.85,,186.5,,419.0,Severe
249777,DL005,2018-10-19 10:00:00,241.0,477.0,6.27,5.3,7.95,61.32,1.78,17.72,42.45,,147.3,,411.0,Severe
249778,DL005,2018-10-19 11:00:00,265.0,531.0,3.6,7.97,7.15,62.0,1.68,17.92,153.25,,114.9,,417.0,Severe
249779,DL005,2018-10-19 12:00:00,199.0,481.0,1.55,4.85,3.87,53.05,1.28,16.43,,,,,423.0,Severe
249780,DL005,2018-10-19 13:00:00,150.0,311.0,1.25,2.9,2.57,49.12,1.05,17.47,,,,,422.0,Severe
249781,DL005,2018-10-19 14:00:00,118.0,257.0,1.08,1.68,1.78,45.0,1.05,14.98,,,,,420.0,Severe
249782,DL005,2018-10-19 15:00:00,119.0,252.0,0.85,1.85,1.7,46.18,1.03,14.12,,,,,419.0,Severe
249783,DL005,2018-10-19 16:00:00,116.0,284.0,1.15,3.88,2.98,43.5,0.92,16.12,199.0,,,,419.0,Severe
249784,DL005,2018-10-19 17:00:00,96.0,261.0,1.22,3.93,3.1,43.53,0.9,15.87,184.45,,,,414.0,Severe
249785,DL005,2018-10-19 18:00:00,101.0,267.0,1.18,3.73,2.95,42.27,1.08,14.7,132.55,,,,405.0,Severe
249786,DL005,2018-10-19 19:00:00,114.0,287.0,1.65,3.4,3.18,47.62,1.45,13.32,106.45,,,,394.0,Very Poor
249787,DL005,2018-10-19 20:00:00,173.0,367.0,1.5,2.33,2.5,49.45,1.78,10.65,76.95,,,,377.0,Very Poor
249788,DL005,2018-10-19 21:00:00,233.0,409.0,1.3,2.27,2.28,46.92,1.52,9.0,104.2,,,,362.0,Very Poor
249789,DL005,2018-10-19 22:00:00,196.0,367.0,1.25,1.03,1.57,42.12,1.25,8.23,125.12,,,,342.0,Very Poor
249790,DL005,2018-10-19 23:00:00,193.0,359.0,1.22,0.68,1.2,40.73,1.37,7.43,99.07,,,,334.0,Very Poor
249791,DL005,2018-10-20 00:00:00,226.0,406.0,0.8,1.9,1.65,44.5,1.47,11.12,79.2,,,,333.0,Very Poor
249792,DL005,2018-10-20 01:00:00,278.0,445.0,1.43,2.55,2.52,49.85,1.68,15.08,40.75,,,,335.0,Very Poor
249793,DL005,2018-10-20 02:00:00,357.0,554.0,1.67,2.55,2.72,51.7,1.77,12.97,27.1,,,,342.0,Very Poor
249794,DL005,2018-10-20 03:00:00,371.0,531.0,2.1,1.9,2.7,54.0,,11.0,13.33,,124.53,,349.0,Very Poor
249795,DL005,2018-10-20 04:00:00,333.0,490.0,2.53,0.3,2.2,52.7,1.77,5.92,9.6,,,,356.0,Very Poor
249796,DL005,2018-10-20 05:00:00,309.0,451.0,3.12,0.35,2.73,54.2,1.7,4.57,9.83,,,,361.0,Very Poor
249797,DL005,2018-10-20 06:00:00,307.0,436.0,3.43,0.4,3.0,55.88,1.8,4.33,10.5,,,,367.0,Very Poor
249798,DL005,2018-10-20 07:00:00,326.0,453.0,4.58,0.85,4.2,61.8,2.17,5.32,10.6,,,,373.0,Very Poor
249799,DL005,2018-10-20 08:00:00,412.0,644.0,8.98,1.73,8.2,67.7,2.45,13.87,11.1,,,,381.0,Very Poor
249800,DL005,2018-10-20 09:00:00,447.0,686.0,9.45,3.23,9.45,70.75,2.25,29.92,19.12,,,,390.0,Very Poor
249801,DL005,2018-10-20 10:00:00,460.0,641.0,4.7,7.0,7.58,66.55,1.72,31.6,54.2,,,,397.0,Very Poor
249802,DL005,2018-10-20 11:00:00,351.0,534.0,1.55,6.7,4.85,54.15,1.25,26.35,138.0,,,,400.0,Very Poor
249803,DL005,2018-10-20 12:00:00,212.0,620.0,1.78,11.0,7.3,41.88,2.45,55.55,144.93,,,,400.0,Very Poor
249804,DL005,2018-10-20 13:00:00,118.0,260.0,1.12,8.1,5.2,37.15,0.65,22.85,155.03,,,,399.0,Very Poor
249805,DL005,2018-10-20 14:00:00,86.0,180.0,1.05,6.9,4.55,32.83,0.65,18.3,170.97,,,,398.0,Very Poor
249806,DL005,2018-10-20 15:00:00,84.0,207.0,1.53,4.98,3.87,27.7,0.5,11.7,157.5,,,,397.0,Very Poor
249807,DL005,2018-10-20 16:00:00,59.0,168.0,0.83,5.1,3.38,27.45,0.53,11.9,154.52,,,,395.0,Very Poor
249808,DL005,2018-10-20 17:00:00,53.0,191.0,0.8,7.53,4.68,27.92,0.55,14.62,146.3,,,,394.0,Very Poor
249809,DL005,2018-10-20 18:00:00,61.0,207.0,0.98,19.9,11.38,30.25,0.73,15.27,107.38,,165.58,,392.0,Very Poor
249810,DL005,2018-10-20 19:00:00,83.0,293.0,1.35,28.05,16.0,34.2,1.03,15.93,87.2,,122.65,,391.0,Very Poor
249811,DL005,2018-10-20 20:00:00,133.0,345.0,1.47,32.75,18.62,33.05,1.1,11.45,78.9,,182.62,,390.0,Very Poor
249812,DL005,2018-10-20 21:00:00,123.0,340.0,1.28,29.75,16.88,31.1,1.15,13.15,98.62,,158.0,,386.0,Very Poor
249813,DL005,2018-10-20 22:00:00,138.0,370.0,0.6,26.65,14.62,32.52,1.28,13.42,94.98,,107.3,,385.0,Very Poor
249814,DL005,2018-10-20 23:00:00,167.0,372.0,0.97,27.78,15.58,33.37,1.32,13.48,86.48,,,,384.0,Very Poor
249815,DL005,2018-10-21 00:00:00,179.0,378.0,0.48,18.38,10.15,34.6,1.13,13.35,82.25,,,,382.0,Very Poor
249816,DL005,2018-10-21 01:00:00,183.0,332.0,1.32,27.45,15.67,41.2,1.23,21.4,49.48,,,,379.0,Very Poor
249817,DL005,2018-10-21 02:00:00,237.0,404.0,1.55,32.65,18.55,45.7,1.3,21.88,32.0,,,,375.0,Very Poor
249818,DL005,2018-10-21 03:00:00,250.0,379.0,1.4,25.7,14.8,43.5,,21.6,38.1,,,,372.0,Very Poor
249819,DL005,2018-10-21 04:00:00,227.0,348.0,2.18,33.33,19.5,48.38,1.25,15.22,16.73,,,,368.0,Very Poor
249820,DL005,2018-10-21 05:00:00,230.0,364.0,2.1,36.45,21.1,60.3,1.35,13.58,12.5,,,,366.0,Very Poor
249821,DL005,2018-10-21 06:00:00,346.0,511.0,12.55,41.27,32.15,52.18,1.45,11.05,10.83,,,,367.0,Very Poor
249822,DL005,2018-10-21 07:00:00,241.0,412.0,17.73,31.5,30.97,51.77,1.55,8.88,8.78,,,,364.0,Very Poor
249823,DL005,2018-10-21 08:00:00,235.0,353.0,19.02,33.15,33.3,55.45,1.5,9.83,10.28,,,,358.0,Very Poor
249824,DL005,2018-10-21 09:00:00,238.0,385.0,6.4,38.32,25.68,53.7,1.65,18.83,13.92,,,,352.0,Very Poor
249825,DL005,2018-10-21 10:00:00,235.0,398.0,7.2,33.92,23.9,58.58,1.5,14.2,14.03,,,,345.0,Very Poor
249826,DL005,2018-10-21 11:00:00,186.0,309.0,7.7,31.35,22.9,62.25,1.3,12.67,28.85,,,,339.0,Very Poor
249827,DL005,2018-10-21 12:00:00,156.0,267.0,0.77,19.42,10.93,55.32,0.97,16.25,102.85,,173.7,,337.0,Very Poor
249828,DL005,2018-10-21 13:00:00,118.0,245.0,,,,,0.97,16.72,152.9,,149.5,,337.0,Very Poor
249829,DL005,2018-10-21 14:00:00,129.0,271.0,0.2,14.3,7.7,43.1,0.83,16.15,167.33,,144.28,,339.0,Very Poor
249830,DL005,2018-10-21 15:00:00,118.0,244.0,,,,,0.7,18.93,174.93,,147.6,,340.0,Very Poor
249831,DL005,2018-10-21 16:00:00,91.0,230.0,,,,,0.65,17.3,168.2,,153.92,,341.0,Very Poor
249832,DL005,2018-10-21 17:00:00,84.0,218.0,0.3,15.2,8.35,34.07,0.65,23.18,156.62,,219.42,,342.0,Very Poor
249833,DL005,2018-10-21 18:00:00,86.0,212.0,1.33,62.35,34.2,34.3,0.98,17.6,58.33,,263.5,,343.0,Very Poor
249834,DL005,2018-10-21 19:00:00,90.0,271.0,1.25,72.5,39.68,37.6,1.22,15.45,36.38,,,,343.0,Very Poor
249835,DL005,2018-10-21 20:00:00,128.0,259.0,34.48,88.7,75.25,39.52,1.9,13.65,13.85,,,,343.0,Very Poor
249836,DL005,2018-10-21 21:00:00,184.0,407.0,26.1,80.1,63.88,43.18,1.9,15.3,9.67,,,,345.0,Very Poor
249837,DL005,2018-10-21 22:00:00,197.0,399.0,16.27,72.88,52.1,42.9,1.8,18.28,12.0,,,,347.0,Very Poor
249838,DL005,2018-10-21 23:00:00,185.0,359.0,0.98,59.78,32.62,39.68,1.45,11.25,15.6,,,,347.0,Very Poor
249839,DL005,2018-10-22 00:00:00,177.0,306.0,2.15,57.15,32.15,39.7,1.5,10.17,12.82,,109.05,,347.0,Very Poor
249840,DL005,2018-10-22 01:00:00,196.0,322.0,1.92,48.75,27.5,42.4,1.5,10.57,12.48,,129.65,,348.0,Very Poor
249841,DL005,2018-10-22 02:00:00,213.0,320.0,4.15,40.12,24.72,43.95,1.45,9.8,15.25,,124.2,,347.0,Very Poor
249842,DL005,2018-10-22 03:00:00,217.0,343.0,3.7,32.9,20.5,43.0,,9.9,11.22,,,,346.0,Very Poor
249843,DL005,2018-10-22 04:00:00,225.75,326.75,8.33,32.53,24.05,45.32,1.4,9.75,9.13,,,,346.0,Very Poor
249844,DL005,2018-10-22 05:00:00,245.25,368.0,17.18,39.92,35.18,44.17,1.5,8.47,8.57,,,,346.0,Very Poor
249845,DL005,2018-10-22 06:00:00,229.25,363.5,35.27,36.78,48.4,43.27,1.6,8.65,7.68,,,,342.0,Very Poor
249846,DL005,2018-10-22 07:00:00,219.75,367.0,65.38,39.57,74.38,45.3,1.82,8.7,7.93,,,,342.0,Very Poor
249847,DL005,2018-10-22 08:00:00,233.75,406.0,35.97,45.95,53.8,51.8,1.72,9.37,8.53,,,,342.0,Very Poor
249848,DL005,2018-10-22 09:00:00,225.25,355.75,10.9,41.05,30.72,49.65,1.53,13.83,17.18,,,,341.0,Very Poor
249849,DL005,2018-10-22 10:00:00,190.25,305.75,2.08,25.12,15.05,47.38,1.13,15.25,54.4,,,,340.0,Very Poor
249850,DL005,2018-10-22 11:00:00,152.75,280.25,0.95,16.7,9.7,46.45,1.05,13.9,99.95,,,,339.0,Very Poor
249851,DL005,2018-10-22 12:00:00,139.75,275.5,0.67,13.13,7.57,45.4,0.92,14.37,136.63,,,,338.0,Very Poor
249852,DL005,2018-10-22 13:00:00,112.0,286.0,1.05,10.88,6.62,40.3,0.8,13.95,161.65,,,,338.0,Very Poor
249853,DL005,2018-10-22 14:00:00,80.25,251.75,0.3,9.15,5.1,34.3,0.7,12.65,168.92,,,,337.0,Very Poor
249854,DL005,2018-10-22 15:00:00,64.25,219.5,0.45,9.75,5.53,31.77,0.63,12.73,152.12,,116.5,,335.0,Very Poor
249855,DL005,2018-10-22 16:00:00,59.75,184.25,0.2,9.4,5.1,29.1,0.6,11.65,151.93,,,,334.0,Very Poor
249856,DL005,2018-10-22 17:00:00,67.75,185.5,0.7,13.1,7.25,32.03,0.75,12.75,153.95,,,,333.0,Very Poor
249857,DL005,2018-10-22 18:00:00,109.25,271.75,0.3,69.5,37.3,44.0,1.32,14.38,87.78,,,,334.0,Very Poor
249858,DL005,2018-10-22 19:00:00,168.25,389.75,1.2,66.8,36.53,38.25,1.32,17.43,41.9,,,,337.0,Very Poor
249859,DL005,2018-10-22 20:00:00,127.5,309.75,13.45,69.75,48.38,36.58,1.78,30.95,26.03,,,,337.0,Very Poor
249860,DL005,2018-10-22 21:00:00,141.75,371.5,74.65,80.45,103.65,40.72,2.35,20.27,9.02,,,,335.0,Very Poor
249861,DL005,2018-10-22 22:00:00,175.75,491.25,60.45,72.33,87.35,39.62,2.15,18.08,8.82,,,,334.0,Very Poor
249862,DL005,2018-10-22 23:00:00,165.0,427.0,59.42,67.43,84.03,41.23,2.1,23.45,8.48,,,,334.0,Very Poor
249863,DL005,2018-10-23 00:00:00,172.5,443.75,71.42,58.55,89.58,38.77,2.18,21.8,7.85,,,,334.0,Very Poor
249864,DL005,2018-10-23 01:00:00,178.5,449.25,23.55,57.07,49.6,42.2,1.95,41.9,8.35,,,,333.0,Very Poor
249865,DL005,2018-10-23 02:00:00,181.0,420.25,14.07,48.92,37.48,42.08,1.8,23.13,14.1,,,,332.0,Very Poor
249866,DL005,2018-10-23 03:00:00,176.25,417.5,9.4,46.3,32.2,45.1,,19.5,8.38,,,,331.0,Very Poor
249867,DL005,2018-10-23 04:00:00,176.0,428.25,18.53,52.05,42.83,46.57,1.6,16.85,7.73,,,,329.0,Very Poor
249868,DL005,2018-10-23 05:00:00,160.5,399.75,20.93,56.2,46.92,43.1,1.4,13.52,8.15,,,,327.0,Very Poor
249869,DL005,2018-10-23 06:00:00,145.0,354.0,17.33,52.4,42.0,39.2,1.35,10.95,8.22,,,,324.0,Very Poor
249870,DL005,2018-10-23 07:00:00,132.5,336.0,32.9,43.9,50.5,39.25,1.5,9.5,9.05,,,,321.0,Very Poor
249871,DL005,2018-10-23 08:00:00,140.0,383.75,34.58,52.2,55.98,40.02,1.7,11.62,9.7,,,,318.0,Very Poor
249872,DL005,2018-10-23 09:00:00,142.5,367.75,19.22,58.32,46.6,43.52,1.47,16.95,13.33,,,,315.0,Very Poor
249873,DL005,2018-10-23 10:00:00,144.25,362.75,9.65,41.57,29.88,44.97,1.25,19.03,41.7,,,,314.0,Very Poor
249874,DL005,2018-10-23 11:00:00,120.0,303.75,2.65,17.1,11.27,42.58,1.0,17.28,107.02,,,,313.0,Very Poor
249875,DL005,2018-10-23 12:00:00,100.5,253.0,0.4,22.15,12.05,43.7,0.97,16.67,151.15,,,,312.0,Very Poor
249876,DL005,2018-10-23 13:00:00,105.25,265.0,0.48,15.0,8.35,39.85,0.85,16.3,182.2,,,,311.0,Very Poor
249877,DL005,2018-10-23 14:00:00,98.75,226.75,0.3,6.9,3.9,33.1,0.7,12.78,178.4,,,,312.0,Very Poor
249878,DL005,2018-10-23 15:00:00,77.25,189.25,0.45,7.42,4.32,31.47,0.7,10.9,180.95,,,,312.0,Very Poor
249879,DL005,2018-10-23 16:00:00,77.75,180.5,0.52,9.88,5.68,30.12,0.7,10.5,166.17,,,,313.0,Very Poor
249880,DL005,2018-10-23 17:00:00,79.0,201.0,0.55,17.85,9.98,29.55,0.78,12.25,167.02,,196.7,,313.0,Very Poor
249881,DL005,2018-10-23 18:00:00,95.5,274.0,0.5,44.2,23.93,33.45,1.15,15.08,109.73,,336.48,,313.0,Very Poor
249882,DL005,2018-10-23 19:00:00,137.25,416.25,1.12,92.4,50.0,34.02,1.55,19.63,37.28,,412.62,,312.0,Very Poor
249883,DL005,2018-10-23 20:00:00,196.5,640.25,25.02,96.9,71.92,55.03,2.88,17.27,21.25,,,,314.0,Very Poor
249884,DL005,2018-10-23 21:00:00,276.5,929.5,45.7,94.5,87.42,47.48,3.03,13.67,11.6,,378.27,,340.0,Very Poor
249885,DL005,2018-10-23 22:00:00,262.0,884.75,63.3,84.67,96.65,48.93,3.55,12.25,12.03,,315.12,,360.0,Very Poor
249886,DL005,2018-10-23 23:00:00,253.0,863.75,54.28,88.42,91.27,54.23,3.0,12.88,11.23,,285.88,,383.0,Very Poor
249887,DL005,2018-10-24 00:00:00,198.0,609.0,56.82,86.22,92.25,56.55,2.35,14.08,10.03,,209.88,,391.0,Very Poor
249888,DL005,2018-10-24 01:00:00,174.75,508.5,105.5,70.3,123.48,72.52,2.62,14.78,10.15,,229.02,,395.0,Very Poor
249889,DL005,2018-10-24 02:00:00,189.5,554.5,89.38,67.65,108.95,67.7,2.42,13.98,18.8,,291.0,,402.0,Severe
249890,DL005,2018-10-24 03:00:00,171.25,488.0,70.4,65.4,92.2,62.5,,11.8,9.72,,350.68,,405.0,Severe
249891,DL005,2018-10-24 04:00:00,164.75,481.0,78.3,64.9,98.32,65.73,2.55,12.47,10.33,,330.6,,408.0,Severe
249892,DL005,2018-10-24 05:00:00,171.25,501.5,117.12,79.48,138.77,61.95,3.18,11.95,12.4,,298.82,,413.0,Severe
249893,DL005,2018-10-24 06:00:00,205.5,591.5,121.62,85.23,144.45,59.0,2.98,13.5,11.15,,262.75,,426.0,Severe
249894,DL005,2018-10-24 07:00:00,217.25,654.5,153.65,66.7,160.78,56.38,2.95,12.53,10.93,,255.95,,442.0,Severe
249895,DL005,2018-10-24 08:00:00,225.5,683.5,109.97,84.25,134.42,62.48,2.9,13.08,11.27,,251.73,,458.0,Severe
249896,DL005,2018-10-24 09:00:00,241.75,733.5,64.25,114.1,113.03,68.73,2.95,21.07,12.33,,244.12,,477.0,Severe
249897,DL005,2018-10-24 10:00:00,250.0,745.75,18.83,123.65,81.1,75.22,2.57,28.4,32.12,,239.77,,497.0,Severe
249898,DL005,2018-10-24 11:00:00,246.75,751.25,8.0,98.3,58.88,74.25,2.22,30.65,111.77,,219.95,,520.0,Severe
249899,DL005,2018-10-24 12:00:00,223.25,698.0,3.55,70.62,40.5,71.5,1.7,28.85,179.8,,262.63,,543.0,Severe
249900,DL005,2018-10-24 13:00:00,166.75,477.0,1.3,28.72,16.33,48.65,1.1,19.8,,,148.9,,554.0,Severe
249901,DL005,2018-10-24 14:00:00,118.5,296.25,0.9,25.85,14.48,43.75,0.97,16.35,,,,,558.0,Severe
249902,DL005,2018-10-24 15:00:00,108.5,280.75,1.12,19.7,11.37,38.23,0.85,15.45,,,,,563.0,Severe
249903,DL005,2018-10-24 16:00:00,105.0,289.25,0.5,18.35,10.15,36.05,0.85,15.53,,,129.6,,568.0,Severe
249904,DL005,2018-10-24 17:00:00,120.0,367.0,0.52,29.78,16.25,34.12,0.9,16.55,173.0,,175.1,,577.0,Severe
249905,DL005,2018-10-24 18:00:00,140.5,455.0,0.65,65.7,35.35,35.32,1.18,15.28,90.5,,208.8,,586.0,Severe
249906,DL005,2018-10-24 19:00:00,180.0,625.75,5.52,106.15,60.95,38.97,1.72,20.38,23.3,,322.15,,597.0,Severe
249907,DL005,2018-10-24 20:00:00,197.25,731.75,12.8,101.52,64.5,42.97,1.95,18.05,9.88,,474.83,,602.0,Severe
249908,DL005,2018-10-24 21:00:00,199.0,715.25,8.0,87.55,53.03,42.88,1.92,13.28,10.6,,225.02,,591.0,Severe
249909,DL005,2018-10-24 22:00:00,188.0,614.0,26.0,82.6,65.08,44.77,2.32,11.7,9.33,,146.75,,577.0,Severe
249910,DL005,2018-10-24 23:00:00,197.75,644.75,15.85,87.8,59.57,48.2,2.1,13.75,10.2,,323.38,,565.0,Severe
249911,DL005,2018-10-25 00:00:00,194.5,587.75,36.8,79.9,72.5,50.03,2.33,12.9,10.3,,299.43,,564.0,Severe
249912,DL005,2018-10-25 01:00:00,190.5,572.25,34.28,74.52,67.65,54.98,1.9,12.77,8.48,,268.7,,568.0,Severe
249913,DL005,2018-10-25 02:00:00,141.5,400.25,15.3,69.83,49.62,54.0,1.63,12.8,15.5,,166.92,,560.0,Severe
249914,DL005,2018-10-25 03:00:00,127.0,369.5,32.1,62.8,59.6,55.0,,13.2,8.85,,129.45,,553.0,Severe
249915,DL005,2018-10-25 04:00:00,134.5,384.0,37.93,60.97,63.32,59.35,1.8,11.58,8.3,,100.3,,548.0,Severe
249916,DL005,2018-10-25 05:00:00,144.25,425.25,45.38,59.0,68.48,57.95,2.02,10.6,9.92,,,,544.0,Severe
249917,DL005,2018-10-25 06:00:00,161.5,467.5,58.62,50.57,74.7,58.05,2.07,10.1,9.62,,,,538.0,Severe
249918,DL005,2018-10-25 07:00:00,168.75,509.25,124.38,47.4,127.25,57.28,2.3,10.03,16.9,,,,530.0,Severe
249919,DL005,2018-10-25 08:00:00,184.25,585.0,118.15,62.3,129.5,60.18,2.62,11.03,24.85,,118.08,,525.0,Severe
249920,DL005,2018-10-25 09:00:00,206.5,662.5,55.93,77.83,86.93,68.6,2.35,26.8,26.88,,171.6,,522.0,Severe
249921,DL005,2018-10-25 10:00:00,194.25,600.0,11.9,60.05,41.7,67.15,1.7,40.97,52.75,,181.0,,514.0,Severe
249922,DL005,2018-10-25 11:00:00,143.25,416.5,4.88,44.23,27.38,69.2,1.3,40.85,87.45,,,,497.0,Severe
249923,DL005,2018-10-25 12:00:00,117.25,333.5,1.2,31.35,17.63,59.6,1.1,39.98,174.03,,,,478.0,Severe
249924,DL005,2018-10-25 13:00:00,116.5,307.5,0.83,19.0,10.78,49.33,0.83,29.18,171.85,,,,469.0,Severe
249925,DL005,2018-10-25 14:00:00,90.75,240.5,0.35,17.55,9.7,45.45,0.87,27.27,189.6,,,,466.0,Severe
249926,DL005,2018-10-25 15:00:00,110.25,263.5,1.1,22.1,12.7,38.6,,20.0,192.7,,,,465.0,Severe
249927,DL005,2018-10-25 16:00:00,115.75,286.25,1.05,22.1,12.6,41.35,1.0,18.68,196.9,,,,465.0,Severe
249928,DL005,2018-10-25 17:00:00,113.25,348.5,1.12,21.83,12.52,38.95,1.03,16.88,174.15,,,,464.0,Severe
249929,DL005,2018-10-25 18:00:00,128.25,469.25,1.32,59.13,32.48,41.57,1.43,15.85,91.65,,,,465.0,Severe
249930,DL005,2018-10-25 19:00:00,174.75,620.75,2.4,103.95,57.23,45.7,2.0,16.32,28.05,,123.02,,464.0,Severe
249931,DL005,2018-10-25 20:00:00,222.25,671.5,2.75,104.77,57.93,48.62,2.25,17.35,17.45,,177.87,,461.0,Severe
249932,DL005,2018-10-25 21:00:00,240.5,672.25,21.28,100.55,70.77,49.75,2.5,11.58,7.05,,112.8,,459.0,Severe
249933,DL005,2018-10-25 22:00:00,215.5,677.75,16.93,93.2,63.4,51.22,2.35,10.67,7.38,,,,462.0,Severe
249934,DL005,2018-10-25 23:00:00,224.0,530.0,9.88,91.05,56.45,48.7,2.32,10.0,7.75,,,,456.0,Severe
249935,DL005,2018-10-26 00:00:00,223.25,481.5,4.2,64.78,37.95,50.77,1.97,11.4,16.55,,,,451.0,Severe
249936,DL005,2018-10-26 01:00:00,240.0,408.5,1.85,47.98,27.0,49.95,1.7,14.05,23.88,,,,442.0,Severe
249937,DL005,2018-10-26 02:00:00,243.25,387.25,4.28,60.23,35.5,50.87,1.92,12.85,12.3,,,,442.0,Severe
249938,DL005,2018-10-26 03:00:00,248.0,398.0,3.9,67.9,39.2,49.6,,15.1,6.85,,,,443.0,Severe
249939,DL005,2018-10-26 04:00:00,264.75,397.0,5.12,64.7,38.62,51.2,1.75,14.65,6.52,,,,444.0,Severe
249940,DL005,2018-10-26 05:00:00,273.25,406.5,13.37,59.45,42.57,50.73,2.0,13.92,5.77,,,,443.0,Severe
249941,DL005,2018-10-26 06:00:00,261.75,407.25,23.78,58.37,50.43,49.7,1.85,13.1,5.4,,,,440.0,Severe
249942,DL005,2018-10-26 07:00:00,274.0,450.0,46.6,48.35,63.78,49.05,2.0,10.12,6.08,,143.5,,437.0,Severe
249943,DL005,2018-10-26 08:00:00,273.25,461.0,52.98,68.7,79.67,52.95,2.43,11.25,6.9,,165.92,,430.0,Severe
249944,DL005,2018-10-26 09:00:00,331.5,590.0,38.9,81.88,75.27,58.83,2.47,14.75,9.83,,144.78,,426.0,Severe
249945,DL005,2018-10-26 10:00:00,372.0,638.75,24.18,106.43,76.27,63.8,2.42,24.85,34.08,,189.5,,428.0,Severe
249946,DL005,2018-10-26 11:00:00,326.5,601.0,4.93,59.38,35.65,58.87,1.58,24.95,91.25,,135.73,,438.0,Severe
249947,DL005,2018-10-26 12:00:00,222.0,411.25,2.35,28.67,17.18,54.75,1.1,20.0,125.22,,212.75,,442.0,Severe
249948,DL005,2018-10-26 13:00:00,150.25,273.75,1.4,21.35,12.5,50.4,0.95,17.5,156.17,,126.45,,440.0,Severe
249949,DL005,2018-10-26 14:00:00,132.75,247.25,1.22,15.47,9.27,43.88,0.92,17.65,176.25,,110.8,,441.0,Severe
249950,DL005,2018-10-26 15:00:00,125.75,247.75,1.17,14.85,8.83,40.12,0.88,16.35,172.58,,,,440.0,Severe
249951,DL005,2018-10-26 16:00:00,101.25,233.75,0.85,10.63,6.32,33.67,0.78,13.98,157.9,,145.0,,437.0,Severe
249952,DL005,2018-10-26 17:00:00,93.5,253.5,1.57,39.15,22.15,35.85,1.12,16.15,124.65,,161.6,,432.0,Severe
249953,DL005,2018-10-26 18:00:00,126.0,360.5,2.3,91.23,50.25,39.8,1.57,16.33,63.12,,101.6,,426.0,Severe
249954,DL005,2018-10-26 19:00:00,145.75,408.5,11.87,112.35,69.38,39.12,2.0,15.52,25.4,,,,415.0,Severe
249955,DL005,2018-10-26 20:00:00,196.0,531.75,117.6,116.48,158.13,47.28,3.38,15.03,6.9,,113.5,,408.0,Severe
249956,DL005,2018-10-26 21:00:00,276.0,688.25,41.5,91.08,82.17,47.45,2.9,11.02,6.83,,126.5,,409.0,Severe
249957,DL005,2018-10-26 22:00:00,280.0,606.75,85.9,96.97,121.73,47.85,3.43,10.0,6.12,,174.95,,405.0,Severe
249958,DL005,2018-10-26 23:00:00,299.0,727.25,114.98,96.4,145.33,45.65,3.88,9.67,6.42,,260.85,,415.0,Severe
249959,DL005,2018-10-27 00:00:00,288.25,753.0,78.38,91.65,112.7,45.7,3.4,9.18,6.32,,344.7,,430.0,Severe
249960,DL005,2018-10-27 01:00:00,284.25,619.5,108.55,75.07,128.4,45.97,3.55,9.6,6.98,,321.87,,441.0,Severe
249961,DL005,2018-10-27 02:00:00,314.5,669.5,127.0,70.48,141.1,50.6,3.77,10.97,25.35,,315.45,,455.0,Severe
249962,DL005,2018-10-27 03:00:00,308.75,639.25,73.1,82.2,103.4,51.7,,12.1,18.88,,230.37,,468.0,Severe
249963,DL005,2018-10-27 04:00:00,304.0,552.0,52.9,85.92,88.77,52.52,3.03,13.1,12.82,,194.22,,476.0,Severe
249964,DL005,2018-10-27 05:00:00,334.25,577.25,45.68,106.75,94.03,54.15,3.15,15.87,9.72,,202.25,,485.0,Severe
249965,DL005,2018-10-27 06:00:00,363.25,595.0,79.37,87.93,111.3,52.27,3.32,16.45,12.27,,196.55,,495.0,Severe
249966,DL005,2018-10-27 07:00:00,395.75,641.5,69.7,67.1,92.55,51.93,3.12,14.5,10.22,,205.35,,505.0,Severe
249967,DL005,2018-10-27 08:00:00,393.5,635.5,43.0,71.83,73.2,54.47,2.65,14.52,8.25,,169.82,,514.0,Severe
249968,DL005,2018-10-27 09:00:00,371.25,573.5,16.97,68.07,50.0,58.82,2.42,22.35,12.1,,131.68,,513.0,Severe
249969,DL005,2018-10-27 10:00:00,372.0,563.0,7.08,53.35,34.15,56.27,1.9,25.88,40.92,,108.2,,509.0,Severe
249970,DL005,2018-10-27 11:00:00,333.0,482.0,4.05,44.13,26.78,55.6,1.65,25.22,86.62,,,,503.0,Severe
249971,DL005,2018-10-27 12:00:00,277.0,461.0,2.62,35.42,20.97,55.55,1.47,32.75,152.07,,,,505.0,Severe
249972,DL005,2018-10-27 13:00:00,274.0,494.0,1.5,26.05,15.08,50.62,1.15,35.0,177.6,,119.6,,517.0,Severe
249973,DL005,2018-10-27 14:00:00,183.0,351.0,1.3,17.65,10.45,44.15,1.0,21.28,180.62,,,,522.0,Severe
249974,DL005,2018-10-27 15:00:00,146.0,296.0,1.5,14.38,8.88,41.9,1.0,21.05,194.75,,,,525.0,Severe
249975,DL005,2018-10-27 16:00:00,136.0,288.0,0.88,15.65,9.02,40.5,1.08,22.2,189.22,,,,527.0,Severe
249976,DL005,2018-10-27 17:00:00,153.0,322.0,0.97,18.7,10.75,38.48,1.05,18.2,167.77,,,,531.0,Severe
249977,DL005,2018-10-27 18:00:00,153.0,326.0,1.2,49.18,27.85,40.45,1.4,18.57,100.05,,,,529.0,Severe
249978,DL005,2018-10-27 19:00:00,169.0,377.75,8.32,82.77,50.83,43.95,1.93,16.47,43.62,,,,528.0,Severe
249979,DL005,2018-10-27 20:00:00,201.0,383.0,63.85,105.3,108.67,49.48,3.05,14.38,7.88,,,,520.0,Severe
249980,DL005,2018-10-27 21:00:00,316.0,584.0,65.07,99.1,105.68,51.88,3.25,10.08,5.5,,,,514.0,Severe
249981,DL005,2018-10-27 22:00:00,312.0,608.0,43.42,88.65,82.7,46.63,3.77,9.92,6.7,,100.7,,515.0,Severe
249982,DL005,2018-10-27 23:00:00,340.0,645.0,148.22,71.9,159.42,44.75,3.5,9.03,5.38,,113.2,,510.0,Severe
249983,DL005,2018-10-28 00:00:00,307.0,636.0,26.52,70.27,58.8,44.55,2.35,8.2,6.35,,,,504.0,Severe
249984,DL005,2018-10-28 01:00:00,282.0,420.0,6.58,50.18,32.1,48.28,2.07,8.68,11.18,,,,494.0,Severe
249985,DL005,2018-10-28 02:00:00,315.0,460.0,3.43,43.02,25.62,48.18,1.92,9.93,21.2,,,,483.0,Severe
249986,DL005,2018-10-28 03:00:00,287.0,425.25,3.4,45.2,26.8,51.9,,2.8,11.5,,,,472.0,Severe
249987,DL005,2018-10-28 04:00:00,289.0,442.75,11.7,47.25,34.75,53.22,2.05,2.25,6.2,,,,466.0,Severe
249988,DL005,2018-10-28 05:00:00,294.0,469.0,17.55,39.55,35.38,57.73,2.18,2.85,5.45,,,,460.0,Severe
249989,DL005,2018-10-28 06:00:00,304.0,464.25,45.43,41.47,59.08,56.37,2.45,1.33,5.4,,,,454.0,Severe
249990,DL005,2018-10-28 07:00:00,328.0,512.25,54.68,48.85,70.55,60.82,2.6,1.6,5.45,,109.9,,447.0,Severe
249991,DL005,2018-10-28 08:00:00,357.0,556.25,58.65,57.03,78.1,64.78,2.85,2.68,6.6,,118.68,,443.0,Severe
249992,DL005,2018-10-28 09:00:00,394.0,604.75,13.8,61.75,44.15,72.65,2.57,11.5,10.75,,,,444.0,Severe
249993,DL005,2018-10-28 10:00:00,407.0,556.0,5.75,37.88,24.65,70.1,1.97,20.52,29.93,,,,444.0,Severe
249994,DL005,2018-10-28 11:00:00,356.0,490.5,2.72,24.45,15.25,68.98,1.47,20.75,81.3,,,,444.0,Severe
249995,DL005,2018-10-28 12:00:00,251.0,483.0,1.52,21.05,12.47,65.4,1.2,18.9,139.75,,,,446.0,Severe
249996,DL005,2018-10-28 13:00:00,179.0,331.0,1.17,13.53,8.17,54.4,0.85,14.1,149.08,,,,437.0,Severe
249997,DL005,2018-10-28 14:00:00,114.0,261.75,1.47,9.08,5.98,42.7,0.78,11.3,156.85,,122.4,,432.0,Severe
249998,DL005,2018-10-28 15:00:00,111.0,246.0,2.48,8.85,6.75,42.13,0.8,16.33,159.95,,,,430.0,Severe
249999,DL005,2018-10-28 16:00:00,111.0,271.75,1.72,14.38,9.1,41.5,1.1,15.95,168.9,,154.42,,429.0,Severe
250000,DL005,2018-10-28 17:00:00,155.0,356.0,1.95,26.52,15.65,39.43,1.13,15.27,140.47,,226.4,,431.0,Severe
250001,DL005,2018-10-28 18:00:00,150.0,377.0,0.97,39.17,21.65,39.32,1.4,14.07,94.83,,324.2,,433.0,Severe
250002,DL005,2018-10-28 19:00:00,207.0,487.0,2.08,81.88,45.2,42.8,1.92,14.2,36.27,,399.7,,439.0,Severe
250003,DL005,2018-10-28 20:00:00,244.0,633.0,44.32,106.92,93.15,45.32,3.52,12.03,9.47,,,,452.0,Severe
250004,DL005,2018-10-28 21:00:00,311.0,873.0,56.98,99.55,99.52,47.65,3.4,10.33,9.57,,445.25,,467.0,Severe
250005,DL005,2018-10-28 22:00:00,304.0,771.25,128.8,88.37,152.22,48.7,4.35,11.02,7.63,,469.47,,476.0,Severe
250006,DL005,2018-10-28 23:00:00,345.0,760.0,84.02,76.05,108.38,50.3,3.38,9.2,6.57,,339.63,,482.0,Severe
250007,DL005,2018-10-29 00:00:00,317.0,537.0,64.97,57.67,83.75,49.9,2.8,7.68,5.95,,132.18,,476.0,Severe
250008,DL005,2018-10-29 01:00:00,271.0,487.0,18.1,58.3,45.8,49.88,2.43,7.82,5.9,,102.8,,480.0,Severe
250009,DL005,2018-10-29 02:00:00,267.0,467.0,13.23,52.25,38.57,50.47,2.35,9.73,13.85,,,,480.0,Severe
250010,DL005,2018-10-29 03:00:00,224.0,451.0,5.9,41.4,26.8,60.1,,2.5,6.48,,,,482.0,Severe
250011,DL005,2018-10-29 04:00:00,259.0,563.0,6.85,42.37,28.12,58.97,2.38,4.3,5.92,,,,488.0,Severe
250012,DL005,2018-10-29 05:00:00,243.0,585.0,19.95,42.07,38.65,58.45,2.55,7.9,5.4,,,,494.0,Severe
250013,DL005,2018-10-29 06:00:00,219.0,565.0,55.45,45.18,69.3,57.52,2.62,9.75,5.77,,,,499.0,Severe
250014,DL005,2018-10-29 07:00:00,251.0,632.0,84.78,48.18,94.78,58.65,2.88,7.05,6.25,,,,505.0,Severe
250015,DL005,2018-10-29 08:00:00,255.0,665.0,100.42,60.28,113.87,67.95,3.25,7.7,7.5,,105.65,,511.0,Severe
250016,DL005,2018-10-29 09:00:00,277.0,713.0,56.57,86.9,92.38,73.65,2.88,13.2,6.72,,115.6,,517.0,Severe
250017,DL005,2018-10-29 10:00:00,277.0,701.0,16.8,77.6,54.93,75.73,2.45,26.05,13.95,,,,524.0,Severe
250018,DL005,2018-10-29 11:00:00,252.0,626.0,5.9,51.85,32.45,75.02,2.05,22.47,52.02,,,,531.0,Severe
250019,DL005,2018-10-29 12:00:00,205.0,531.0,2.42,27.12,16.45,74.75,1.68,27.58,118.37,,,,534.0,Severe
250020,DL005,2018-10-29 13:00:00,227.0,578.0,1.55,19.4,11.6,66.18,1.45,20.28,152.02,,,,547.0,Severe
250021,DL005,2018-10-29 14:00:00,168.0,372.0,1.6,13.98,8.73,57.88,1.28,16.5,166.85,,,,552.0,Severe
250022,DL005,2018-10-29 15:00:00,157.0,322.0,1.17,13.2,7.93,47.73,1.03,12.38,169.2,,110.8,,556.0,Severe
250023,DL005,2018-10-29 16:00:00,150.0,317.0,0.85,14.95,8.7,41.67,1.18,10.95,166.12,,131.1,,559.0,Severe
250024,DL005,2018-10-29 17:00:00,136.0,326.0,1.05,20.55,11.8,42.55,1.45,12.23,136.83,,128.9,,557.0,Severe
250025,DL005,2018-10-29 18:00:00,164.0,415.0,1.8,63.92,35.38,49.25,1.82,13.82,70.02,,,,559.0,Severe
250026,DL005,2018-10-29 19:00:00,191.0,531.25,3.1,83.38,46.93,53.28,2.2,10.3,35.47,,,,562.0,Severe
250027,DL005,2018-10-29 20:00:00,271.0,547.0,44.8,106.8,93.3,50.03,3.32,8.7,7.97,,106.75,,557.0,Severe
250028,DL005,2018-10-29 21:00:00,385.0,718.0,77.5,97.35,114.18,54.83,3.48,13.5,5.6,,,,549.0,Severe
250029,DL005,2018-10-29 22:00:00,372.0,735.0,20.08,87.15,62.68,54.18,2.65,13.23,6.98,,,,547.0,Severe
250030,DL005,2018-10-29 23:00:00,360.0,569.0,7.55,67.78,42.25,52.03,2.57,12.12,10.45,,,,537.0,Severe
250031,DL005,2018-10-30 00:00:00,392.0,587.0,26.62,68.73,58.27,50.75,3.35,11.07,5.95,,100.6,,540.0,Severe
250032,DL005,2018-10-30 01:00:00,378.0,618.25,52.63,60.7,75.38,50.63,3.12,11.92,7.65,,128.6,,547.0,Severe
250033,DL005,2018-10-30 02:00:00,398.0,606.5,34.0,46.7,52.65,61.38,2.7,13.22,14.1,,115.6,,554.0,Severe
250034,DL005,2018-10-30 03:00:00,388.0,574.75,37.5,40.4,52.2,60.9,,3.0,7.12,,,,560.0,Severe
250035,DL005,2018-10-30 04:00:00,384.0,563.5,34.28,43.45,51.05,60.25,2.43,4.98,6.2,,,,560.0,Severe
250036,DL005,2018-10-30 05:00:00,390.0,559.25,43.47,47.27,60.63,58.62,2.48,4.25,6.13,,,,559.0,Severe
250037,DL005,2018-10-30 06:00:00,393.0,560.0,51.35,42.62,64.55,58.77,2.7,4.32,7.2,,,,559.0,Severe
250038,DL005,2018-10-30 07:00:00,383.0,579.0,56.55,54.62,75.12,62.25,2.62,3.55,6.43,,,,556.0,Severe
250039,DL005,2018-10-30 08:00:00,388.0,612.0,51.35,70.88,79.43,61.23,2.6,3.52,6.67,,,,553.0,Severe
250040,DL005,2018-10-30 09:00:00,374.0,587.25,19.45,72.9,54.7,63.75,2.33,10.53,9.57,,,,547.0,Severe
250041,DL005,2018-10-30 10:00:00,374.0,584.25,8.4,64.57,41.2,64.67,2.2,15.43,19.72,,,,541.0,Severe
250042,DL005,2018-10-30 11:00:00,373.0,571.75,4.22,52.25,31.22,70.17,2.12,15.4,63.22,,,,538.0,Severe
250043,DL005,2018-10-30 12:00:00,374.0,592.5,2.35,40.93,23.75,71.25,1.72,16.08,137.85,,,,541.0,Severe
250044,DL005,2018-10-30 13:00:00,305.0,485.0,0.95,26.43,14.83,69.1,1.5,14.12,183.9,,,,536.0,Severe
250045,DL005,2018-10-30 14:00:00,249.0,425.25,0.85,21.15,11.95,58.6,1.25,15.75,185.2,,,,539.0,Severe
250046,DL005,2018-10-30 15:00:00,213.0,390.0,0.4,12.9,7.2,45.77,1.05,12.7,169.45,,,,542.0,Severe
250047,DL005,2018-10-30 16:00:00,158.0,317.25,0.72,13.0,7.45,42.2,1.1,11.8,173.17,,,,542.0,Severe
250048,DL005,2018-10-30 17:00:00,163.0,361.75,1.32,21.43,12.5,42.22,1.13,12.42,134.95,,181.98,,544.0,Severe
250049,DL005,2018-10-30 18:00:00,162.0,421.0,2.1,62.42,34.85,43.15,1.58,14.4,64.82,,404.33,,545.0,Severe
250050,DL005,2018-10-30 19:00:00,202.0,576.0,3.3,93.92,52.68,45.95,1.97,17.73,23.68,,,,547.0,Severe
250051,DL005,2018-10-30 20:00:00,273.0,718.0,79.88,113.13,125.23,47.5,3.35,13.67,8.1,,,,556.0,Severe
250052,DL005,2018-10-30 21:00:00,342.0,841.0,62.37,99.55,103.8,48.18,3.4,12.92,6.42,,434.9,,562.0,Severe
250053,DL005,2018-10-30 22:00:00,284.0,827.0,35.75,102.27,83.52,48.88,3.02,12.1,7.07,,417.78,,567.0,Severe
250054,DL005,2018-10-30 23:00:00,288.0,694.0,27.05,94.25,72.17,46.25,2.75,11.07,6.42,,284.17,,574.0,Severe
250055,DL005,2018-10-31 00:00:00,299.0,593.0,35.62,89.43,76.6,45.65,2.85,9.92,7.95,,184.58,,574.0,Severe
250056,DL005,2018-10-31 01:00:00,274.0,574.0,52.65,75.85,83.27,46.33,2.95,10.28,19.93,,184.38,,572.0,Severe
250057,DL005,2018-10-31 02:00:00,296.0,593.0,64.0,70.3,89.58,50.25,2.7,10.78,14.25,,172.85,,571.0,Severe
250058,DL005,2018-10-31 03:00:00,309.0,603.0,56.4,70.5,83.4,56.4,,8.6,7.18,,132.22,,572.0,Severe
250059,DL005,2018-10-31 04:00:00,362.0,616.0,54.27,65.02,78.82,56.4,2.5,5.95,7.17,,105.07,,575.0,Severe
250060,DL005,2018-10-31 05:00:00,420.0,660.0,62.15,62.18,83.8,56.05,2.32,5.5,6.5,,102.7,,580.0,Severe
250061,DL005,2018-10-31 06:00:00,371.0,624.0,70.53,59.42,89.12,54.97,2.35,7.45,6.75,,,,584.0,Severe
250062,DL005,2018-10-31 07:00:00,315.0,556.0,78.15,56.97,94.02,53.98,2.65,8.5,8.6,,100.9,,582.0,Severe
250063,DL005,2018-10-31 08:00:00,377.0,588.0,76.12,64.23,96.23,53.22,2.75,8.33,7.2,,106.1,,581.0,Severe
250064,DL005,2018-10-31 09:00:00,389.0,660.0,43.2,79.85,77.68,57.75,2.6,11.8,7.15,,,,585.0,Severe
250065,DL005,2018-10-31 10:00:00,367.0,617.0,24.05,99.25,72.35,60.65,2.5,16.87,11.75,,,,587.0,Severe
250066,DL005,2018-10-31 11:00:00,394.0,677.0,18.22,132.78,85.52,68.47,2.65,23.0,34.0,,,,592.0,Severe
250067,DL005,2018-10-31 12:00:00,382.0,619.0,3.85,63.22,36.8,68.4,1.78,18.08,108.4,,,,594.0,Severe
250068,DL005,2018-10-31 13:00:00,268.0,415.0,2.77,47.38,27.42,66.05,1.65,17.47,169.55,,,,590.0,Severe
250069,DL005,2018-10-31 14:00:00,279.0,434.0,1.65,22.8,13.5,62.05,1.28,15.88,180.22,,,,590.0,Severe
250070,DL005,2018-10-31 15:00:00,191.0,348.0,1.52,24.6,14.35,52.77,1.4,14.1,199.0,,171.8,,588.0,Severe
250071,DL005,2018-10-31 16:00:00,227.0,432.0,1.3,24.22,13.95,52.15,1.4,14.75,187.13,,161.45,,594.0,Severe
250072,DL005,2018-10-31 17:00:00,222.0,472.0,1.35,29.92,17.02,54.32,1.5,17.05,160.3,,294.72,,600.0,Severe
250073,DL005,2018-10-31 18:00:00,234.0,558.0,2.03,42.0,24.0,54.98,1.68,14.85,101.3,,400.55,,607.0,Severe
250074,DL005,2018-10-31 19:00:00,250.0,630.0,2.55,71.02,39.93,53.8,2.47,12.17,39.82,,354.58,,610.0,Severe
250075,DL005,2018-10-31 20:00:00,269.0,732.0,58.32,116.75,109.1,56.6,3.63,11.4,9.3,,395.95,,611.0,Severe
250076,DL005,2018-10-31 21:00:00,322.0,962.0,57.12,103.7,101.75,59.63,3.68,6.52,6.53,,423.2,,617.0,Severe
250077,DL005,2018-10-31 22:00:00,261.0,758.0,88.2,107.15,128.82,56.55,4.3,6.4,5.73,,331.4,,613.0,Severe
250078,DL005,2018-10-31 23:00:00,283.0,841.0,43.75,102.3,90.1,50.57,3.22,7.5,5.35,,316.9,,621.0,Severe
250079,DL005,2018-11-01 00:00:00,230.0,643.0,39.43,88.42,79.18,48.9,3.33,7.7,7.02,,312.28,,624.0,Severe
250080,DL005,2018-11-01 01:00:00,226.0,603.0,37.32,75.98,70.88,47.42,2.8,7.27,6.85,,251.12,,625.0,Severe
250081,DL005,2018-11-01 02:00:00,210.0,493.0,38.55,77.67,72.75,49.65,2.52,7.5,12.7,,175.52,,620.0,Severe
250082,DL005,2018-11-01 03:00:00,200.0,492.0,67.3,55.8,84.6,53.0,,5.6,11.33,,162.25,,614.0,Severe
250083,DL005,2018-11-01 04:00:00,195.0,508.0,57.95,48.85,73.13,56.38,2.55,4.0,6.0,,200.72,,608.0,Severe
250084,DL005,2018-11-01 05:00:00,177.0,476.0,58.4,44.32,71.2,56.43,2.48,1.45,5.38,,199.33,,599.0,Severe
250085,DL005,2018-11-01 06:00:00,188.0,475.0,50.2,43.53,64.1,56.0,2.5,2.13,7.23,,202.17,,591.0,Severe
250086,DL005,2018-11-01 07:00:00,175.0,462.0,53.15,44.67,67.05,53.18,2.75,5.07,8.43,,203.7,,586.0,Severe
250087,DL005,2018-11-01 08:00:00,200.0,505.0,88.17,59.28,103.4,53.4,3.68,4.73,16.15,,219.12,,582.0,Severe
250088,DL005,2018-11-01 09:00:00,246.0,677.0,78.93,101.05,117.95,57.47,3.18,8.98,11.45,,206.42,,583.0,Severe
250089,DL005,2018-11-01 10:00:00,260.0,714.0,38.12,136.95,103.82,62.2,3.4,18.13,17.35,,113.75,,588.0,Severe
250090,DL005,2018-11-01 11:00:00,299.0,780.25,18.18,188.65,115.1,66.88,3.68,32.27,40.1,,132.62,,593.0,Severe
250091,DL005,2018-11-01 12:00:00,288.0,733.0,6.07,105.53,61.35,66.73,2.28,27.22,97.05,,132.62,,599.0,Severe
250092,DL005,2018-11-01 13:00:00,,,2.8,49.12,28.4,58.55,1.42,18.93,172.88,,,,609.0,Severe
250093,DL005,2018-11-01 14:00:00,,,2.9,70.0,39.48,60.12,1.68,17.5,199.9,,,,618.0,Severe
250094,DL005,2018-11-01 15:00:00,,,,,27.8,55.88,1.6,16.32,,,,,633.0,Severe
250095,DL005,2018-11-01 16:00:00,169.0,342.0,0.7,56.0,30.3,53.0,1.6,14.2,172.15,,,,628.0,Severe
250096,DL005,2018-11-01 17:00:00,169.0,342.0,0.65,51.33,27.82,51.1,1.42,13.52,139.95,,,,620.0,Severe
250097,DL005,2018-11-01 18:00:00,173.0,453.0,0.55,51.95,28.05,49.7,1.57,13.17,76.73,,,,614.0,Severe
250098,DL005,2018-11-01 19:00:00,184.0,495.0,0.95,70.32,38.2,52.1,1.85,13.52,32.88,,,,606.0,Severe
250099,DL005,2018-11-01 20:00:00,194.0,472.0,1.38,74.8,40.88,49.85,1.95,13.58,12.7,,,,590.0,Severe
250100,DL005,2018-11-01 21:00:00,218.0,473.0,3.12,88.02,49.4,50.37,2.35,9.2,3.8,,,,561.0,Severe
250101,DL005,2018-11-01 22:00:00,251.0,476.0,4.88,88.1,50.8,49.98,2.33,6.78,1.0,,,,544.0,Severe
250102,DL005,2018-11-01 23:00:00,249.0,422.0,2.9,76.42,43.0,47.15,2.12,8.15,1.2,,,,519.0,Severe
250103,DL005,2018-11-02 00:00:00,245.0,387.0,2.65,77.1,43.18,44.12,1.92,6.85,0.7,,,,504.0,Severe
250104,DL005,2018-11-02 01:00:00,230.0,350.0,1.6,66.53,36.68,42.2,1.8,8.1,1.72,,,,489.0,Severe
250105,DL005,2018-11-02 02:00:00,234.0,318.0,1.2,59.33,32.45,41.37,1.75,7.47,10.4,,,,479.0,Severe
250106,DL005,2018-11-02 03:00:00,226.0,322.0,1.5,58.7,32.5,42.9,,14.7,0.95,,,,469.0,Severe
250107,DL005,2018-11-02 04:00:00,235.0,338.0,2.05,61.18,34.18,43.4,1.9,15.22,1.0,,,,458.0,Severe
250108,DL005,2018-11-02 05:00:00,241.0,343.0,7.0,62.55,39.5,43.95,1.95,13.35,1.6,,,,451.0,Severe
250109,DL005,2018-11-02 06:00:00,332.0,458.0,23.4,61.85,52.0,42.85,2.05,11.97,0.45,,,,450.0,Severe
250110,DL005,2018-11-02 07:00:00,285.0,434.0,40.93,59.05,64.73,41.4,2.1,12.75,0.43,,,,448.0,Severe
250111,DL005,2018-11-02 08:00:00,268.0,434.0,33.27,64.85,60.8,41.4,2.25,11.85,0.93,,,,444.0,Severe
250112,DL005,2018-11-02 09:00:00,306.0,471.0,27.18,78.22,63.77,43.05,2.4,13.75,3.8,,,,431.0,Severe
250113,DL005,2018-11-02 10:00:00,316.0,531.0,20.95,97.55,69.0,45.7,2.48,18.85,9.93,,,,420.0,Severe
250114,DL005,2018-11-02 11:00:00,333.0,582.0,10.18,92.53,57.53,50.1,2.38,21.88,29.73,,,,409.0,Severe
250115,DL005,2018-11-02 12:00:00,316.0,586.0,5.1,82.12,47.85,53.78,2.3,21.53,75.1,,,,400.0,Very Poor
250116,DL005,2018-11-02 13:00:00,307.0,598.0,2.57,82.45,45.95,58.07,2.25,20.65,144.97,,,,409.0,Severe
250117,DL005,2018-11-02 14:00:00,304.0,599.0,1.72,65.15,36.02,59.07,1.95,19.12,188.5,,,,418.0,Severe
250118,DL005,2018-11-02 15:00:00,239.0,520.25,0.53,48.15,26.05,54.0,1.62,11.3,,,,,422.0,Severe
250119,DL005,2018-11-02 16:00:00,215.0,438.0,0.58,37.0,20.1,49.48,1.28,9.58,177.53,,,,427.0,Severe
250120,DL005,2018-11-02 17:00:00,158.0,359.25,0.75,35.4,19.43,48.22,1.3,9.68,144.1,,,,428.0,Severe
250121,DL005,2018-11-02 18:00:00,158.0,370.25,0.95,47.32,25.93,48.82,1.45,9.18,94.27,,,,424.0,Severe
250122,DL005,2018-11-02 19:00:00,171.0,436.75,1.1,77.08,41.85,49.45,1.87,10.4,39.18,,,,421.0,Severe
250123,DL005,2018-11-02 20:00:00,197.0,535.5,3.07,91.4,51.1,51.0,2.32,12.12,8.75,,,,424.0,Severe
250124,DL005,2018-11-02 21:00:00,232.0,609.25,23.07,107.35,75.88,50.9,2.85,12.65,1.5,,,,431.0,Severe
250125,DL005,2018-11-02 22:00:00,273.0,646.0,50.0,116.68,102.78,49.9,3.5,9.77,1.15,,125.35,,440.0,Severe
250126,DL005,2018-11-02 23:00:00,246.0,556.75,61.27,118.38,112.93,47.2,3.43,11.57,1.0,,148.4,,447.0,Severe
250127,DL005,2018-11-03 00:00:00,215.0,484.0,54.8,106.25,101.2,45.23,3.28,10.58,83.2,,127.9,,452.0,Severe
250128,DL005,2018-11-03 01:00:00,291.0,589.25,35.2,92.15,77.73,45.98,2.82,12.25,117.65,,114.45,,465.0,Severe
250129,DL005,2018-11-03 02:00:00,361.0,608.0,44.27,88.5,83.15,45.47,2.8,11.08,22.45,,105.93,,480.0,Severe
250130,DL005,2018-11-03 03:00:00,343.0,535.5,31.2,90.1,73.3,49.1,,15.8,21.7,,104.62,,491.0,Severe
250131,DL005,2018-11-03 04:00:00,251.0,395.75,10.03,83.85,52.8,52.7,1.82,15.63,2.97,,,,494.0,Severe
250132,DL005,2018-11-03 05:00:00,205.0,305.25,5.8,75.02,44.48,53.77,1.6,13.0,3.23,,,,492.0,Severe
250133,DL005,2018-11-03 06:00:00,213.0,333.0,4.33,54.55,32.62,53.32,1.5,11.22,1.35,,,,485.0,Severe
250134,DL005,2018-11-03 07:00:00,235.0,364.0,3.23,47.3,27.75,52.75,1.4,10.77,6.25,,,,482.0,Severe
250135,DL005,2018-11-03 08:00:00,208.0,307.0,2.8,37.78,22.38,52.2,1.5,11.12,6.93,,,,475.0,Severe
250136,DL005,2018-11-03 09:00:00,208.0,315.0,2.3,34.03,20.0,52.88,1.6,9.78,9.5,,,,467.0,Severe
250137,DL005,2018-11-03 10:00:00,211.0,311.0,3.43,32.6,20.15,54.75,1.6,9.42,14.25,,,,455.0,Severe
250138,DL005,2018-11-03 11:00:00,207.0,334.75,3.2,38.8,23.25,58.45,1.68,13.9,25.73,,,,443.0,Severe
250139,DL005,2018-11-03 12:00:00,222.0,379.0,1.85,34.4,19.82,58.65,1.47,16.02,48.3,,,,432.0,Severe
250140,DL005,2018-11-03 13:00:00,202.0,339.25,0.75,30.78,16.97,58.4,1.3,16.9,77.9,,,,418.0,Severe
250141,DL005,2018-11-03 14:00:00,179.0,328.0,0.75,27.68,15.33,58.2,1.2,15.93,91.13,,,,404.0,Severe
250142,DL005,2018-11-03 15:00:00,144.0,294.25,0.95,27.88,15.62,55.98,1.05,11.1,125.4,,,,392.0,Very Poor
250143,DL005,2018-11-03 16:00:00,122.0,283.0,0.83,24.5,13.7,50.48,1.0,8.82,119.25,,,,384.0,Very Poor
250144,DL005,2018-11-03 17:00:00,108.0,264.75,0.75,27.38,15.17,49.32,1.0,8.35,112.07,,,,379.0,Very Poor
250145,DL005,2018-11-03 18:00:00,113.0,276.0,0.55,25.12,13.85,47.12,1.05,6.75,105.07,,,,375.0,Very Poor
250146,DL005,2018-11-03 19:00:00,113.0,266.0,0.48,30.95,16.88,47.85,1.25,7.75,76.82,,,,371.0,Very Poor
250147,DL005,2018-11-03 20:00:00,125.0,304.0,0.8,32.93,18.13,48.17,1.3,9.25,57.5,,,,369.0,Very Poor
250148,DL005,2018-11-03 21:00:00,138.0,278.0,0.5,37.1,20.12,48.32,1.37,9.12,50.15,,,,366.0,Very Poor
250149,DL005,2018-11-03 22:00:00,153.0,287.0,1.15,37.02,20.62,47.6,1.28,9.18,38.0,,,,362.0,Very Poor
250150,DL005,2018-11-03 23:00:00,162.0,279.0,0.65,23.45,13.0,40.15,0.9,10.1,49.62,,,,359.0,Very Poor
250151,DL005,2018-11-04 00:00:00,102.0,163.0,0.92,19.58,11.2,36.17,0.8,9.27,56.82,,,,356.0,Very Poor
250152,DL005,2018-11-04 01:00:00,96.0,144.0,0.55,19.0,10.55,35.55,0.8,7.72,65.2,,,,349.0,Very Poor
250153,DL005,2018-11-04 02:00:00,94.0,121.0,,,,,0.8,7.98,65.25,,,,341.0,Very Poor
250154,DL005,2018-11-04 03:00:00,88.0,108.0,1.3,16.1,9.6,34.8,,11.3,62.23,,,,333.0,Very Poor
250155,DL005,2018-11-04 04:00:00,85.0,95.0,0.83,18.92,10.7,36.05,0.7,12.5,49.12,,,,327.0,Very Poor
250156,DL005,2018-11-04 05:00:00,123.0,151.0,0.75,16.65,9.32,33.65,0.58,9.0,54.92,,,,325.0,Very Poor
250157,DL005,2018-11-04 06:00:00,64.0,74.0,0.4,15.95,,31.75,0.53,5.42,55.43,,,,320.0,Very Poor
250158,DL005,2018-11-04 07:00:00,44.0,56.0,0.78,18.45,10.3,31.8,0.6,6.1,39.1,,,,314.0,Very Poor
250159,DL005,2018-11-04 08:00:00,63.0,88.0,1.25,24.6,14.08,30.72,0.82,7.1,27.4,,,,309.0,Very Poor
250160,DL005,2018-11-04 09:00:00,69.0,101.0,6.45,50.05,31.85,30.07,0.97,8.42,23.53,,,,305.0,Very Poor
250161,DL005,2018-11-04 10:00:00,77.0,136.0,4.62,38.3,24.15,29.67,0.83,10.62,59.4,,,,300.0,Poor
250162,DL005,2018-11-04 11:00:00,58.0,125.0,3.47,34.3,21.05,28.85,0.8,14.6,82.6,,,,281.0,Poor
250163,DL005,2018-11-04 12:00:00,67.0,152.0,2.77,32.9,19.75,28.25,0.8,14.37,103.88,,,,260.0,Poor
250164,DL005,2018-11-04 13:00:00,53.0,134.0,1.5,25.67,14.88,28.68,0.78,13.15,137.97,,,,239.0,Poor
250165,DL005,2018-11-04 14:00:00,58.0,127.0,1.1,24.02,13.65,30.6,0.83,13.2,137.65,,,,222.0,Poor
250166,DL005,2018-11-04 15:00:00,73.0,151.0,1.3,22.55,13.05,34.2,0.87,11.33,147.7,,,,212.0,Poor
250167,DL005,2018-11-04 16:00:00,106.0,177.0,0.77,21.05,11.85,34.4,1.0,10.33,150.9,,,,210.0,Poor
250168,DL005,2018-11-04 17:00:00,122.0,185.0,0.88,25.88,14.42,37.2,1.2,10.25,137.92,,,,212.0,Poor
250169,DL005,2018-11-04 18:00:00,174.0,254.0,0.55,30.22,16.55,40.03,1.45,9.97,97.88,,,,220.0,Poor
250170,DL005,2018-11-04 19:00:00,233.0,348.0,1.1,48.43,26.65,42.08,1.7,9.8,47.0,,,,237.0,Poor
250171,DL005,2018-11-04 20:00:00,252.0,376.0,1.4,48.22,26.8,42.4,1.65,11.05,43.62,,,,255.0,Poor
250172,DL005,2018-11-04 21:00:00,260.0,376.0,0.7,41.38,22.6,42.72,1.75,7.03,39.7,,,,272.0,Poor
250173,DL005,2018-11-04 22:00:00,282.0,385.0,0.97,45.82,25.2,44.18,1.75,4.35,27.72,,,,290.0,Poor
250174,DL005,2018-11-04 23:00:00,329.0,429.0,1.45,44.65,24.92,45.88,1.85,3.32,20.9,,,,303.0,Very Poor
250175,DL005,2018-11-05 00:00:00,365.0,458.0,1.4,44.93,25.07,45.2,1.82,2.88,19.13,,,,311.0,Very Poor
250176,DL005,2018-11-05 01:00:00,412.0,482.0,1.3,35.08,19.72,46.82,1.95,3.58,19.8,,,,322.0,Very Poor
250177,DL005,2018-11-05 02:00:00,470.0,545.0,0.73,32.05,17.63,50.55,2.2,2.82,20.25,,102.3,,334.0,Very Poor
250178,DL005,2018-11-05 03:00:00,577.0,648.0,2.0,39.4,22.5,47.8,,9.7,10.35,,,,349.0,Very Poor
250179,DL005,2018-11-05 04:00:00,567.0,627.0,2.7,38.18,22.48,44.8,2.3,13.45,4.98,,,,365.0,Very Poor
250180,DL005,2018-11-05 05:00:00,574.0,648.0,2.85,37.65,22.32,45.0,2.43,13.6,3.67,,,,379.0,Very Poor
250181,DL005,2018-11-05 06:00:00,621.0,697.0,5.67,43.07,27.57,45.75,2.67,13.58,2.78,,,,397.0,Very Poor
250182,DL005,2018-11-05 07:00:00,670.0,738.0,7.57,41.97,28.5,46.27,2.6,9.33,2.27,,,,417.0,Severe
250183,DL005,2018-11-05 08:00:00,609.0,693.0,9.77,38.73,28.55,45.1,2.5,7.58,2.1,,,,435.0,Severe
250184,DL005,2018-11-05 09:00:00,609.0,683.0,11.1,37.85,29.23,44.28,2.45,6.85,3.3,,,,452.0,Severe
250185,DL005,2018-11-05 10:00:00,564.0,659.0,4.23,36.07,22.65,43.68,2.23,7.3,12.0,,,,467.0,Severe
250186,DL005,2018-11-05 11:00:00,565.0,654.0,1.3,33.93,19.1,45.1,2.18,8.28,36.95,,,,484.0,Severe
250187,DL005,2018-11-05 12:00:00,552.0,646.0,0.87,30.6,16.98,43.48,1.75,11.72,70.98,,,,499.0,Severe
250188,DL005,2018-11-05 13:00:00,366.0,462.0,0.58,26.05,14.32,39.45,1.58,13.28,96.58,,,,509.0,Severe
250189,DL005,2018-11-05 14:00:00,312.0,409.0,0.83,23.2,13.0,36.97,1.32,11.07,109.98,,,,517.0,Severe
250190,DL005,2018-11-05 15:00:00,245.0,328.0,1.08,21.75,12.42,35.43,1.18,7.32,122.43,,,,523.0,Severe
250191,DL005,2018-11-05 16:00:00,215.0,382.0,0.53,22.73,12.53,33.95,1.35,6.45,123.2,,,,526.0,Severe
250192,DL005,2018-11-05 17:00:00,227.0,312.0,0.8,26.55,14.77,33.75,1.32,6.85,102.42,,,,530.0,Severe
250193,DL005,2018-11-05 18:00:00,196.0,285.0,0.57,51.43,27.82,33.47,1.4,6.18,55.17,,,,531.0,Severe
250194,DL005,2018-11-05 19:00:00,179.0,282.0,1.17,71.7,39.18,34.1,1.58,6.12,24.72,,,,529.0,Severe
250195,DL005,2018-11-05 20:00:00,195.0,278.0,5.2,76.15,44.85,34.7,1.68,8.67,12.42,,,,527.0,Severe
250196,DL005,2018-11-05 21:00:00,211.0,307.0,19.08,76.63,56.28,34.93,1.9,8.9,1.15,,,,525.0,Severe
250197,DL005,2018-11-05 22:00:00,233.0,384.0,7.88,64.35,40.62,37.82,1.78,6.13,3.15,,,,524.0,Severe
250198,DL005,2018-11-05 23:00:00,263.0,354.0,14.67,61.05,44.4,37.02,1.87,4.03,1.87,,,,522.0,Severe
250199,DL005,2018-11-06 00:00:00,259.0,376.0,2.53,44.4,25.67,36.75,1.63,6.33,18.68,,,,518.0,Severe
250200,DL005,2018-11-06 01:00:00,267.0,331.0,0.93,28.95,16.13,35.78,1.65,5.25,27.38,,,,514.0,Severe
250201,DL005,2018-11-06 02:00:00,311.0,359.0,0.5,24.6,13.5,38.17,1.9,4.25,27.15,,,,509.0,Severe
250202,DL005,2018-11-06 03:00:00,395.0,456.0,,,,,,10.2,17.3,,,,503.0,Severe
250203,DL005,2018-11-06 04:00:00,434.0,495.0,1.0,28.25,15.8,40.1,1.92,13.58,18.55,,,,498.0,Severe
250204,DL005,2018-11-06 05:00:00,440.0,500.0,0.5,27.55,15.1,39.48,1.9,13.28,17.1,,,,494.0,Severe
250205,DL005,2018-11-06 06:00:00,428.0,476.0,1.1,29.43,16.55,38.55,1.9,10.25,14.3,,,,488.0,Severe
250206,DL005,2018-11-06 07:00:00,433.0,487.0,1.63,34.8,19.83,36.72,1.82,8.13,12.25,,,,480.0,Severe
250207,DL005,2018-11-06 08:00:00,387.0,464.0,3.5,38.42,23.32,34.0,1.8,8.22,14.45,,,,473.0,Severe
250208,DL005,2018-11-06 09:00:00,381.0,454.0,3.0,27.85,17.28,30.97,1.4,8.8,30.83,,,,466.0,Severe
250209,DL005,2018-11-06 10:00:00,265.0,340.0,1.6,24.52,14.33,27.93,1.05,11.13,62.4,,,,456.0,Severe
250210,DL005,2018-11-06 11:00:00,162.0,257.0,0.95,20.18,11.5,24.03,0.83,10.6,94.15,,,,443.0,Severe
250211,DL005,2018-11-06 12:00:00,104.0,259.25,0.3,19.5,10.67,22.92,0.7,13.08,117.35,,,,429.0,Severe
250212,DL005,2018-11-06 13:00:00,79.5,214.0,0.55,18.6,10.35,22.35,0.65,10.88,124.32,,,,420.0,Severe
250213,DL005,2018-11-06 14:00:00,67.25,182.75,1.05,15.88,9.3,21.5,,,119.62,,,,412.0,Severe
250214,DL005,2018-11-06 15:00:00,63.5,181.25,1.28,18.8,11.05,25.87,0.78,12.88,121.28,,,,406.0,Severe
250215,DL005,2018-11-06 16:00:00,65.0,184.5,1.47,17.8,10.67,23.25,0.53,9.18,119.6,,,,401.0,Severe
250216,DL005,2018-11-06 17:00:00,57.75,182.25,0.7,24.65,13.65,23.08,0.33,10.97,100.73,,,,396.0,Very Poor
250217,DL005,2018-11-06 18:00:00,68.75,211.0,1.07,44.95,24.72,23.93,0.93,13.47,63.67,,,,392.0,Very Poor
250218,DL005,2018-11-06 19:00:00,105.0,250.5,3.67,68.25,39.15,28.6,1.68,15.08,33.57,,,,390.0,Very Poor
250219,DL005,2018-11-06 20:00:00,170.5,356.75,28.03,85.38,68.32,29.98,2.53,27.15,5.48,,,,389.0,Very Poor
250220,DL005,2018-11-06 21:00:00,204.0,417.25,13.8,75.17,51.23,36.55,2.4,21.1,4.28,,,,389.0,Very Poor
250221,DL005,2018-11-06 22:00:00,232.5,387.75,11.73,71.88,47.8,35.97,1.77,16.78,3.88,,,,389.0,Very Poor
250222,DL005,2018-11-06 23:00:00,231.5,375.75,3.32,55.88,32.43,34.07,1.47,16.8,15.48,,,,388.0,Very Poor
250223,DL005,2018-11-07 00:00:00,187.0,306.75,1.0,39.67,21.92,31.28,1.45,18.83,34.05,,,,385.0,Very Poor
250224,DL005,2018-11-07 01:00:00,181.5,275.75,0.67,29.75,16.38,29.62,1.37,18.72,37.9,,,,382.0,Very Poor
250225,DL005,2018-11-07 02:00:00,178.75,261.75,0.4,22.3,12.2,29.8,1.42,20.22,45.5,,,,378.0,Very Poor
250226,DL005,2018-11-07 03:00:00,198.0,280.5,,,,,,14.7,41.92,,,,372.0,Very Poor
250227,DL005,2018-11-07 04:00:00,215.75,293.25,0.63,20.85,11.6,33.6,1.2,12.7,37.5,,,,365.0,Very Poor
250228,DL005,2018-11-07 05:00:00,228.75,296.0,0.65,25.28,14.0,35.45,1.2,12.32,30.15,,,,358.0,Very Poor
250229,DL005,2018-11-07 06:00:00,250.5,320.25,0.9,29.55,16.45,35.65,1.4,17.3,24.7,,,,352.0,Very Poor
250230,DL005,2018-11-07 07:00:00,266.0,348.25,2.17,39.25,22.65,36.6,1.4,14.58,9.45,,,,347.0,Very Poor
250231,DL005,2018-11-07 08:00:00,239.75,345.25,5.45,40.2,25.83,34.92,1.47,15.38,8.65,,,,342.0,Very Poor
250232,DL005,2018-11-07 09:00:00,222.5,335.25,4.72,35.18,22.6,34.05,1.47,19.42,28.73,,,,337.0,Very Poor
250233,DL005,2018-11-07 10:00:00,213.5,332.25,2.0,27.22,16.07,33.63,1.2,20.43,69.97,,,,336.0,Very Poor
250234,DL005,2018-11-07 11:00:00,190.0,303.5,1.15,22.3,12.8,31.5,1.18,20.82,108.82,,,,337.0,Very Poor
250235,DL005,2018-11-07 12:00:00,149.5,263.0,1.15,19.7,11.45,29.68,1.08,17.18,131.73,,,,338.0,Very Poor
250236,DL005,2018-11-07 13:00:00,110.75,209.75,0.83,18.12,10.35,27.25,1.0,15.7,142.78,,,,339.0,Very Poor
250237,DL005,2018-11-07 14:00:00,87.5,180.25,0.6,17.72,9.92,26.03,1.0,14.88,146.2,,,,340.0,Very Poor
250238,DL005,2018-11-07 15:00:00,80.5,164.75,0.75,18.15,10.22,24.6,1.0,16.65,151.32,,,,340.0,Very Poor
250239,DL005,2018-11-07 16:00:00,74.25,158.5,0.55,17.75,9.9,24.15,0.75,18.53,159.22,,,,341.0,Very Poor
250240,DL005,2018-11-07 17:00:00,79.5,157.0,0.55,22.75,12.5,24.3,0.88,19.03,137.65,,,,341.0,Very Poor
250241,DL005,2018-11-07 18:00:00,90.0,183.25,1.05,40.85,22.62,25.48,1.35,20.85,91.45,,,,342.0,Very Poor
250242,DL005,2018-11-07 19:00:00,122.75,228.5,0.92,50.98,27.88,27.72,1.9,24.22,74.93,,,,342.0,Very Poor
250243,DL005,2018-11-07 20:00:00,233.0,360.25,0.6,66.52,35.82,33.95,2.25,29.65,42.35,,,,344.0,Very Poor
250244,DL005,2018-11-07 21:00:00,501.5,655.25,11.55,84.6,54.47,35.12,2.68,43.82,17.75,,,,354.0,Very Poor
250245,DL005,2018-11-07 22:00:00,722.75,899.75,10.68,85.18,53.9,35.7,1.9,41.25,6.97,,,,370.0,Very Poor
250246,DL005,2018-11-07 23:00:00,685.0,842.0,13.02,81.4,53.9,40.7,2.43,35.18,7.0,,,,384.0,Very Poor
250247,DL005,2018-11-08 00:00:00,523.75,854.5,28.45,74.75,62.95,44.78,3.02,33.27,6.62,,,,395.0,Very Poor
250248,DL005,2018-11-08 01:00:00,615.25,,22.1,68.48,54.18,41.75,2.88,24.9,6.45,,,,409.0,Severe
250249,DL005,2018-11-08 02:00:00,511.25,,15.73,63.33,46.52,39.5,2.93,23.9,9.5,,,,420.0,Severe
250250,DL005,2018-11-08 03:00:00,428.25,906.75,28.5,42.8,46.0,36.9,,16.4,5.2,,,,427.0,Severe
250251,DL005,2018-11-08 04:00:00,374.75,784.75,13.25,61.68,43.57,37.7,2.02,18.1,4.65,,,,432.0,Severe
250252,DL005,2018-11-08 05:00:00,392.0,852.75,7.45,63.55,39.88,38.47,2.2,22.15,4.45,,,,437.0,Severe
250253,DL005,2018-11-08 06:00:00,351.0,794.0,3.4,55.3,32.2,39.3,2.95,21.82,4.98,,,,441.0,Severe
250254,DL005,2018-11-08 07:00:00,309.5,709.75,5.95,49.87,31.4,41.02,4.25,15.08,4.5,,,,460.0,Severe
250255,DL005,2018-11-08 08:00:00,309.75,725.5,19.55,50.07,43.18,42.05,5.12,24.48,5.25,,,,482.0,Severe
250256,DL005,2018-11-08 09:00:00,301.25,689.5,22.7,60.8,50.97,41.5,5.73,21.35,4.7,,,,502.0,Severe
250257,DL005,2018-11-08 10:00:00,266.75,618.25,6.75,47.45,30.7,35.7,1.68,25.5,17.7,,,,518.0,Severe
250258,DL005,2018-11-08 11:00:00,189.25,406.0,2.47,38.7,22.57,32.1,1.82,25.53,37.52,,,,524.0,Severe
250259,DL005,2018-11-08 12:00:00,133.75,281.5,1.42,30.5,17.38,32.4,2.38,17.68,55.1,,,,525.0,Severe
250260,DL005,2018-11-08 13:00:00,122.25,259.0,0.85,22.4,12.6,33.98,2.95,17.65,89.95,,,,528.0,Severe
250261,DL005,2018-11-08 14:00:00,152.25,357.0,1.0,28.35,15.87,36.45,3.65,14.03,111.58,,,,538.0,Severe
250262,DL005,2018-11-08 15:00:00,199.0,344.25,0.77,25.4,14.12,35.38,4.1,14.5,127.75,,,,548.0,Severe
250263,DL005,2018-11-08 16:00:00,184.25,300.25,1.08,27.47,15.5,36.8,1.35,15.25,123.1,,,,556.0,Severe
250264,DL005,2018-11-08 17:00:00,185.75,284.25,1.15,42.32,23.47,35.8,2.12,21.32,73.12,,,,563.0,Severe
250265,DL005,2018-11-08 18:00:00,210.75,329.5,10.7,95.55,59.8,35.83,6.3,17.85,21.4,,,,572.0,Severe
250266,DL005,2018-11-08 19:00:00,289.75,466.75,15.8,89.95,60.73,40.5,7.17,19.6,13.72,,,,585.0,Severe
250267,DL005,2018-11-08 20:00:00,361.75,529.75,10.07,89.07,55.62,45.35,7.73,14.63,10.47,,,,595.0,Severe
250268,DL005,2018-11-08 21:00:00,445.75,562.5,2.78,69.2,39.1,41.38,7.83,12.0,17.12,,,,590.0,Severe
250269,DL005,2018-11-08 22:00:00,373.75,503.25,35.2,82.6,72.67,46.18,3.1,10.2,4.4,,102.9,,567.0,Severe
250270,DL005,2018-11-08 23:00:00,489.0,702.75,41.65,72.75,72.67,46.05,3.62,9.72,5.75,,114.9,,559.0,Severe
250271,DL005,2018-11-09 00:00:00,509.25,675.25,19.2,65.07,50.3,45.57,3.35,10.18,4.67,,104.4,,549.0,Severe
250272,DL005,2018-11-09 01:00:00,431.75,536.75,19.22,57.4,46.38,40.95,3.5,19.0,4.82,,104.8,,548.0,Severe
250273,DL005,2018-11-09 02:00:00,393.75,470.75,22.62,50.62,45.3,41.07,3.85,15.55,9.75,,107.25,,544.0,Severe
250274,DL005,2018-11-09 03:00:00,377.5,458.25,14.4,45.9,36.2,42.0,,11.8,3.53,,,,521.0,Severe
250275,DL005,2018-11-09 04:00:00,346.75,417.75,6.5,48.25,30.95,43.77,2.2,6.03,3.45,,,,502.0,Severe
250276,DL005,2018-11-09 05:00:00,365.75,428.25,8.43,41.3,28.82,45.18,2.5,1.55,3.27,,,,480.0,Severe
250277,DL005,2018-11-09 06:00:00,367.75,435.75,11.17,42.57,31.75,45.75,2.85,0.8,2.35,,,,461.0,Severe
250278,DL005,2018-11-09 07:00:00,396.5,476.25,27.25,42.5,44.93,47.35,3.27,,2.15,,,,449.0,Severe
250279,DL005,2018-11-09 08:00:00,453.25,539.25,47.65,51.88,66.45,51.07,4.07,1.3,4.6,,,,450.0,Severe
250280,DL005,2018-11-09 09:00:00,535.0,636.75,26.22,60.03,53.37,52.8,4.43,16.38,7.38,,,,457.0,Severe
250281,DL005,2018-11-09 10:00:00,557.0,662.5,4.27,52.23,31.23,49.02,2.27,17.12,25.68,,,,466.0,Severe
250282,DL005,2018-11-09 11:00:00,471.0,623.75,2.42,41.75,24.22,51.05,2.18,19.5,78.18,,,,475.0,Severe
250283,DL005,2018-11-09 12:00:00,361.5,463.75,1.03,19.95,11.42,48.18,1.95,10.7,120.95,,,,483.0,Severe
250284,DL005,2018-11-09 13:00:00,174.25,224.5,0.2,15.9,8.6,45.8,2.15,4.8,136.55,,,,484.0,Severe
250285,DL005,2018-11-09 14:00:00,136.0,178.75,0.85,16.93,9.7,43.25,2.38,2.05,149.03,,,,484.0,Severe
250286,DL005,2018-11-09 15:00:00,125.5,161.75,0.97,17.5,10.0,40.4,2.55,10.15,147.92,,,,482.0,Severe
250287,DL005,2018-11-09 16:00:00,122.75,167.75,0.8,16.97,9.65,38.93,1.25,14.23,152.08,,,,480.0,Severe
250288,DL005,2018-11-09 17:00:00,132.5,215.75,1.08,26.05,14.75,38.73,1.85,18.4,113.7,,,,478.0,Severe
250289,DL005,2018-11-09 18:00:00,164.0,302.5,2.37,89.05,49.2,43.0,2.5,19.53,35.9,,150.5,,476.0,Severe
250290,DL005,2018-11-09 19:00:00,227.5,417.0,19.6,121.87,80.83,43.17,3.55,22.25,2.25,,295.43,,474.0,Severe
250291,DL005,2018-11-09 20:00:00,268.25,495.25,28.33,113.9,83.73,44.65,3.95,19.83,1.53,,207.42,,471.0,Severe
250292,DL005,2018-11-09 21:00:00,323.0,551.25,38.25,101.07,85.02,45.55,4.58,16.83,2.38,,291.15,,467.0,Severe
250293,DL005,2018-11-09 22:00:00,380.75,620.0,32.5,96.12,77.47,43.62,2.65,16.88,2.17,,360.43,,468.0,Severe
250294,DL005,2018-11-09 23:00:00,377.25,546.25,75.25,85.92,106.92,43.33,2.7,16.55,1.5,,295.78,,464.0,Severe
250295,DL005,2018-11-10 00:00:00,329.75,455.5,38.28,79.62,73.4,43.43,2.65,17.28,1.4,,183.55,,458.0,Severe
250296,DL005,2018-11-10 01:00:00,317.5,408.0,35.12,62.62,61.97,40.68,3.1,21.8,2.7,,175.52,,455.0,Severe
250297,DL005,2018-11-10 02:00:00,310.25,386.5,24.53,57.48,50.57,39.32,3.35,27.22,9.6,,146.73,,452.0,Severe
250298,DL005,2018-11-10 03:00:00,308.5,385.75,35.4,57.2,59.3,40.0,,10.5,6.82,,156.9,,450.0,Severe
250299,DL005,2018-11-10 04:00:00,303.5,399.25,21.85,53.47,46.28,40.5,2.28,5.85,3.82,,160.02,,448.0,Severe
250300,DL005,2018-11-10 05:00:00,313.5,436.5,23.25,48.75,44.93,41.55,2.32,,3.48,,154.03,,447.0,Severe
250301,DL005,2018-11-10 06:00:00,336.25,454.0,29.05,43.77,46.98,42.65,2.52,,4.58,,137.92,,446.0,Severe
250302,DL005,2018-11-10 07:00:00,390.5,482.0,42.65,47.07,59.7,44.12,2.78,,5.67,,,,445.0,Severe
250303,DL005,2018-11-10 08:00:00,424.5,517.25,71.55,55.42,87.9,44.92,3.38,0.6,4.88,,,,445.0,Severe
250304,DL005,2018-11-10 09:00:00,450.0,554.5,39.52,64.9,66.73,46.25,3.35,18.42,4.42,,,,442.0,Severe
250305,DL005,2018-11-10 10:00:00,447.25,546.0,7.2,60.35,37.98,45.57,2.02,25.32,13.4,,,,438.0,Severe
250306,DL005,2018-11-10 11:00:00,415.25,549.25,4.25,59.1,35.4,45.32,1.87,25.45,42.6,,,,437.0,Severe
250307,DL005,2018-11-10 12:00:00,329.75,480.5,2.35,58.9,33.2,46.95,2.25,23.25,98.45,,,,436.0,Severe
250308,DL005,2018-11-10 13:00:00,271.75,438.25,1.9,56.5,31.63,48.25,2.25,19.17,153.33,,,,439.0,Severe
250309,DL005,2018-11-10 14:00:00,226.75,369.0,1.5,51.0,28.33,48.05,2.35,20.0,189.3,,,,442.0,Severe
250310,DL005,2018-11-10 15:00:00,269.0,428.5,1.58,103.65,56.37,53.05,3.18,16.88,,,,,446.0,Severe
250311,DL005,2018-11-10 16:00:00,363.75,602.25,1.85,96.67,52.92,52.27,2.5,18.58,173.33,,,,454.0,Severe
250312,DL005,2018-11-10 17:00:00,289.25,573.25,0.98,90.48,48.9,48.93,9.45,21.55,140.4,,,,459.0,Severe
250313,DL005,2018-11-10 18:00:00,302.0,628.0,0.95,86.43,46.73,51.28,7.28,20.1,70.03,,,,473.0,Severe
250314,DL005,2018-11-10 19:00:00,353.75,683.0,1.5,98.73,53.75,53.07,2.51,17.35,22.02,,,,487.0,Severe
250315,DL005,2018-11-10 20:00:00,421.25,670.5,2.28,111.17,60.97,50.8,0.01,20.32,9.7,,,,496.0,Severe
250316,DL005,2018-11-10 21:00:00,381.5,626.25,7.52,107.72,63.42,51.33,0.01,12.47,3.55,,,,500.0,Severe
250317,DL005,2018-11-10 22:00:00,305.0,608.25,8.0,104.15,61.93,50.25,2.3,11.25,3.0,,,,499.0,Severe
250318,DL005,2018-11-10 23:00:00,242.75,519.25,2.47,82.85,46.1,48.72,2.02,14.85,7.35,,,,498.0,Severe
250319,DL005,2018-11-11 00:00:00,214.0,469.0,1.22,75.02,40.92,47.45,2.05,15.55,6.6,,,,499.0,Severe
250320,DL005,2018-11-11 01:00:00,198.0,448.25,1.7,73.3,40.3,44.75,2.47,16.05,4.62,,,,501.0,Severe
250321,DL005,2018-11-11 02:00:00,183.75,436.75,1.28,55.63,30.65,42.02,2.55,22.5,16.5,,,,503.0,Severe
250322,DL005,2018-11-11 03:00:00,176.25,433.75,1.3,43.3,24.2,40.5,,14.9,18.85,,,,506.0,Severe
250323,DL005,2018-11-11 04:00:00,170.0,446.75,0.73,44.07,24.03,39.98,2.0,17.93,11.23,,,,508.0,Severe
250324,DL005,2018-11-11 05:00:00,158.5,420.5,0.9,47.83,26.17,40.8,2.05,12.8,5.23,,,,508.0,Severe
250325,DL005,2018-11-11 06:00:00,160.25,411.75,4.62,54.67,32.65,41.23,2.2,11.4,3.67,,,,505.0,Severe
250326,DL005,2018-11-11 07:00:00,165.25,432.75,8.03,56.6,36.52,41.2,2.38,11.73,4.25,,,,503.0,Severe
250327,DL005,2018-11-11 08:00:00,180.5,472.75,19.25,74.1,55.07,42.05,2.9,12.53,22.6,,,,500.0,Severe
250328,DL005,2018-11-11 09:00:00,194.25,555.5,33.77,120.52,91.7,41.88,3.5,16.0,23.83,,,,501.0,Severe
250329,DL005,2018-11-11 10:00:00,215.75,617.5,24.08,144.03,96.25,40.7,2.65,20.87,26.03,,,,504.0,Severe
250330,DL005,2018-11-11 11:00:00,212.75,573.25,5.05,86.47,50.12,,2.02,23.1,96.5,,,,505.0,Severe
250331,DL005,2018-11-11 12:00:00,170.75,483.25,1.75,36.75,20.97,,1.7,20.33,156.65,,,,506.0,Severe
250332,DL005,2018-11-11 13:00:00,132.5,344.75,0.68,26.53,14.68,,1.65,19.28,158.18,,,,501.0,Severe
250333,DL005,2018-11-11 14:00:00,87.75,225.75,0.55,21.65,11.95,,1.7,17.92,164.3,,,,493.0,Severe
250334,DL005,2018-11-11 15:00:00,75.75,206.75,0.73,20.9,11.7,,1.85,21.95,181.62,,,,482.0,Severe
250335,DL005,2018-11-11 16:00:00,80.75,224.25,0.63,23.3,12.95,,0.98,24.45,194.75,,104.2,,462.0,Severe
250336,DL005,2018-11-11 17:00:00,105.0,304.0,0.58,42.2,22.97,,1.55,28.95,184.53,,105.0,,448.0,Severe
250337,DL005,2018-11-11 18:00:00,161.0,494.5,0.65,63.15,34.07,,1.95,30.48,121.05,,,,441.0,Severe
250338,DL005,2018-11-11 19:00:00,187.5,602.0,0.6,75.18,40.5,,2.35,27.03,78.03,,,,437.0,Severe
250339,DL005,2018-11-11 20:00:00,203.75,635.75,0.95,84.3,45.57,,2.75,28.7,49.43,,,,435.0,Severe
250340,DL005,2018-11-11 21:00:00,222.5,677.25,0.83,70.33,38.07,,2.75,16.88,41.12,,,,438.0,Severe
250341,DL005,2018-11-11 22:00:00,202.75,600.25,1.85,73.45,40.53,,1.73,13.97,13.88,,,,437.0,Severe
250342,DL005,2018-11-11 23:00:00,208.0,589.5,1.88,71.7,39.65,,1.9,13.57,29.35,,,,441.0,Severe
250343,DL005,2018-11-12 00:00:00,199.75,613.75,2.07,67.73,37.7,,1.95,13.55,9.52,,,,449.0,Severe
250344,DL005,2018-11-12 01:00:00,202.0,616.75,3.35,65.5,37.55,,2.32,15.78,3.8,,,,457.0,Severe
250345,DL005,2018-11-12 02:00:00,199.0,570.75,2.18,58.98,33.1,,2.28,17.68,11.75,,,,464.0,Severe
250346,DL005,2018-11-12 03:00:00,185.5,517.75,1.3,46.1,25.6,,,15.7,13.65,,,,469.0,Severe
250347,DL005,2018-11-12 04:00:00,169.75,467.0,1.0,46.25,25.4,,1.85,22.92,13.65,,,,470.0,Severe
250348,DL005,2018-11-12 05:00:00,161.5,452.75,1.35,51.17,28.3,,2.0,17.75,6.45,,,,471.0,Severe
250349,DL005,2018-11-12 06:00:00,155.75,430.75,1.72,53.32,29.78,,2.1,16.27,6.67,,,,472.0,Severe
250350,DL005,2018-11-12 07:00:00,152.25,441.0,1.52,53.35,29.6,,2.1,16.9,9.75,,,,473.0,Severe
250351,DL005,2018-11-12 08:00:00,152.5,451.25,2.8,54.12,31.1,,2.07,17.15,12.8,,,,472.0,Severe
250352,DL005,2018-11-12 09:00:00,151.5,468.75,4.97,52.13,31.75,,2.52,20.4,16.83,,,,467.0,Severe
250353,DL005,2018-11-12 10:00:00,164.5,513.0,8.95,74.72,47.02,,2.15,21.5,22.33,,,,462.0,Severe
250354,DL005,2018-11-12 11:00:00,199.5,607.75,6.93,90.67,53.82,,2.2,24.85,62.47,,,,464.0,Severe
250355,DL005,2018-11-12 12:00:00,196.25,601.25,4.1,91.2,51.82,,2.23,28.53,128.37,,,,470.0,Severe
250356,DL005,2018-11-12 13:00:00,184.25,556.75,2.32,66.05,37.07,80.75,2.32,24.07,182.7,,,,481.0,Severe
250357,DL005,2018-11-12 14:00:00,182.75,584.75,1.62,45.8,25.68,74.8,1.68,21.05,,,,,499.0,Severe
250358,DL005,2018-11-12 15:00:00,149.75,473.75,1.03,30.8,17.22,61.27,1.2,18.52,,,,,513.0,Severe
250359,DL005,2018-11-12 16:00:00,134.5,363.0,1.1,28.17,15.9,57.25,1.55,21.23,188.9,,,,521.0,Severe
250360,DL005,2018-11-12 17:00:00,168.0,364.5,1.12,40.7,22.55,53.07,2.43,17.68,136.73,,,,524.0,Severe
250361,DL005,2018-11-12 18:00:00,192.5,474.0,1.45,63.07,34.6,56.25,2.62,14.42,69.43,,,,523.0,Severe
250362,DL005,2018-11-12 19:00:00,244.75,664.75,4.92,84.3,48.67,58.9,3.7,18.75,25.4,,168.27,,526.0,Severe
250363,DL005,2018-11-12 20:00:00,345.5,736.0,21.8,103.25,72.63,64.05,4.82,18.35,5.75,,251.98,,531.0,Severe
250364,DL005,2018-11-12 21:00:00,428.5,850.0,26.17,125.5,88.15,74.55,3.95,18.58,3.72,,409.47,,540.0,Severe
250365,DL005,2018-11-12 22:00:00,407.75,817.75,24.98,115.98,82.02,79.8,3.18,13.9,2.82,,,,551.0,Severe
250366,DL005,2018-11-12 23:00:00,385.0,713.75,19.2,114.75,76.72,72.98,2.77,15.02,2.57,,470.65,,558.0,Severe
250367,DL005,2018-11-13 00:00:00,351.0,589.75,17.75,97.95,66.5,70.8,2.72,15.85,2.33,,249.0,,557.0,Severe
250368,DL005,2018-11-13 01:00:00,356.0,547.0,85.23,124.12,135.35,71.77,4.77,17.0,5.58,,163.8,,553.0,Severe
250369,DL005,2018-11-13 02:00:00,413.5,632.0,123.0,94.4,150.43,73.5,5.05,20.33,12.95,,204.78,,556.0,Severe
250370,DL005,2018-11-13 03:00:00,423.25,679.5,142.5,100.8,169.7,75.4,,17.2,5.8,,256.7,,565.0,Severe
250371,DL005,2018-11-13 04:00:00,384.75,607.5,138.35,95.95,163.75,69.65,4.2,23.27,4.72,,256.87,,572.0,Severe
250372,DL005,2018-11-13 05:00:00,366.0,570.5,155.05,102.32,180.83,74.17,3.95,19.18,10.3,,240.92,,578.0,Severe
250373,DL005,2018-11-13 06:00:00,396.0,606.5,129.08,91.92,154.15,82.1,3.33,16.93,16.57,,207.62,,587.0,Severe
250374,DL005,2018-11-13 07:00:00,400.5,586.75,61.7,72.15,88.65,82.88,2.45,16.55,5.9,,127.75,,595.0,Severe
250375,DL005,2018-11-13 08:00:00,395.75,556.25,28.98,80.57,66.45,86.17,2.1,17.95,3.68,,,,600.0,Severe
250376,DL005,2018-11-13 09:00:00,412.5,591.75,15.15,75.67,52.62,85.45,2.57,18.72,2.9,,,,607.0,Severe
250377,DL005,2018-11-13 10:00:00,363.25,556.5,10.73,73.65,47.88,81.9,2.05,21.1,6.88,,,,609.0,Severe
250378,DL005,2018-11-13 11:00:00,298.25,558.25,15.83,96.68,64.35,85.78,2.32,22.03,7.77,,,,606.0,Severe
250379,DL005,2018-11-13 12:00:00,288.0,616.75,21.22,126.18,84.45,91.65,2.78,22.58,14.9,,,,607.0,Severe
250380,DL005,2018-11-13 13:00:00,260.75,618.5,11.55,106.27,66.03,83.57,1.88,30.15,50.3,,124.05,,610.0,Severe
250381,DL005,2018-11-13 14:00:00,185.25,480.0,5.28,79.3,46.5,76.8,1.87,29.35,103.45,,,,605.0,Severe
250382,DL005,2018-11-13 15:00:00,151.25,413.5,2.75,76.55,43.0,79.03,2.05,25.9,164.0,,,,602.0,Severe
250383,DL005,2018-11-13 16:00:00,156.5,501.25,1.7,67.4,37.22,82.55,1.82,23.08,178.12,,,,609.0,Severe
250384,DL005,2018-11-13 17:00:00,163.5,587.25,1.88,59.97,33.37,77.72,2.35,21.9,103.3,,,,621.0,Severe
250385,DL005,2018-11-13 18:00:00,176.0,621.75,1.2,62.62,34.12,73.18,2.4,24.55,51.8,,,,628.0,Severe
250386,DL005,2018-11-13 19:00:00,189.0,653.0,1.55,63.37,35.0,69.47,2.35,22.75,33.4,,,,628.0,Severe
250387,DL005,2018-11-13 20:00:00,180.0,618.0,1.68,63.53,35.03,72.65,2.58,23.55,16.65,,,,622.0,Severe
250388,DL005,2018-11-13 21:00:00,170.25,579.25,2.43,71.92,40.25,78.3,2.6,18.22,12.67,,,,607.0,Severe
250389,DL005,2018-11-13 22:00:00,164.0,577.25,3.25,72.3,41.1,83.35,2.1,14.62,17.38,,,,595.0,Severe
250390,DL005,2018-11-13 23:00:00,143.5,499.5,1.87,42.52,24.2,81.85,1.6,14.33,20.3,,,,584.0,Severe
250391,DL005,2018-11-14 00:00:00,109.25,341.0,1.27,30.9,17.47,71.1,1.22,14.45,27.3,,,,571.0,Severe
250392,DL005,2018-11-14 01:00:00,85.0,258.5,1.53,33.38,18.97,72.18,1.97,15.47,16.17,,,,556.0,Severe
250393,DL005,2018-11-14 02:00:00,89.0,276.25,1.35,35.02,19.7,65.6,1.95,14.4,18.8,,,,537.0,Severe
250394,DL005,2018-11-14 03:00:00,82.0,241.0,10.8,75.9,49.1,63.1,,21.3,18.25,,,,514.0,Severe
250395,DL005,2018-11-14 04:00:00,75.0,238.0,4.38,65.55,38.42,55.38,1.28,20.75,4.88,,,,495.0,Severe
250396,DL005,2018-11-14 05:00:00,62.75,170.0,2.22,38.4,22.27,55.03,0.85,20.47,14.85,,,,474.0,Severe
250397,DL005,2018-11-14 06:00:00,60.25,147.25,0.83,22.9,12.88,55.77,0.78,19.48,36.35,,,,450.0,Severe
250398,DL005,2018-11-14 07:00:00,57.75,140.75,1.77,39.8,22.62,58.15,0.92,19.35,14.28,,,,427.0,Severe
250399,DL005,2018-11-14 08:00:00,66.75,194.5,7.3,48.97,32.05,60.02,1.1,18.95,6.97,,,,408.0,Severe
250400,DL005,2018-11-14 09:00:00,72.0,220.75,15.5,58.57,43.78,62.85,1.8,16.38,12.02,,,,389.0,Very Poor
250401,DL005,2018-11-14 10:00:00,80.25,261.75,9.28,44.2,31.05,60.88,0.9,15.77,13.48,,,,374.0,Very Poor
250402,DL005,2018-11-14 11:00:00,79.25,244.75,7.42,49.0,32.1,63.0,1.05,17.83,23.65,,,,357.0,Very Poor
250403,DL005,2018-11-14 12:00:00,80.5,240.25,5.3,46.37,29.0,61.82,1.03,20.27,51.1,,,,338.0,Very Poor
250404,DL005,2018-11-14 13:00:00,76.25,228.0,3.85,68.12,39.35,68.9,1.25,19.4,95.1,,,,317.0,Very Poor
250405,DL005,2018-11-14 14:00:00,85.5,276.5,3.22,72.08,40.98,74.05,1.28,18.63,136.8,,,,307.0,Very Poor
250406,DL005,2018-11-14 15:00:00,75.75,236.75,2.22,42.78,24.6,55.05,1.05,22.68,121.02,,,,298.0,Poor
250407,DL005,2018-11-14 16:00:00,54.75,154.75,1.85,56.9,31.9,60.37,1.18,23.17,130.58,,,,284.0,Poor
250408,DL005,2018-11-14 17:00:00,66.75,206.0,1.65,63.82,35.25,59.82,1.82,22.42,93.1,,,,268.0,Poor
250409,DL005,2018-11-14 18:00:00,71.5,244.0,1.62,90.95,49.68,58.05,2.1,25.85,42.68,,,,252.0,Poor
250410,DL005,2018-11-14 19:00:00,80.5,305.75,3.67,107.67,60.28,62.45,2.5,24.53,7.35,,,,238.0,Poor
250411,DL005,2018-11-14 20:00:00,86.5,342.5,31.15,114.43,86.22,59.62,2.88,25.85,1.12,,121.05,,226.0,Poor
250412,DL005,2018-11-14 21:00:00,92.0,353.25,38.12,106.17,87.57,61.68,2.75,19.28,0.58,,109.7,,217.0,Poor
250413,DL005,2018-11-14 22:00:00,92.75,335.25,48.42,91.52,88.02,69.07,2.22,17.8,0.85,,148.9,,207.0,Poor
250414,DL005,2018-11-14 23:00:00,85.75,295.25,36.68,87.55,76.48,72.82,2.17,18.15,0.4,,244.83,,199.0,Moderate
250415,DL005,2018-11-15 00:00:00,81.75,262.0,79.87,85.7,101.9,70.95,2.7,18.85,1.6,,190.0,,196.0,Moderate
250416,DL005,2018-11-15 01:00:00,68.5,239.0,57.6,83.62,91.38,65.35,2.8,19.05,2.13,,128.48,,196.0,Moderate
250417,DL005,2018-11-15 02:00:00,56.75,174.25,38.88,75.52,71.88,57.32,2.57,18.28,8.45,,108.4,,193.0,Moderate
250418,DL005,2018-11-15 03:00:00,54.0,162.25,44.2,66.6,71.4,60.2,,21.7,5.83,,,,191.0,Moderate
250419,DL005,2018-11-15 04:00:00,57.5,172.25,45.37,59.25,68.3,56.05,1.53,20.7,35.05,,,,189.0,Moderate
250420,DL005,2018-11-15 05:00:00,60.75,191.25,45.63,50.23,63.75,59.73,1.23,24.28,54.78,,,,190.0,Moderate
250421,DL005,2018-11-15 06:00:00,67.0,225.25,13.93,57.4,41.9,70.12,0.93,21.85,15.95,,107.7,,192.0,Moderate
250422,DL005,2018-11-15 07:00:00,69.25,238.75,4.45,36.15,22.83,63.45,0.9,20.3,6.23,,,,195.0,Moderate
250423,DL005,2018-11-15 08:00:00,63.0,205.0,3.82,29.97,19.07,58.37,0.75,21.05,5.8,,,,195.0,Moderate
250424,DL005,2018-11-15 09:00:00,51.0,151.0,5.9,31.48,21.55,57.2,0.95,17.82,7.15,,,,193.0,Moderate
250425,DL005,2018-11-15 10:00:00,44.25,144.0,6.5,29.22,20.82,51.45,0.73,18.47,10.88,,,,190.0,Moderate
250426,DL005,2018-11-15 11:00:00,43.5,126.5,3.73,23.25,15.4,49.07,0.62,18.35,21.38,,,,186.0,Moderate
250427,DL005,2018-11-15 12:00:00,37.75,99.5,2.7,20.32,13.02,46.05,0.65,18.1,43.5,,,,182.0,Moderate
250428,DL005,2018-11-15 13:00:00,36.75,103.5,1.3,20.65,12.05,47.7,0.67,18.95,70.4,,,,179.0,Moderate
250429,DL005,2018-11-15 14:00:00,44.75,131.75,0.75,20.68,11.6,53.8,0.73,15.47,82.85,,133.3,,175.0,Moderate
250430,DL005,2018-11-15 15:00:00,43.25,139.5,1.12,21.38,12.3,55.03,0.75,19.4,84.23,,,,172.0,Moderate
250431,DL005,2018-11-15 16:00:00,41.25,143.75,1.05,23.08,13.12,54.6,0.85,20.75,85.15,,121.4,,172.0,Moderate
250432,DL005,2018-11-15 17:00:00,44.0,163.75,0.73,29.42,16.22,53.55,1.23,19.62,73.68,,146.22,,171.0,Moderate
250433,DL005,2018-11-15 18:00:00,52.25,191.5,1.25,47.9,26.53,50.75,1.5,20.1,44.6,,252.7,,169.0,Moderate
250434,DL005,2018-11-15 19:00:00,60.25,256.5,2.02,62.52,34.9,50.17,1.8,21.6,15.85,,230.7,,168.0,Moderate
250435,DL005,2018-11-15 20:00:00,64.5,277.0,9.97,71.33,45.97,50.8,2.15,18.83,2.75,,114.25,,166.0,Moderate
250436,DL005,2018-11-15 21:00:00,72.5,306.25,15.48,61.95,45.55,55.7,2.45,22.43,1.83,,,,165.0,Moderate
250437,DL005,2018-11-15 22:00:00,94.5,383.0,20.82,54.55,46.07,62.6,1.6,21.07,0.9,,,,166.0,Moderate
250438,DL005,2018-11-15 23:00:00,101.5,381.5,17.95,51.72,42.15,62.15,1.72,18.9,1.0,,,,169.0,Moderate
250439,DL005,2018-11-16 00:00:00,102.0,406.25,8.35,45.23,30.8,64.75,1.8,19.7,1.82,,,,173.0,Moderate
250440,DL005,2018-11-16 01:00:00,106.0,435.25,2.95,35.75,21.4,62.95,2.0,19.83,4.55,,,,178.0,Moderate
250441,DL005,2018-11-16 02:00:00,101.25,411.5,1.05,31.2,17.47,55.78,2.57,19.13,14.1,,,,185.0,Moderate
250442,DL005,2018-11-16 03:00:00,100.75,367.75,0.7,26.7,14.8,46.8,,14.8,11.02,,,,190.0,Moderate
250443,DL005,2018-11-16 04:00:00,84.5,307.75,0.43,27.38,14.95,44.03,1.18,21.75,12.47,,,,194.0,Moderate
250444,DL005,2018-11-16 05:00:00,73.5,260.0,1.1,25.12,14.23,43.18,1.1,23.83,12.27,,,,196.0,Moderate
250445,DL005,2018-11-16 06:00:00,70.0,240.5,1.45,27.22,15.67,44.2,0.85,17.85,13.18,,,,196.0,Moderate
250446,DL005,2018-11-16 07:00:00,64.0,235.5,1.55,31.47,18.0,45.18,1.13,16.95,8.65,,,,196.0,Moderate
250447,DL005,2018-11-16 08:00:00,68.25,280.75,4.2,33.62,21.3,48.78,1.3,17.75,5.93,,,,198.0,Moderate
250448,DL005,2018-11-16 09:00:00,79.5,337.75,4.3,32.18,20.6,51.25,1.18,17.15,14.25,,,,205.0,Poor
250449,DL005,2018-11-16 10:00:00,69.25,300.0,2.32,25.35,15.4,41.88,1.45,18.23,39.6,,,,212.0,Poor
250450,DL005,2018-11-16 11:00:00,50.75,215.5,1.08,22.22,12.72,37.32,1.3,18.5,63.67,,,,216.0,Poor
250451,DL005,2018-11-16 12:00:00,45.0,217.25,0.88,19.3,10.97,34.75,1.4,19.47,83.25,,,,221.0,Poor
250452,DL005,2018-11-16 13:00:00,37.75,144.75,0.85,20.05,11.35,33.52,1.45,19.12,97.18,,,,222.0,Poor
250453,DL005,2018-11-16 14:00:00,33.25,141.0,0.73,20.1,11.25,33.0,1.4,16.85,106.2,,,,223.0,Poor
250454,DL005,2018-11-16 15:00:00,30.75,136.75,1.03,20.97,11.97,32.03,1.6,15.65,110.97,,,,223.0,Poor
250455,DL005,2018-11-16 16:00:00,29.75,126.0,0.9,22.93,12.92,31.38,0.92,16.43,112.3,,,,222.0,Poor
250456,DL005,2018-11-16 17:00:00,30.0,137.75,0.68,28.15,15.53,31.07,0.01,16.08,98.75,,,,221.0,Poor
250457,DL005,2018-11-16 18:00:00,33.25,154.5,1.05,43.92,24.22,30.2,0.01,16.1,60.47,,,,219.0,Poor
250458,DL005,2018-11-16 19:00:00,35.25,170.75,0.8,52.05,28.32,34.63,0.01,20.3,41.53,,,,216.0,Poor
250459,DL005,2018-11-16 20:00:00,42.25,236.5,1.38,55.4,30.55,40.07,0.01,18.77,31.35,,,,214.0,Poor
250460,DL005,2018-11-16 21:00:00,50.5,273.75,1.13,45.77,25.3,41.47,0.01,21.18,33.43,,,,213.0,Poor
250461,DL005,2018-11-16 22:00:00,49.75,282.5,1.43,47.6,26.47,43.18,0.83,18.25,19.48,,,,208.0,Poor
250462,DL005,2018-11-16 23:00:00,61.75,333.0,13.12,66.75,46.35,46.25,0.6,19.03,2.78,,,,206.0,Poor
250463,DL005,2018-11-17 00:00:00,62.5,377.0,3.67,47.8,28.45,46.78,0.6,18.45,8.1,,,,205.0,Poor
250464,DL005,2018-11-17 01:00:00,58.0,309.25,4.4,46.7,28.33,44.08,0.62,18.12,5.4,,,,200.0,Moderate
250465,DL005,2018-11-17 02:00:00,56.5,294.75,2.25,36.9,21.4,40.8,1.12,18.6,17.15,,,,197.0,Moderate
250466,DL005,2018-11-17 03:00:00,51.75,265.5,2.3,40.3,23.3,41.6,,10.4,8.68,,,,194.0,Moderate
250467,DL005,2018-11-17 04:00:00,50.75,266.5,2.25,37.32,21.68,42.52,1.17,16.4,6.52,,,,193.0,Moderate
250468,DL005,2018-11-17 05:00:00,51.5,297.75,1.55,37.35,21.12,47.45,1.15,16.05,8.65,,,,194.0,Moderate
250469,DL005,2018-11-17 06:00:00,57.25,343.75,4.15,47.48,28.65,46.65,0.93,14.9,2.32,,,,197.0,Moderate
250470,DL005,2018-11-17 07:00:00,61.0,347.75,12.42,53.2,38.45,45.07,0.97,13.58,0.52,,,,200.0,Moderate
250471,DL005,2018-11-17 08:00:00,58.75,345.0,18.9,52.35,43.27,44.55,0.97,12.4,1.65,,,,202.0,Poor
250472,DL005,2018-11-17 09:00:00,52.0,360.75,15.33,51.0,39.65,46.95,0.85,15.58,6.98,,,,203.0,Poor
250473,DL005,2018-11-17 10:00:00,51.5,386.25,6.02,39.9,26.15,46.88,1.75,19.57,31.03,,,,207.0,Poor
250474,DL005,2018-11-17 11:00:00,52.0,349.75,2.27,29.4,17.48,42.97,1.53,19.47,62.57,,,,212.0,Poor
250475,DL005,2018-11-17 12:00:00,57.5,321.5,0.82,22.28,12.53,36.8,1.43,19.33,0.3,,,,217.0,Poor
250476,DL005,2018-11-17 13:00:00,54.75,205.75,1.4,21.55,12.6,32.18,,18.62,12.0,,,,219.0,Poor
250477,DL005,2018-11-17 14:00:00,48.25,155.75,0.65,21.6,12.0,32.0,1.55,16.9,27.97,,,,220.0,Poor
250478,DL005,2018-11-17 15:00:00,41.0,144.75,0.73,22.03,12.3,34.12,1.7,21.95,48.52,,,,220.0,Poor
250479,DL005,2018-11-17 16:00:00,45.75,149.25,0.77,22.03,12.33,32.88,0.6,21.65,62.32,,,,221.0,Poor
250480,DL005,2018-11-17 17:00:00,49.25,145.25,0.4,35.6,19.2,30.5,0.9,15.3,60.32,,,,222.0,Poor
250481,DL005,2018-11-17 18:00:00,43.0,150.0,1.12,63.38,34.85,32.33,1.65,20.13,31.55,,,,221.0,Poor
250482,DL005,2018-11-17 19:00:00,49.75,199.25,2.07,75.05,41.6,38.7,3.3,31.05,17.92,,,,223.0,Poor
250483,DL005,2018-11-17 20:00:00,83.25,290.75,2.92,84.25,47.2,59.75,3.75,27.5,9.98,,139.8,,225.0,Poor
250484,DL005,2018-11-17 21:00:00,95.0,412.75,25.45,92.55,69.62,60.38,4.27,26.2,4.8,,182.45,,231.0,Poor
250485,DL005,2018-11-17 22:00:00,94.5,495.75,94.07,86.65,122.6,65.55,2.8,17.15,1.67,,171.05,,239.0,Poor
250486,DL005,2018-11-17 23:00:00,104.75,571.25,78.9,78.5,105.8,68.58,2.6,19.33,1.62,,143.1,,249.0,Poor
250487,DL005,2018-11-18 00:00:00,112.25,591.5,46.5,73.6,76.73,64.43,2.43,22.82,1.95,,117.0,,258.0,Poor
250488,DL005,2018-11-18 01:00:00,113.25,532.25,32.98,63.4,60.8,70.68,2.5,18.28,2.22,,,,268.0,Poor
250489,DL005,2018-11-18 02:00:00,122.5,528.0,11.65,59.8,41.32,72.83,2.43,17.15,6.4,,,,277.0,Poor
250490,DL005,2018-11-18 03:00:00,120.5,513.5,12.3,49.4,36.4,64.4,,17.8,2.52,,,,288.0,Poor
250491,DL005,2018-11-18 04:00:00,123.0,496.75,25.85,54.83,50.25,60.45,2.15,23.33,2.85,,,,297.0,Poor
250492,DL005,2018-11-18 05:00:00,127.0,474.5,26.25,75.12,61.4,57.25,1.77,23.05,1.12,,,,306.0,Very Poor
250493,DL005,2018-11-18 06:00:00,99.25,323.25,30.15,75.95,65.0,56.45,1.75,18.68,0.53,,,,305.0,Very Poor
250494,DL005,2018-11-18 07:00:00,87.5,322.0,61.82,74.73,90.1,58.97,2.23,15.35,0.98,,,,303.0,Very Poor
250495,DL005,2018-11-18 08:00:00,90.75,389.5,79.5,79.82,107.2,61.08,2.68,15.62,1.77,,,,306.0,Very Poor
250496,DL005,2018-11-18 09:00:00,104.5,443.0,36.32,85.7,75.27,66.35,2.48,17.3,2.3,,,,310.0,Very Poor
250497,DL005,2018-11-18 10:00:00,104.25,439.25,21.88,105.43,73.9,67.02,1.93,21.7,8.83,,,,313.0,Very Poor
250498,DL005,2018-11-18 11:00:00,107.75,458.5,8.7,88.1,53.9,62.02,1.78,21.05,41.62,,,,318.0,Very Poor
250499,DL005,2018-11-18 12:00:00,101.0,387.25,5.13,68.85,40.82,59.12,1.55,21.02,69.07,,,,322.0,Very Poor
250500,DL005,2018-11-18 13:00:00,80.25,289.25,2.9,47.38,27.57,56.07,1.45,21.65,112.77,,,,326.0,Very Poor
250501,DL005,2018-11-18 14:00:00,71.25,238.5,1.08,35.08,19.55,53.35,1.35,20.18,143.6,,,,331.0,Very Poor
250502,DL005,2018-11-18 15:00:00,69.75,216.75,0.6,33.93,18.53,50.13,1.5,18.52,155.9,,,,334.0,Very Poor
250503,DL005,2018-11-18 16:00:00,71.25,229.75,0.65,43.7,23.77,50.8,1.57,20.15,160.9,,,,338.0,Very Poor
250504,DL005,2018-11-18 17:00:00,77.0,307.75,1.27,57.0,31.35,53.88,2.32,20.68,126.73,,,,347.0,Very Poor
250505,DL005,2018-11-18 18:00:00,100.75,381.5,1.17,64.75,35.08,51.63,4.62,18.6,69.65,,,,359.0,Very Poor
250506,DL005,2018-11-18 19:00:00,108.75,462.25,1.82,95.12,52.12,49.5,6.53,17.62,21.98,,,,373.0,Very Poor
250507,DL005,2018-11-18 20:00:00,142.0,569.5,4.83,110.45,62.68,54.03,8.03,18.35,8.45,,,,387.0,Very Poor
250508,DL005,2018-11-18 21:00:00,172.25,645.5,8.0,102.75,61.2,59.05,9.53,22.22,6.3,,,,399.0,Very Poor
250509,DL005,2018-11-18 22:00:00,192.25,676.5,14.82,101.8,66.25,63.02,6.45,21.8,19.72,,,,409.0,Severe
250510,DL005,2018-11-18 23:00:00,166.0,674.5,13.92,93.42,61.05,71.5,8.07,20.32,122.13,,,,414.0,Severe
250511,DL005,2018-11-19 00:00:00,155.5,594.5,3.2,79.67,45.0,73.1,9.3,21.35,40.2,,,,414.0,Severe
250512,DL005,2018-11-19 01:00:00,142.75,512.5,1.72,71.3,39.33,73.18,0.01,21.65,12.6,,,,413.0,Severe
250513,DL005,2018-11-19 02:00:00,120.25,478.5,1.6,54.78,30.4,74.2,0.01,21.1,21.7,,,,411.0,Severe
250514,DL005,2018-11-19 03:00:00,128.5,455.0,2.2,46.2,26.3,69.8,,21.6,21.87,,,,408.0,Severe
250515,DL005,2018-11-19 04:00:00,136.5,468.25,1.18,50.9,28.05,68.45,5.93,22.25,14.77,,,,406.0,Severe
250516,DL005,2018-11-19 05:00:00,151.25,490.75,1.7,63.3,35.23,69.62,0.01,22.92,22.6,,,,407.0,Severe
250517,DL005,2018-11-19 06:00:00,157.0,489.25,1.62,61.0,33.7,71.25,0.02,23.45,26.0,,,,416.0,Severe
250518,DL005,2018-11-19 07:00:00,140.0,480.25,2.55,61.73,34.95,76.58,,19.72,14.88,,,,424.0,Severe
250519,DL005,2018-11-19 08:00:00,153.5,494.0,3.5,67.05,38.55,81.1,,20.15,14.27,,,,429.0,Severe
250520,DL005,2018-11-19 09:00:00,142.0,467.0,3.07,61.7,35.7,65.47,,18.73,28.2,,,,431.0,Severe
250521,DL005,2018-11-19 10:00:00,93.0,325.0,3.63,54.65,32.05,61.3,2.45,18.57,41.18,,,,425.0,Severe
250522,DL005,2018-11-19 11:00:00,93.0,331.5,3.32,53.25,31.03,54.9,,17.85,63.88,,,,418.0,Severe
250523,DL005,2018-11-19 12:00:00,104.75,336.0,3.4,53.38,31.15,56.23,1.55,18.8,80.7,,,,415.0,Severe
250524,DL005,2018-11-19 13:00:00,129.25,345.75,2.62,61.58,34.88,58.1,1.7,19.18,90.38,,,,418.0,Severe
250525,DL005,2018-11-19 14:00:00,171.5,340.0,1.92,49.23,27.77,54.78,1.58,18.1,116.55,,,,424.0,Severe
250526,DL005,2018-11-19 15:00:00,152.25,313.0,1.85,51.3,28.78,56.82,1.32,18.0,113.7,,,,429.0,Severe
250527,DL005,2018-11-19 16:00:00,152.0,305.25,2.22,52.0,29.5,55.75,1.25,19.55,117.48,,,,432.0,Severe
250528,DL005,2018-11-19 17:00:00,154.0,318.0,2.15,50.98,28.82,56.27,1.4,19.62,119.85,,,,433.0,Severe
250529,DL005,2018-11-19 18:00:00,177.0,375.25,0.95,53.0,29.0,56.77,1.65,19.55,82.42,,,,433.0,Severe
250530,DL005,2018-11-19 19:00:00,208.25,478.25,1.52,69.27,38.08,58.0,2.05,19.67,38.5,,,,434.0,Severe
250531,DL005,2018-11-19 20:00:00,240.25,514.25,1.58,70.22,38.65,60.65,2.35,17.4,22.8,,,,431.0,Severe
250532,DL005,2018-11-19 21:00:00,278.5,529.25,3.7,80.72,45.9,64.57,2.75,20.7,6.27,,,,425.0,Severe
250533,DL005,2018-11-19 22:00:00,301.75,570.0,4.98,83.95,48.68,65.5,2.55,26.12,3.58,,,,419.0,Severe
250534,DL005,2018-11-19 23:00:00,305.5,533.25,5.12,85.75,49.8,72.15,2.4,21.28,0.95,,,,412.0,Severe
250535,DL005,2018-11-20 00:00:00,324.0,532.5,10.78,86.5,54.77,77.65,2.35,20.43,0.4,,,,408.0,Severe
250536,DL005,2018-11-20 01:00:00,368.75,554.25,14.47,83.57,56.28,82.35,2.28,20.55,0.15,,,,411.0,Severe
250537,DL005,2018-11-20 02:00:00,381.5,534.0,21.87,80.08,60.43,82.12,2.33,20.92,4.7,,,,414.0,Severe
250538,DL005,2018-11-20 03:00:00,397.5,555.5,35.2,73.2,67.7,70.9,,15.4,0.5,,,,419.0,Severe
250539,DL005,2018-11-20 04:00:00,382.75,519.25,36.1,68.85,66.08,66.7,2.23,18.85,0.2,,,,421.0,Severe
250540,DL005,2018-11-20 05:00:00,313.25,454.0,25.12,61.85,53.38,66.95,2.15,20.7,0.7,,,,420.0,Severe
250541,DL005,2018-11-20 06:00:00,306.75,439.5,15.25,62.58,45.7,68.05,2.07,20.12,0.7,,,,417.0,Severe
250542,DL005,2018-11-20 07:00:00,329.5,470.0,13.97,62.15,44.43,76.2,2.2,16.58,0.35,,132.42,,416.0,Severe
250543,DL005,2018-11-20 08:00:00,383.75,516.5,24.73,62.18,53.25,76.63,2.45,15.05,1.55,,,,418.0,Severe
250544,DL005,2018-11-20 09:00:00,386.25,485.75,19.85,74.93,56.02,78.57,2.52,15.45,9.38,,,,419.0,Severe
250545,DL005,2018-11-20 10:00:00,355.75,487.75,7.7,64.6,40.6,76.2,2.02,19.08,22.62,,,,427.0,Severe
250546,DL005,2018-11-20 11:00:00,280.5,390.5,3.62,48.85,28.93,69.33,1.77,20.15,49.95,,,,430.0,Severe
250547,DL005,2018-11-20 12:00:00,246.0,334.75,2.5,39.32,22.95,71.98,1.55,20.73,82.18,,,,430.0,Severe
250548,DL005,2018-11-20 13:00:00,220.25,313.5,1.5,30.95,17.68,71.97,1.45,21.62,129.7,,,,428.0,Severe
250549,DL005,2018-11-20 14:00:00,218.25,327.75,1.33,27.8,15.9,70.35,1.35,21.4,147.77,,101.7,,428.0,Severe
250550,DL005,2018-11-20 15:00:00,191.5,298.0,0.5,25.8,14.13,66.28,1.15,19.12,145.57,,,,429.0,Severe
250551,DL005,2018-11-20 16:00:00,158.25,254.5,1.0,24.63,13.93,57.0,1.03,16.6,140.65,,,,429.0,Severe
250552,DL005,2018-11-20 17:00:00,151.5,267.75,0.7,33.3,18.28,58.15,1.25,16.12,127.85,,,,429.0,Severe
250553,DL005,2018-11-20 18:00:00,182.25,334.75,1.38,72.07,39.4,59.25,1.62,16.68,54.13,,,,429.0,Severe
250554,DL005,2018-11-20 19:00:00,217.75,388.25,14.67,109.28,70.07,55.55,2.48,15.8,9.92,,,,430.0,Severe
250555,DL005,2018-11-20 20:00:00,255.5,423.0,16.08,102.75,67.75,62.05,2.35,16.08,2.8,,,,430.0,Severe
250556,DL005,2018-11-20 21:00:00,293.25,439.25,32.05,92.33,75.3,64.83,2.75,20.6,2.0,,,,431.0,Severe
250557,DL005,2018-11-20 22:00:00,366.75,523.5,54.15,81.02,87.33,71.65,3.2,24.95,1.05,,,,433.0,Severe
250558,DL005,2018-11-20 23:00:00,416.5,588.25,47.15,73.22,77.22,79.12,3.05,21.35,0.67,,,,436.0,Severe
250559,DL005,2018-11-21 00:00:00,481.75,630.25,20.35,69.43,53.63,88.57,2.9,20.7,1.7,,,,441.0,Severe
250560,DL005,2018-11-21 01:00:00,483.25,626.75,3.2,54.67,31.67,86.73,2.6,20.55,6.67,,,,445.0,Severe
250561,DL005,2018-11-21 02:00:00,451.0,573.25,2.93,52.02,30.05,84.43,2.6,19.3,9.15,,,,447.0,Severe
250562,DL005,2018-11-21 03:00:00,431.75,573.5,0.8,41.1,22.5,70.3,,22.6,7.15,,,,448.0,Severe
250563,DL005,2018-11-21 04:00:00,395.25,524.0,1.98,37.52,21.58,69.57,2.25,26.03,7.08,,,,449.0,Severe
250564,DL005,2018-11-21 05:00:00,390.25,508.75,7.62,44.8,30.07,74.68,2.45,21.62,1.0,,,,451.0,Severe
250565,DL005,2018-11-21 06:00:00,419.75,557.5,6.77,40.83,27.22,72.0,2.3,23.77,1.73,,,,455.0,Severe
250566,DL005,2018-11-21 07:00:00,401.0,519.75,12.98,47.13,35.65,74.73,2.3,19.0,0.9,,,,457.0,Severe
250567,DL005,2018-11-21 08:00:00,412.0,527.75,12.75,53.0,38.57,81.55,2.27,17.58,1.45,,,,458.0,Severe
250568,DL005,2018-11-21 09:00:00,405.5,519.5,14.37,66.12,46.95,76.58,2.3,16.4,4.32,,,,459.0,Severe
250569,DL005,2018-11-21 10:00:00,361.5,484.5,5.65,46.95,29.57,70.73,1.93,18.82,18.45,,,,459.0,Severe
250570,DL005,2018-11-21 11:00:00,306.75,405.75,2.38,32.12,19.05,52.7,1.75,21.08,49.32,,,,460.0,Severe
250571,DL005,2018-11-21 12:00:00,186.0,268.75,1.18,25.03,14.27,45.4,1.47,19.83,84.83,,,,458.0,Severe
250572,DL005,2018-11-21 13:00:00,132.0,214.5,0.88,21.07,11.95,42.25,1.32,20.08,108.2,,,,455.0,Severe
250573,DL005,2018-11-21 14:00:00,95.25,160.0,0.45,17.8,9.85,37.43,1.08,18.9,102.9,,,,451.0,Severe
250574,DL005,2018-11-21 15:00:00,63.25,127.0,0.6,16.65,9.35,31.7,1.0,16.48,95.5,,,,447.0,Severe
250575,DL005,2018-11-21 16:00:00,56.0,125.0,0.5,19.68,10.88,31.52,0.6,15.62,96.98,,,,443.0,Severe
250576,DL005,2018-11-21 17:00:00,63.75,129.25,1.07,28.28,15.9,33.9,0.78,15.95,78.8,,,,441.0,Severe
250577,DL005,2018-11-21 18:00:00,89.75,178.0,4.53,61.82,36.52,35.93,1.18,16.33,34.85,,,,438.0,Severe
250578,DL005,2018-11-21 19:00:00,139.25,290.25,62.15,93.9,100.65,39.97,2.55,17.8,3.93,,,,435.0,Severe
250579,DL005,2018-11-21 20:00:00,187.75,442.0,31.3,86.4,71.53,40.9,2.23,17.55,2.12,,,,433.0,Severe
250580,DL005,2018-11-21 21:00:00,223.25,389.25,22.15,76.83,58.88,46.72,2.5,26.72,4.22,,,,431.0,Severe
250581,DL005,2018-11-21 22:00:00,297.25,454.75,44.1,73.23,74.92,50.65,2.62,25.2,1.48,,,,429.0,Severe
250582,DL005,2018-11-21 23:00:00,341.5,479.5,11.45,65.05,44.58,53.2,1.97,22.73,3.82,,,,426.0,Severe
250583,DL005,2018-11-22 00:00:00,293.75,395.25,5.1,65.37,38.92,51.23,1.8,22.73,6.48,,100.2,,420.0,Severe
250584,DL005,2018-11-22 01:00:00,269.75,373.25,25.42,76.52,61.4,49.33,1.92,21.18,0.88,,,,413.0,Severe
250585,DL005,2018-11-22 02:00:00,249.25,356.25,21.2,70.52,54.83,46.73,1.63,19.3,3.95,,,,407.0,Severe
250586,DL005,2018-11-22 03:00:00,206.25,290.0,35.6,56.5,59.1,41.1,,17.6,0.65,,,,400.0,Very Poor
250587,DL005,2018-11-22 04:00:00,203.25,279.75,29.82,57.02,54.68,41.82,1.6,23.15,0.38,,,,393.0,Very Poor
250588,DL005,2018-11-22 05:00:00,210.0,288.5,33.2,51.18,54.27,42.68,1.58,22.5,0.3,,,,388.0,Very Poor
250589,DL005,2018-11-22 06:00:00,207.75,293.25,33.05,52.0,54.57,42.4,1.58,24.53,0.7,,,,381.0,Very Poor
250590,DL005,2018-11-22 07:00:00,210.25,293.5,66.75,49.9,80.95,45.12,1.88,18.98,0.3,,,,375.0,Very Poor
250591,DL005,2018-11-22 08:00:00,262.25,380.0,96.1,59.22,109.85,54.27,2.68,16.12,1.58,,,,370.0,Very Poor
250592,DL005,2018-11-22 09:00:00,314.0,461.25,42.9,72.77,72.95,54.65,2.2,17.1,1.85,,,,367.0,Very Poor
250593,DL005,2018-11-22 10:00:00,242.75,389.0,16.9,60.57,46.02,50.43,1.72,21.47,8.17,,,,363.0,Very Poor
250594,DL005,2018-11-22 11:00:00,211.0,348.75,10.1,55.73,38.2,48.95,1.53,24.17,32.63,,,,360.0,Very Poor
250595,DL005,2018-11-22 12:00:00,179.25,314.0,4.32,42.25,26.0,44.67,1.3,24.75,87.12,,,,360.0,Very Poor
250596,DL005,2018-11-22 13:00:00,137.25,281.0,1.33,28.23,16.08,39.3,0.95,22.4,129.45,,139.8,,360.0,Very Poor
250597,DL005,2018-11-22 14:00:00,106.0,207.0,1.25,18.6,10.9,34.58,0.85,21.6,149.35,,,,360.0,Very Poor
250598,DL005,2018-11-22 15:00:00,99.75,171.5,0.77,21.15,11.9,36.68,0.9,22.32,151.6,,,,362.0,Very Poor
250599,DL005,2018-11-22 16:00:00,99.0,163.25,0.7,25.9,14.3,37.25,0.85,20.47,139.95,,,,363.0,Very Poor
250600,DL005,2018-11-22 17:00:00,100.0,178.25,1.18,57.07,31.33,34.58,1.1,20.72,85.7,,,,364.0,Very Poor
250601,DL005,2018-11-22 18:00:00,108.0,232.75,1.32,72.28,39.52,36.7,1.28,20.3,50.58,,,,365.0,Very Poor
250602,DL005,2018-11-22 19:00:00,141.0,298.25,10.85,97.35,60.63,42.0,2.22,21.33,7.72,,,,365.0,Very Poor
250603,DL005,2018-11-22 20:00:00,231.25,537.0,46.5,100.12,91.12,59.75,3.57,20.15,1.05,,146.22,,366.0,Very Poor
250604,DL005,2018-11-22 21:00:00,345.0,715.25,52.25,98.57,95.1,56.98,4.12,19.83,1.75,,171.28,,370.0,Very Poor
250605,DL005,2018-11-22 22:00:00,336.75,589.25,41.5,90.98,81.9,42.78,2.45,22.93,0.97,,126.4,,371.0,Very Poor
250606,DL005,2018-11-22 23:00:00,283.75,439.75,57.1,82.97,90.65,50.75,3.2,22.62,1.95,,114.0,,369.0,Very Poor
250607,DL005,2018-11-23 00:00:00,342.0,516.75,116.87,75.6,136.35,58.7,3.35,18.62,3.95,,121.15,,371.0,Very Poor
250608,DL005,2018-11-23 01:00:00,375.75,530.75,46.2,71.4,75.63,61.68,2.77,18.57,2.78,,108.0,,374.0,Very Poor
250609,DL005,2018-11-23 02:00:00,400.5,515.5,29.72,70.75,61.77,63.43,2.52,18.35,5.15,,140.52,,379.0,Very Poor
250610,DL005,2018-11-23 03:00:00,364.75,467.75,4.4,50.2,30.3,47.0,,15.1,7.42,,148.92,,384.0,Very Poor
250611,DL005,2018-11-23 04:00:00,292.0,369.5,4.28,55.38,32.82,46.0,1.75,20.05,6.5,,104.1,,387.0,Very Poor
250612,DL005,2018-11-23 05:00:00,287.25,368.5,22.9,54.78,47.95,50.1,2.15,22.9,0.73,,,,390.0,Very Poor
250613,DL005,2018-11-23 06:00:00,330.75,416.25,36.52,48.48,55.57,51.73,2.4,25.05,1.03,,,,394.0,Very Poor
250614,DL005,2018-11-23 07:00:00,354.0,465.25,52.2,48.9,68.62,53.43,2.6,21.25,0.85,,,,398.0,Very Poor
250615,DL005,2018-11-23 08:00:00,399.25,519.0,38.3,56.4,61.3,59.8,2.78,16.7,0.82,,,,403.0,Severe
250616,DL005,2018-11-23 09:00:00,433.5,519.75,19.35,68.95,52.47,64.27,2.75,17.78,3.52,,,,406.0,Severe
250617,DL005,2018-11-23 10:00:00,426.75,507.5,9.1,60.75,39.6,63.6,2.23,21.1,16.03,,,,412.0,Severe
250618,DL005,2018-11-23 11:00:00,319.5,411.25,3.95,38.2,23.55,57.95,1.65,21.72,49.15,,,,416.0,Severe
250619,DL005,2018-11-23 12:00:00,204.75,307.5,1.7,25.65,15.05,42.35,1.0,22.17,72.75,,,,417.0,Severe
250620,DL005,2018-11-23 13:00:00,109.25,251.25,1.1,20.0,11.52,37.07,0.8,21.55,93.4,,,,416.0,Severe
250621,DL005,2018-11-23 14:00:00,85.25,299.25,0.72,18.38,10.38,35.25,0.83,20.42,107.77,,,,415.0,Severe
250622,DL005,2018-11-23 15:00:00,79.75,226.5,0.85,16.97,9.7,31.53,0.75,16.45,106.62,,,,414.0,Severe
250623,DL005,2018-11-23 16:00:00,68.5,199.25,0.35,19.62,10.73,31.8,0.7,12.65,104.23,,,,413.0,Severe
250624,DL005,2018-11-23 17:00:00,65.5,193.0,1.02,29.68,16.65,32.13,0.88,12.67,79.38,,,,412.0,Severe
250625,DL005,2018-11-23 18:00:00,77.75,221.25,1.33,57.25,31.5,36.1,1.23,13.63,35.92,,,,411.0,Severe
250626,DL005,2018-11-23 19:00:00,101.0,234.0,2.25,66.5,40.05,39.47,1.57,13.9,13.12,,,,410.0,Severe
250627,DL005,2018-11-23 20:00:00,163.75,288.5,9.27,71.98,45.85,41.35,1.85,14.8,3.12,,,,408.0,Severe
250628,DL005,2018-11-23 21:00:00,213.5,365.75,8.58,65.55,41.55,43.45,1.87,18.22,4.73,,,,404.0,Severe
250629,DL005,2018-11-23 22:00:00,230.75,352.5,3.5,55.62,32.43,43.15,1.72,24.8,10.13,,,,400.0,Very Poor
250630,DL005,2018-11-23 23:00:00,235.5,334.5,1.62,44.85,25.17,44.62,1.63,22.28,10.85,,,,399.0,Very Poor
250631,DL005,2018-11-24 00:00:00,239.75,330.75,1.53,40.57,22.8,49.08,1.63,17.25,9.45,,,,395.0,Very Poor
250632,DL005,2018-11-24 01:00:00,219.0,292.25,1.4,33.88,19.15,46.05,1.37,16.57,15.82,,,,390.0,Very Poor
250633,DL005,2018-11-24 02:00:00,181.5,244.0,0.4,26.47,14.42,43.2,1.27,16.28,23.35,,,,383.0,Very Poor
250634,DL005,2018-11-24 03:00:00,163.75,219.75,0.6,23.3,12.8,35.2,,17.1,21.2,,,,377.0,Very Poor
250635,DL005,2018-11-24 04:00:00,150.0,208.5,1.05,22.93,13.05,35.18,1.1,14.85,19.75,,,,372.0,Very Poor
250636,DL005,2018-11-24 05:00:00,146.0,200.5,0.4,22.15,12.1,36.45,1.05,21.75,19.05,,,,368.0,Very Poor
250637,DL005,2018-11-24 06:00:00,143.75,192.75,0.53,27.68,15.15,34.3,1.15,23.45,11.03,,,,362.0,Very Poor
250638,DL005,2018-11-24 07:00:00,155.5,212.75,1.65,28.95,16.75,37.0,1.27,22.53,7.62,,,,356.0,Very Poor
250639,DL005,2018-11-24 08:00:00,193.25,258.0,4.4,33.23,21.25,42.7,1.5,16.55,4.57,,,,349.0,Very Poor
250640,DL005,2018-11-24 09:00:00,213.5,281.0,4.6,31.95,20.75,43.8,1.37,17.07,11.88,,,,342.0,Very Poor
250641,DL005,2018-11-24 10:00:00,182.0,257.25,2.98,28.1,17.35,41.9,1.23,18.88,32.13,,,,334.0,Very Poor
250642,DL005,2018-11-24 11:00:00,148.75,240.5,2.18,25.78,15.5,40.3,1.15,19.47,55.55,,,,329.0,Very Poor
250643,DL005,2018-11-24 12:00:00,123.0,210.25,1.1,22.98,13.15,36.78,1.03,20.5,78.87,,,,326.0,Very Poor
250644,DL005,2018-11-24 13:00:00,93.75,208.0,,20.1,12.5,25.2,0.7,,87.45,,,,325.0,Very Poor
250645,DL005,2018-11-24 14:00:00,69.25,236.25,1.22,19.55,11.37,29.45,0.8,21.55,105.12,,,,325.0,Very Poor
250646,DL005,2018-11-24 15:00:00,68.25,208.5,0.65,19.6,10.95,30.88,0.72,20.45,110.35,,,,325.0,Very Poor
250647,DL005,2018-11-24 16:00:00,63.0,189.5,1.65,24.05,14.15,31.55,0.75,13.88,104.65,,,,324.0,Very Poor
250648,DL005,2018-11-24 17:00:00,62.75,175.25,1.32,28.7,16.33,32.05,0.92,13.42,87.27,,,,324.0,Very Poor
250649,DL005,2018-11-24 18:00:00,68.75,185.0,0.8,43.0,23.5,31.9,1.18,14.55,47.7,,,,324.0,Very Poor
250650,DL005,2018-11-24 19:00:00,110.0,215.5,1.3,72.55,39.73,38.6,1.88,23.85,20.45,,,,324.0,Very Poor
250651,DL005,2018-11-24 20:00:00,184.25,306.0,34.75,81.93,71.9,38.72,2.38,23.53,1.97,,,,325.0,Very Poor
250652,DL005,2018-11-24 21:00:00,224.5,385.25,29.78,75.95,64.65,41.5,2.4,34.25,1.35,,,,325.0,Very Poor
250653,DL005,2018-11-24 22:00:00,238.5,384.25,36.22,71.2,67.53,42.85,3.02,37.8,1.35,,,,326.0,Very Poor
250654,DL005,2018-11-24 23:00:00,224.75,366.25,36.52,70.62,67.37,42.58,3.02,27.62,0.95,,,,325.0,Very Poor
250655,DL005,2018-11-25 00:00:00,228.75,341.5,8.77,62.38,40.57,44.35,2.7,23.53,2.45,,,,325.0,Very Poor
250656,DL005,2018-11-25 01:00:00,220.75,302.0,7.98,56.75,36.7,43.1,2.75,25.3,3.28,,,,325.0,Very Poor
250657,DL005,2018-11-25 02:00:00,233.0,309.5,16.48,61.42,46.23,43.85,2.7,21.8,4.3,,,,327.0,Very Poor
250658,DL005,2018-11-25 03:00:00,224.75,320.0,14.1,53.0,39.6,41.5,,15.8,0.6,,,,329.0,Very Poor
250659,DL005,2018-11-25 04:00:00,217.5,309.25,12.95,52.7,38.65,39.17,1.37,17.12,0.83,,,,331.0,Very Poor
250660,DL005,2018-11-25 05:00:00,216.5,306.25,14.77,48.05,37.58,39.32,1.42,16.13,0.43,,,,333.0,Very Poor
250661,DL005,2018-11-25 06:00:00,212.0,302.0,11.55,47.95,34.95,39.83,1.35,15.48,1.7,,,,335.0,Very Poor
250662,DL005,2018-11-25 07:00:00,203.75,283.75,17.92,47.88,40.2,42.6,1.45,19.4,0.55,,,,337.0,Very Poor
250663,DL005,2018-11-25 08:00:00,225.25,326.25,47.18,57.2,68.88,42.6,1.45,18.05,0.5,,,,338.0,Very Poor
250664,DL005,2018-11-25 09:00:00,202.75,323.5,40.3,62.23,66.0,44.45,1.35,21.3,1.25,,,,337.0,Very Poor
250665,DL005,2018-11-25 10:00:00,209.25,330.25,10.62,51.72,36.15,48.72,1.35,29.53,12.67,,,,338.0,Very Poor
250666,DL005,2018-11-25 11:00:00,210.25,317.25,2.75,38.43,22.65,47.67,1.23,30.12,42.28,,,,340.0,Very Poor
250667,DL005,2018-11-25 12:00:00,164.75,270.5,0.95,29.4,16.4,42.75,1.1,28.95,81.15,,,,342.0,Very Poor
250668,DL005,2018-11-25 13:00:00,124.0,221.25,0.2,25.3,13.6,40.0,1.0,26.33,104.6,,,,343.0,Very Poor
250669,DL005,2018-11-25 14:00:00,91.25,197.5,0.5,21.0,11.6,38.1,0.92,25.3,113.2,,,,343.0,Very Poor
250670,DL005,2018-11-25 15:00:00,81.5,179.5,,,,,1.15,21.57,120.68,,,,344.0,Very Poor
250671,DL005,2018-11-25 16:00:00,74.5,178.5,,,,,0.77,17.97,117.3,,,,344.0,Very Poor
250672,DL005,2018-11-25 17:00:00,69.0,169.0,,,,,0.95,18.57,93.8,,,,344.0,Very Poor
250673,DL005,2018-11-25 18:00:00,79.0,192.75,0.6,63.3,34.2,38.45,1.2,19.03,38.15,,,,345.0,Very Poor
250674,DL005,2018-11-25 19:00:00,104.5,227.0,6.9,96.4,56.77,38.85,1.75,17.62,10.45,,,,344.0,Very Poor
250675,DL005,2018-11-25 20:00:00,165.5,354.5,85.5,90.33,117.6,40.88,3.15,18.73,2.12,,,,344.0,Very Poor
250676,DL005,2018-11-25 21:00:00,223.25,485.75,72.97,86.87,105.35,44.5,2.8,18.03,0.6,,,,344.0,Very Poor
250677,DL005,2018-11-25 22:00:00,221.25,421.25,21.5,76.35,58.05,50.15,2.07,19.78,1.65,,,,343.0,Very Poor
250678,DL005,2018-11-25 23:00:00,257.75,385.5,6.9,65.5,40.55,52.57,2.05,20.28,3.45,,,,344.0,Very Poor
250679,DL005,2018-11-26 00:00:00,286.5,397.75,18.93,64.7,49.93,55.05,2.1,18.6,0.78,,,,346.0,Very Poor
250680,DL005,2018-11-26 01:00:00,306.0,421.0,3.33,54.52,31.65,60.58,2.12,22.1,3.58,,,,349.0,Very Poor
250681,DL005,2018-11-26 02:00:00,327.25,434.25,5.73,56.18,34.5,55.42,1.92,19.3,2.8,,,,352.0,Very Poor
250682,DL005,2018-11-26 03:00:00,283.25,399.25,2.8,53.1,30.5,49.5,,17.8,1.75,,,,354.0,Very Poor
250683,DL005,2018-11-26 04:00:00,270.25,395.5,3.15,51.3,29.87,47.9,1.63,18.97,2.32,,105.95,,355.0,Very Poor
250684,DL005,2018-11-26 05:00:00,227.0,326.0,1.65,50.2,28.0,47.88,1.5,20.15,2.3,,100.8,,356.0,Very Poor
250685,DL005,2018-11-26 06:00:00,221.0,317.75,21.8,50.15,44.45,47.98,1.53,20.38,0.7,,,,356.0,Very Poor
250686,DL005,2018-11-26 07:00:00,238.0,331.5,47.15,45.05,62.45,54.82,2.07,22.77,0.7,,,,357.0,Very Poor
250687,DL005,2018-11-26 08:00:00,298.75,415.75,70.4,53.77,86.05,57.18,2.35,16.83,0.5,,,,360.0,Very Poor
250688,DL005,2018-11-26 09:00:00,347.0,493.0,,,,67.75,2.55,19.15,2.3,,,,364.0,Very Poor
250689,DL005,2018-11-26 10:00:00,384.5,497.25,,,,68.85,1.95,35.75,10.4,,,,370.0,Very Poor
250690,DL005,2018-11-26 11:00:00,297.75,401.75,,,,66.95,1.45,41.12,29.22,,,,373.0,Very Poor
250691,DL005,2018-11-26 12:00:00,206.25,321.75,,,,66.1,1.28,76.72,59.12,,,,374.0,Very Poor
250692,DL005,2018-11-26 13:00:00,165.25,307.5,0.8,27.55,15.3,59.65,1.05,32.2,96.3,,,,375.0,Very Poor
250693,DL005,2018-11-26 14:00:00,98.75,229.75,0.45,21.85,12.0,52.68,0.97,17.58,117.98,,,,375.0,Very Poor
250694,DL005,2018-11-26 15:00:00,86.5,175.5,0.4,21.45,11.75,46.4,1.0,15.83,138.7,,,,376.0,Very Poor
250695,DL005,2018-11-26 16:00:00,90.0,194.25,0.8,26.35,14.67,44.25,0.85,15.48,141.95,,126.45,,376.0,Very Poor
250696,DL005,2018-11-26 17:00:00,97.25,223.0,0.68,41.05,22.4,43.8,1.05,14.65,100.82,,177.92,,377.0,Very Poor
250697,DL005,2018-11-26 18:00:00,112.25,252.5,7.7,104.05,61.5,41.45,1.62,13.85,21.3,,138.15,,378.0,Very Poor
250698,DL005,2018-11-26 19:00:00,170.75,335.25,40.08,109.0,90.4,53.95,2.38,12.7,3.25,,,,380.0,Very Poor
250699,DL005,2018-11-26 20:00:00,269.5,477.75,132.7,106.27,164.93,59.2,4.1,12.52,1.53,,107.7,,384.0,Very Poor
250700,DL005,2018-11-26 21:00:00,353.0,659.0,80.97,94.97,116.48,65.25,4.98,11.82,3.3,,,,388.0,Very Poor
250701,DL005,2018-11-26 22:00:00,390.25,742.75,107.33,87.75,126.35,70.33,5.48,11.83,4.2,,136.27,,393.0,Very Poor
250702,DL005,2018-11-26 23:00:00,389.25,719.25,106.0,91.8,135.17,63.75,4.83,12.2,3.05,,188.23,,397.0,Very Poor
250703,DL005,2018-11-27 00:00:00,329.25,590.75,115.93,82.48,138.27,61.55,4.12,11.2,3.78,,171.47,,399.0,Very Poor
250704,DL005,2018-11-27 01:00:00,372.5,598.0,209.67,77.23,212.05,72.32,5.3,11.15,6.23,,238.33,,401.0,Severe
250705,DL005,2018-11-27 02:00:00,415.0,653.75,128.23,79.48,146.95,71.83,4.38,11.82,5.05,,255.95,,404.0,Severe
250706,DL005,2018-11-27 03:00:00,364.25,561.75,77.6,79.1,105.4,65.6,,10.6,1.05,,199.62,,406.0,Severe
250707,DL005,2018-11-27 04:00:00,327.25,482.5,87.77,69.67,108.6,64.72,3.52,10.33,1.6,,143.62,,408.0,Severe
250708,DL005,2018-11-27 05:00:00,334.0,495.5,98.3,70.15,117.02,66.52,3.82,10.28,2.92,,137.52,,411.0,Severe
250709,DL005,2018-11-27 06:00:00,384.0,583.75,114.35,64.03,127.33,67.75,4.3,11.88,4.43,,250.4,,422.0,Severe
250710,DL005,2018-11-27 07:00:00,427.25,632.75,97.78,64.55,114.02,70.75,4.05,12.08,7.32,,207.47,,438.0,Severe
250711,DL005,2018-11-27 08:00:00,431.25,619.75,94.98,76.55,118.23,79.23,4.18,11.47,4.85,,182.55,,448.0,Severe
250712,DL005,2018-11-27 09:00:00,445.75,642.75,144.32,119.4,180.75,81.75,4.25,11.53,6.0,,162.8,,456.0,Severe
250713,DL005,2018-11-27 10:00:00,457.75,684.5,77.28,119.6,126.65,84.92,3.18,14.65,3.68,,141.48,,466.0,Severe
250714,DL005,2018-11-27 11:00:00,398.5,645.25,68.35,227.95,177.15,106.45,4.75,20.65,10.05,,169.8,,479.0,Severe
250715,DL005,2018-11-27 12:00:00,455.5,752.75,,,,,,,28.55,,174.23,,501.0,Severe
250716,DL005,2018-11-27 13:00:00,312.0,547.25,0.8,33.9,18.8,59.3,1.4,27.8,63.18,,148.8,,514.0,Severe
250717,DL005,2018-11-27 14:00:00,130.0,271.25,1.18,25.0,14.25,60.5,1.3,29.43,,,,,516.0,Severe
250718,DL005,2018-11-27 15:00:00,100.5,195.0,0.65,12.77,7.33,56.85,1.13,22.38,,,,,517.0,Severe
250719,DL005,2018-11-27 16:00:00,88.25,168.5,0.65,17.2,9.67,57.42,0.95,19.08,84.23,,,,515.0,Severe
250720,DL005,2018-11-27 17:00:00,101.5,190.75,1.1,30.92,17.35,58.28,1.15,17.9,60.12,,,,514.0,Severe
250721,DL005,2018-11-27 18:00:00,118.0,228.5,5.1,48.03,29.75,64.6,1.6,19.4,35.27,,,,512.0,Severe
250722,DL005,2018-11-27 19:00:00,182.0,395.5,25.38,100.93,74.57,72.75,2.77,16.85,1.45,,,,516.0,Severe
250723,DL005,2018-11-27 20:00:00,246.0,620.0,46.1,108.0,94.88,73.8,3.6,17.35,2.23,,,,523.0,Severe
250724,DL005,2018-11-27 21:00:00,294.5,651.0,127.92,103.53,159.45,90.25,5.95,17.88,3.88,,135.38,,523.0,Severe
250725,DL005,2018-11-27 22:00:00,361.75,819.5,162.32,97.55,184.22,70.52,5.42,19.2,3.32,,199.1,,527.0,Severe
250726,DL005,2018-11-27 23:00:00,305.25,718.5,173.65,96.27,192.35,68.9,5.35,18.95,4.22,,231.45,,527.0,Severe
250727,DL005,2018-11-28 00:00:00,261.75,593.25,196.9,87.88,207.3,73.95,5.35,18.5,9.1,,229.35,,527.0,Severe
250728,DL005,2018-11-28 01:00:00,222.5,449.25,155.08,85.73,172.05,79.4,4.35,17.28,8.45,,201.73,,519.0,Severe
250729,DL005,2018-11-28 02:00:00,201.75,318.75,116.82,81.27,138.58,83.62,3.68,17.07,5.6,,152.15,,501.0,Severe
250730,DL005,2018-11-28 03:00:00,191.75,312.0,151.8,64.9,158.0,75.0,,18.0,8.1,,114.77,,488.0,Severe
250731,DL005,2018-11-28 04:00:00,210.25,359.75,228.47,76.2,226.68,77.88,4.9,18.48,23.87,,151.17,,482.0,Severe
250732,DL005,2018-11-28 05:00:00,239.25,503.0,219.75,68.2,215.42,77.92,5.05,20.05,13.97,,178.67,,482.0,Severe
250733,DL005,2018-11-28 06:00:00,232.5,517.0,215.12,60.1,207.4,81.52,4.58,17.6,15.65,,179.85,,479.0,Severe
250734,DL005,2018-11-28 07:00:00,233.75,573.0,237.45,52.6,221.4,86.08,4.57,18.32,22.55,,167.85,,476.0,Severe
250735,DL005,2018-11-28 08:00:00,249.25,613.25,183.58,66.02,184.8,89.85,4.22,17.18,13.78,,168.3,,476.0,Severe
250736,DL005,2018-11-28 09:00:00,243.75,609.25,154.78,73.42,165.6,96.45,3.85,15.65,12.15,,151.88,,474.0,Severe
250737,DL005,2018-11-28 10:00:00,247.25,638.0,130.93,128.55,175.08,106.67,4.02,19.57,10.35,,151.45,,471.0,Severe
250738,DL005,2018-11-28 11:00:00,241.25,660.5,43.32,124.87,101.87,113.27,2.7,38.2,13.05,,171.62,,472.0,Severe
250739,DL005,2018-11-28 12:00:00,169.0,452.0,17.1,72.2,52.3,104.55,1.9,34.85,19.27,,,,456.0,Severe
250740,DL005,2018-11-28 13:00:00,119.0,297.75,9.75,43.53,31.05,95.77,1.62,25.8,50.6,,,,444.0,Severe
250741,DL005,2018-11-28 14:00:00,105.0,271.0,4.75,27.3,18.4,86.3,1.28,22.5,71.77,,,,443.0,Severe
250742,DL005,2018-11-28 15:00:00,82.0,205.25,2.7,34.02,20.32,80.15,1.23,27.62,84.65,,,,444.0,Severe
250743,DL005,2018-11-28 16:00:00,88.5,231.0,1.25,43.93,24.35,77.48,1.32,26.4,90.25,,,,447.0,Severe
250744,DL005,2018-11-28 17:00:00,107.5,304.75,1.67,51.6,28.8,81.57,1.55,22.97,59.7,,,,453.0,Severe
250745,DL005,2018-11-28 18:00:00,139.25,413.75,1.7,71.72,39.62,80.05,1.97,19.1,25.53,,,,463.0,Severe
250746,DL005,2018-11-28 19:00:00,164.5,513.5,12.23,90.98,57.75,81.75,2.42,16.8,15.45,,,,469.0,Severe
250747,DL005,2018-11-28 20:00:00,193.5,565.0,117.77,120.03,159.5,87.12,3.8,18.05,5.88,,186.0,,466.0,Severe
250748,DL005,2018-11-28 21:00:00,211.0,630.0,35.48,103.17,83.72,74.85,2.43,17.45,4.08,,182.33,,465.0,Severe
250749,DL005,2018-11-28 22:00:00,189.25,524.0,88.65,95.98,123.38,80.23,4.48,17.62,4.4,,199.35,,450.0,Severe
250750,DL005,2018-11-28 23:00:00,234.25,674.0,69.85,91.35,105.45,81.48,3.98,18.5,5.9,,377.22,,447.0,Severe
250751,DL005,2018-11-29 00:00:00,257.0,721.75,115.05,73.92,133.15,79.58,3.72,17.53,7.42,,390.35,,454.0,Severe
250752,DL005,2018-11-29 01:00:00,224.75,614.5,112.5,63.0,125.52,84.67,3.83,18.12,7.65,,337.75,,463.0,Severe
250753,DL005,2018-11-29 02:00:00,220.0,568.75,91.8,51.0,101.95,79.77,3.18,18.63,7.65,,369.27,,476.0,Severe
250754,DL005,2018-11-29 03:00:00,188.5,471.75,33.0,49.1,53.3,68.4,,16.0,3.82,,196.35,,484.0,Severe
250755,DL005,2018-11-29 04:00:00,155.5,391.0,45.6,45.0,61.1,66.02,2.3,15.95,4.08,,130.2,,486.0,Severe
250756,DL005,2018-11-29 05:00:00,156.0,400.5,35.1,43.45,51.75,61.57,2.5,17.3,3.2,,109.35,,480.0,Severe
250757,DL005,2018-11-29 06:00:00,178.25,452.25,57.33,47.88,72.1,75.6,2.65,16.05,3.02,,127.0,,477.0,Severe
250758,DL005,2018-11-29 07:00:00,201.0,558.5,97.8,40.65,101.4,77.7,2.83,15.67,2.95,,118.05,,476.0,Severe
250759,DL005,2018-11-29 08:00:00,204.25,580.0,75.05,41.23,83.07,84.02,2.67,14.3,2.8,,136.03,,474.0,Severe
250760,DL005,2018-11-29 09:00:00,202.5,545.0,55.85,79.83,87.9,85.83,2.6,13.42,2.18,,125.65,,471.0,Severe
250761,DL005,2018-11-29 10:00:00,188.5,490.0,18.38,71.7,53.15,89.65,2.3,15.52,3.35,,,,463.0,Severe
250762,DL005,2018-11-29 11:00:00,165.0,435.25,7.7,33.22,23.95,85.07,1.78,22.7,10.6,,,,452.0,Severe
250763,DL005,2018-11-29 12:00:00,144.25,369.0,4.65,25.6,17.43,89.7,1.6,26.0,25.05,,,,447.0,Severe
250764,DL005,2018-11-29 13:00:00,112.0,293.5,2.53,18.2,11.77,81.7,1.23,22.7,50.07,,,,447.0,Severe
250765,DL005,2018-11-29 14:00:00,91.75,229.75,0.95,12.05,7.2,74.75,1.03,20.93,64.12,,,,445.0,Severe
250766,DL005,2018-11-29 15:00:00,85.0,202.25,0.8,11.05,6.55,68.98,1.03,22.28,75.95,,,,445.0,Severe
250767,DL005,2018-11-29 16:00:00,87.5,192.5,0.78,10.88,6.42,59.48,1.05,24.1,83.98,,,,443.0,Severe
250768,DL005,2018-11-29 17:00:00,105.75,206.0,0.75,37.65,20.55,61.9,1.15,21.2,62.23,,,,438.0,Severe
250769,DL005,2018-11-29 18:00:00,138.5,268.5,4.15,68.13,39.55,60.32,1.52,19.5,20.62,,,,430.0,Severe
250770,DL005,2018-11-29 19:00:00,171.75,340.75,50.65,93.12,90.8,65.75,2.4,20.58,1.87,,,,421.0,Severe
250771,DL005,2018-11-29 20:00:00,271.0,497.5,110.07,89.1,137.55,71.08,3.15,19.65,2.1,,,,418.0,Severe
250772,DL005,2018-11-29 21:00:00,291.5,555.75,128.42,80.58,147.67,64.15,3.67,19.17,5.92,,,,414.0,Severe
250773,DL005,2018-11-29 22:00:00,329.5,592.75,128.97,67.15,140.62,63.6,3.65,23.1,3.48,,,,417.0,Severe
250774,DL005,2018-11-29 23:00:00,363.0,596.0,50.88,62.75,74.8,69.15,2.65,25.25,3.5,,,,413.0,Severe
250775,DL005,2018-11-30 00:00:00,342.75,491.75,29.95,55.7,54.15,67.65,2.07,20.5,3.3,,,,401.0,Severe
250776,DL005,2018-11-30 01:00:00,321.5,436.25,14.88,50.3,38.87,73.1,1.9,16.52,3.23,,,,392.0,Very Poor
250777,DL005,2018-11-30 02:00:00,327.25,422.25,10.65,46.27,33.23,71.48,1.87,15.75,8.25,,,,384.0,Very Poor
250778,DL005,2018-11-30 03:00:00,313.0,420.25,27.0,38.6,42.5,66.7,,16.5,3.25,,,,382.0,Very Poor
250779,DL005,2018-11-30 04:00:00,313.75,439.75,21.6,40.5,39.15,65.4,1.9,16.15,2.95,,,,384.0,Very Poor
250780,DL005,2018-11-30 05:00:00,314.25,438.75,14.85,37.98,32.3,61.27,2.07,16.05,3.18,,,,386.0,Very Poor
250781,DL005,2018-11-30 06:00:00,306.25,420.5,19.7,35.13,34.75,58.42,1.85,20.28,2.82,,,,385.0,Very Poor
250782,DL005,2018-11-30 07:00:00,293.0,395.0,22.88,37.18,38.45,58.9,1.87,20.27,2.25,,,,383.0,Very Poor
250783,DL005,2018-11-30 08:00:00,275.75,395.0,28.95,40.45,45.12,59.65,1.97,26.12,3.0,,,,386.0,Very Poor
250784,DL005,2018-11-30 09:00:00,278.25,403.5,24.97,54.85,49.5,65.9,1.92,17.5,3.55,,,,388.0,Very Poor
250785,DL005,2018-11-30 10:00:00,302.25,438.25,12.0,38.17,30.1,68.12,1.68,21.9,8.52,,,,392.0,Very Poor
250786,DL005,2018-11-30 11:00:00,278.25,438.75,5.12,30.25,20.28,62.6,1.42,31.02,22.77,,,,395.0,Very Poor
250787,DL005,2018-11-30 12:00:00,227.75,344.0,2.32,22.62,13.92,59.23,1.25,30.9,50.75,,,,398.0,Very Poor
250788,DL005,2018-11-30 13:00:00,177.0,292.75,1.23,16.5,9.8,54.15,1.25,27.57,74.27,,,,400.0,Very Poor
250789,DL005,2018-11-30 14:00:00,125.0,241.0,0.63,13.12,7.55,49.27,0.95,21.22,85.43,,,,401.0,Severe
250790,DL005,2018-11-30 15:00:00,91.25,189.0,0.43,11.08,6.22,45.25,0.9,20.35,93.07,,,,401.0,Severe
250791,DL005,2018-11-30 16:00:00,84.25,174.25,0.65,13.35,7.65,45.23,0.9,19.5,94.73,,,,401.0,Severe
250792,DL005,2018-11-30 17:00:00,97.5,198.75,0.83,27.05,15.05,48.92,0.97,17.95,63.8,,,,401.0,Severe
250793,DL005,2018-11-30 18:00:00,104.0,219.5,2.62,55.48,31.7,50.68,1.28,16.65,26.93,,,,400.0,Very Poor
250794,DL005,2018-11-30 19:00:00,136.25,277.5,69.7,81.85,100.25,56.45,2.35,14.65,4.0,,,,399.0,Very Poor
250795,DL005,2018-11-30 20:00:00,210.75,497.25,150.65,81.1,166.62,63.75,3.6,16.75,4.1,,,,397.0,Very Poor
250796,DL005,2018-11-30 21:00:00,264.5,653.25,72.67,70.25,96.8,54.15,2.45,19.08,3.97,,,,396.0,Very Poor
250797,DL005,2018-11-30 22:00:00,230.5,441.75,91.95,55.32,104.48,52.67,2.55,14.97,3.95,,,,393.0,Very Poor
250798,DL005,2018-11-30 23:00:00,268.75,513.25,96.73,55.6,108.2,60.75,2.55,17.85,3.65,,,,390.0,Very Poor
250799,DL005,2018-12-01 00:00:00,290.25,559.5,27.0,58.07,52.95,58.12,1.85,16.07,3.9,,,,388.0,Very Poor
250800,DL005,2018-12-01 01:00:00,261.25,462.5,7.45,51.72,33.57,55.97,1.63,16.25,4.47,,,,386.0,Very Poor
250801,DL005,2018-12-01 02:00:00,242.75,390.25,6.65,47.5,30.72,57.58,1.55,15.1,7.1,,,,384.0,Very Poor
250802,DL005,2018-12-01 03:00:00,239.5,331.25,3.1,37.4,22.5,54.3,,17.1,7.53,,,,381.0,Very Poor
250803,DL005,2018-12-01 04:00:00,241.75,331.0,4.6,38.35,24.15,52.75,1.4,16.82,6.37,,,,379.0,Very Poor
250804,DL005,2018-12-01 05:00:00,241.25,327.0,7.77,37.75,26.4,53.72,1.53,17.72,4.18,,,,377.0,Very Poor
250805,DL005,2018-12-01 06:00:00,237.75,333.25,14.9,41.68,31.3,54.25,1.42,18.13,2.55,,,,374.0,Very Poor
250806,DL005,2018-12-01 07:00:00,247.25,357.75,19.43,41.22,38.35,52.32,1.42,19.75,2.32,,,,373.0,Very Poor
250807,DL005,2018-12-01 08:00:00,232.0,345.75,22.22,40.9,39.85,51.4,1.47,22.38,2.8,,,,371.0,Very Poor
250808,DL005,2018-12-01 09:00:00,239.0,351.0,16.67,41.9,35.85,55.45,1.4,17.7,4.68,,,,370.0,Very Poor
250809,DL005,2018-12-01 10:00:00,252.25,369.5,6.23,31.0,21.58,54.45,1.35,21.33,13.77,,,,369.0,Very Poor
250810,DL005,2018-12-01 11:00:00,193.25,305.5,3.05,23.4,14.98,52.38,1.18,25.0,32.48,,,,366.0,Very Poor
250811,DL005,2018-12-01 12:00:00,156.5,259.25,0.58,15.73,8.85,50.07,0.95,23.68,54.05,,,,364.0,Very Poor
250812,DL005,2018-12-01 13:00:00,114.5,213.5,0.9,12.88,7.57,45.5,0.9,23.62,78.7,,,,362.0,Very Poor
250813,DL005,2018-12-01 14:00:00,77.75,172.75,0.63,9.03,5.35,40.4,0.72,25.23,95.97,,,,360.0,Very Poor
250814,DL005,2018-12-01 15:00:00,59.0,144.5,0.45,8.7,5.0,37.78,0.7,24.35,102.95,,,,359.0,Very Poor
250815,DL005,2018-12-01 16:00:00,50.5,139.0,0.48,11.0,6.27,36.18,0.72,25.78,102.35,,,,358.0,Very Poor
250816,DL005,2018-12-01 17:00:00,59.25,136.25,0.83,22.17,12.45,37.9,0.83,23.02,75.75,,,,357.0,Very Poor
250817,DL005,2018-12-01 18:00:00,88.25,179.75,3.05,66.32,37.95,40.75,1.27,20.05,20.13,,,,356.0,Very Poor
250818,DL005,2018-12-01 19:00:00,124.75,259.0,24.65,80.45,62.88,46.83,1.85,17.95,5.63,,,,356.0,Very Poor
250819,DL005,2018-12-01 20:00:00,199.0,385.0,53.1,78.78,84.45,56.98,2.73,17.98,5.25,,,,355.0,Very Poor
250820,DL005,2018-12-01 21:00:00,297.25,497.0,70.43,64.27,91.57,62.13,3.57,19.35,4.27,,,,357.0,Very Poor
250821,DL005,2018-12-01 22:00:00,334.0,586.75,68.3,56.32,85.62,56.75,3.87,17.33,5.05,,130.3,,360.0,Very Poor
250822,DL005,2018-12-01 23:00:00,377.25,665.25,72.12,48.53,84.42,61.43,4.0,20.52,5.65,,194.9,,363.0,Very Poor
250823,DL005,2018-12-02 00:00:00,382.5,653.25,117.75,45.88,120.28,56.07,3.8,21.02,6.18,,200.5,,366.0,Very Poor
250824,DL005,2018-12-02 01:00:00,328.0,541.25,95.45,48.7,103.7,54.32,3.13,20.32,6.2,,174.28,,368.0,Very Poor
250825,DL005,2018-12-02 02:00:00,304.25,499.5,82.25,48.03,92.35,52.9,2.65,18.2,6.75,,136.72,,370.0,Very Poor
250826,DL005,2018-12-02 03:00:00,250.25,437.75,72.6,53.1,87.4,50.2,,16.3,3.75,,117.67,,371.0,Very Poor
250827,DL005,2018-12-02 04:00:00,165.5,354.25,66.6,57.42,84.82,48.97,2.18,16.1,3.6,,,,368.0,Very Poor
250828,DL005,2018-12-02 05:00:00,166.5,419.75,49.62,45.9,64.85,55.5,2.07,15.85,4.43,,122.3,,366.0,Very Poor
250829,DL005,2018-12-02 06:00:00,180.0,463.75,54.23,35.58,63.13,54.15,2.07,18.62,4.73,,,,364.0,Very Poor
250830,DL005,2018-12-02 07:00:00,174.25,457.25,65.4,30.5,69.48,53.6,2.65,20.15,6.05,,104.27,,362.0,Very Poor
250831,DL005,2018-12-02 08:00:00,191.25,517.75,74.78,43.93,84.3,59.7,2.92,22.93,6.83,,132.72,,360.0,Very Poor
250832,DL005,2018-12-02 09:00:00,212.5,583.5,61.53,80.65,93.1,63.47,2.7,27.95,7.23,,122.5,,360.0,Very Poor
250833,DL005,2018-12-02 10:00:00,194.0,515.25,16.05,61.55,45.83,52.9,1.8,32.85,9.45,,,,358.0,Very Poor
250834,DL005,2018-12-02 11:00:00,129.5,324.25,7.67,28.8,21.6,49.8,1.2,34.93,25.62,,,,356.0,Very Poor
250835,DL005,2018-12-02 12:00:00,85.5,209.25,3.4,17.55,12.12,48.98,0.97,32.68,56.95,,,,353.0,Very Poor
250836,DL005,2018-12-02 13:00:00,73.5,179.5,1.92,15.32,10.08,49.07,1.03,29.83,83.8,,,,352.0,Very Poor
250837,DL005,2018-12-02 14:00:00,66.5,157.25,1.0,11.15,6.75,44.25,0.9,30.0,113.77,,,,352.0,Very Poor
250838,DL005,2018-12-02 15:00:00,57.0,139.25,0.35,8.15,4.62,39.9,0.72,23.97,124.12,,,,352.0,Very Poor
250839,DL005,2018-12-02 16:00:00,52.0,113.5,0.6,7.25,4.35,37.0,0.75,22.07,119.33,,,,352.0,Very Poor
250840,DL005,2018-12-02 17:00:00,55.5,126.0,0.7,26.7,14.8,38.22,0.83,21.67,91.7,,,,352.0,Very Poor
250841,DL005,2018-12-02 18:00:00,73.25,195.0,15.53,74.0,52.23,42.65,1.6,19.95,26.45,,,,351.0,Very Poor
250842,DL005,2018-12-02 19:00:00,146.0,474.0,99.6,101.1,135.52,53.22,3.43,18.65,4.38,,,,357.0,Very Poor
250843,DL005,2018-12-02 20:00:00,227.75,754.5,76.73,96.98,114.18,54.43,3.6,19.57,6.15,,122.5,,376.0,Very Poor
250844,DL005,2018-12-02 21:00:00,260.5,812.25,76.65,86.4,108.45,61.6,4.17,20.5,6.55,,,,393.0,Very Poor
250845,DL005,2018-12-02 22:00:00,283.75,891.0,173.53,72.67,180.05,68.3,5.75,22.28,8.55,,,,409.0,Severe
250846,DL005,2018-12-02 23:00:00,300.25,711.0,197.0,69.4,197.35,60.52,4.27,25.1,6.45,,445.9,,411.0,Severe
250847,DL005,2018-12-03 00:00:00,208.25,620.75,53.15,54.25,72.2,51.12,2.0,22.88,4.02,,206.8,,409.0,Severe
250848,DL005,2018-12-03 01:00:00,126.5,342.5,22.33,55.25,47.6,51.12,1.63,19.78,3.68,,100.2,,399.0,Very Poor
250849,DL005,2018-12-03 02:00:00,125.5,334.75,33.93,49.68,54.05,55.93,1.97,15.15,8.8,,133.82,,390.0,Very Poor
250850,DL005,2018-12-03 03:00:00,138.5,377.5,25.6,51.6,48.4,53.7,,13.2,4.62,,135.15,,387.0,Very Poor
250851,DL005,2018-12-03 04:00:00,141.75,368.5,37.15,46.62,55.07,53.77,1.9,14.32,3.93,,108.7,,388.0,Very Poor
250852,DL005,2018-12-03 05:00:00,131.5,361.75,71.78,35.93,77.57,53.4,2.07,15.12,3.92,,,,385.0,Very Poor
250853,DL005,2018-12-03 06:00:00,140.0,384.75,72.98,40.85,81.25,52.47,2.1,12.25,4.3,,109.33,,381.0,Very Poor
250854,DL005,2018-12-03 07:00:00,144.0,394.75,53.88,42.95,66.68,54.63,1.97,17.53,3.67,,,,378.0,Very Poor
250855,DL005,2018-12-03 08:00:00,153.25,423.5,124.15,43.73,124.7,54.8,2.48,19.5,5.08,,,,373.0,Very Poor
250856,DL005,2018-12-03 09:00:00,173.25,496.75,99.23,63.7,114.82,60.83,2.32,19.92,5.05,,,,368.0,Very Poor
250857,DL005,2018-12-03 10:00:00,173.25,489.5,24.15,57.57,50.32,68.48,1.92,26.05,6.02,,,,367.0,Very Poor
250858,DL005,2018-12-03 11:00:00,150.5,410.5,11.12,38.85,29.75,66.25,1.55,35.25,15.73,,,,371.0,Very Poor
250859,DL005,2018-12-03 12:00:00,115.0,309.5,5.7,36.95,24.32,66.35,1.43,31.9,42.35,,,,376.0,Very Poor
250860,DL005,2018-12-03 13:00:00,104.0,281.0,3.17,20.03,13.28,60.8,1.18,26.5,76.83,,,,382.0,Very Poor
250861,DL005,2018-12-03 14:00:00,79.75,220.5,1.6,12.52,7.95,53.25,1.05,23.45,106.38,,,,385.0,Very Poor
250862,DL005,2018-12-03 15:00:00,76.0,195.5,0.55,8.25,4.85,47.05,0.95,24.15,112.7,,,,388.0,Very Poor
250863,DL005,2018-12-03 16:00:00,69.5,183.5,0.6,7.7,4.6,43.12,0.8,20.12,114.72,,130.8,,392.0,Very Poor
250864,DL005,2018-12-03 17:00:00,79.25,212.75,0.55,13.88,7.85,44.05,0.9,20.43,82.4,,159.88,,396.0,Very Poor
250865,DL005,2018-12-03 18:00:00,96.25,300.5,2.13,60.05,33.72,49.35,1.4,20.45,28.1,,376.3,,402.0,Severe
250866,DL005,2018-12-03 19:00:00,135.25,441.25,79.38,90.42,112.65,57.28,2.75,18.57,4.1,,393.15,,400.0,Very Poor
250867,DL005,2018-12-03 20:00:00,184.0,595.75,111.75,83.18,135.78,71.17,4.28,17.6,4.35,,272.45,,392.0,Very Poor
250868,DL005,2018-12-03 21:00:00,235.75,801.25,135.05,75.98,150.65,67.77,3.92,19.2,4.27,,327.43,,391.0,Very Poor
250869,DL005,2018-12-03 22:00:00,188.25,587.75,166.12,62.55,168.73,66.02,4.35,18.6,5.15,,207.9,,375.0,Very Poor
250870,DL005,2018-12-03 23:00:00,216.0,663.75,147.53,59.5,152.52,61.4,2.88,21.58,3.9,,155.03,,373.0,Very Poor
250871,DL005,2018-12-04 00:00:00,172.5,503.5,139.3,47.57,139.12,55.35,2.35,24.05,3.05,,,,367.0,Very Poor
250872,DL005,2018-12-04 01:00:00,145.5,422.0,61.12,49.6,76.4,56.95,1.57,25.35,3.07,,,,371.0,Very Poor
250873,DL005,2018-12-04 02:00:00,135.0,379.25,40.85,45.85,57.65,60.07,1.47,16.95,5.35,,121.07,,373.0,Very Poor
250874,DL005,2018-12-04 03:00:00,144.5,397.25,56.4,39.3,67.1,61.4,,15.2,3.27,,,,374.0,Very Poor
250875,DL005,2018-12-04 04:00:00,146.0,377.0,55.3,39.68,66.2,60.9,2.57,14.97,4.85,,181.65,,375.0,Very Poor
250876,DL005,2018-12-04 05:00:00,157.0,453.0,63.98,29.0,67.6,62.25,2.02,15.67,4.5,,168.9,,379.0,Very Poor
250877,DL005,2018-12-04 06:00:00,163.0,488.0,56.5,26.22,60.02,59.25,2.02,13.12,4.6,,139.25,,385.0,Very Poor
250878,DL005,2018-12-04 07:00:00,166.0,470.0,67.9,29.57,70.9,52.87,2.22,17.95,4.77,,103.5,,389.0,Very Poor
250879,DL005,2018-12-04 08:00:00,157.0,437.0,94.75,33.6,95.23,59.55,2.9,20.0,5.35,,107.05,,389.0,Very Poor
250880,DL005,2018-12-04 09:00:00,199.0,608.0,140.68,81.17,157.8,74.55,3.67,24.17,6.65,,135.15,,395.0,Very Poor
250881,DL005,2018-12-04 10:00:00,274.0,856.0,52.77,109.62,101.22,94.12,3.02,27.27,5.75,,237.88,,414.0,Severe
250882,DL005,2018-12-04 11:00:00,252.0,731.0,13.45,73.85,50.25,80.83,2.03,39.8,21.85,,131.62,,431.0,Severe
250883,DL005,2018-12-04 12:00:00,179.0,481.0,6.05,34.43,23.28,68.0,1.3,38.0,43.0,,,,440.0,Severe
250884,DL005,2018-12-04 13:00:00,102.0,279.0,3.7,24.33,15.95,67.6,1.1,31.15,68.1,,,,440.0,Severe
250885,DL005,2018-12-04 14:00:00,81.0,222.0,1.6,11.0,7.18,56.07,0.95,26.65,84.52,,,,440.0,Severe
250886,DL005,2018-12-04 15:00:00,64.0,167.0,0.45,8.03,4.65,53.7,0.83,25.23,101.52,,,,438.0,Severe
250887,DL005,2018-12-04 16:00:00,63.0,166.0,0.38,8.75,4.93,51.55,0.8,22.62,98.15,,,,438.0,Severe
250888,DL005,2018-12-04 17:00:00,58.0,153.0,0.62,23.5,13.0,48.45,0.88,20.7,60.05,,,,434.0,Severe
250889,DL005,2018-12-04 18:00:00,57.0,173.0,9.65,59.0,39.23,54.02,1.38,19.3,17.65,,,,428.0,Severe
250890,DL005,2018-12-04 19:00:00,95.0,323.0,32.83,73.62,65.83,62.8,2.07,15.8,3.35,,,,422.0,Severe
250891,DL005,2018-12-04 20:00:00,130.0,432.0,90.23,76.6,114.62,61.43,2.98,15.78,3.42,,,,413.0,Severe
250892,DL005,2018-12-04 21:00:00,138.0,475.0,105.85,69.03,123.23,66.68,3.38,17.38,2.95,,121.43,,396.0,Very Poor
250893,DL005,2018-12-04 22:00:00,153.0,516.0,90.43,55.25,103.03,59.25,3.23,17.88,4.47,,,,392.0,Very Poor
250894,DL005,2018-12-04 23:00:00,141.0,459.0,76.52,49.3,88.35,58.3,2.6,18.2,2.68,,,,382.0,Very Poor
250895,DL005,2018-12-05 00:00:00,127.0,430.0,148.58,43.57,144.62,56.43,3.0,20.75,3.02,,,,378.0,Very Poor
250896,DL005,2018-12-05 01:00:00,151.0,448.75,61.27,43.95,73.35,59.4,2.02,20.6,2.5,,,,379.0,Very Poor
250897,DL005,2018-12-05 02:00:00,121.0,396.5,31.0,40.27,46.67,59.78,1.87,15.98,3.8,,,,380.0,Very Poor
250898,DL005,2018-12-05 03:00:00,156.0,472.5,13.3,35.3,29.6,57.7,,14.1,2.55,,,,384.0,Very Poor
250899,DL005,2018-12-05 04:00:00,128.0,379.75,16.88,31.9,30.72,59.75,1.6,15.13,2.6,,,,384.0,Very Poor
250900,DL005,2018-12-05 05:00:00,124.0,383.25,17.07,34.75,32.37,60.6,1.7,15.32,3.23,,,,381.0,Very Poor
250901,DL005,2018-12-05 06:00:00,139.0,414.75,61.82,33.83,68.4,62.77,1.97,17.62,1.95,,151.55,,377.0,Very Poor
250902,DL005,2018-12-05 07:00:00,145.0,455.5,57.22,40.95,68.42,74.22,2.07,19.13,3.0,,120.05,,376.0,Very Poor
250903,DL005,2018-12-05 08:00:00,149.0,490.0,104.65,36.75,104.83,68.93,2.33,23.72,2.85,,104.0,,379.0,Very Poor
250904,DL005,2018-12-05 09:00:00,177.0,558.0,47.05,66.47,73.55,70.85,2.15,29.28,3.7,,,,376.0,Very Poor
250905,DL005,2018-12-05 10:00:00,156.0,504.0,15.33,53.9,41.22,76.77,2.0,33.15,5.2,,,,358.0,Very Poor
250906,DL005,2018-12-05 11:00:00,162.0,484.25,8.02,35.78,25.55,69.12,1.55,41.78,15.0,,,,345.0,Very Poor
250907,DL005,2018-12-05 12:00:00,118.0,362.5,4.83,28.65,19.17,68.72,1.4,38.9,37.5,,,,339.0,Very Poor
250908,DL005,2018-12-05 13:00:00,114.0,310.75,2.45,16.05,10.52,65.42,1.08,34.4,65.02,,,,340.0,Very Poor
250909,DL005,2018-12-05 14:00:00,81.0,218.5,1.13,8.95,5.68,57.33,1.08,28.88,83.45,,,,340.0,Very Poor
250910,DL005,2018-12-05 15:00:00,62.0,177.75,0.35,6.43,3.67,48.75,0.92,21.15,92.5,,,,341.0,Very Poor
250911,DL005,2018-12-05 16:00:00,58.0,177.0,0.53,8.08,4.75,47.63,0.8,20.62,99.07,,,,341.0,Very Poor
250912,DL005,2018-12-05 17:00:00,61.0,189.0,0.83,18.75,10.68,45.05,0.9,19.05,72.25,,101.7,,343.0,Very Poor
250913,DL005,2018-12-05 18:00:00,55.0,200.0,15.75,76.85,53.78,51.25,1.65,18.0,12.27,,,,345.0,Very Poor
250914,DL005,2018-12-05 19:00:00,96.0,376.5,18.05,80.72,57.7,61.2,1.93,14.98,3.2,,,,347.0,Very Poor
250915,DL005,2018-12-05 20:00:00,124.0,459.0,56.55,75.18,85.9,57.52,2.82,14.45,2.97,,,,349.0,Very Poor
250916,DL005,2018-12-05 21:00:00,129.0,462.0,142.32,69.83,153.88,69.93,5.08,17.8,5.22,,240.33,,348.0,Very Poor
250917,DL005,2018-12-05 22:00:00,210.0,790.0,143.92,61.95,150.68,75.4,5.65,19.12,6.72,,398.35,,362.0,Very Poor
250918,DL005,2018-12-05 23:00:00,223.0,807.0,165.7,50.5,161.88,70.95,7.15,18.15,7.23,,328.35,,381.0,Very Poor
250919,DL005,2018-12-06 00:00:00,229.0,848.0,207.85,46.9,193.98,66.15,5.73,21.1,7.02,,326.25,,402.0,Severe
250920,DL005,2018-12-06 01:00:00,207.0,720.0,116.52,43.9,118.6,58.12,2.87,22.93,6.15,,222.5,,416.0,Severe
250921,DL005,2018-12-06 02:00:00,202.0,724.0,72.45,32.35,76.25,59.6,2.6,19.97,7.2,,184.15,,434.0,Severe
250922,DL005,2018-12-06 03:00:00,155.0,509.0,116.8,34.4,113.6,64.9,,14.7,5.88,,276.82,,435.0,Severe
250923,DL005,2018-12-06 04:00:00,152.0,533.0,83.08,39.6,88.77,57.53,3.15,15.17,5.57,,329.12,,443.0,Severe
250924,DL005,2018-12-06 05:00:00,125.0,412.0,85.7,37.38,89.78,57.1,3.02,16.1,16.28,,329.53,,445.0,Severe
250925,DL005,2018-12-06 06:00:00,134.0,433.0,139.02,25.58,125.75,52.48,2.7,16.87,17.6,,279.85,,446.0,Severe
250926,DL005,2018-12-06 07:00:00,130.0,401.0,142.83,28.53,131.6,53.15,2.7,17.55,17.2,,244.32,,443.0,Severe
250927,DL005,2018-12-06 08:00:00,140.0,449.0,136.15,36.27,130.32,62.9,3.82,19.3,95.15,,237.52,,441.0,Severe
250928,DL005,2018-12-06 09:00:00,200.0,687.0,90.32,82.35,117.27,62.75,2.62,18.72,105.7,,219.33,,448.0,Severe
250929,DL005,2018-12-06 10:00:00,169.0,545.0,54.2,116.0,105.95,73.12,2.8,19.58,42.53,,124.83,,450.0,Severe
250930,DL005,2018-12-06 11:00:00,169.0,582.0,13.7,55.07,40.45,69.17,2.03,25.4,12.82,,110.4,,455.0,Severe
250931,DL005,2018-12-06 12:00:00,130.0,422.0,7.5,33.2,23.77,75.82,1.63,27.65,40.25,,,,458.0,Severe
250932,DL005,2018-12-06 13:00:00,106.0,321.0,4.92,36.1,23.25,79.5,1.53,24.75,69.32,,,,458.0,Severe
250933,DL005,2018-12-06 14:00:00,95.0,299.0,2.77,34.12,20.38,78.95,1.68,22.72,98.25,,,,463.0,Severe
250934,DL005,2018-12-06 15:00:00,92.0,293.0,1.5,16.55,10.02,64.55,1.18,24.27,99.77,,,,469.0,Severe
250935,DL005,2018-12-06 16:00:00,80.0,215.0,1.05,10.4,6.4,56.95,0.92,22.1,89.03,,118.1,,471.0,Severe
250936,DL005,2018-12-06 17:00:00,64.0,199.0,0.72,16.57,9.38,52.15,0.92,22.42,62.55,,,,471.0,Severe
250937,DL005,2018-12-06 18:00:00,73.0,227.0,1.72,52.73,29.4,54.15,1.28,18.7,16.75,,107.4,,473.0,Severe
250938,DL005,2018-12-06 19:00:00,103.0,371.0,11.98,78.58,51.55,64.18,1.9,16.17,3.68,,115.3,,472.0,Severe
250939,DL005,2018-12-06 20:00:00,134.0,527.0,19.32,70.45,53.17,66.1,2.02,15.88,3.93,,304.48,,476.0,Severe
250940,DL005,2018-12-06 21:00:00,118.0,407.0,24.3,62.83,53.18,67.7,2.05,15.8,3.88,,115.2,,473.0,Severe
250941,DL005,2018-12-06 22:00:00,122.0,409.0,24.68,59.08,51.48,64.8,2.25,16.3,3.65,,118.15,,453.0,Severe
250942,DL005,2018-12-06 23:00:00,122.0,393.0,40.28,53.62,61.35,60.18,2.22,14.57,4.17,,103.7,,432.0,Severe
250943,DL005,2018-12-07 00:00:00,141.0,466.0,15.08,46.9,37.27,57.6,1.58,15.35,3.9,,,,412.0,Severe
250944,DL005,2018-12-07 01:00:00,100.0,318.0,17.57,44.05,37.83,55.62,1.58,16.1,8.43,,,,391.0,Very Poor
250945,DL005,2018-12-07 02:00:00,114.0,360.0,3.8,29.13,18.57,59.85,1.18,19.03,23.5,,167.35,,372.0,Very Poor
250946,DL005,2018-12-07 03:00:00,105.0,335.0,2.2,22.9,14.0,58.9,,11.2,16.67,,110.77,,363.0,Very Poor
250947,DL005,2018-12-07 04:00:00,99.0,287.0,7.03,31.12,22.25,58.08,1.2,13.75,2.8,,111.3,,350.0,Very Poor
250948,DL005,2018-12-07 05:00:00,94.0,282.0,14.95,26.5,26.27,60.5,1.35,13.6,2.38,,,,343.0,Very Poor
250949,DL005,2018-12-07 06:00:00,97.0,318.0,25.02,27.3,35.23,57.95,1.58,15.03,3.38,,,,337.0,Very Poor
250950,DL005,2018-12-07 07:00:00,112.0,348.0,40.22,25.4,46.32,58.65,1.65,14.3,2.98,,,,334.0,Very Poor
250951,DL005,2018-12-07 08:00:00,122.0,437.0,50.77,27.3,55.93,64.95,2.0,16.83,3.55,,,,334.0,Very Poor
250952,DL005,2018-12-07 09:00:00,144.0,515.0,37.62,45.88,55.05,71.27,1.75,19.3,3.15,,,,325.0,Very Poor
250953,DL005,2018-12-07 10:00:00,139.0,480.0,17.35,44.8,38.03,75.3,1.8,22.82,6.2,,,,321.0,Very Poor
250954,DL005,2018-12-07 11:00:00,134.0,462.5,5.62,28.88,19.98,71.3,1.58,23.38,18.2,,,,315.0,Very Poor
250955,DL005,2018-12-07 12:00:00,129.0,407.0,3.9,25.0,16.5,68.25,1.2,26.0,55.15,,134.75,,314.0,Very Poor
250956,DL005,2018-12-07 13:00:00,101.0,299.75,1.15,20.1,11.6,61.65,1.0,20.45,69.7,,,,313.0,Very Poor
250957,DL005,2018-12-07 14:00:00,96.0,254.0,0.62,18.07,10.18,62.05,1.1,21.25,83.6,,,,311.0,Very Poor
250958,DL005,2018-12-07 15:00:00,63.0,229.0,1.05,13.73,8.15,56.55,1.03,19.0,94.67,,,,308.0,Very Poor
250959,DL005,2018-12-07 16:00:00,69.0,224.25,0.73,12.75,7.4,52.05,0.83,18.7,92.42,,127.65,,308.0,Very Poor
250960,DL005,2018-12-07 17:00:00,67.0,219.0,0.65,24.2,13.37,49.88,0.9,18.05,71.0,,,,309.0,Very Poor
250961,DL005,2018-12-07 18:00:00,69.0,267.25,1.1,58.98,32.25,49.58,1.2,17.35,25.35,,209.03,,311.0,Very Poor
250962,DL005,2018-12-07 19:00:00,83.0,339.75,19.4,80.42,58.75,58.48,1.72,14.18,7.4,,,,310.0,Very Poor
250963,DL005,2018-12-07 20:00:00,94.0,420.25,101.4,74.95,122.43,64.15,3.15,13.32,5.5,,,,304.0,Very Poor
250964,DL005,2018-12-07 21:00:00,145.0,582.75,85.65,72.5,108.48,73.52,3.1,15.15,4.58,,114.9,,313.0,Very Poor
250965,DL005,2018-12-07 22:00:00,144.0,520.0,22.05,65.3,52.7,60.4,2.05,13.57,3.5,,121.8,,319.0,Very Poor
250966,DL005,2018-12-07 23:00:00,102.0,330.75,15.3,56.05,42.2,55.72,1.85,14.12,4.55,,,,316.0,Very Poor
250967,DL005,2018-12-08 00:00:00,94.0,333.75,12.15,50.5,36.8,56.35,1.63,17.87,5.0,,,,309.0,Very Poor
250968,DL005,2018-12-08 01:00:00,100.0,372.0,7.48,55.15,35.92,53.1,1.5,19.0,4.25,,,,312.0,Very Poor
250969,DL005,2018-12-08 02:00:00,130.0,432.0,3.67,44.53,26.68,56.78,1.35,20.28,7.65,,134.5,,315.0,Very Poor
250970,DL005,2018-12-08 03:00:00,95.0,343.5,40.6,34.7,51.6,56.1,,14.6,3.08,,,,316.0,Very Poor
250971,DL005,2018-12-08 04:00:00,110.0,346.25,33.9,35.95,47.02,60.03,1.53,13.38,2.57,,,,319.0,Very Poor
250972,DL005,2018-12-08 05:00:00,113.0,386.0,66.9,41.57,76.57,62.63,1.87,13.88,3.18,,102.5,,324.0,Very Poor
250973,DL005,2018-12-08 06:00:00,136.0,462.5,82.92,38.98,88.38,67.15,2.05,15.0,3.12,,105.1,,332.0,Very Poor
250974,DL005,2018-12-08 07:00:00,130.0,466.5,85.3,39.97,90.65,66.25,2.05,18.05,3.9,,,,338.0,Very Poor
250975,DL005,2018-12-08 08:00:00,146.0,519.0,83.85,41.18,90.25,73.93,2.12,18.0,4.15,,,,342.0,Very Poor
250976,DL005,2018-12-08 09:00:00,149.0,552.0,75.47,67.03,97.1,73.85,2.27,23.67,4.53,,,,344.0,Very Poor
250977,DL005,2018-12-08 10:00:00,157.0,572.0,21.97,74.6,57.62,84.02,1.93,24.03,7.42,,,,349.0,Very Poor
250978,DL005,2018-12-08 11:00:00,155.0,532.0,10.78,42.68,31.45,73.65,1.53,24.6,17.28,,,,353.0,Very Poor
250979,DL005,2018-12-08 12:00:00,122.0,415.0,4.92,25.43,17.5,66.3,1.12,28.3,47.72,,,,353.0,Very Poor
250980,DL005,2018-12-08 13:00:00,85.0,260.0,2.33,15.3,10.03,62.82,1.0,24.32,81.85,,,,351.0,Very Poor
250981,DL005,2018-12-08 14:00:00,64.0,207.0,1.1,15.25,9.0,62.0,1.07,23.97,104.6,,,,349.0,Very Poor
250982,DL005,2018-12-08 15:00:00,67.0,216.0,0.8,13.95,8.05,55.5,1.05,25.45,114.45,,,,348.0,Very Poor
250983,DL005,2018-12-08 16:00:00,66.0,188.0,0.38,10.9,6.1,50.6,0.92,25.32,114.67,,,,346.0,Very Poor
250984,DL005,2018-12-08 17:00:00,61.0,204.0,0.55,11.33,6.48,47.15,0.87,22.35,91.0,,,,345.0,Very Poor
250985,DL005,2018-12-08 18:00:00,69.0,239.0,1.5,45.68,25.53,54.25,1.45,20.45,31.17,,167.1,,344.0,Very Poor
250986,DL005,2018-12-08 19:00:00,123.0,565.0,9.4,82.35,51.48,62.28,2.55,16.95,4.45,,192.38,,355.0,Very Poor
250987,DL005,2018-12-08 20:00:00,157.0,713.0,23.25,73.67,58.1,67.53,3.53,14.85,5.45,,118.2,,371.0,Very Poor
250988,DL005,2018-12-08 21:00:00,164.0,704.0,54.6,75.05,84.38,74.7,4.42,16.25,6.9,,111.83,,377.0,Very Poor
250989,DL005,2018-12-08 22:00:00,207.0,845.0,31.72,63.3,59.6,67.18,3.0,15.77,5.12,,,,394.0,Very Poor
250990,DL005,2018-12-08 23:00:00,146.0,574.0,54.82,59.0,76.08,60.23,3.25,17.18,5.72,,129.37,,407.0,Severe
250991,DL005,2018-12-09 00:00:00,153.0,570.0,46.1,55.98,67.35,55.65,2.3,20.53,4.95,,150.7,,419.0,Severe
250992,DL005,2018-12-09 01:00:00,127.0,445.0,,51.6,59.2,58.32,2.12,22.83,5.45,,161.78,,423.0,Severe
250993,DL005,2018-12-09 02:00:00,125.0,453.0,,,,53.98,2.07,26.53,8.2,,156.17,,424.0,Severe
250994,DL005,2018-12-09 03:00:00,119.0,427.0,,,,56.2,,17.3,5.02,,228.58,,428.0,Severe
250995,DL005,2018-12-09 04:00:00,134.0,493.0,,,,55.1,2.22,16.03,3.88,,197.57,,436.0,Severe
250996,DL005,2018-12-09 05:00:00,118.0,370.0,,,,56.53,2.05,16.1,3.87,,130.15,,435.0,Severe
250997,DL005,2018-12-09 06:00:00,123.0,389.0,,,,60.05,1.97,16.78,4.52,,109.23,,431.0,Severe
250998,DL005,2018-12-09 07:00:00,124.0,415.0,,,,53.95,1.95,17.1,4.98,,107.2,,428.0,Severe
250999,DL005,2018-12-09 08:00:00,116.0,395.0,,,,62.25,2.45,23.3,5.65,,108.95,,422.0,Severe
251000,DL005,2018-12-09 09:00:00,158.0,605.0,76.68,78.93,104.25,74.75,2.52,17.77,5.62,,118.73,,425.0,Severe
251001,DL005,2018-12-09 10:00:00,164.0,632.0,34.2,109.4,86.1,77.1,2.8,23.88,7.23,,105.03,,428.0,Severe
251002,DL005,2018-12-09 11:00:00,173.0,677.0,10.27,61.75,41.08,76.9,1.85,31.32,17.03,,108.78,,435.0,Severe
251003,DL005,2018-12-09 12:00:00,146.0,499.0,4.43,31.7,20.45,76.45,1.57,32.95,50.3,,,,440.0,Severe
251004,DL005,2018-12-09 13:00:00,101.0,338.0,2.23,19.53,12.2,75.1,1.25,26.2,69.12,,,,444.0,Severe
251005,DL005,2018-12-09 14:00:00,69.75,239.25,1.15,14.12,8.45,72.2,1.05,23.95,89.6,,,,446.0,Severe
251006,DL005,2018-12-09 15:00:00,68.5,221.5,1.0,12.53,7.47,63.62,1.1,33.95,111.58,,,,446.0,Severe
251007,DL005,2018-12-09 16:00:00,69.75,237.5,0.5,12.7,7.2,59.3,0.95,38.05,118.05,,,,448.0,Severe
251008,DL005,2018-12-09 17:00:00,80.5,277.25,1.12,16.5,9.7,57.75,1.0,35.6,83.73,,166.75,,452.0,Severe
251009,DL005,2018-12-09 18:00:00,98.25,378.25,0.85,42.25,23.12,57.58,1.43,23.25,29.68,,293.23,,460.0,Severe
251010,DL005,2018-12-09 19:00:00,138.25,597.75,2.4,82.52,45.9,70.98,2.52,19.03,11.6,,141.12,,461.0,Severe
251011,DL005,2018-12-09 20:00:00,170.0,741.5,14.12,94.8,61.93,73.15,3.17,15.47,5.57,,122.82,,463.0,Severe
251012,DL005,2018-12-09 21:00:00,185.25,780.75,29.08,81.95,67.38,74.73,4.25,14.03,6.15,,140.3,,467.0,Severe
251013,DL005,2018-12-09 22:00:00,198.25,810.5,54.23,87.95,90.93,75.43,3.6,14.5,5.62,,202.78,,465.0,Severe
251014,DL005,2018-12-09 23:00:00,191.0,733.75,29.22,79.5,66.12,64.42,2.35,15.05,4.32,,216.88,,473.0,Severe
251015,DL005,2018-12-10 00:00:00,136.75,514.5,12.9,68.65,46.9,63.77,1.8,14.62,4.38,,122.5,,470.0,Severe
251016,DL005,2018-12-10 01:00:00,128.25,476.0,16.82,65.45,48.4,63.47,1.75,17.75,4.2,,,,472.0,Severe
251017,DL005,2018-12-10 02:00:00,132.25,470.5,27.7,66.6,57.85,63.73,1.9,21.1,6.15,,,,473.0,Severe
251018,DL005,2018-12-10 03:00:00,130.5,486.25,5.2,55.1,33.5,70.3,,15.2,8.18,,,,476.0,Severe
251019,DL005,2018-12-10 04:00:00,124.75,467.25,4.48,51.72,31.15,72.2,1.7,15.08,4.22,,,,475.0,Severe
251020,DL005,2018-12-10 05:00:00,129.75,444.0,7.25,47.98,31.47,71.38,1.7,14.48,3.8,,,,478.0,Severe
251021,DL005,2018-12-10 06:00:00,130.25,448.5,15.37,44.6,36.62,68.5,1.9,14.85,4.1,,,,482.0,Severe
251022,DL005,2018-12-10 07:00:00,137.0,475.75,26.53,48.93,47.67,67.73,2.35,16.72,4.6,,,,485.0,Severe
251023,DL005,2018-12-10 08:00:00,150.5,545.25,35.5,52.53,56.88,67.9,2.65,16.75,6.28,,,,493.0,Severe
251024,DL005,2018-12-10 09:00:00,167.25,642.75,38.22,57.88,62.0,70.2,2.75,20.12,13.75,,,,495.0,Severe
251025,DL005,2018-12-10 10:00:00,182.75,705.75,28.57,78.3,64.95,75.65,2.85,26.22,21.65,,,,498.0,Severe
251026,DL005,2018-12-10 11:00:00,200.0,759.5,21.23,89.93,64.98,79.12,2.62,35.25,23.75,,,,503.0,Severe
251027,DL005,2018-12-10 12:00:00,248.0,626.5,6.27,61.3,37.78,73.48,1.63,37.52,23.88,,,,509.0,Severe
251028,DL005,2018-12-10 13:00:00,256.75,417.0,3.47,49.5,29.17,80.85,1.45,32.75,52.95,,,,513.0,Severe
251029,DL005,2018-12-10 14:00:00,280.0,438.0,2.47,44.88,25.9,86.38,1.55,29.82,77.52,,,,524.0,Severe
251030,DL005,2018-12-10 15:00:00,271.75,463.5,2.23,51.85,29.37,86.52,1.75,25.15,78.38,,,,536.0,Severe
251031,DL005,2018-12-10 16:00:00,268.5,485.5,1.52,41.95,23.57,77.83,1.5,23.35,81.8,,,,549.0,Severe
251032,DL005,2018-12-10 17:00:00,250.5,493.25,1.4,47.2,26.3,74.65,1.53,20.7,63.6,,,,561.0,Severe
251033,DL005,2018-12-10 18:00:00,259.5,556.75,1.57,52.65,29.28,74.0,1.9,17.45,31.0,,,,570.0,Severe
251034,DL005,2018-12-10 19:00:00,321.25,675.0,2.45,67.2,37.7,80.33,2.27,17.35,12.8,,238.3,,574.0,Severe
251035,DL005,2018-12-10 20:00:00,380.0,697.0,,,,83.15,2.43,14.42,5.28,,129.8,,572.0,Severe
251036,DL005,2018-12-10 21:00:00,387.25,682.25,,,,85.47,2.55,14.3,4.43,,174.25,,566.0,Severe
251037,DL005,2018-12-10 22:00:00,436.25,714.25,,,,81.12,2.62,14.52,4.15,,190.67,,561.0,Severe
251038,DL005,2018-12-10 23:00:00,358.0,630.25,,,,74.4,2.62,13.63,5.15,,165.4,,556.0,Severe
251039,DL005,2018-12-11 00:00:00,263.25,570.5,,,,67.48,2.45,15.9,5.55,,129.22,,559.0,Severe
251040,DL005,2018-12-11 01:00:00,199.25,531.75,,,,65.77,2.3,18.68,4.77,,,,562.0,Severe
251041,DL005,2018-12-11 02:00:00,174.0,506.0,,,,61.8,2.02,18.53,6.05,,,,564.0,Severe
251042,DL005,2018-12-11 03:00:00,142.5,446.75,,,,67.5,,5.8,4.53,,,,562.0,Severe
251043,DL005,2018-12-11 04:00:00,146.0,476.25,,,,69.75,2.1,5.77,5.92,,,,562.0,Severe
251044,DL005,2018-12-11 05:00:00,146.75,515.25,,,,69.65,2.35,7.0,19.02,,,,566.0,Severe
251045,DL005,2018-12-11 06:00:00,161.75,563.25,,,,71.58,2.32,7.55,11.55,,,,572.0,Severe
251046,DL005,2018-12-11 07:00:00,170.75,603.75,,,,66.83,2.4,7.83,15.28,,,,578.0,Severe
251047,DL005,2018-12-11 08:00:00,169.0,612.25,,,,66.05,2.55,15.22,14.12,,,,582.0,Severe
251048,DL005,2018-12-11 09:00:00,186.5,665.25,,,,69.8,2.65,15.08,10.85,,,,583.0,Severe
251049,DL005,2018-12-11 10:00:00,201.25,706.25,,,,75.68,2.67,23.4,23.45,,,,583.0,Severe
251050,DL005,2018-12-11 11:00:00,223.0,742.25,11.05,74.9,46.8,83.48,2.27,50.32,95.62,,114.4,,582.0,Severe
251051,DL005,2018-12-11 12:00:00,478.0,680.25,10.62,85.9,54.37,93.75,2.43,41.18,83.42,,,,585.0,Severe
251052,DL005,2018-12-11 13:00:00,467.0,686.0,5.77,80.75,47.63,94.55,2.3,29.72,91.27,,,,599.0,Severe
251053,DL005,2018-12-11 14:00:00,404.75,639.5,2.5,51.25,29.3,85.57,1.62,33.5,108.12,,,,610.0,Severe
251054,DL005,2018-12-11 15:00:00,298.75,510.0,1.45,32.8,18.63,74.55,1.38,32.55,116.12,,,,612.0,Severe
251055,DL005,2018-12-11 16:00:00,242.75,431.25,0.92,20.35,11.58,67.05,1.42,27.1,121.5,,,,609.0,Severe
251056,DL005,2018-12-11 17:00:00,236.75,441.75,1.03,26.1,14.7,67.35,1.58,20.88,83.47,,,,606.0,Severe
251057,DL005,2018-12-11 18:00:00,250.75,498.5,0.88,35.3,19.5,71.1,1.82,19.3,39.3,,,,603.0,Severe
251058,DL005,2018-12-11 19:00:00,365.5,629.75,6.93,73.73,44.93,88.4,3.03,18.35,12.53,,,,601.0,Severe
251059,DL005,2018-12-11 20:00:00,521.5,853.5,22.07,77.95,59.45,89.2,4.05,14.78,18.15,,127.25,,609.0,Severe
251060,DL005,2018-12-11 21:00:00,536.0,868.75,52.88,75.43,82.92,99.78,4.83,14.75,31.33,,140.67,,619.0,Severe
251061,DL005,2018-12-11 22:00:00,552.5,889.75,80.42,80.2,108.2,79.8,4.78,15.2,22.85,,170.92,,628.0,Severe
251062,DL005,2018-12-11 23:00:00,437.75,727.25,89.65,76.95,114.0,78.5,4.82,16.4,45.57,,170.33,,633.0,Severe
251063,DL005,2018-12-12 00:00:00,455.25,734.75,90.95,83.65,118.68,72.2,4.55,16.88,11.85,,167.78,,642.0,Severe
251064,DL005,2018-12-12 01:00:00,449.75,701.25,49.18,65.95,75.12,74.17,3.17,21.32,8.65,,184.62,,650.0,Severe
251065,DL005,2018-12-12 02:00:00,432.0,662.25,32.25,61.58,59.1,69.47,2.5,24.33,19.15,,151.05,,659.0,Severe
251066,DL005,2018-12-12 03:00:00,352.0,532.5,21.7,48.1,43.3,76.1,,16.0,3.73,,106.3,,663.0,Severe
251067,DL005,2018-12-12 04:00:00,347.0,493.25,6.82,40.4,27.08,81.27,1.92,14.6,5.75,,,,664.0,Severe
251068,DL005,2018-12-12 05:00:00,351.5,470.75,3.57,34.75,21.4,81.75,1.85,15.25,6.88,,121.4,,662.0,Severe
251069,DL005,2018-12-12 06:00:00,350.5,463.75,3.27,28.73,17.95,79.48,1.7,15.25,8.55,,130.8,,656.0,Severe
251070,DL005,2018-12-12 07:00:00,333.25,436.0,3.35,31.57,19.5,76.9,1.78,15.97,6.7,,,,648.0,Severe
251071,DL005,2018-12-12 08:00:00,333.75,440.75,4.42,26.82,17.9,69.35,2.0,14.47,5.67,,,,639.0,Severe
251072,DL005,2018-12-12 09:00:00,331.25,439.75,5.52,20.95,15.62,65.75,1.77,29.22,6.35,,,,627.0,Severe
251073,DL005,2018-12-12 10:00:00,299.0,399.75,6.38,21.83,16.8,65.75,1.8,28.6,8.78,,,,611.0,Severe
251074,DL005,2018-12-12 11:00:00,300.25,423.75,5.12,24.8,17.33,67.68,1.8,34.77,23.85,,,,595.0,Severe
251075,DL005,2018-12-12 12:00:00,305.5,451.75,4.8,39.25,24.78,76.48,2.02,35.98,54.05,,,,583.0,Severe
251076,DL005,2018-12-12 13:00:00,258.0,413.75,2.75,33.55,20.03,57.2,4.45,104.47,62.38,,,,568.0,Severe
251077,DL005,2018-12-12 14:00:00,107.75,235.25,2.05,29.1,17.12,57.38,1.0,30.03,77.33,,,,547.0,Severe
251078,DL005,2018-12-12 15:00:00,120.25,238.25,1.4,25.57,14.72,55.65,0.92,20.15,76.07,,,,533.0,Severe
251079,DL005,2018-12-12 16:00:00,103.0,203.25,1.25,27.57,15.65,48.68,0.7,17.23,66.18,,,,521.0,Severe
251080,DL005,2018-12-12 17:00:00,98.0,205.75,1.5,41.75,23.42,48.38,0.85,22.82,48.85,,,,509.0,Severe
251081,DL005,2018-12-12 18:00:00,120.5,211.5,2.58,64.58,36.48,53.35,1.05,24.78,25.67,,365.67,,494.0,Severe
251082,DL005,2018-12-12 19:00:00,162.5,301.0,7.92,81.18,49.6,59.1,1.28,23.75,7.9,,438.2,,477.0,Severe
251083,DL005,2018-12-12 20:00:00,200.25,319.5,3.92,57.28,33.65,67.18,1.18,17.02,9.95,,394.22,,449.0,Severe
251084,DL005,2018-12-12 21:00:00,222.25,317.25,5.38,55.75,33.97,70.23,1.45,15.03,5.07,,302.52,,433.0,Severe
251085,DL005,2018-12-12 22:00:00,225.5,314.0,16.75,43.77,36.97,64.9,1.57,14.3,3.15,,294.82,,422.0,Severe
251086,DL005,2018-12-12 23:00:00,193.75,244.0,8.67,40.52,28.62,62.5,1.4,13.5,4.65,,,,415.0,Severe
251087,DL005,2018-12-13 00:00:00,149.75,198.75,2.65,32.62,19.47,48.57,1.08,14.5,5.9,,102.7,,405.0,Severe
251088,DL005,2018-12-13 01:00:00,122.75,168.25,2.58,29.42,17.75,45.17,0.8,19.22,8.1,,112.4,,394.0,Very Poor
251089,DL005,2018-12-13 02:00:00,97.5,124.5,1.65,21.18,12.62,41.72,0.67,19.82,19.7,,,,384.0,Very Poor
251090,DL005,2018-12-13 03:00:00,78.25,111.75,1.5,28.4,16.4,42.1,,12.8,16.08,,,,375.0,Very Poor
251091,DL005,2018-12-13 04:00:00,95.0,137.25,1.1,18.1,10.52,42.43,0.72,11.83,23.92,,,,367.0,Very Poor
251092,DL005,2018-12-13 05:00:00,60.5,94.5,1.05,23.43,13.28,43.7,0.8,10.07,21.9,,,,357.0,Very Poor
251093,DL005,2018-12-13 06:00:00,62.0,89.25,2.7,30.93,18.65,47.05,0.85,10.92,9.2,,,,348.0,Very Poor
251094,DL005,2018-12-13 07:00:00,89.25,128.25,15.15,35.75,31.35,54.12,1.07,10.58,2.95,,,,340.0,Very Poor
251095,DL005,2018-12-13 08:00:00,117.5,168.25,27.55,30.18,38.5,46.05,1.18,15.78,3.05,,,,333.0,Very Poor
251096,DL005,2018-12-13 09:00:00,123.75,164.25,14.78,29.42,27.67,47.2,1.08,16.68,5.5,,,,327.0,Very Poor
251097,DL005,2018-12-13 10:00:00,131.0,177.0,6.85,23.0,17.8,47.65,0.85,19.0,13.93,,,,321.0,Very Poor
251098,DL005,2018-12-13 11:00:00,106.5,173.75,5.15,20.78,15.25,46.57,0.78,19.32,25.28,,,,315.0,Very Poor
251099,DL005,2018-12-13 12:00:00,97.5,158.75,3.0,15.72,10.88,52.93,0.75,16.38,43.57,,,,308.0,Very Poor
251100,DL005,2018-12-13 13:00:00,96.75,138.0,3.0,13.2,9.45,57.55,0.8,14.1,62.1,,,,303.0,Very Poor
251101,DL005,2018-12-13 14:00:00,80.5,120.5,1.35,9.75,6.25,55.88,0.75,15.2,75.12,,,,302.0,Very Poor
251102,DL005,2018-12-13 15:00:00,80.75,116.5,1.2,13.42,8.12,54.62,0.72,20.85,81.78,,,,301.0,Very Poor
251103,DL005,2018-12-13 16:00:00,84.0,130.25,1.52,10.77,7.0,49.23,0.95,21.5,87.12,,,,301.0,Very Poor
251104,DL005,2018-12-13 17:00:00,79.5,147.0,1.57,19.38,11.6,45.2,0.72,20.42,69.0,,131.95,,300.0,Poor
251105,DL005,2018-12-13 18:00:00,88.75,174.75,2.25,48.7,27.73,45.38,0.93,21.5,28.37,,,,295.0,Poor
251106,DL005,2018-12-13 19:00:00,111.0,205.0,10.62,71.82,46.88,47.88,1.35,21.6,4.5,,,,288.0,Poor
251107,DL005,2018-12-13 20:00:00,143.5,238.25,5.55,63.18,38.2,57.05,1.22,14.58,6.82,,,,280.0,Poor
251108,DL005,2018-12-13 21:00:00,168.5,244.25,6.85,55.12,34.9,60.22,1.23,14.6,5.6,,,,273.0,Poor
251109,DL005,2018-12-13 22:00:00,172.75,237.75,7.4,51.13,33.25,60.95,1.25,16.23,5.7,,,,265.0,Poor
251110,DL005,2018-12-13 23:00:00,185.25,245.75,4.2,43.03,26.28,60.25,1.1,15.92,7.27,,,,264.0,Poor
251111,DL005,2018-12-14 00:00:00,164.75,219.0,2.82,33.9,20.33,51.93,1.1,15.23,9.13,,,,266.0,Poor
251112,DL005,2018-12-14 01:00:00,144.5,195.5,4.78,32.7,21.3,43.15,1.03,20.68,7.55,,,,269.0,Poor
251113,DL005,2018-12-14 02:00:00,129.0,180.0,2.22,22.53,13.75,40.75,0.75,20.63,21.75,,,,274.0,Poor
251114,DL005,2018-12-14 03:00:00,94.5,128.0,2.3,25.0,15.2,35.9,,19.3,11.7,,,,276.0,Poor
251115,DL005,2018-12-14 04:00:00,100.0,134.75,1.98,21.83,13.2,43.38,0.85,11.1,9.33,,,,277.0,Poor
251116,DL005,2018-12-14 05:00:00,135.75,173.5,5.5,23.65,17.12,51.2,1.13,9.65,5.22,,,,287.0,Poor
251117,DL005,2018-12-14 06:00:00,154.75,204.75,7.62,26.03,20.1,50.25,1.15,9.75,3.2,,,,300.0,Poor
251118,DL005,2018-12-14 07:00:00,165.5,221.25,31.6,25.78,39.45,46.6,1.2,10.28,3.07,,,,302.0,Very Poor
251119,DL005,2018-12-14 08:00:00,185.25,245.75,47.55,23.47,51.35,42.8,1.7,12.22,3.32,,,,305.0,Very Poor
251120,DL005,2018-12-14 09:00:00,187.25,235.75,23.43,21.5,30.47,42.77,1.35,14.67,4.6,,,,307.0,Very Poor
251121,DL005,2018-12-14 10:00:00,174.75,223.75,23.05,27.18,33.22,47.5,1.5,14.55,6.85,,,,308.0,Very Poor
251122,DL005,2018-12-14 11:00:00,209.5,269.75,12.93,33.75,28.5,52.43,1.32,17.73,15.5,,,,311.0,Very Poor
251123,DL005,2018-12-14 12:00:00,199.5,246.75,7.0,22.25,17.58,52.35,1.03,21.32,37.25,,,,315.0,Very Poor
251124,DL005,2018-12-14 13:00:00,130.0,175.75,3.42,15.83,11.2,49.73,0.92,18.15,62.33,,,,316.0,Very Poor
251125,DL005,2018-12-14 14:00:00,73.5,134.0,1.5,9.62,6.38,47.1,0.83,14.1,80.73,,,,315.0,Very Poor
251126,DL005,2018-12-14 15:00:00,53.0,119.75,1.82,10.88,7.3,47.12,0.8,15.78,87.07,,,,315.0,Very Poor
251127,DL005,2018-12-14 16:00:00,40.25,97.0,1.1,9.45,5.9,41.9,0.68,15.83,93.2,,,,313.0,Very Poor
251128,DL005,2018-12-14 17:00:00,39.75,109.0,1.55,14.77,9.15,37.15,0.6,18.7,77.68,,,,312.0,Very Poor
251129,DL005,2018-12-14 18:00:00,53.25,148.5,2.32,42.93,24.72,41.05,0.93,22.8,35.1,,,,311.0,Very Poor
251130,DL005,2018-12-14 19:00:00,81.25,215.75,4.62,61.53,36.5,43.68,1.32,20.72,11.3,,,,310.0,Very Poor
251131,DL005,2018-12-14 20:00:00,97.75,244.75,12.42,65.87,45.18,49.35,1.42,16.05,4.15,,,,308.0,Very Poor
251132,DL005,2018-12-14 21:00:00,117.75,308.0,29.1,59.43,55.27,55.35,1.65,12.9,3.15,,,,307.0,Very Poor
251133,DL005,2018-12-14 22:00:00,127.25,344.25,17.55,49.48,40.8,71.58,1.4,13.95,4.15,,,,305.0,Very Poor
251134,DL005,2018-12-14 23:00:00,148.25,403.0,26.55,46.9,46.65,52.43,1.55,15.52,3.37,,,,304.0,Very Poor
251135,DL005,2018-12-15 00:00:00,112.0,260.5,9.85,41.67,30.18,49.8,1.13,13.85,5.25,,,,302.0,Very Poor
251136,DL005,2018-12-15 01:00:00,94.5,211.0,11.17,33.97,27.1,46.13,1.0,18.22,4.33,,,,301.0,Very Poor
251137,DL005,2018-12-15 02:00:00,108.25,248.0,7.9,32.1,23.48,45.53,1.03,20.12,5.55,,,,300.0,Poor
251138,DL005,2018-12-15 03:00:00,113.75,263.25,4.0,26.5,17.4,40.8,,16.8,5.1,,,,301.0,Very Poor
251139,DL005,2018-12-15 04:00:00,114.0,238.75,4.65,25.75,17.47,53.73,1.0,11.08,5.18,,,,301.0,Very Poor
251140,DL005,2018-12-15 05:00:00,142.75,280.75,4.82,25.03,17.25,51.3,1.18,8.6,5.02,,,,301.0,Very Poor
251141,DL005,2018-12-15 06:00:00,112.0,224.75,6.07,26.7,19.18,45.75,1.3,7.9,4.87,,,,300.0,Poor
251142,DL005,2018-12-15 07:00:00,115.0,218.5,12.28,29.08,25.47,46.25,1.6,8.13,3.18,,,,293.0,Poor
251143,DL005,2018-12-15 08:00:00,136.0,263.5,18.85,30.9,31.78,49.68,1.75,9.0,4.12,,,,286.0,Poor
251144,DL005,2018-12-15 09:00:00,165.0,321.75,16.53,28.25,28.45,47.55,1.45,11.68,7.67,,,,283.0,Poor
251145,DL005,2018-12-15 10:00:00,135.0,256.0,9.72,31.2,24.5,47.57,1.18,14.05,14.38,,,,278.0,Poor
251146,DL005,2018-12-15 11:00:00,102.25,214.75,4.98,15.43,12.3,43.95,0.95,16.15,29.87,,,,263.0,Poor
251147,DL005,2018-12-15 12:00:00,83.75,185.75,3.48,13.83,10.17,42.02,0.83,16.55,46.85,,,,247.0,Poor
251148,DL005,2018-12-15 13:00:00,76.75,168.0,2.5,13.47,9.22,43.62,0.9,11.85,62.15,,,,239.0,Poor
251149,DL005,2018-12-15 14:00:00,66.0,151.25,2.72,13.3,9.35,45.5,0.9,9.8,79.2,,,,238.0,Poor
251150,DL005,2018-12-15 15:00:00,62.0,144.5,1.55,12.73,8.08,44.52,0.83,16.63,89.5,,,,240.0,Poor
251151,DL005,2018-12-15 16:00:00,58.25,138.75,1.25,12.65,7.73,39.5,0.6,17.3,91.4,,,,242.0,Poor
251152,DL005,2018-12-15 17:00:00,57.5,139.25,1.93,16.17,10.15,35.88,0.48,14.8,79.8,,,,244.0,Poor
251153,DL005,2018-12-15 18:00:00,70.25,168.5,2.7,39.88,23.42,36.38,0.75,17.92,38.68,,,,247.0,Poor
251154,DL005,2018-12-15 19:00:00,93.5,226.5,4.82,64.75,38.48,40.5,1.15,20.12,13.12,,,,249.0,Poor
251155,DL005,2018-12-15 20:00:00,107.0,288.5,9.77,65.57,42.77,56.5,1.4,19.52,5.38,,,,250.0,Poor
251156,DL005,2018-12-15 21:00:00,153.25,382.25,3.62,49.2,29.17,64.75,1.2,17.55,17.7,,,,255.0,Poor
251157,DL005,2018-12-15 22:00:00,124.5,312.75,3.73,51.93,30.68,58.0,1.18,15.8,14.77,,,,254.0,Poor
251158,DL005,2018-12-15 23:00:00,103.0,234.25,1.95,45.38,25.68,51.95,1.03,15.03,17.45,,,,248.0,Poor
251159,DL005,2018-12-16 00:00:00,88.0,196.75,4.05,42.92,26.1,48.65,1.03,14.42,12.48,,,,245.0,Poor
251160,DL005,2018-12-16 01:00:00,87.5,191.5,2.07,26.03,15.55,47.9,0.83,19.22,22.77,,,,244.0,Poor
251161,DL005,2018-12-16 02:00:00,87.25,197.5,2.05,26.53,15.8,47.3,0.85,19.95,17.8,,,,241.0,Poor
251162,DL005,2018-12-16 03:00:00,97.75,218.25,5.7,35.4,23.5,51.7,,14.0,6.23,,,,239.0,Poor
251163,DL005,2018-12-16 04:00:00,116.75,261.25,22.25,38.15,38.53,50.4,1.13,10.52,6.35,,,,239.0,Poor
251164,DL005,2018-12-16 05:00:00,114.25,252.5,29.9,35.62,43.3,57.1,1.32,6.68,5.18,,,,235.0,Poor
251165,DL005,2018-12-16 06:00:00,123.0,290.75,30.43,35.65,43.75,61.47,1.37,5.93,3.82,,,,237.0,Poor
251166,DL005,2018-12-16 07:00:00,142.5,335.75,28.4,34.53,41.5,59.55,1.53,6.85,2.9,,,,240.0,Poor
251167,DL005,2018-12-16 08:00:00,153.25,352.0,26.42,35.5,40.4,58.43,1.7,7.45,3.52,,,,243.0,Poor
251168,DL005,2018-12-16 09:00:00,138.0,322.0,15.15,37.05,32.07,49.82,1.45,25.95,8.38,,,,239.0,Poor
251169,DL005,2018-12-16 10:00:00,113.25,261.25,7.8,22.52,18.32,47.93,1.03,31.68,20.95,,,,236.0,Poor
251170,DL005,2018-12-16 11:00:00,100.25,243.5,4.92,15.95,12.5,48.85,0.92,35.23,39.65,,,,236.0,Poor
251171,DL005,2018-12-16 12:00:00,94.75,244.0,3.6,15.45,11.15,51.02,0.82,34.35,57.1,,,,237.0,Poor
251172,DL005,2018-12-16 13:00:00,90.5,213.75,2.5,15.93,10.55,55.45,0.87,28.87,76.92,,,,239.0,Poor
251173,DL005,2018-12-16 14:00:00,79.25,184.5,2.8,15.7,10.67,56.55,0.92,29.3,94.22,,,,241.0,Poor
251174,DL005,2018-12-16 15:00:00,76.5,178.75,2.0,16.75,10.55,53.07,0.83,28.65,100.65,,,,243.0,Poor
251175,DL005,2018-12-16 16:00:00,75.5,178.75,2.45,14.4,9.7,50.05,0.88,26.15,110.65,,,,245.0,Poor
251176,DL005,2018-12-16 17:00:00,80.75,205.25,1.85,16.97,10.5,41.78,0.78,20.45,96.77,,153.25,,249.0,Poor
251177,DL005,2018-12-16 18:00:00,94.5,261.75,1.97,49.08,27.7,43.62,1.1,21.67,41.25,,257.9,,252.0,Poor
251178,DL005,2018-12-16 19:00:00,115.25,315.75,6.0,68.58,41.38,51.15,1.35,21.83,10.05,,,,255.0,Poor
251179,DL005,2018-12-16 20:00:00,157.75,394.75,25.62,66.1,56.07,55.22,1.75,21.75,5.8,,,,262.0,Poor
251180,DL005,2018-12-16 21:00:00,158.0,407.25,10.43,61.5,41.25,58.95,1.5,17.2,5.88,,,,263.0,Poor
251181,DL005,2018-12-16 22:00:00,131.5,316.25,6.15,55.6,34.55,59.27,1.45,15.55,6.53,,,,264.0,Poor
251182,DL005,2018-12-16 23:00:00,131.0,323.25,53.65,49.55,69.75,62.78,1.98,15.33,4.38,,,,268.0,Poor
251183,DL005,2018-12-17 00:00:00,148.0,367.75,50.73,43.68,64.7,54.7,1.75,14.62,3.53,,,,276.0,Poor
251184,DL005,2018-12-17 01:00:00,131.75,303.75,55.0,40.45,66.3,48.87,1.5,18.83,3.4,,,,282.0,Poor
251185,DL005,2018-12-17 02:00:00,115.5,272.0,7.68,31.85,23.27,49.6,1.0,19.88,23.5,,,,286.0,Poor
251186,DL005,2018-12-17 03:00:00,103.0,230.5,2.9,29.4,18.0,43.7,,8.8,22.35,,,,287.0,Poor
251187,DL005,2018-12-17 04:00:00,98.5,225.5,5.98,29.5,20.55,46.78,0.97,11.58,6.75,,,,284.0,Poor
251188,DL005,2018-12-17 05:00:00,110.75,249.25,15.22,30.35,28.43,59.97,1.13,6.62,2.68,,,,284.0,Poor
251189,DL005,2018-12-17 06:00:00,141.5,318.75,20.1,32.5,33.8,68.25,1.27,6.1,2.68,,,,286.0,Poor
251190,DL005,2018-12-17 07:00:00,164.75,387.25,25.22,36.32,39.92,71.77,1.35,5.82,2.62,,,,289.0,Poor
251191,DL005,2018-12-17 08:00:00,167.0,407.0,57.52,43.4,69.97,66.5,1.7,7.2,3.05,,,,291.0,Poor
251192,DL005,2018-12-17 09:00:00,173.75,426.25,47.55,56.48,68.88,67.18,1.77,20.92,4.57,,,,296.0,Poor
251193,DL005,2018-12-17 10:00:00,183.0,455.75,21.72,48.97,43.78,65.42,1.7,28.78,11.2,,,,301.0,Very Poor
251194,DL005,2018-12-17 11:00:00,148.25,387.5,10.15,37.75,28.32,66.83,1.47,31.32,26.88,,,,303.0,Very Poor
251195,DL005,2018-12-17 12:00:00,141.25,355.25,5.35,30.25,20.4,68.05,1.3,36.7,50.28,,,,304.0,Very Poor
251196,DL005,2018-12-17 13:00:00,130.0,331.75,3.9,24.95,16.45,72.58,1.23,33.15,72.65,,,,306.0,Very Poor
251197,DL005,2018-12-17 14:00:00,104.25,249.5,2.07,17.93,11.2,61.1,1.1,23.18,96.73,,,,306.0,Very Poor
251198,DL005,2018-12-17 15:00:00,82.0,195.25,1.6,14.38,8.95,51.18,1.08,17.3,118.1,,,,307.0,Very Poor
251199,DL005,2018-12-17 16:00:00,83.75,201.75,1.42,15.55,9.48,47.35,0.88,16.6,120.5,,100.6,,307.0,Very Poor
251200,DL005,2018-12-17 17:00:00,79.75,209.5,2.05,24.8,14.9,44.32,0.85,16.72,90.88,,,,307.0,Very Poor
251201,DL005,2018-12-17 18:00:00,90.25,242.0,8.47,74.6,46.63,48.3,1.43,20.38,26.32,,218.88,,307.0,Very Poor
251202,DL005,2018-12-17 19:00:00,133.75,369.0,36.78,95.77,80.95,55.92,2.08,21.8,3.6,,189.95,,307.0,Very Poor
251203,DL005,2018-12-17 20:00:00,176.5,482.5,63.85,95.1,102.48,61.9,2.68,24.95,3.68,,302.55,,308.0,Very Poor
251204,DL005,2018-12-17 21:00:00,231.0,631.5,136.75,77.13,152.95,75.92,3.3,22.4,3.55,,384.47,,310.0,Very Poor
251205,DL005,2018-12-17 22:00:00,256.75,688.5,134.6,76.48,150.38,70.33,3.1,20.9,2.8,,110.02,,314.0,Very Poor
251206,DL005,2018-12-17 23:00:00,192.0,509.5,29.4,67.18,59.77,65.6,1.8,21.7,2.82,,,,316.0,Very Poor
251207,DL005,2018-12-18 00:00:00,144.5,365.5,26.28,64.18,55.5,67.52,1.63,22.0,2.95,,,,316.0,Very Poor
251208,DL005,2018-12-18 01:00:00,138.75,355.25,20.5,52.33,44.53,56.9,1.37,24.57,3.77,,,,316.0,Very Poor
251209,DL005,2018-12-18 02:00:00,116.25,304.0,9.45,46.3,32.3,54.4,1.12,23.4,6.0,,,,316.0,Very Poor
251210,DL005,2018-12-18 03:00:00,114.0,279.5,4.7,41.1,25.7,51.2,,16.3,5.38,,,,317.0,Very Poor
251211,DL005,2018-12-18 04:00:00,111.0,269.75,5.12,40.02,25.45,53.1,1.3,16.17,5.25,,,,317.0,Very Poor
251212,DL005,2018-12-18 05:00:00,103.0,271.0,6.42,36.88,24.83,57.12,1.23,8.9,6.6,,,,317.0,Very Poor
251213,DL005,2018-12-18 06:00:00,108.75,268.75,4.92,44.4,27.62,59.55,1.23,7.53,6.85,,,,316.0,Very Poor
251214,DL005,2018-12-18 07:00:00,116.25,272.75,8.13,42.1,29.03,59.4,1.25,7.27,5.92,,,,314.0,Very Poor
251215,DL005,2018-12-18 08:00:00,125.75,316.5,35.32,49.68,55.18,66.88,1.82,8.45,3.72,,,,313.0,Very Poor
251216,DL005,2018-12-18 09:00:00,160.75,431.75,20.17,50.0,43.0,68.42,1.73,14.75,7.25,,,,313.0,Very Poor
251217,DL005,2018-12-18 10:00:00,153.0,413.5,10.52,35.3,27.3,64.88,1.4,27.03,19.92,,,,312.0,Very Poor
251218,DL005,2018-12-18 11:00:00,130.75,360.0,4.95,27.63,18.7,64.15,1.23,31.15,46.1,,,,311.0,Very Poor
251219,DL005,2018-12-18 12:00:00,123.0,338.25,1.8,19.63,11.92,61.62,1.03,30.03,79.88,,,,310.0,Very Poor
251220,DL005,2018-12-18 13:00:00,109.0,280.5,1.53,17.7,10.67,63.42,1.0,25.17,109.73,,,,310.0,Very Poor
251221,DL005,2018-12-18 14:00:00,98.5,257.25,1.18,16.03,9.45,60.1,1.0,21.8,125.6,,,,310.0,Very Poor
251222,DL005,2018-12-18 15:00:00,99.5,202.25,1.12,15.95,9.43,58.3,0.9,24.75,142.42,,,,310.0,Very Poor
251223,DL005,2018-12-18 16:00:00,135.25,203.25,1.27,17.1,10.15,55.45,0.92,20.53,134.48,,,,312.0,Very Poor
251224,DL005,2018-12-18 17:00:00,109.0,196.0,1.68,23.38,13.83,49.57,0.63,18.5,101.28,,,,313.0,Very Poor
251225,DL005,2018-12-18 18:00:00,111.5,235.75,8.5,69.4,44.23,46.75,1.0,18.3,37.3,,,,313.0,Very Poor
251226,DL005,2018-12-18 19:00:00,147.75,358.25,14.0,88.85,58.73,56.1,1.27,25.3,11.35,,,,314.0,Very Poor
251227,DL005,2018-12-18 20:00:00,175.75,472.25,88.6,84.8,117.27,61.42,2.35,29.57,4.7,,,,314.0,Very Poor
251228,DL005,2018-12-18 21:00:00,220.5,627.75,23.13,79.48,61.2,61.1,1.3,22.3,3.3,,,,314.0,Very Poor
251229,DL005,2018-12-18 22:00:00,158.75,430.75,48.42,74.5,79.4,68.27,2.3,19.2,3.22,,,,310.0,Very Poor
251230,DL005,2018-12-18 23:00:00,181.0,514.75,46.92,65.95,72.85,69.6,2.32,20.88,3.45,,,,310.0,Very Poor
251231,DL005,2018-12-19 00:00:00,166.25,472.0,51.42,61.5,74.65,64.12,1.92,17.4,2.9,,,,311.0,Very Poor
251232,DL005,2018-12-19 01:00:00,159.0,433.5,39.08,53.45,60.27,62.27,1.88,17.9,2.97,,,,311.0,Very Poor
251233,DL005,2018-12-19 02:00:00,156.25,388.5,8.35,51.38,34.23,58.57,1.55,22.45,6.05,,,,313.0,Very Poor
251234,DL005,2018-12-19 03:00:00,140.5,358.75,2.5,41.8,24.3,62.7,,17.8,7.8,,,,313.0,Very Poor
251235,DL005,2018-12-19 04:00:00,144.75,365.75,4.22,38.32,23.85,61.9,1.3,18.72,9.0,,,,315.0,Very Poor
251236,DL005,2018-12-19 05:00:00,143.75,368.25,9.15,38.65,28.02,62.95,1.25,12.4,5.3,,,,316.0,Very Poor
251237,DL005,2018-12-19 06:00:00,143.25,361.75,12.45,38.73,30.73,64.4,1.35,10.2,4.62,,,,317.0,Very Poor
251238,DL005,2018-12-19 07:00:00,144.25,363.0,15.92,47.38,38.2,62.97,1.47,10.1,3.67,,,,318.0,Very Poor
251239,DL005,2018-12-19 08:00:00,154.75,387.75,38.27,54.15,60.1,66.53,1.97,10.17,3.22,,,,322.0,Very Poor
251240,DL005,2018-12-19 09:00:00,187.0,492.5,41.72,67.9,70.1,67.35,2.0,15.5,5.47,,,,325.0,Very Poor
251241,DL005,2018-12-19 10:00:00,186.0,460.0,20.75,50.38,43.78,62.83,1.42,26.68,14.38,,,,328.0,Very Poor
251242,DL005,2018-12-19 11:00:00,149.25,400.75,9.25,39.65,28.58,58.9,1.22,32.03,36.42,,,,330.0,Very Poor
251243,DL005,2018-12-19 12:00:00,126.0,351.75,4.32,25.68,17.23,57.02,0.97,27.35,63.2,,,,330.0,Very Poor
251244,DL005,2018-12-19 13:00:00,116.75,304.5,2.43,22.15,13.77,62.1,0.83,25.77,91.83,,,,332.0,Very Poor
251245,DL005,2018-12-19 14:00:00,108.5,283.5,1.95,17.72,11.03,61.43,0.8,24.57,113.38,,,,333.0,Very Poor
251246,DL005,2018-12-19 15:00:00,87.0,238.5,1.97,19.78,12.15,58.52,0.78,24.6,120.2,,,,335.0,Very Poor
251247,DL005,2018-12-19 16:00:00,86.0,240.0,2.12,21.3,13.08,55.6,0.85,24.72,121.85,,,,337.0,Very Poor
251248,DL005,2018-12-19 17:00:00,73.0,202.75,2.57,29.55,17.78,52.6,0.97,23.12,91.75,,,,337.0,Very Poor
251249,DL005,2018-12-19 18:00:00,75.25,214.0,3.55,59.6,34.67,52.65,1.15,24.85,46.62,,,,336.0,Very Poor
251250,DL005,2018-12-19 19:00:00,100.25,292.75,6.22,79.7,47.43,60.0,1.87,26.25,22.97,,,,333.0,Very Poor
251251,DL005,2018-12-19 20:00:00,135.0,405.5,19.3,89.3,63.13,58.9,2.2,24.95,10.12,,,,329.0,Very Poor
251252,DL005,2018-12-19 21:00:00,176.75,500.0,52.57,100.22,96.1,75.23,3.2,21.2,4.05,,127.4,,322.0,Very Poor
251253,DL005,2018-12-19 22:00:00,264.0,680.0,134.63,102.85,164.6,88.75,3.83,17.78,3.38,,214.22,,335.0,Very Poor
251254,DL005,2018-12-19 23:00:00,319.25,736.0,78.15,70.82,101.23,78.15,3.75,17.75,3.7,,191.68,,347.0,Very Poor
251255,DL005,2018-12-20 00:00:00,271.25,764.25,136.78,69.62,148.75,82.92,4.67,15.38,4.57,,257.05,,362.0,Very Poor
251256,DL005,2018-12-20 01:00:00,299.5,822.25,119.2,53.22,125.55,80.18,4.45,15.55,5.25,,258.65,,382.0,Very Poor
251257,DL005,2018-12-20 02:00:00,277.5,722.75,174.23,34.75,160.42,70.38,3.77,20.43,8.0,,254.75,,400.0,Very Poor
251258,DL005,2018-12-20 03:00:00,249.5,627.25,62.7,40.4,72.6,58.3,,13.2,3.95,,212.88,,414.0,Severe
251259,DL005,2018-12-20 04:00:00,201.5,480.75,50.93,35.02,60.15,58.07,2.0,14.38,3.03,,122.83,,420.0,Severe
251260,DL005,2018-12-20 05:00:00,160.25,379.75,30.97,37.48,45.28,58.0,1.65,10.0,2.95,,112.7,,420.0,Severe
251261,DL005,2018-12-20 06:00:00,161.25,385.0,48.15,33.15,56.88,59.52,1.9,6.77,2.93,,121.87,,422.0,Severe
251262,DL005,2018-12-20 07:00:00,178.0,431.0,54.45,39.65,65.45,65.6,2.25,8.05,4.4,,,,425.0,Severe
251263,DL005,2018-12-20 08:00:00,211.5,537.25,116.68,54.4,124.08,81.92,2.82,9.0,6.0,,121.05,,433.0,Severe
251264,DL005,2018-12-20 09:00:00,249.5,683.5,82.6,78.9,109.2,86.6,2.8,13.05,5.4,,108.6,,443.0,Severe
251265,DL005,2018-12-20 10:00:00,240.0,652.75,48.05,122.43,103.85,82.05,2.15,22.4,6.58,,,,453.0,Severe
251266,DL005,2018-12-20 11:00:00,202.5,563.25,14.5,69.8,48.88,74.23,1.58,33.32,27.17,,,,461.0,Severe
251267,DL005,2018-12-20 12:00:00,167.0,460.25,4.5,23.38,16.05,58.45,0.77,30.88,78.12,,,,467.0,Severe
251268,DL005,2018-12-20 13:00:00,98.25,244.75,2.78,15.92,10.75,56.55,0.67,19.53,110.17,,,,464.0,Severe
251269,DL005,2018-12-20 14:00:00,91.75,243.5,1.92,19.72,12.08,64.12,0.85,20.3,127.8,,,,462.0,Severe
251270,DL005,2018-12-20 15:00:00,97.5,267.25,1.75,16.88,10.47,62.18,0.8,19.4,134.12,,,,463.0,Severe
251271,DL005,2018-12-20 16:00:00,98.0,260.25,1.2,16.38,9.7,60.35,0.83,22.22,123.92,,,,464.0,Severe
251272,DL005,2018-12-20 17:00:00,95.0,256.75,2.17,26.0,15.62,55.13,1.0,19.45,96.83,,,,467.0,Severe
251273,DL005,2018-12-20 18:00:00,100.75,279.75,4.25,80.72,46.18,50.7,1.33,19.13,29.53,,,,471.0,Severe
251274,DL005,2018-12-20 19:00:00,126.25,359.5,42.02,94.97,84.9,57.18,2.07,18.97,3.72,,,,474.0,Severe
251275,DL005,2018-12-20 20:00:00,161.0,455.0,30.98,87.8,72.1,66.87,2.18,19.4,4.2,,106.6,,477.0,Severe
251276,DL005,2018-12-20 21:00:00,190.75,523.5,55.85,89.33,93.17,68.85,2.47,24.23,4.27,,151.25,,478.0,Severe
251277,DL005,2018-12-20 22:00:00,184.25,552.75,44.12,83.72,80.52,70.43,2.32,18.18,3.2,,118.9,,471.0,Severe
251278,DL005,2018-12-20 23:00:00,171.75,466.25,49.45,70.22,77.7,73.38,2.33,16.4,3.15,,162.93,,457.0,Severe
251279,DL005,2018-12-21 00:00:00,180.0,475.75,33.4,61.9,60.2,70.8,1.97,15.05,2.73,,118.8,,442.0,Severe
251280,DL005,2018-12-21 01:00:00,161.0,406.0,27.25,49.75,48.68,70.5,1.82,13.93,2.77,,,,421.0,Severe
251281,DL005,2018-12-21 02:00:00,155.75,388.25,5.78,44.32,28.28,67.27,1.35,18.6,17.5,,,,403.0,Severe
251282,DL005,2018-12-21 03:00:00,146.75,375.0,8.5,41.0,28.7,57.1,,13.4,11.35,,,,390.0,Very Poor
251283,DL005,2018-12-21 04:00:00,138.0,334.5,9.88,39.68,29.1,59.2,1.3,13.27,3.5,,,,382.0,Very Poor
251284,DL005,2018-12-21 05:00:00,135.0,343.5,5.75,40.65,26.35,62.9,1.27,12.08,5.7,,,,380.0,Very Poor
251285,DL005,2018-12-21 06:00:00,149.75,381.25,15.4,48.0,38.2,75.95,1.47,7.37,2.15,,,,380.0,Very Poor
251286,DL005,2018-12-21 07:00:00,169.75,458.5,73.7,44.85,83.92,69.25,2.02,7.63,2.17,,,,382.0,Very Poor
251287,DL005,2018-12-21 08:00:00,179.5,481.0,90.02,46.33,98.02,74.48,2.02,8.03,2.68,,,,379.0,Very Poor
251288,DL005,2018-12-21 09:00:00,189.25,520.5,63.2,65.52,86.35,81.4,1.97,11.55,3.98,,,,370.0,Very Poor
251289,DL005,2018-12-21 10:00:00,197.25,538.0,23.35,73.55,58.2,80.6,1.5,18.85,11.97,,,,364.0,Very Poor
251290,DL005,2018-12-21 11:00:00,167.25,463.5,8.18,36.85,26.25,74.45,1.12,24.5,38.65,,,,359.0,Very Poor
251291,DL005,2018-12-21 12:00:00,140.0,403.25,4.17,22.38,15.32,74.85,0.9,23.85,71.22,,,,356.0,Very Poor
251292,DL005,2018-12-21 13:00:00,117.25,339.25,2.18,17.17,10.98,75.27,0.75,20.8,106.08,,,,361.0,Very Poor
251293,DL005,2018-12-21 14:00:00,106.75,285.75,1.33,14.93,9.03,75.5,0.7,19.93,123.05,,,,363.0,Very Poor
251294,DL005,2018-12-21 15:00:00,89.5,243.75,1.22,14.23,8.6,67.75,0.7,18.57,130.55,,,,362.0,Very Poor
251295,DL005,2018-12-21 16:00:00,86.5,232.0,1.33,15.7,9.45,62.4,0.83,20.78,129.65,,,,361.0,Very Poor
251296,DL005,2018-12-21 17:00:00,95.0,261.0,2.43,28.78,17.3,61.93,1.05,23.17,113.25,,,,361.0,Very Poor
251297,DL005,2018-12-21 18:00:00,112.0,332.5,9.98,95.8,59.27,58.65,1.55,19.05,33.08,,,,364.0,Very Poor
251298,DL005,2018-12-21 19:00:00,140.75,439.5,29.18,108.97,81.2,70.73,2.15,20.02,5.72,,133.9,,368.0,Very Poor
251299,DL005,2018-12-21 20:00:00,196.75,606.0,55.5,104.25,100.45,80.48,2.82,20.62,3.55,,,,376.0,Very Poor
251300,DL005,2018-12-21 21:00:00,231.0,664.25,50.73,103.33,96.15,78.38,2.52,19.65,3.38,,,,383.0,Very Poor
251301,DL005,2018-12-21 22:00:00,213.75,621.0,69.25,86.9,102.55,88.4,2.93,17.93,4.37,,,,386.0,Very Poor
251302,DL005,2018-12-21 23:00:00,233.5,692.75,4.32,74.72,43.25,78.47,1.53,18.98,14.53,,,,398.0,Very Poor
251303,DL005,2018-12-22 00:00:00,177.0,442.25,27.25,75.4,62.15,74.27,1.62,14.62,5.93,,,,397.0,Very Poor
251304,DL005,2018-12-22 01:00:00,172.0,446.75,25.93,61.85,53.95,76.42,1.72,13.12,2.73,,,,399.0,Very Poor
251305,DL005,2018-12-22 02:00:00,168.75,444.75,24.22,55.38,49.2,68.0,1.75,17.32,5.05,,,,402.0,Severe
251306,DL005,2018-12-22 03:00:00,178.5,464.5,15.0,51.7,39.7,69.6,,14.8,4.05,,,,406.0,Severe
251307,DL005,2018-12-22 04:00:00,189.25,491.0,16.27,52.73,41.43,72.35,1.9,15.92,3.15,,,,414.0,Severe
251308,DL005,2018-12-22 05:00:00,206.25,521.25,50.0,55.38,70.15,71.57,2.0,15.32,2.57,,107.2,,424.0,Severe
251309,DL005,2018-12-22 06:00:00,199.5,510.75,80.28,47.5,90.77,71.08,1.87,9.78,2.17,,105.5,,430.0,Severe
251310,DL005,2018-12-22 07:00:00,193.5,471.5,70.33,52.32,85.17,69.85,1.95,8.92,2.0,,,,431.0,Severe
251311,DL005,2018-12-22 08:00:00,188.25,464.75,43.18,55.55,64.8,74.95,2.15,9.33,2.6,,,,430.0,Severe
251312,DL005,2018-12-22 09:00:00,186.75,505.25,25.1,67.2,56.15,77.82,2.18,13.17,5.98,,,,429.0,Severe
251313,DL005,2018-12-22 10:00:00,192.75,541.0,12.62,65.63,45.15,80.83,1.93,21.78,28.05,,,,430.0,Severe
251314,DL005,2018-12-22 11:00:00,234.0,551.25,6.62,50.38,32.15,75.12,1.77,38.03,51.9,,,,434.0,Severe
251315,DL005,2018-12-22 12:00:00,318.25,561.75,4.57,44.35,27.32,79.77,1.5,34.62,78.67,,,,442.0,Severe
251316,DL005,2018-12-22 13:00:00,266.25,516.5,2.8,28.02,17.2,70.27,1.15,27.53,120.92,,,,452.0,Severe
251317,DL005,2018-12-22 14:00:00,159.25,410.0,2.05,31.48,18.37,70.95,1.22,24.4,156.38,,,,458.0,Severe
251318,DL005,2018-12-22 15:00:00,148.5,439.75,1.78,36.83,21.03,72.93,1.37,24.05,164.02,,,,468.0,Severe
251319,DL005,2018-12-22 16:00:00,139.5,448.5,2.1,35.57,20.67,69.25,1.32,20.93,117.77,,,,480.0,Severe
251320,DL005,2018-12-22 17:00:00,155.25,464.75,0.78,36.45,20.0,60.65,1.18,20.03,76.1,,102.3,,490.0,Severe
251321,DL005,2018-12-22 18:00:00,216.0,543.75,44.5,115.9,98.2,59.4,2.45,17.0,32.45,,172.15,,501.0,Severe
251322,DL005,2018-12-22 19:00:00,499.0,702.0,69.87,119.02,120.48,77.48,3.58,20.85,5.65,,228.83,,515.0,Severe
251323,DL005,2018-12-22 20:00:00,538.0,864.0,119.62,107.5,154.62,84.83,5.2,23.93,6.58,,295.78,,528.0,Severe
251324,DL005,2018-12-22 21:00:00,624.75,887.0,90.45,110.2,132.3,81.23,3.77,23.0,6.7,,248.33,,540.0,Severe
251325,DL005,2018-12-22 22:00:00,535.0,856.75,57.57,110.85,105.97,86.9,3.65,21.3,12.75,,155.32,,552.0,Severe
251326,DL005,2018-12-22 23:00:00,538.0,762.5,35.72,89.45,76.67,94.9,3.73,19.28,10.83,,129.72,,556.0,Severe
251327,DL005,2018-12-23 00:00:00,537.75,745.0,37.73,74.6,70.5,89.33,3.7,18.72,17.28,,130.43,,572.0,Severe
251328,DL005,2018-12-23 01:00:00,521.5,702.0,28.0,66.73,58.28,87.5,3.05,17.15,10.88,,113.1,,585.0,Severe
251329,DL005,2018-12-23 02:00:00,467.5,644.75,31.88,64.55,60.33,84.75,2.88,20.78,10.7,,106.63,,595.0,Severe
251330,DL005,2018-12-23 03:00:00,448.75,672.0,74.6,60.2,92.8,83.5,,16.0,8.42,,,,606.0,Severe
251331,DL005,2018-12-23 04:00:00,457.25,673.25,80.13,52.65,93.38,81.38,2.75,17.0,7.18,,105.55,,616.0,Severe
251332,DL005,2018-12-23 05:00:00,458.75,675.5,65.2,47.85,78.58,82.85,2.62,16.87,8.2,,100.8,,624.0,Severe
251333,DL005,2018-12-23 06:00:00,482.25,691.25,59.68,56.5,78.77,90.9,2.4,11.2,6.25,,,,633.0,Severe
251334,DL005,2018-12-23 07:00:00,436.25,640.75,47.0,57.0,68.67,89.9,2.05,8.6,4.9,,,,642.0,Severe
251335,DL005,2018-12-23 08:00:00,342.0,591.5,50.35,57.45,71.6,94.12,2.48,8.73,5.4,,,,648.0,Severe
251336,DL005,2018-12-23 09:00:00,305.75,723.5,44.97,74.1,76.08,97.1,2.6,12.58,5.55,,,,660.0,Severe
251337,DL005,2018-12-23 10:00:00,268.0,754.75,29.63,89.83,71.85,100.65,2.85,18.48,9.3,,,,671.0,Severe
251338,DL005,2018-12-23 11:00:00,252.5,756.5,12.65,68.18,46.65,97.2,2.25,32.95,29.27,,,,682.0,Severe
251339,DL005,2018-12-23 12:00:00,207.25,648.0,4.5,45.9,28.05,91.17,1.77,31.58,66.1,,,,686.0,Severe
251340,DL005,2018-12-23 13:00:00,181.5,550.75,2.77,49.03,28.38,90.95,1.82,27.65,104.25,,,,688.0,Severe
251341,DL005,2018-12-23 14:00:00,175.0,579.5,3.0,54.85,31.6,94.65,1.82,26.3,137.13,,,,697.0,Severe
251342,DL005,2018-12-23 15:00:00,165.75,546.75,2.45,47.18,27.07,89.55,1.47,23.4,168.08,,,,702.0,Severe
251343,DL005,2018-12-23 16:00:00,125.75,389.75,1.33,35.68,20.07,79.45,1.25,21.6,185.65,,115.9,,699.0,Severe
251344,DL005,2018-12-23 17:00:00,117.25,380.75,1.15,41.52,23.05,76.12,1.4,21.53,148.82,,,,695.0,Severe
251345,DL005,2018-12-23 18:00:00,136.25,503.75,2.55,87.5,48.55,77.65,2.2,21.55,62.85,,257.7,,693.0,Severe
251346,DL005,2018-12-23 19:00:00,207.75,704.0,38.4,135.72,103.3,83.38,4.3,24.22,7.17,,419.05,,693.0,Severe
251347,DL005,2018-12-23 20:00:00,284.5,985.0,66.63,131.27,124.2,87.75,4.0,21.72,8.8,,295.9,,699.0,Severe
251348,DL005,2018-12-23 21:00:00,275.75,963.75,37.07,126.58,97.55,90.45,3.55,13.52,7.45,,244.25,,703.0,Severe
251349,DL005,2018-12-23 22:00:00,245.25,856.75,18.83,105.65,71.48,85.5,3.45,10.67,6.2,,171.35,,703.0,Severe
251350,DL005,2018-12-23 23:00:00,222.5,737.75,22.55,90.47,66.52,90.9,3.45,7.85,6.92,,110.95,,702.0,Severe
251351,DL005,2018-12-24 00:00:00,233.0,780.75,48.15,77.52,80.32,96.65,4.2,7.52,11.4,,108.75,,704.0,Severe
251352,DL005,2018-12-24 01:00:00,248.25,840.75,103.48,103.2,139.28,103.97,5.47,8.55,12.8,,157.35,,711.0,Severe
251353,DL005,2018-12-24 02:00:00,286.0,896.0,75.62,74.7,101.5,97.33,4.7,9.6,15.55,,219.08,,724.0,Severe
251354,DL005,2018-12-24 03:00:00,254.5,779.75,85.1,47.0,93.6,96.0,,13.2,16.88,,148.8,,730.0,Severe
251355,DL005,2018-12-24 04:00:00,236.0,697.5,124.43,44.88,125.5,92.1,3.6,14.6,13.85,,156.1,,731.0,Severe
251356,DL005,2018-12-24 05:00:00,266.0,797.0,132.03,33.97,125.78,103.1,3.45,14.93,14.25,,316.73,,737.0,Severe
251357,DL005,2018-12-24 06:00:00,308.25,933.0,130.13,27.12,120.6,98.42,3.07,11.32,12.97,,393.22,,750.0,Severe
251358,DL005,2018-12-24 07:00:00,263.5,804.0,108.35,34.65,106.73,86.2,3.07,6.95,12.95,,355.17,,758.0,Severe
251359,DL005,2018-12-24 08:00:00,239.25,725.75,81.23,51.3,93.52,84.12,3.65,5.53,18.4,,230.6,,765.0,Severe
251360,DL005,2018-12-24 09:00:00,258.5,824.0,65.82,76.7,94.42,93.85,3.93,11.38,15.2,,191.55,,771.0,Severe
251361,DL005,2018-12-24 10:00:00,278.5,932.0,55.12,133.33,115.55,97.45,3.65,20.1,10.5,,189.53,,780.0,Severe
251362,DL005,2018-12-24 11:00:00,257.75,604.0,7.73,47.0,31.3,79.97,1.55,41.7,24.7,,186.88,,772.0,Severe
251363,DL005,2018-12-24 12:00:00,186.75,583.75,5.1,36.65,23.65,84.8,1.37,40.07,52.88,,238.9,,769.0,Severe
251364,DL005,2018-12-24 13:00:00,167.0,492.5,1.73,25.6,15.05,82.02,1.12,35.1,83.65,,150.97,,766.0,Severe
251365,DL005,2018-12-24 14:00:00,141.5,390.75,1.42,20.75,12.2,80.32,1.0,28.8,101.6,,130.2,,756.0,Severe
251366,DL005,2018-12-24 15:00:00,127.25,370.75,1.4,20.78,12.22,85.78,1.08,24.95,121.85,,123.0,,747.0,Severe
251367,DL005,2018-12-24 16:00:00,121.75,387.0,1.0,24.72,14.0,83.1,1.15,26.88,112.02,,129.7,,746.0,Severe
251368,DL005,2018-12-24 17:00:00,107.75,332.5,2.05,39.27,22.53,73.65,1.18,21.2,68.95,,,,744.0,Severe
251369,DL005,2018-12-24 18:00:00,104.75,357.0,20.2,86.83,62.7,68.75,1.9,18.9,22.85,,,,736.0,Severe
251370,DL005,2018-12-24 19:00:00,162.0,584.5,98.12,101.7,133.72,93.62,4.02,18.55,7.38,,,,730.0,Severe
251371,DL005,2018-12-24 20:00:00,281.25,871.0,192.15,101.12,210.53,121.27,5.45,24.0,6.15,,,,724.0,Severe
251372,DL005,2018-12-24 21:00:00,333.5,547.0,42.08,89.65,81.98,78.77,2.27,15.15,3.45,,,,702.0,Severe
251373,DL005,2018-12-24 22:00:00,174.25,555.25,35.55,86.8,74.9,78.85,2.43,11.38,3.78,,,,687.0,Severe
251374,DL005,2018-12-24 23:00:00,171.75,559.75,7.62,71.88,44.43,84.32,1.78,6.45,3.9,,,,677.0,Severe
251375,DL005,2018-12-25 00:00:00,150.0,490.5,5.65,57.6,35.22,84.23,1.6,5.08,5.05,,,,662.0,Severe
251376,DL005,2018-12-25 01:00:00,139.5,454.5,5.0,51.72,31.57,79.33,1.53,3.82,4.8,,,,642.0,Severe
251377,DL005,2018-12-25 02:00:00,133.75,420.25,4.9,41.3,25.95,75.87,1.58,3.15,6.45,,,,617.0,Severe
251378,DL005,2018-12-25 03:00:00,129.25,406.0,8.7,29.6,22.8,64.2,,20.6,4.12,,,,598.0,Severe
251379,DL005,2018-12-25 04:00:00,127.5,387.25,5.55,26.82,18.8,67.13,1.4,23.28,4.15,,,,582.0,Severe
251380,DL005,2018-12-25 05:00:00,123.5,360.0,13.38,24.0,23.67,59.27,1.4,24.83,3.35,,,,559.0,Severe
251381,DL005,2018-12-25 06:00:00,112.0,303.5,20.3,22.93,28.65,58.32,1.42,18.8,2.85,,,,526.0,Severe
251382,DL005,2018-12-25 07:00:00,122.75,343.0,19.48,24.03,26.65,56.22,1.55,14.45,2.82,,,,502.0,Severe
251383,DL005,2018-12-25 08:00:00,114.25,313.75,13.42,26.55,25.05,59.9,1.68,13.97,3.87,,,,481.0,Severe
251384,DL005,2018-12-25 09:00:00,126.5,363.25,11.3,26.85,23.5,61.65,1.65,10.8,5.67,,,,457.0,Severe
251385,DL005,2018-12-25 10:00:00,120.5,332.75,10.4,26.72,22.67,60.07,1.65,9.18,8.35,,,,426.0,Severe
251386,DL005,2018-12-25 11:00:00,107.25,315.5,8.42,27.8,21.68,59.28,1.55,13.45,12.9,,,,411.0,Severe
251387,DL005,2018-12-25 12:00:00,109.0,369.75,7.25,32.92,23.38,67.52,1.53,15.43,18.58,,,,399.0,Very Poor
251388,DL005,2018-12-25 13:00:00,111.75,404.25,3.78,20.5,13.92,68.3,1.32,20.93,40.07,,,,395.0,Very Poor
251389,DL005,2018-12-25 14:00:00,108.75,373.75,1.78,18.15,11.13,72.68,1.2,19.7,68.55,,,,394.0,Very Poor
251390,DL005,2018-12-25 15:00:00,102.75,345.75,1.43,20.65,12.12,84.0,1.2,17.7,84.27,,,,393.0,Very Poor
251391,DL005,2018-12-25 16:00:00,99.75,340.0,1.0,20.55,11.77,82.35,1.2,17.17,98.25,,,,390.0,Very Poor
251392,DL005,2018-12-25 17:00:00,80.5,288.25,1.6,26.3,15.3,70.22,1.13,14.15,86.08,,,,388.0,Very Poor
251393,DL005,2018-12-25 18:00:00,75.0,278.5,2.68,51.4,29.47,65.9,1.47,11.73,50.05,,,,384.0,Very Poor
251394,DL005,2018-12-25 19:00:00,104.25,384.25,12.72,91.42,58.88,66.32,1.97,12.78,8.18,,,,373.0,Very Poor
251395,DL005,2018-12-25 20:00:00,147.0,542.25,18.4,79.18,57.1,67.3,2.25,17.32,6.9,,,,356.0,Very Poor
251396,DL005,2018-12-25 21:00:00,149.0,576.25,16.8,64.62,48.12,67.65,2.15,14.18,7.25,,,,358.0,Very Poor
251397,DL005,2018-12-25 22:00:00,156.25,532.0,17.05,54.88,43.1,71.73,2.05,14.0,5.2,,,,357.0,Very Poor
251398,DL005,2018-12-25 23:00:00,156.5,510.75,9.88,49.17,34.13,72.6,1.87,7.45,5.25,,,,354.0,Very Poor
251399,DL005,2018-12-26 00:00:00,142.75,442.5,8.72,44.33,30.7,69.37,1.85,6.3,4.67,,,,351.0,Very Poor
251400,DL005,2018-12-26 01:00:00,134.5,426.25,6.72,41.07,27.38,66.7,1.68,5.75,5.6,,,,350.0,Very Poor
251401,DL005,2018-12-26 02:00:00,134.75,415.25,3.4,36.3,22.1,65.68,1.53,5.15,12.55,,,,350.0,Very Poor
251402,DL005,2018-12-26 03:00:00,124.5,408.75,2.4,24.6,15.1,67.1,,19.0,10.97,,,,350.0,Very Poor
251403,DL005,2018-12-26 04:00:00,135.0,423.25,2.1,27.9,16.55,68.23,1.42,20.38,9.33,,,,352.0,Very Poor
251404,DL005,2018-12-26 05:00:00,139.25,440.5,7.35,39.42,26.92,61.15,1.45,20.53,3.93,,,,356.0,Very Poor
251405,DL005,2018-12-26 06:00:00,126.25,408.5,25.32,35.85,39.75,57.67,1.55,18.55,3.15,,,,361.0,Very Poor
251406,DL005,2018-12-26 07:00:00,126.0,383.5,44.52,30.85,52.7,49.95,1.63,11.98,2.8,,,,364.0,Very Poor
251407,DL005,2018-12-26 08:00:00,117.75,329.25,25.72,39.82,42.18,53.3,1.75,11.35,4.02,,,,364.0,Very Poor
251408,DL005,2018-12-26 09:00:00,144.5,453.5,50.05,47.95,66.38,70.28,2.12,11.37,4.8,,,,369.0,Very Poor
251409,DL005,2018-12-26 10:00:00,180.75,636.25,41.87,64.15,68.2,66.65,2.05,12.58,7.2,,,,385.0,Very Poor
251410,DL005,2018-12-26 11:00:00,143.0,491.5,11.17,55.1,38.42,66.25,1.65,15.57,23.08,,,,394.0,Very Poor
251411,DL005,2018-12-26 12:00:00,118.5,432.25,5.28,23.78,16.98,56.95,1.2,24.25,51.08,,,,397.0,Very Poor
251412,DL005,2018-12-26 13:00:00,102.5,352.75,2.65,17.38,11.43,49.75,1.0,24.07,93.33,,,,395.0,Very Poor
251413,DL005,2018-12-26 14:00:00,104.5,291.25,1.6,12.3,7.85,48.55,0.78,23.92,114.03,,,,390.0,Very Poor
251414,DL005,2018-12-26 15:00:00,151.25,285.75,0.87,11.38,6.77,46.7,0.53,18.72,119.1,,,,387.0,Very Poor
251415,DL005,2018-12-26 16:00:00,118.0,197.75,1.1,12.08,7.33,46.17,0.75,15.52,124.3,,,,380.0,Very Poor
251416,DL005,2018-12-26 17:00:00,110.75,211.75,0.9,22.77,12.85,46.6,0.92,14.78,115.38,,,,376.0,Very Poor
251417,DL005,2018-12-26 18:00:00,172.0,277.0,2.9,77.5,43.62,46.82,1.47,13.12,36.95,,,,376.0,Very Poor
251418,DL005,2018-12-26 19:00:00,286.75,421.0,87.45,100.4,125.05,55.45,3.93,14.48,10.95,,,,378.0,Very Poor
251419,DL005,2018-12-26 20:00:00,585.5,,175.68,103.7,198.33,90.7,8.0,18.97,8.2,,,,371.0,Very Poor
251420,DL005,2018-12-26 21:00:00,889.75,,114.62,89.55,141.0,72.4,6.48,18.35,8.45,,,,361.0,Very Poor
251421,DL005,2018-12-26 22:00:00,542.75,956.0,77.57,82.4,107.1,76.9,5.02,17.85,7.58,,,,385.0,Very Poor
251422,DL005,2018-12-26 23:00:00,389.0,956.0,155.95,75.2,167.55,79.0,6.1,11.77,8.02,,,,410.0,Severe
251423,DL005,2018-12-27 00:00:00,368.0,,198.4,62.67,195.07,88.4,6.93,12.85,8.45,,,,410.0,Severe
251424,DL005,2018-12-27 01:00:00,358.25,,181.25,57.18,177.95,91.5,6.65,12.67,28.23,,,,411.0,Severe
251425,DL005,2018-12-27 02:00:00,367.0,,223.85,62.38,215.6,111.23,7.45,13.52,112.7,,,,412.0,Severe
251426,DL005,2018-12-27 03:00:00,399.75,,304.1,83.9,292.5,99.4,,19.7,106.55,,,,414.0,Severe
251427,DL005,2018-12-27 04:00:00,389.75,,293.7,76.22,279.8,97.4,8.12,19.7,69.03,,,,416.0,Severe
251428,DL005,2018-12-27 05:00:00,346.0,923.0,252.4,80.48,248.55,83.8,5.73,20.03,42.87,,,,451.0,Severe
251429,DL005,2018-12-27 06:00:00,278.25,848.5,146.17,74.57,163.3,72.17,3.52,20.0,16.93,,,,484.0,Severe
251430,DL005,2018-12-27 07:00:00,214.75,616.0,93.5,75.57,116.35,71.3,2.65,13.62,12.25,,,,501.0,Severe
251431,DL005,2018-12-27 08:00:00,195.25,572.25,43.72,63.97,69.65,73.63,2.07,13.02,5.38,,,,519.0,Severe
251432,DL005,2018-12-27 09:00:00,174.25,526.75,37.75,61.57,63.52,74.08,1.87,16.08,7.23,,,,524.0,Severe
251433,DL005,2018-12-27 10:00:00,173.75,559.75,27.68,76.42,63.25,74.57,2.5,21.98,8.45,,,,518.0,Severe
251434,DL005,2018-12-27 11:00:00,179.75,617.5,18.12,95.4,65.5,73.95,2.45,28.72,16.55,,,,528.0,Severe
251435,DL005,2018-12-27 12:00:00,166.0,559.75,10.47,81.2,51.73,58.23,1.8,27.82,39.18,,,,537.0,Severe
251436,DL005,2018-12-27 13:00:00,122.25,391.5,8.65,98.4,59.45,67.23,2.18,27.65,53.78,,,,540.0,Severe
251437,DL005,2018-12-27 14:00:00,144.25,470.75,6.0,102.75,59.52,74.15,2.38,28.4,66.2,,,,553.0,Severe
251438,DL005,2018-12-27 15:00:00,158.75,498.5,1.72,30.4,17.55,62.82,1.18,22.13,105.75,,,,569.0,Severe
251439,DL005,2018-12-27 16:00:00,113.0,352.0,1.05,20.85,11.9,52.9,1.0,15.85,103.75,,,,580.0,Severe
251440,DL005,2018-12-27 17:00:00,93.25,304.5,1.35,33.88,19.1,52.3,1.15,15.45,84.8,,,,587.0,Severe
251441,DL005,2018-12-27 18:00:00,97.0,347.0,2.13,76.98,42.75,59.12,1.47,16.6,23.62,,,,592.0,Severe
251442,DL005,2018-12-27 19:00:00,129.0,481.0,4.02,74.58,42.9,62.37,1.68,20.0,18.97,,,,596.0,Severe
251443,DL005,2018-12-27 20:00:00,145.25,511.5,9.82,81.43,51.25,62.4,1.8,20.48,6.02,,,,591.0,Severe
251444,DL005,2018-12-27 21:00:00,152.75,516.25,51.27,69.27,78.53,64.8,2.38,16.08,3.83,,,,587.0,Severe
251445,DL005,2018-12-27 22:00:00,164.5,554.5,51.55,64.4,76.35,62.25,2.1,15.1,3.57,,,,560.0,Severe
251446,DL005,2018-12-27 23:00:00,162.75,551.75,39.75,59.88,64.2,67.45,1.92,11.8,3.35,,,,534.0,Severe
251447,DL005,2018-12-28 00:00:00,149.75,510.25,33.75,48.95,53.6,69.25,1.6,9.32,2.87,,,,532.0,Severe
251448,DL005,2018-12-28 01:00:00,140.0,442.25,29.45,43.27,46.85,71.4,1.47,7.65,3.2,,,,527.0,Severe
251449,DL005,2018-12-28 02:00:00,137.0,411.75,4.55,32.9,21.22,71.1,1.2,7.25,9.8,,,,520.0,Severe
251450,DL005,2018-12-28 03:00:00,125.75,397.5,1.4,23.5,13.6,63.8,,20.0,12.48,,,,513.0,Severe
251451,DL005,2018-12-28 04:00:00,119.75,395.75,1.78,22.62,13.48,67.73,1.23,19.95,10.38,,,,506.0,Severe
251452,DL005,2018-12-28 05:00:00,125.0,407.5,2.27,23.8,14.55,67.02,1.23,19.88,8.75,,,,479.0,Severe
251453,DL005,2018-12-28 06:00:00,130.0,411.75,5.78,28.2,19.7,64.15,1.3,18.15,5.8,,,,457.0,Severe
251454,DL005,2018-12-28 07:00:00,122.25,400.5,8.62,29.62,22.8,66.07,1.47,15.2,4.95,,,,445.0,Severe
251455,DL005,2018-12-28 08:00:00,140.0,435.25,17.38,33.12,31.78,70.75,1.6,12.4,3.5,,,,438.0,Severe
251456,DL005,2018-12-28 09:00:00,154.0,474.5,12.4,30.95,26.57,72.35,1.47,10.8,7.1,,,,436.0,Severe
251457,DL005,2018-12-28 10:00:00,148.0,478.25,8.12,47.25,31.75,73.15,1.5,10.45,11.88,,,,431.0,Severe
251458,DL005,2018-12-28 11:00:00,172.5,456.75,4.88,25.75,17.65,67.43,1.4,14.87,20.07,,,,423.0,Severe
251459,DL005,2018-12-28 12:00:00,291.75,453.0,3.75,19.65,13.53,65.4,1.3,19.95,36.58,,,,417.0,Severe
251460,DL005,2018-12-28 13:00:00,348.0,534.0,2.55,18.8,12.85,65.2,1.28,22.67,54.88,,,,425.0,Severe
251461,DL005,2018-12-28 14:00:00,237.5,493.25,2.25,18.38,11.58,66.02,1.08,20.05,77.3,,,,426.0,Severe
251462,DL005,2018-12-28 15:00:00,248.0,426.25,1.72,17.12,10.47,64.95,1.05,19.53,92.75,,,,422.0,Severe
251463,DL005,2018-12-28 16:00:00,218.25,479.25,1.65,20.18,12.05,62.17,1.03,15.12,97.12,,,,429.0,Severe
251464,DL005,2018-12-28 17:00:00,159.75,379.5,1.78,27.53,16.1,57.27,1.03,13.05,79.43,,,,433.0,Severe
251465,DL005,2018-12-28 18:00:00,169.25,442.25,4.27,74.82,43.32,57.95,1.6,13.05,25.35,,,,438.0,Severe
251466,DL005,2018-12-28 19:00:00,164.75,456.75,34.85,94.75,78.9,63.17,2.37,14.08,4.82,,,,436.0,Severe
251467,DL005,2018-12-28 20:00:00,181.75,596.5,105.05,87.3,131.97,73.48,3.67,18.1,4.9,,,,441.0,Severe
251468,DL005,2018-12-28 21:00:00,209.5,690.25,56.35,83.08,90.4,63.3,2.35,18.33,3.35,,,,450.0,Severe
251469,DL005,2018-12-28 22:00:00,160.25,493.25,61.98,71.02,88.2,61.4,2.25,16.37,3.35,,,,447.0,Severe
251470,DL005,2018-12-28 23:00:00,175.25,554.25,123.05,64.48,134.4,68.38,2.67,14.12,3.35,,,,447.0,Severe
251471,DL005,2018-12-29 00:00:00,207.25,658.75,64.73,51.42,80.17,68.55,2.07,9.78,3.05,,,,455.0,Severe
251472,DL005,2018-12-29 01:00:00,179.5,513.75,41.95,48.45,59.88,68.87,1.95,8.62,3.2,,,,458.0,Severe
251473,DL005,2018-12-29 02:00:00,183.75,509.5,41.68,44.5,57.62,66.15,1.9,8.48,4.9,,,,463.0,Severe
251474,DL005,2018-12-29 03:00:00,151.5,460.25,30.7,49.2,51.2,54.6,,13.4,3.15,,,,467.0,Severe
251475,DL005,2018-12-29 04:00:00,136.75,425.25,31.2,44.55,49.15,56.82,1.73,19.83,3.25,,,,468.0,Severe
251476,DL005,2018-12-29 05:00:00,136.0,434.0,29.0,42.73,46.35,60.57,1.6,20.75,3.05,,,,470.0,Severe
251477,DL005,2018-12-29 06:00:00,149.25,472.75,30.45,39.55,45.83,68.82,1.53,19.18,3.07,,,,473.0,Severe
251478,DL005,2018-12-29 07:00:00,157.75,501.5,22.68,41.1,40.43,65.7,1.45,16.55,2.85,,,,478.0,Severe
251479,DL005,2018-12-29 08:00:00,149.75,477.25,62.77,44.55,74.83,68.18,1.85,12.92,3.12,,,,480.0,Severe
251480,DL005,2018-12-29 09:00:00,167.75,555.75,39.75,57.38,62.9,72.83,1.88,12.58,4.18,,,,484.0,Severe
251481,DL005,2018-12-29 10:00:00,165.5,548.25,18.4,75.08,55.0,67.35,1.47,16.35,9.7,,,,488.0,Severe
251482,DL005,2018-12-29 11:00:00,131.5,468.25,7.65,30.27,22.38,59.25,1.2,21.65,26.62,,,,489.0,Severe
251483,DL005,2018-12-29 12:00:00,141.25,579.25,3.02,16.83,11.4,56.2,0.92,23.45,53.18,,,,495.0,Severe
251484,DL005,2018-12-29 13:00:00,107.0,435.25,2.28,16.45,10.65,55.45,0.83,27.75,82.25,,,,490.0,Severe
251485,DL005,2018-12-29 14:00:00,88.75,292.75,2.2,13.15,8.75,53.93,0.72,24.78,99.77,,,,480.0,Severe
251486,DL005,2018-12-29 15:00:00,77.5,250.25,1.4,13.02,8.07,49.75,0.65,23.35,107.7,,,,471.0,Severe
251487,DL005,2018-12-29 16:00:00,74.0,252.0,1.53,14.78,9.15,52.07,0.92,17.28,107.17,,,,459.0,Severe
251488,DL005,2018-12-29 17:00:00,77.75,259.75,1.45,22.47,13.1,54.0,1.03,15.68,88.55,,,,452.0,Severe
251489,DL005,2018-12-29 18:00:00,82.25,280.25,1.85,48.57,27.35,56.27,1.38,13.98,51.92,,,,444.0,Severe
251490,DL005,2018-12-29 19:00:00,106.25,368.75,39.75,94.88,82.87,69.75,2.62,12.88,8.65,,,,439.0,Severe
251491,DL005,2018-12-29 20:00:00,180.75,655.75,114.65,100.0,146.83,82.8,4.27,17.6,5.12,,,,443.0,Severe
251492,DL005,2018-12-29 21:00:00,247.5,889.0,93.98,89.52,124.15,75.1,3.03,16.5,4.62,,,,453.0,Severe
251493,DL005,2018-12-29 22:00:00,273.5,,127.98,77.4,145.5,105.63,6.35,16.95,7.3,,,,452.0,Severe
251494,DL005,2018-12-29 23:00:00,361.25,,101.7,72.2,121.5,98.88,5.13,17.28,6.63,,,,447.0,Severe
251495,DL005,2018-12-30 00:00:00,328.25,902.0,68.1,68.08,91.45,82.3,3.8,12.3,5.2,,,,461.0,Severe
251496,DL005,2018-12-30 01:00:00,254.75,857.0,62.82,52.3,79.1,75.25,3.38,9.78,5.38,,,,480.0,Severe
251497,DL005,2018-12-30 02:00:00,227.25,717.0,115.83,34.45,112.65,72.25,3.63,10.25,7.2,,,,492.0,Severe
251498,DL005,2018-12-30 03:00:00,216.75,684.5,92.5,41.4,97.5,60.6,,13.9,5.02,,,,505.0,Severe
251499,DL005,2018-12-30 04:00:00,199.0,601.25,84.23,37.22,88.42,61.45,2.28,20.35,4.25,,,,515.0,Severe
251500,DL005,2018-12-30 05:00:00,166.25,522.75,81.95,34.02,84.87,62.25,2.25,21.68,4.05,,,,520.0,Severe
251501,DL005,2018-12-30 06:00:00,167.5,559.0,54.75,47.75,70.05,62.45,2.15,22.12,3.8,,,,525.0,Severe
251502,DL005,2018-12-30 07:00:00,171.25,553.0,92.15,37.38,94.98,60.93,2.3,19.43,3.65,,,,528.0,Severe
251503,DL005,2018-12-30 08:00:00,191.5,622.25,95.25,43.0,100.42,70.53,2.77,16.45,4.15,,,,536.0,Severe
251504,DL005,2018-12-30 09:00:00,243.5,802.25,72.77,77.62,100.6,82.0,3.57,15.22,5.98,,,,550.0,Severe
251505,DL005,2018-12-30 10:00:00,265.75,922.5,42.78,123.38,100.23,95.03,2.5,34.2,6.68,,,,571.0,Severe
251506,DL005,2018-12-30 11:00:00,215.25,747.0,15.73,69.72,50.03,80.38,1.68,43.25,13.57,,,,587.0,Severe
251507,DL005,2018-12-30 12:00:00,166.75,554.5,8.18,42.97,29.52,68.2,1.22,41.68,39.07,,,,586.0,Severe
251508,DL005,2018-12-30 13:00:00,136.25,462.0,7.47,25.57,19.45,62.98,0.98,36.45,71.95,,,,587.0,Severe
251509,DL005,2018-12-30 14:00:00,107.25,375.0,10.13,34.03,26.53,52.05,0.6,23.28,84.9,,,,592.0,Severe
251510,DL005,2018-12-30 15:00:00,102.75,414.0,10.35,18.1,18.3,48.52,0.5,28.58,94.1,,,,601.0,Severe
251511,DL005,2018-12-30 16:00:00,105.5,482.25,1.42,12.1,7.63,51.68,0.88,30.0,113.12,,,,614.0,Severe
251512,DL005,2018-12-30 17:00:00,78.5,258.5,1.35,18.8,11.1,53.62,1.0,26.2,96.17,,,,614.0,Severe
251513,DL005,2018-12-30 18:00:00,76.5,281.0,2.25,68.15,38.15,51.9,1.32,23.3,35.75,,,,614.0,Severe
251514,DL005,2018-12-30 19:00:00,108.75,408.25,70.9,98.67,110.55,67.37,3.1,21.12,10.45,,,,617.0,Severe
251515,DL005,2018-12-30 20:00:00,205.5,682.0,178.55,107.15,202.42,72.72,4.8,26.58,5.3,,,,618.0,Severe
251516,DL005,2018-12-30 21:00:00,260.25,847.0,93.5,99.15,129.08,65.7,2.9,24.15,4.45,,,,616.0,Severe
251517,DL005,2018-12-30 22:00:00,252.25,847.0,205.67,87.0,213.92,97.8,7.1,22.6,7.2,,,,629.0,Severe
251518,DL005,2018-12-30 23:00:00,345.0,,193.35,85.0,202.73,90.85,6.15,21.83,6.9,,,,629.0,Severe
251519,DL005,2018-12-31 00:00:00,335.25,,107.6,80.7,130.42,94.75,4.05,17.48,28.7,,,,612.0,Severe
251520,DL005,2018-12-31 01:00:00,267.0,648.0,44.58,76.65,77.1,73.88,2.73,13.2,15.53,,,,601.0,Severe
251521,DL005,2018-12-31 02:00:00,192.25,611.0,38.45,60.67,63.57,68.27,2.12,11.28,5.0,,,,595.0,Severe
251522,DL005,2018-12-31 03:00:00,153.75,484.25,61.5,41.0,71.9,59.9,,10.4,3.38,,,,583.0,Severe
251523,DL005,2018-12-31 04:00:00,140.5,430.25,52.8,36.18,62.33,56.07,2.05,14.1,3.43,,,,574.0,Severe
251524,DL005,2018-12-31 05:00:00,130.75,417.5,43.72,36.05,54.73,54.52,1.9,18.27,3.48,,,,568.0,Severe
251525,DL005,2018-12-31 06:00:00,131.75,441.75,52.27,28.32,57.62,54.4,1.87,17.63,3.5,,,,561.0,Severe
251526,DL005,2018-12-31 07:00:00,132.75,459.0,72.98,30.35,75.62,56.85,2.03,16.87,3.65,,,,556.0,Severe
251527,DL005,2018-12-31 08:00:00,159.5,550.25,100.92,41.1,104.15,66.95,2.82,14.12,4.8,,,,551.0,Severe
251528,DL005,2018-12-31 09:00:00,200.25,720.25,98.15,57.3,110.23,76.3,2.85,12.05,4.4,,,,547.0,Severe
251529,DL005,2018-12-31 10:00:00,203.5,717.5,29.5,106.88,80.7,89.3,2.15,12.5,4.5,,,,535.0,Severe
251530,DL005,2018-12-31 11:00:00,174.5,641.5,8.33,43.05,29.67,84.77,1.65,21.0,12.2,,,,529.0,Severe
251531,DL005,2018-12-31 12:00:00,139.75,528.5,5.3,28.78,19.65,79.15,1.42,25.75,33.25,,,,528.0,Severe
251532,DL005,2018-12-31 13:00:00,116.5,431.75,2.55,18.5,11.9,69.42,1.05,22.7,67.32,,,,526.0,Severe
251533,DL005,2018-12-31 14:00:00,99.25,346.75,1.37,15.3,9.25,62.5,0.97,20.05,92.35,,,,524.0,Severe
251534,DL005,2018-12-31 15:00:00,82.0,278.75,1.3,9.05,5.9,47.88,0.7,19.68,89.97,,,,517.0,Severe
251535,DL005,2018-12-31 16:00:00,65.0,221.75,0.88,12.27,7.23,49.65,0.7,18.27,83.33,,,,502.0,Severe
251536,DL005,2018-12-31 17:00:00,69.25,257.5,1.05,26.3,14.83,55.35,0.9,17.47,64.35,,,,502.0,Severe
251537,DL005,2018-12-31 18:00:00,78.75,308.75,17.22,70.43,51.53,61.92,1.5,16.97,20.87,,,,503.0,Severe
251538,DL005,2018-12-31 19:00:00,105.5,446.0,67.05,99.65,107.43,67.53,2.65,16.9,3.67,,,,506.0,Severe
251539,DL005,2018-12-31 20:00:00,134.0,572.0,87.75,90.08,119.78,62.22,2.88,17.75,3.7,,,,499.0,Severe
251540,DL005,2018-12-31 21:00:00,139.0,560.0,143.02,84.52,161.2,67.77,4.38,21.18,4.2,,,,483.0,Severe
251541,DL005,2018-12-31 22:00:00,197.0,796.0,27.7,72.88,61.28,66.02,2.07,17.32,3.43,,,,480.0,Severe
251542,DL005,2018-12-31 23:00:00,134.0,482.0,52.48,71.47,80.33,63.82,2.35,17.77,3.68,,,,479.0,Severe
251543,DL005,2019-01-01 00:00:00,150.0,632.0,24.17,67.42,55.55,68.93,1.85,15.67,3.07,,,,487.0,Severe
251544,DL005,2019-01-01 01:00:00,128.0,477.0,38.72,48.42,57.45,70.95,2.03,12.5,2.85,,,,478.0,Severe
251545,DL005,2019-01-01 02:00:00,138.0,477.0,26.8,46.43,46.68,71.08,1.85,11.38,4.6,,,,471.0,Severe
251546,DL005,2019-01-01 03:00:00,123.0,410.0,59.8,44.1,72.3,67.5,,10.8,3.05,,,,467.0,Severe
251547,DL005,2019-01-01 04:00:00,125.0,449.0,58.65,47.08,72.85,67.42,1.9,13.65,3.6,,,,468.0,Severe
251548,DL005,2019-01-01 05:00:00,130.0,484.0,73.25,40.43,81.2,65.6,1.82,20.97,3.25,,,,471.0,Severe
251549,DL005,2019-01-01 06:00:00,138.0,505.0,99.33,38.7,101.55,63.15,1.85,21.88,3.27,,,,475.0,Severe
251550,DL005,2019-01-01 07:00:00,141.0,515.0,153.32,36.05,144.35,68.48,2.12,20.8,3.3,,,,478.0,Severe
251551,DL005,2019-01-01 08:00:00,158.0,628.0,136.17,38.37,126.95,82.62,2.78,17.17,4.48,,,,482.0,Severe
251552,DL005,2019-01-01 09:00:00,208.0,762.0,69.03,69.25,93.07,89.05,2.25,11.5,4.25,,,,484.0,Severe
251553,DL005,2019-01-01 10:00:00,185.0,639.0,51.17,93.98,91.75,88.52,2.45,12.33,4.62,,,,480.0,Severe
251554,DL005,2019-01-01 11:00:00,171.0,652.0,16.88,54.3,42.63,85.4,1.67,14.05,12.45,,,,480.0,Severe
251555,DL005,2019-01-01 12:00:00,136.0,469.0,6.9,29.8,21.47,80.53,1.4,18.25,36.42,,,,477.0,Severe
251556,DL005,2019-01-01 13:00:00,113.0,422.0,3.22,19.03,12.75,73.6,1.12,17.4,74.88,,,,477.0,Severe
251557,DL005,2019-01-01 14:00:00,91.0,343.0,1.15,14.4,8.58,69.02,1.0,19.02,92.73,,,,476.0,Severe
251558,DL005,2019-01-01 15:00:00,89.0,324.0,1.3,12.4,7.67,67.6,0.9,27.9,102.72,,,,479.0,Severe
251559,DL005,2019-01-01 16:00:00,101.0,382.0,0.97,13.38,7.88,67.42,1.2,24.33,112.13,,,,487.0,Severe
251560,DL005,2019-01-01 17:00:00,100.0,371.0,1.35,21.2,12.4,70.9,1.42,21.97,96.95,,,,493.0,Severe
251561,DL005,2019-01-01 18:00:00,91.0,328.0,2.28,60.27,33.93,68.92,2.05,17.97,36.55,,,,494.0,Severe
251562,DL005,2019-01-01 19:00:00,122.0,589.0,46.95,109.1,96.15,78.82,4.05,15.7,5.77,,,,501.0,Severe
251563,DL005,2019-01-01 20:00:00,213.0,,80.38,103.65,120.48,84.52,5.25,15.58,7.45,,,,498.0,Severe
251564,DL005,2019-01-01 21:00:00,232.0,,115.8,94.1,144.6,87.52,6.48,24.97,7.52,,,,495.0,Severe
251565,DL005,2019-01-01 22:00:00,293.0,,99.43,91.02,129.5,65.1,3.15,24.15,7.82,,,,478.0,Severe
251566,DL005,2019-01-01 23:00:00,193.0,727.0,101.77,92.7,132.35,68.6,4.03,26.5,7.5,,,,493.0,Severe
251567,DL005,2019-01-02 00:00:00,208.0,876.0,121.85,95.23,150.4,80.23,5.05,20.38,8.75,,,,507.0,Severe
251568,DL005,2019-01-02 01:00:00,217.0,943.0,142.85,84.18,161.22,89.37,5.33,18.12,11.28,,,,535.0,Severe
251569,DL005,2019-01-02 02:00:00,238.0,942.0,87.93,89.52,119.25,94.6,3.83,17.8,11.05,,,,562.0,Severe
251570,DL005,2019-01-02 03:00:00,239.0,917.0,43.3,62.7,68.5,78.4,,13.0,5.57,,,,593.0,Severe
251571,DL005,2019-01-02 04:00:00,197.0,686.0,28.7,65.1,58.03,80.25,2.12,13.62,4.02,,,,607.0,Severe
251572,DL005,2019-01-02 05:00:00,158.0,577.0,20.97,58.22,48.07,73.23,1.82,20.03,4.08,,,,612.0,Severe
251573,DL005,2019-01-02 06:00:00,143.0,543.0,15.52,57.9,43.52,72.37,1.82,20.2,3.93,,,,615.0,Severe
251574,DL005,2019-01-02 07:00:00,139.0,542.0,21.8,54.07,46.55,74.35,1.92,19.28,4.23,,,,616.0,Severe
251575,DL005,2019-01-02 08:00:00,144.0,560.0,23.2,54.85,48.2,83.02,2.32,18.1,4.85,,,,612.0,Severe
251576,DL005,2019-01-02 09:00:00,162.0,681.0,27.1,62.2,55.23,91.6,2.72,15.25,5.77,,,,607.0,Severe
251577,DL005,2019-01-02 10:00:00,186.0,740.0,21.92,70.67,55.5,93.17,2.68,19.93,13.15,,,,613.0,Severe
251578,DL005,2019-01-02 11:00:00,201.0,775.0,20.8,116.95,79.23,96.57,2.62,31.18,29.82,,,,621.0,Severe
251579,DL005,2019-01-02 12:00:00,188.0,777.0,11.45,96.77,60.87,83.68,1.95,31.35,39.22,,,,639.0,Severe
251580,DL005,2019-01-02 13:00:00,145.0,552.0,5.33,56.32,34.33,71.95,1.35,22.7,69.3,,,,647.0,Severe
251581,DL005,2019-01-02 14:00:00,101.0,396.0,3.5,40.93,24.6,69.9,1.23,22.4,107.77,,,,650.0,Severe
251582,DL005,2019-01-02 15:00:00,90.0,346.0,2.12,35.5,20.6,69.02,1.2,25.43,131.48,,,,651.0,Severe
251583,DL005,2019-01-02 16:00:00,92.0,370.0,1.0,29.28,16.38,67.47,1.15,26.5,129.2,,,,650.0,Severe
251584,DL005,2019-01-02 17:00:00,107.0,445.0,1.5,40.93,22.97,69.02,1.23,23.1,85.12,,,,655.0,Severe
251585,DL005,2019-01-02 18:00:00,162.0,383.0,2.72,85.75,47.85,75.15,1.62,21.05,20.05,,,,658.0,Severe
251586,DL005,2019-01-02 19:00:00,240.0,455.0,44.45,99.17,88.73,83.8,3.65,19.22,12.65,,,,650.0,Severe
251587,DL005,2019-01-02 20:00:00,520.0,882.0,105.67,129.32,155.47,102.0,6.58,20.4,9.58,,,,664.0,Severe
251588,DL005,2019-01-02 21:00:00,804.0,,114.95,115.5,154.32,85.55,4.47,22.25,7.45,,,,664.0,Severe
251589,DL005,2019-01-02 22:00:00,703.0,,206.28,93.2,217.73,90.17,6.68,22.72,8.37,,,,664.0,Severe
251590,DL005,2019-01-02 23:00:00,624.0,,318.62,80.23,302.6,84.57,7.08,23.3,7.73,,,,659.0,Severe
251591,DL005,2019-01-03 00:00:00,373.0,,134.0,70.97,146.98,80.15,3.55,16.73,4.45,,,,644.0,Severe
251592,DL005,2019-01-03 01:00:00,206.0,668.0,87.35,55.05,100.43,84.82,3.02,10.35,4.05,,,,627.0,Severe
251593,DL005,2019-01-03 02:00:00,205.0,654.0,67.83,46.9,80.3,83.18,2.7,8.95,6.05,,,,609.0,Severe
251594,DL005,2019-01-03 03:00:00,162.0,531.0,34.5,52.7,56.1,82.2,,8.2,3.48,,,,585.0,Severe
251595,DL005,2019-01-03 04:00:00,139.0,490.0,23.85,48.98,45.48,85.83,2.1,9.85,2.93,,,,573.0,Severe
251596,DL005,2019-01-03 05:00:00,123.0,470.0,16.0,40.8,35.45,80.48,1.9,16.28,3.28,,,,566.0,Severe
251597,DL005,2019-01-03 06:00:00,144.0,526.0,22.62,34.33,36.7,78.05,1.82,17.87,3.15,,,,565.0,Severe
251598,DL005,2019-01-03 07:00:00,134.0,509.0,27.88,31.97,39.88,71.52,2.12,19.65,3.32,,,,563.0,Severe
251599,DL005,2019-01-03 08:00:00,138.0,448.0,20.53,32.38,33.9,71.02,2.0,15.85,3.48,,,,556.0,Severe
251600,DL005,2019-01-03 09:00:00,133.0,417.0,22.35,33.25,35.95,77.83,1.92,10.28,3.9,,,,540.0,Severe
251601,DL005,2019-01-03 10:00:00,136.0,462.0,19.28,40.02,37.1,80.15,2.28,10.75,4.22,,,,522.0,Severe
251602,DL005,2019-01-03 11:00:00,136.0,453.0,26.37,48.12,47.12,81.28,2.45,10.33,4.8,,,,502.0,Severe
251603,DL005,2019-01-03 12:00:00,155.0,577.0,16.55,57.88,44.35,80.9,2.2,12.1,8.05,,,,490.0,Severe
251604,DL005,2019-01-03 13:00:00,147.0,637.0,5.3,27.92,19.18,76.77,1.78,25.38,23.28,,,,495.0,Severe
251605,DL005,2019-01-03 14:00:00,138.0,615.0,3.23,23.78,15.3,69.1,1.47,28.47,40.98,,,,509.0,Severe
251606,DL005,2019-01-03 15:00:00,105.0,432.0,2.4,18.88,12.0,64.73,1.18,23.25,70.3,,,,514.0,Severe
251607,DL005,2019-01-03 16:00:00,89.0,323.0,1.7,18.4,11.15,,1.18,23.1,85.63,,,,511.0,Severe
251608,DL005,2019-01-03 17:00:00,85.5,329.75,50.7,68.05,75.55,,1.4,19.7,60.22,,,,504.0,Severe
251609,DL005,2019-01-03 18:00:00,106.0,407.75,21.25,45.15,42.05,77.75,1.77,13.95,44.9,,,,505.0,Severe
251610,DL005,2019-01-03 19:00:00,130.25,500.5,27.42,94.5,71.13,77.25,2.57,12.4,6.43,,,,508.0,Severe
251611,DL005,2019-01-03 20:00:00,139.75,546.25,8.43,75.22,46.85,72.9,2.25,11.22,5.95,,,,487.0,Severe
251612,DL005,2019-01-03 21:00:00,146.5,549.25,9.88,56.02,37.9,69.95,2.38,19.78,4.82,,,,490.0,Severe
251613,DL005,2019-01-03 22:00:00,170.5,651.5,11.7,45.85,33.93,70.88,2.02,18.95,4.07,,,,499.0,Severe
251614,DL005,2019-01-03 23:00:00,169.5,638.0,14.17,40.85,33.3,64.05,2.05,17.85,3.6,,,,506.0,Severe
251615,DL005,2019-01-04 00:00:00,147.75,528.25,10.15,35.0,26.9,58.38,1.97,19.72,3.43,,,,506.0,Severe
251616,DL005,2019-01-04 01:00:00,131.0,463.5,25.2,29.15,36.05,60.25,2.02,13.45,2.6,,,,496.0,Severe
251617,DL005,2019-01-04 02:00:00,127.25,438.25,3.45,26.93,17.1,59.7,1.92,12.82,8.4,,,,485.0,Severe
251618,DL005,2019-01-04 03:00:00,116.75,383.5,,,,,,9.4,14.72,,,,477.0,Severe
251619,DL005,2019-01-04 04:00:00,87.25,283.25,0.85,16.8,9.67,56.75,1.45,10.58,18.15,,,,466.0,Severe
251620,DL005,2019-01-04 05:00:00,74.0,237.75,1.42,12.15,7.65,50.95,1.32,14.42,17.48,,,,454.0,Severe
251621,DL005,2019-01-04 06:00:00,76.25,240.5,1.5,11.5,7.37,48.5,1.23,18.57,15.53,,,,439.0,Severe
251622,DL005,2019-01-04 07:00:00,74.0,259.25,1.78,12.38,8.03,48.43,1.25,19.78,16.93,,,,426.0,Severe
251623,DL005,2019-01-04 08:00:00,73.5,252.0,2.4,13.45,9.15,47.6,1.3,20.22,17.43,,,,416.0,Severe
251624,DL005,2019-01-04 09:00:00,72.0,238.75,2.45,17.55,11.35,52.88,1.27,12.42,15.7,,,,407.0,Severe
251625,DL005,2019-01-04 10:00:00,72.25,247.25,4.18,19.47,13.73,56.62,1.32,11.48,14.88,,,,395.0,Very Poor
251626,DL005,2019-01-04 11:00:00,96.75,261.25,5.3,25.85,18.02,62.03,1.28,10.03,14.35,,,,385.0,Very Poor
251627,DL005,2019-01-04 12:00:00,177.5,274.5,5.2,17.65,13.6,58.83,1.25,12.7,18.6,,,,370.0,Very Poor
251628,DL005,2019-01-04 13:00:00,206.0,271.25,3.88,16.43,11.85,56.52,1.32,14.62,28.32,,,,351.0,Very Poor
251629,DL005,2019-01-04 14:00:00,206.0,313.25,2.83,21.98,13.98,50.73,1.18,24.85,36.45,,,,335.0,Very Poor
251630,DL005,2019-01-04 15:00:00,241.0,457.25,2.8,28.9,17.62,49.35,1.25,20.62,42.65,,,,336.0,Very Poor
251631,DL005,2019-01-04 16:00:00,245.5,391.0,3.78,47.23,28.18,,1.65,19.25,0.5,,,,340.0,Very Poor
251632,DL005,2019-01-04 17:00:00,254.5,396.25,3.0,80.95,45.45,,1.5,17.72,1.65,,,,343.0,Very Poor
251633,DL005,2019-01-04 18:00:00,251.25,350.75,,,,86.75,1.65,12.83,3.15,,,,340.0,Very Poor
251634,DL005,2019-01-04 19:00:00,313.0,428.75,53.9,80.4,86.6,61.45,2.4,11.7,4.75,,,,337.0,Very Poor
251635,DL005,2019-01-04 20:00:00,419.75,583.5,55.98,84.4,90.62,49.0,3.02,12.5,3.45,,,,338.0,Very Poor
251636,DL005,2019-01-04 21:00:00,467.5,649.75,79.88,76.0,105.45,43.6,3.55,14.32,3.72,,,,345.0,Very Poor
251637,DL005,2019-01-04 22:00:00,528.75,691.0,68.23,73.0,94.53,50.18,4.15,15.9,3.55,,,,356.0,Very Poor
251638,DL005,2019-01-04 23:00:00,597.75,580.0,12.77,66.85,45.9,41.27,2.47,24.67,3.55,,,,370.0,Very Poor
251639,DL005,2019-01-05 00:00:00,431.25,605.0,76.6,59.82,94.2,40.57,3.27,16.62,3.5,,,,379.0,Very Poor
251640,DL005,2019-01-05 01:00:00,433.75,663.75,73.13,57.7,90.33,50.12,3.0,15.4,3.85,,,,389.0,Very Poor
251641,DL005,2019-01-05 02:00:00,412.5,606.5,70.22,55.0,86.57,58.55,2.62,14.0,3.6,,,,398.0,Very Poor
251642,DL005,2019-01-05 03:00:00,372.0,560.0,12.6,65.7,45.2,54.0,,15.0,3.27,,,,406.0,Severe
251643,DL005,2019-01-05 04:00:00,321.25,482.0,11.12,57.17,39.28,53.53,1.9,14.85,3.3,,,,413.0,Severe
251644,DL005,2019-01-05 05:00:00,302.0,435.75,12.75,48.35,35.82,49.28,1.97,13.85,3.6,,,,421.0,Severe
251645,DL005,2019-01-05 06:00:00,302.25,442.25,13.77,45.7,35.4,47.78,2.12,15.67,3.57,,,,428.0,Severe
251646,DL005,2019-01-05 07:00:00,318.0,467.25,17.05,41.82,36.15,48.23,2.18,16.2,3.47,,,,436.0,Severe
251647,DL005,2019-01-05 08:00:00,329.0,475.5,25.7,42.7,43.65,49.52,2.5,13.18,3.57,,,,444.0,Severe
251648,DL005,2019-01-05 09:00:00,386.5,538.75,32.43,45.03,50.45,53.82,2.62,12.07,3.55,,,,454.0,Severe
251649,DL005,2019-01-05 10:00:00,395.0,520.5,36.9,70.58,67.63,60.83,2.95,12.42,3.65,,,,464.0,Severe
251650,DL005,2019-01-05 11:00:00,460.25,606.0,20.72,82.08,60.62,66.68,2.98,14.72,3.7,,,,477.0,Severe
251651,DL005,2019-01-05 12:00:00,445.0,605.5,9.6,62.12,41.2,58.4,1.7,14.25,3.67,,,,494.0,Severe
251652,DL005,2019-01-05 13:00:00,211.5,388.0,4.5,42.82,26.4,42.2,1.03,13.8,3.8,,,,500.0,Severe
251653,DL005,2019-01-05 14:00:00,109.25,300.25,3.35,36.9,22.32,33.7,0.83,15.02,3.75,,,,499.0,Severe
251654,DL005,2019-01-05 15:00:00,100.25,275.5,2.95,37.75,22.5,33.72,0.9,17.23,3.32,,,,490.0,Severe
251655,DL005,2019-01-05 16:00:00,116.0,266.0,1.72,38.0,21.63,34.4,1.03,17.8,3.75,,,,483.0,Severe
251656,DL005,2019-01-05 17:00:00,121.75,288.0,1.13,41.73,23.1,38.72,1.15,16.47,3.57,,,,478.0,Severe
251657,DL005,2019-01-05 18:00:00,150.0,338.5,0.67,58.82,30.83,45.23,1.43,15.0,3.83,,,,477.0,Severe
251658,DL005,2019-01-05 19:00:00,210.5,446.25,2.17,77.2,42.85,50.83,2.07,14.22,3.85,,,,478.0,Severe
251659,DL005,2019-01-05 20:00:00,333.0,623.75,12.18,86.0,55.7,57.3,2.6,15.1,3.52,,,,480.0,Severe
251660,DL005,2019-01-05 21:00:00,437.25,716.0,10.4,79.43,50.73,52.88,2.67,16.28,3.62,,,,483.0,Severe
251661,DL005,2019-01-05 22:00:00,395.25,639.5,14.88,77.12,53.12,53.38,2.62,18.4,3.5,,,,481.0,Severe
251662,DL005,2019-01-05 23:00:00,399.25,610.75,21.35,74.12,56.82,51.85,2.6,16.9,3.68,,,,482.0,Severe
251663,DL005,2019-01-06 00:00:00,376.5,581.5,27.35,77.5,63.5,52.28,3.13,22.35,3.98,,,,481.0,Severe
251664,DL005,2019-01-06 01:00:00,407.5,615.5,28.03,81.93,66.4,56.6,2.48,20.82,3.72,,,,479.0,Severe
251665,DL005,2019-01-06 02:00:00,375.25,543.25,15.55,75.42,52.78,62.68,2.03,16.18,3.95,,,,475.0,Severe
251666,DL005,2019-01-06 03:00:00,325.5,451.75,1.4,65.0,35.7,49.5,,13.6,3.6,,,,470.0,Severe
251667,DL005,2019-01-06 04:00:00,287.75,403.75,1.32,50.85,28.13,50.23,1.58,16.08,3.52,,,,466.0,Severe
251668,DL005,2019-01-06 05:00:00,256.75,358.25,0.75,33.83,18.6,46.15,1.15,15.97,3.67,,,,462.0,Severe
251669,DL005,2019-01-06 06:00:00,175.0,239.75,0.5,22.15,12.15,40.8,0.85,12.83,3.5,,,,451.0,Severe
251670,DL005,2019-01-06 07:00:00,111.75,140.5,0.4,19.45,10.68,41.05,0.72,15.7,3.1,,,,434.0,Severe
251671,DL005,2019-01-06 08:00:00,86.75,109.0,0.6,20.8,11.55,43.15,0.8,14.75,3.8,,,,422.0,Severe
251672,DL005,2019-01-06 09:00:00,99.0,121.5,1.23,23.95,13.75,47.5,0.85,13.53,3.3,,,,412.0,Severe
251673,DL005,2019-01-06 10:00:00,119.0,146.25,2.15,34.1,19.9,53.55,1.18,12.78,3.73,,,,404.0,Severe
251674,DL005,2019-01-06 11:00:00,147.5,198.75,3.0,34.07,20.55,53.28,1.15,14.08,3.65,,,,394.0,Very Poor
251675,DL005,2019-01-06 12:00:00,154.75,213.0,2.35,28.72,17.17,49.77,0.95,13.27,3.65,,,,384.0,Very Poor
251676,DL005,2019-01-06 13:00:00,126.0,159.0,1.47,21.03,12.38,43.25,0.78,13.2,3.58,,,,381.0,Very Poor
251677,DL005,2019-01-06 14:00:00,93.5,129.25,1.25,18.58,10.85,36.6,0.75,15.13,3.7,,,,381.0,Very Poor
251678,DL005,2019-01-06 15:00:00,91.5,129.5,0.85,19.93,11.35,34.62,0.8,14.53,3.65,,,,381.0,Very Poor
251679,DL005,2019-01-06 16:00:00,104.75,152.75,0.6,19.45,10.83,33.07,0.83,14.2,3.55,,,,380.0,Very Poor
251680,DL005,2019-01-06 17:00:00,91.5,151.75,0.92,31.12,17.3,33.73,0.87,14.15,3.38,,,,379.0,Very Poor
251681,DL005,2019-01-06 18:00:00,86.25,169.75,0.88,43.35,23.72,39.35,1.03,12.5,3.45,,,,377.0,Very Poor
251682,DL005,2019-01-06 19:00:00,113.0,186.5,1.82,58.4,32.52,43.65,1.32,12.67,3.65,,,,374.0,Very Poor
251683,DL005,2019-01-06 20:00:00,159.75,247.25,10.0,63.2,42.0,46.38,1.62,13.2,3.57,,,,369.0,Very Poor
251684,DL005,2019-01-06 21:00:00,224.0,323.75,19.23,58.43,46.75,49.0,1.53,13.53,3.5,,,,362.0,Very Poor
251685,DL005,2019-01-06 22:00:00,269.75,374.0,8.25,50.4,33.53,41.32,1.5,14.32,3.35,,,,358.0,Very Poor
251686,DL005,2019-01-06 23:00:00,197.25,294.75,4.12,43.23,26.38,41.65,1.32,14.57,3.72,,,,351.0,Very Poor
251687,DL005,2019-01-07 00:00:00,190.25,274.0,5.78,40.02,26.0,39.15,1.3,16.35,3.57,,,,345.0,Very Poor
251688,DL005,2019-01-07 01:00:00,193.25,275.75,7.12,34.6,24.2,40.33,1.22,15.25,3.95,,,,338.0,Very Poor
251689,DL005,2019-01-07 02:00:00,192.0,273.5,6.3,31.5,21.9,45.6,1.1,13.4,3.7,,,,333.0,Very Poor
251690,DL005,2019-01-07 03:00:00,191.0,272.0,7.3,41.0,27.8,39.6,,10.0,3.6,,,,328.0,Very Poor
251691,DL005,2019-01-07 04:00:00,174.5,246.0,9.22,36.12,26.77,38.05,1.08,10.18,3.88,,,,325.0,Very Poor
251692,DL005,2019-01-07 05:00:00,167.0,237.25,10.18,31.65,25.15,37.03,1.05,12.38,3.65,,,,322.0,Very Poor
251693,DL005,2019-01-07 06:00:00,180.5,273.5,9.07,26.45,21.48,34.95,1.1,11.9,3.7,,,,322.0,Very Poor
251694,DL005,2019-01-07 07:00:00,160.0,237.75,10.18,23.85,20.98,32.08,1.18,14.47,3.43,,,,323.0,Very Poor
251695,DL005,2019-01-07 08:00:00,156.0,231.75,42.62,20.65,45.52,33.4,1.45,16.52,3.5,,,,326.0,Very Poor
251696,DL005,2019-01-07 09:00:00,200.25,265.75,23.45,21.73,30.68,33.92,1.45,14.0,3.62,,,,329.0,Very Poor
251697,DL005,2019-01-07 10:00:00,179.25,233.5,18.67,22.55,27.25,38.7,1.35,11.93,3.65,,,,331.0,Very Poor
251698,DL005,2019-01-07 11:00:00,184.75,279.5,14.32,30.47,27.88,44.75,1.32,12.65,3.78,,,,332.0,Very Poor
251699,DL005,2019-01-07 12:00:00,227.75,358.25,8.95,35.35,26.1,47.92,1.2,14.12,3.6,,,,334.0,Very Poor
251700,DL005,2019-01-07 13:00:00,299.5,386.0,5.22,34.73,22.7,50.95,1.25,18.27,4.08,,,,340.0,Very Poor
251701,DL005,2019-01-07 14:00:00,297.75,359.0,2.53,25.27,15.47,37.8,0.95,21.6,3.85,,,,347.0,Very Poor
251702,DL005,2019-01-07 15:00:00,169.0,242.25,1.65,23.85,14.03,35.65,0.83,21.6,3.73,,,,349.0,Very Poor
251703,DL005,2019-01-07 16:00:00,134.0,213.5,1.12,23.83,13.62,33.35,0.85,21.98,3.45,,,,350.0,Very Poor
251704,DL005,2019-01-07 17:00:00,127.0,206.5,0.93,27.98,15.68,34.45,0.9,17.58,3.75,,,,351.0,Very Poor
251705,DL005,2019-01-07 18:00:00,131.0,223.75,2.48,66.75,37.5,41.73,1.23,12.43,3.33,,,,353.0,Very Poor
251706,DL005,2019-01-07 19:00:00,167.75,299.25,34.62,85.22,73.62,44.92,2.05,11.8,3.67,,,,354.0,Very Poor
251707,DL005,2019-01-07 20:00:00,241.75,411.25,43.92,80.22,78.42,46.62,2.58,12.72,4.5,,102.6,,357.0,Very Poor
251708,DL005,2019-01-07 21:00:00,331.75,498.5,46.4,79.03,79.88,47.73,2.8,15.2,3.92,,151.75,,360.0,Very Poor
251709,DL005,2019-01-07 22:00:00,336.25,486.25,27.43,62.33,55.5,40.95,2.05,14.35,3.48,,119.8,,362.0,Very Poor
251710,DL005,2019-01-07 23:00:00,255.0,383.0,20.32,51.48,43.95,39.88,1.62,17.05,3.12,,,,364.0,Very Poor
251711,DL005,2019-01-08 00:00:00,221.5,317.0,16.5,42.83,36.2,38.65,1.38,15.15,3.2,,,,365.0,Very Poor
251712,DL005,2019-01-08 01:00:00,181.25,260.5,9.2,31.77,24.35,37.6,1.15,14.8,3.33,,,,365.0,Very Poor
251713,DL005,2019-01-08 02:00:00,171.25,226.0,4.75,31.83,20.8,42.98,1.02,13.07,5.3,,,,364.0,Very Poor
251714,DL005,2019-01-08 03:00:00,164.0,222.5,4.0,30.2,19.3,41.1,,12.2,4.38,,,,363.0,Very Poor
251715,DL005,2019-01-08 04:00:00,162.25,219.0,4.28,28.55,18.7,42.62,1.0,12.62,3.42,,,,363.0,Very Poor
251716,DL005,2019-01-08 05:00:00,182.75,249.5,7.78,29.17,21.88,44.05,1.1,13.82,3.08,,,,364.0,Very Poor
251717,DL005,2019-01-08 06:00:00,200.75,277.0,6.85,27.4,20.17,37.73,1.2,17.58,3.67,,,,364.0,Very Poor
251718,DL005,2019-01-08 07:00:00,182.0,269.25,10.98,25.27,22.42,33.42,1.23,19.2,3.33,,,,365.0,Very Poor
251719,DL005,2019-01-08 08:00:00,189.5,271.75,19.18,25.0,28.98,37.98,1.43,18.45,3.3,,,,366.0,Very Poor
251720,DL005,2019-01-08 09:00:00,250.0,337.0,26.55,27.8,36.45,42.2,1.73,15.97,3.48,,,,368.0,Very Poor
251721,DL005,2019-01-08 10:00:00,261.5,353.0,14.15,39.73,32.67,44.2,1.32,14.95,6.32,,,,370.0,Very Poor
251722,DL005,2019-01-08 11:00:00,203.0,266.75,5.57,36.2,23.8,45.85,1.08,15.77,17.32,,,,371.0,Very Poor
251723,DL005,2019-01-08 12:00:00,198.0,262.5,2.53,21.95,13.73,40.55,0.88,14.65,31.8,,,,370.0,Very Poor
251724,DL005,2019-01-08 13:00:00,120.5,215.5,1.48,17.9,10.73,37.67,0.72,13.53,46.75,,,,364.0,Very Poor
251725,DL005,2019-01-08 14:00:00,92.25,141.5,1.27,16.62,9.88,33.52,0.72,14.88,56.45,,,,358.0,Very Poor
251726,DL005,2019-01-08 15:00:00,83.0,163.0,0.97,15.53,9.07,32.18,0.7,14.65,62.33,,,,355.0,Very Poor
251727,DL005,2019-01-08 16:00:00,76.75,148.0,0.93,16.88,9.75,30.95,0.7,16.75,66.4,,,,353.0,Very Poor
251728,DL005,2019-01-08 17:00:00,77.25,150.25,1.1,25.55,14.5,31.5,0.72,22.68,49.12,,,,351.0,Very Poor
251729,DL005,2019-01-08 18:00:00,114.5,184.0,1.4,43.73,24.38,36.67,0.98,20.7,26.98,,,,351.0,Very Poor
251730,DL005,2019-01-08 19:00:00,149.0,285.0,7.33,72.6,44.53,40.65,1.48,16.75,5.95,,,,350.0,Very Poor
251731,DL005,2019-01-08 20:00:00,218.75,326.25,40.08,73.22,71.65,47.17,2.02,13.82,3.55,,,,349.0,Very Poor
251732,DL005,2019-01-08 21:00:00,280.75,427.5,20.25,67.3,52.3,47.7,1.62,16.1,3.35,,,,348.0,Very Poor
251733,DL005,2019-01-08 22:00:00,248.75,357.25,13.12,55.05,40.0,42.95,1.68,16.65,4.15,,,,345.0,Very Poor
251734,DL005,2019-01-08 23:00:00,273.75,368.5,11.1,47.38,34.25,46.35,1.68,17.65,3.92,,,,346.0,Very Poor
251735,DL005,2019-01-09 00:00:00,304.0,427.25,19.05,45.5,39.75,46.27,1.83,18.22,3.38,,,,348.0,Very Poor
251736,DL005,2019-01-09 01:00:00,291.5,412.75,5.95,41.58,26.95,44.22,1.67,19.57,4.0,,,,352.0,Very Poor
251737,DL005,2019-01-09 02:00:00,257.75,347.75,1.73,33.8,19.4,43.45,1.35,14.38,10.6,,,,355.0,Very Poor
251738,DL005,2019-01-09 03:00:00,211.75,283.25,0.9,33.5,18.6,42.8,,11.5,8.75,,,,356.0,Very Poor
251739,DL005,2019-01-09 04:00:00,213.75,279.0,2.23,32.05,18.82,43.72,1.2,11.53,5.6,,,,358.0,Very Poor
251740,DL005,2019-01-09 05:00:00,259.25,344.0,3.27,31.82,19.6,46.4,1.2,12.08,4.8,,,,360.0,Very Poor
251741,DL005,2019-01-09 06:00:00,271.5,372.5,4.08,32.88,20.8,37.88,1.23,12.88,5.03,,,,362.0,Very Poor
251742,DL005,2019-01-09 07:00:00,211.75,298.25,8.57,31.65,23.85,32.98,1.25,17.27,4.0,,,,363.0,Very Poor
251743,DL005,2019-01-09 08:00:00,198.0,277.0,8.72,31.68,23.95,31.77,1.32,18.45,4.45,,,,364.0,Very Poor
251744,DL005,2019-01-09 09:00:00,208.5,289.25,13.25,34.9,29.43,32.05,1.67,15.38,5.67,,,,362.0,Very Poor
251745,DL005,2019-01-09 10:00:00,229.75,311.25,8.62,40.25,28.42,34.73,1.15,15.1,14.32,,,,361.0,Very Poor
251746,DL005,2019-01-09 11:00:00,160.75,229.75,3.0,25.27,15.9,33.97,0.85,15.47,34.27,,,,360.0,Very Poor
251747,DL005,2019-01-09 12:00:00,120.25,198.5,1.75,21.77,13.0,33.78,0.75,15.03,52.28,,,,357.0,Very Poor
251748,DL005,2019-01-09 13:00:00,96.25,202.25,1.45,21.23,12.48,33.55,0.7,12.85,67.85,,,,357.0,Very Poor
251749,DL005,2019-01-09 14:00:00,83.0,209.75,0.85,19.62,11.15,29.93,0.7,13.8,76.5,,,,356.0,Very Poor
251750,DL005,2019-01-09 15:00:00,73.25,179.0,0.67,17.27,9.72,28.02,0.7,14.47,81.75,,,,356.0,Very Poor
251751,DL005,2019-01-09 16:00:00,62.0,157.5,0.72,17.95,10.12,27.32,0.7,15.57,79.03,,,,356.0,Very Poor
251752,DL005,2019-01-09 17:00:00,63.25,152.5,0.85,22.35,12.57,27.48,0.78,15.03,65.27,,,,355.0,Very Poor
251753,DL005,2019-01-09 18:00:00,78.75,179.75,0.77,43.33,23.65,33.95,1.02,15.43,35.73,,,,354.0,Very Poor
251754,DL005,2019-01-09 19:00:00,139.5,241.25,4.53,72.35,42.2,41.38,1.52,14.18,6.48,,,,354.0,Very Poor
251755,DL005,2019-01-09 20:00:00,251.75,368.75,21.07,72.53,55.75,49.92,2.15,18.45,7.65,,,,355.0,Very Poor
251756,DL005,2019-01-09 21:00:00,352.75,484.0,34.3,65.65,62.88,50.23,2.38,28.98,4.32,,,,357.0,Very Poor
251757,DL005,2019-01-09 22:00:00,322.25,459.75,34.73,59.2,59.78,39.92,2.22,30.1,3.65,,,,359.0,Very Poor
251758,DL005,2019-01-09 23:00:00,277.25,408.75,36.73,53.6,58.35,38.62,1.97,31.88,3.38,,,,360.0,Very Poor
251759,DL005,2019-01-10 00:00:00,240.25,352.5,27.15,47.67,47.5,36.9,1.73,31.6,3.27,,,,358.0,Very Poor
251760,DL005,2019-01-10 01:00:00,209.25,297.0,12.18,44.9,33.8,35.75,1.5,27.55,3.62,,,,355.0,Very Poor
251761,DL005,2019-01-10 02:00:00,196.5,260.75,4.28,40.68,25.12,41.25,1.3,19.62,6.25,,,,353.0,Very Poor
251762,DL005,2019-01-10 03:00:00,226.5,289.75,5.1,42.0,26.5,42.5,,13.2,3.7,,,,353.0,Very Poor
251763,DL005,2019-01-10 04:00:00,210.0,277.75,3.05,36.5,21.88,39.2,1.15,13.25,5.58,,,,353.0,Very Poor
251764,DL005,2019-01-10 05:00:00,175.0,219.5,3.22,36.27,21.92,35.15,1.2,15.25,5.42,,,,351.0,Very Poor
251765,DL005,2019-01-10 06:00:00,177.25,227.75,4.5,36.3,22.98,31.8,1.35,14.72,5.7,,,,348.0,Very Poor
251766,DL005,2019-01-10 07:00:00,178.5,236.0,5.03,34.35,22.38,29.55,1.35,17.52,5.75,,,,346.0,Very Poor
251767,DL005,2019-01-10 08:00:00,206.0,280.25,10.43,34.52,26.8,33.02,1.62,19.15,3.75,,,,347.0,Very Poor
251768,DL005,2019-01-10 09:00:00,268.0,368.25,16.9,40.17,35.2,36.83,1.9,19.55,5.5,,,,349.0,Very Poor
251769,DL005,2019-01-10 10:00:00,277.5,366.0,8.75,41.5,29.17,36.05,1.25,21.45,17.98,,,,350.0,Very Poor
251770,DL005,2019-01-10 11:00:00,201.0,272.0,3.25,26.38,16.7,37.12,1.02,18.38,36.83,,,,351.0,Very Poor
251771,DL005,2019-01-10 12:00:00,174.0,250.25,2.05,24.0,14.43,36.52,0.85,17.07,55.25,,,,353.0,Very Poor
251772,DL005,2019-01-10 13:00:00,146.5,220.5,1.45,23.4,13.65,37.12,0.7,18.2,71.98,,,,355.0,Very Poor
251773,DL005,2019-01-10 14:00:00,134.0,209.25,1.03,20.82,11.93,33.0,0.65,18.25,84.8,,,,356.0,Very Poor
251774,DL005,2019-01-10 15:00:00,91.0,174.25,0.7,16.4,9.3,26.9,0.5,18.93,88.82,,,,357.0,Very Poor
251775,DL005,2019-01-10 16:00:00,62.75,153.75,0.78,17.58,9.98,25.45,0.7,19.95,86.12,,,,357.0,Very Poor
251776,DL005,2019-01-10 17:00:00,69.5,146.75,0.55,22.38,12.35,29.1,0.68,17.15,78.3,,,,357.0,Very Poor
251777,DL005,2019-01-10 18:00:00,86.0,182.75,1.25,49.67,27.25,28.65,1.02,17.85,37.42,,,,357.0,Very Poor
251778,DL005,2019-01-10 19:00:00,155.0,320.25,5.52,79.85,47.02,36.12,1.62,20.15,7.3,,331.45,,358.0,Very Poor
251779,DL005,2019-01-10 20:00:00,268.75,491.25,55.55,86.3,91.22,41.1,2.8,20.0,3.35,,306.1,,359.0,Very Poor
251780,DL005,2019-01-10 21:00:00,389.0,635.75,172.9,84.93,186.25,55.5,5.2,19.45,4.32,,404.05,,360.0,Very Poor
251781,DL005,2019-01-10 22:00:00,682.25,995.0,260.42,73.38,251.05,66.35,7.28,20.77,4.05,,329.23,,371.0,Very Poor
251782,DL005,2019-01-10 23:00:00,818.0,909.0,156.5,62.65,160.55,54.65,4.47,23.97,4.03,,167.4,,389.0,Very Poor
251783,DL005,2019-01-11 00:00:00,592.25,865.75,145.43,52.8,146.62,47.65,4.03,22.98,4.6,,218.7,,400.0,Very Poor
251784,DL005,2019-01-11 01:00:00,492.0,769.0,177.35,45.62,168.8,51.0,6.33,21.8,4.97,,292.3,,409.0,Severe
251785,DL005,2019-01-11 02:00:00,558.5,807.75,111.55,52.85,119.15,53.18,4.15,20.82,6.15,,296.9,,420.0,Severe
251786,DL005,2019-01-11 03:00:00,417.0,621.0,66.1,58.7,85.1,53.5,,11.5,4.55,,284.62,,427.0,Severe
251787,DL005,2019-01-11 04:00:00,379.75,577.25,65.2,59.17,84.82,56.58,2.88,11.75,4.55,,227.38,,432.0,Severe
251788,DL005,2019-01-11 05:00:00,332.25,483.25,40.22,45.65,57.02,56.72,2.12,11.22,4.3,,220.72,,437.0,Severe
251789,DL005,2019-01-11 06:00:00,322.0,464.25,96.03,36.7,97.9,49.55,2.58,12.43,4.97,,306.3,,442.0,Severe
251790,DL005,2019-01-11 07:00:00,350.75,535.75,55.42,35.9,64.28,44.58,2.55,15.75,4.45,,233.82,,447.0,Severe
251791,DL005,2019-01-11 08:00:00,348.5,509.5,73.28,39.83,80.92,48.42,3.0,15.35,4.72,,171.43,,453.0,Severe
251792,DL005,2019-01-11 09:00:00,421.5,614.25,65.62,66.38,88.8,52.17,2.65,15.38,5.7,,154.03,,465.0,Severe
251793,DL005,2019-01-11 10:00:00,365.25,533.5,18.7,65.45,50.07,55.55,1.9,21.8,7.67,,107.6,,474.0,Severe
251794,DL005,2019-01-11 11:00:00,309.75,442.75,9.52,52.2,35.5,62.33,1.7,23.12,24.27,,,,483.0,Severe
251795,DL005,2019-01-11 12:00:00,303.75,439.5,4.25,39.23,24.35,61.38,1.52,22.98,53.88,,,,493.0,Severe
251796,DL005,2019-01-11 13:00:00,266.75,406.5,2.35,40.15,23.27,52.98,1.35,19.57,81.47,,135.4,,502.0,Severe
251797,DL005,2019-01-11 14:00:00,211.5,334.75,1.38,31.25,17.75,41.2,1.0,16.48,100.07,,,,509.0,Severe
251798,DL005,2019-01-11 15:00:00,141.25,250.75,0.95,25.05,14.1,32.35,0.9,16.5,101.85,,,,513.0,Severe
251799,DL005,2019-01-11 16:00:00,105.25,215.75,0.58,34.48,18.85,35.15,0.8,26.52,108.0,,,,516.0,Severe
251800,DL005,2019-01-11 17:00:00,136.25,301.0,0.65,39.55,21.58,39.35,1.02,25.67,131.35,,,,524.0,Severe
251801,DL005,2019-01-11 18:00:00,165.25,425.25,0.62,52.85,28.6,40.4,1.28,19.3,86.55,,,,537.0,Severe
251802,DL005,2019-01-11 19:00:00,287.25,590.75,88.03,151.97,153.52,59.18,3.23,20.9,7.82,,159.15,,551.0,Severe
251803,DL005,2019-01-11 20:00:00,536.25,857.5,67.78,136.77,129.05,57.92,3.5,20.7,3.88,,207.5,,570.0,Severe
251804,DL005,2019-01-11 21:00:00,566.5,688.0,236.78,133.72,264.35,89.65,7.45,20.2,6.33,,379.1,,573.0,Severe
251805,DL005,2019-01-11 22:00:00,877.75,,230.27,118.4,250.85,91.45,8.03,21.5,6.65,,453.6,,550.0,Severe
251806,DL005,2019-01-11 23:00:00,844.5,,247.7,106.33,257.92,87.72,6.8,24.58,7.2,,433.18,,529.0,Severe
251807,DL005,2019-01-12 00:00:00,743.5,,177.57,101.38,198.18,89.38,5.68,26.18,7.7,,461.8,,512.0,Severe
251808,DL005,2019-01-12 01:00:00,660.75,886.0,167.93,80.08,179.55,83.2,4.92,25.25,7.5,,,,517.0,Severe
251809,DL005,2019-01-12 02:00:00,589.25,872.25,172.6,67.03,176.6,87.4,4.58,23.73,8.45,,482.35,,520.0,Severe
251810,DL005,2019-01-12 03:00:00,523.0,791.25,110.6,72.8,128.9,88.0,,13.7,5.78,,456.6,,530.0,Severe
251811,DL005,2019-01-12 04:00:00,465.75,657.75,90.48,76.4,114.23,93.5,3.23,13.65,5.55,,421.85,,535.0,Severe
251812,DL005,2019-01-12 05:00:00,425.5,603.5,61.58,72.85,88.8,91.15,2.6,12.53,5.25,,348.02,,542.0,Severe
251813,DL005,2019-01-12 06:00:00,378.25,551.5,88.68,54.8,101.55,87.05,2.35,12.73,4.85,,292.38,,547.0,Severe
251814,DL005,2019-01-12 07:00:00,349.5,496.75,82.15,54.97,96.25,75.1,2.45,15.53,4.5,,235.62,,545.0,Severe
251815,DL005,2019-01-12 08:00:00,383.25,536.0,125.78,50.75,129.57,76.02,3.52,14.65,5.45,,207.38,,547.0,Severe
251816,DL005,2019-01-12 09:00:00,542.75,742.5,116.17,93.42,144.43,91.88,4.32,20.1,6.53,,253.73,,554.0,Severe
251817,DL005,2019-01-12 10:00:00,695.25,907.25,60.8,143.4,125.2,94.1,3.72,22.88,7.4,,203.7,,577.0,Severe
251818,DL005,2019-01-12 11:00:00,575.5,769.0,55.45,200.68,151.92,111.15,3.77,22.48,11.43,,234.73,,596.0,Severe
251819,DL005,2019-01-12 12:00:00,531.25,719.5,25.3,201.55,127.85,107.2,3.35,21.18,27.03,,191.55,,613.0,Severe
251820,DL005,2019-01-12 13:00:00,495.5,700.5,11.12,177.75,103.67,95.58,2.83,19.62,43.18,,164.48,,630.0,Severe
251821,DL005,2019-01-12 14:00:00,392.0,577.75,6.4,87.55,51.85,71.1,1.5,17.02,91.4,,128.07,,645.0,Severe
251822,DL005,2019-01-12 15:00:00,210.25,336.0,2.65,60.35,34.23,51.33,1.23,20.25,143.23,,,,650.0,Severe
251823,DL005,2019-01-12 16:00:00,180.75,323.5,1.4,56.83,31.43,45.92,1.27,22.23,160.9,,103.3,,656.0,Severe
251824,DL005,2019-01-12 17:00:00,181.0,332.5,1.15,56.83,31.15,38.9,1.15,19.3,118.15,,240.5,,658.0,Severe
251825,DL005,2019-01-12 18:00:00,187.75,392.0,1.43,94.0,51.1,48.5,1.73,19.68,80.6,,166.45,,656.0,Severe
251826,DL005,2019-01-12 19:00:00,321.75,502.0,1.15,97.45,52.75,67.62,2.0,19.5,54.35,,,,651.0,Severe
251827,DL005,2019-01-12 20:00:00,481.75,661.0,23.85,136.97,92.28,73.85,3.8,16.15,6.15,,,,639.0,Severe
251828,DL005,2019-01-12 21:00:00,567.0,853.25,26.05,126.62,88.5,77.62,3.65,13.65,4.25,,110.9,,649.0,Severe
251829,DL005,2019-01-12 22:00:00,536.5,766.75,84.78,125.25,135.65,79.18,4.72,13.53,4.95,,149.8,,657.0,Severe
251830,DL005,2019-01-12 23:00:00,591.75,924.75,58.22,116.6,109.5,64.17,4.22,14.65,5.1,,174.2,,672.0,Severe
251831,DL005,2019-01-13 00:00:00,511.25,788.0,74.75,100.75,114.47,64.55,4.4,14.72,68.27,,165.05,,680.0,Severe
251832,DL005,2019-01-13 01:00:00,492.25,744.25,153.38,80.7,167.93,75.1,4.6,15.65,71.68,,211.05,,672.0,Severe
251833,DL005,2019-01-13 02:00:00,494.75,769.75,122.75,88.7,147.62,78.4,3.93,16.05,12.4,,291.23,,667.0,Severe
251834,DL005,2019-01-13 03:00:00,443.75,675.25,5.1,68.7,40.6,87.1,,17.3,5.17,,256.32,,661.0,Severe
251835,DL005,2019-01-13 04:00:00,359.0,487.5,3.32,59.9,34.92,83.25,1.6,19.52,7.75,,128.8,,652.0,Severe
251836,DL005,2019-01-13 05:00:00,275.25,375.5,2.4,53.7,30.5,77.08,1.3,19.25,8.35,,,,640.0,Severe
251837,DL005,2019-01-13 06:00:00,232.75,321.75,2.0,51.7,29.12,72.33,1.25,15.38,12.95,,,,628.0,Severe
251838,DL005,2019-01-13 07:00:00,214.75,295.5,10.07,56.17,40.05,62.33,1.45,13.53,4.97,,,,618.0,Severe
251839,DL005,2019-01-13 08:00:00,248.5,335.5,8.53,54.75,36.05,65.1,1.9,17.42,4.8,,,,607.0,Severe
251840,DL005,2019-01-13 09:00:00,307.0,408.75,13.48,51.65,38.85,63.17,1.88,15.8,6.0,,,,590.0,Severe
251841,DL005,2019-01-13 10:00:00,278.5,386.0,10.03,47.25,33.33,63.42,1.83,18.12,13.95,,,,563.0,Severe
251842,DL005,2019-01-13 11:00:00,277.5,380.75,6.03,49.22,31.05,72.75,1.68,18.88,43.35,,,,543.0,Severe
251843,DL005,2019-01-13 12:00:00,278.75,395.25,2.23,42.62,24.47,71.47,1.42,18.53,89.7,,,,526.0,Severe
251844,DL005,2019-01-13 13:00:00,251.0,382.25,1.5,41.85,23.48,67.7,1.38,17.35,119.95,,,,509.0,Severe
251845,DL005,2019-01-13 14:00:00,252.0,392.25,1.15,42.58,23.6,66.12,1.3,19.25,129.85,,,,499.0,Severe
251846,DL005,2019-01-13 15:00:00,253.25,379.25,1.02,36.9,20.5,58.62,1.23,23.9,135.35,,,,502.0,Severe
251847,DL005,2019-01-13 16:00:00,235.75,352.75,0.77,33.1,18.2,54.5,1.2,22.23,127.6,,,,503.0,Severe
251848,DL005,2019-01-13 17:00:00,211.75,331.5,0.78,36.65,20.15,53.42,1.38,20.5,92.62,,,,503.0,Severe
251849,DL005,2019-01-13 18:00:00,258.0,390.5,0.62,54.22,29.27,56.42,1.6,19.03,50.3,,,,503.0,Severe
251850,DL005,2019-01-13 19:00:00,293.25,437.25,1.3,68.68,37.58,63.78,1.73,19.65,32.0,,,,500.0,Severe
251851,DL005,2019-01-13 20:00:00,292.75,419.25,1.1,46.07,25.42,56.55,1.27,16.42,42.08,,291.5,,487.0,Severe
251852,DL005,2019-01-13 21:00:00,199.25,288.0,2.7,55.45,31.72,58.53,1.27,16.08,27.0,,188.5,,458.0,Severe
251853,DL005,2019-01-13 22:00:00,212.5,287.75,3.03,39.2,23.3,55.4,1.12,16.2,33.83,,133.15,,447.0,Severe
251854,DL005,2019-01-13 23:00:00,164.25,226.75,1.23,39.97,22.27,47.35,0.97,16.07,27.75,,117.8,,433.0,Severe
251855,DL005,2019-01-14 00:00:00,141.0,193.75,0.82,29.3,16.22,41.6,0.8,14.97,35.67,,122.4,,421.0,Severe
251856,DL005,2019-01-14 01:00:00,117.75,156.0,0.57,28.27,15.5,41.8,0.8,16.02,25.12,,,,409.0,Severe
251857,DL005,2019-01-14 02:00:00,127.0,167.5,0.57,26.35,14.5,43.15,0.8,15.55,23.5,,,,398.0,Very Poor
251858,DL005,2019-01-14 03:00:00,123.25,157.25,0.3,27.7,15.0,49.8,,13.2,19.67,,,,387.0,Very Poor
251859,DL005,2019-01-14 04:00:00,127.0,156.0,0.48,27.83,15.15,50.12,0.7,15.25,21.3,,,,380.0,Very Poor
251860,DL005,2019-01-14 05:00:00,115.0,145.75,0.62,26.85,14.8,47.27,0.7,15.3,25.6,,,,375.0,Very Poor
251861,DL005,2019-01-14 06:00:00,107.75,134.25,0.85,30.12,16.7,46.72,0.67,16.27,20.55,,,,371.0,Very Poor
251862,DL005,2019-01-14 07:00:00,116.75,145.0,3.4,36.02,21.95,42.15,0.82,15.05,8.77,,,,368.0,Very Poor
251863,DL005,2019-01-14 08:00:00,143.5,185.5,8.0,37.0,26.23,42.05,1.08,17.43,6.65,,,,364.0,Very Poor
251864,DL005,2019-01-14 09:00:00,191.75,247.75,7.67,33.25,23.95,43.33,1.05,19.38,15.02,,,,361.0,Very Poor
251865,DL005,2019-01-14 10:00:00,181.75,239.75,5.15,27.43,18.8,40.0,0.83,22.23,34.92,,,,357.0,Very Poor
251866,DL005,2019-01-14 11:00:00,124.5,178.25,2.85,23.82,15.0,38.33,0.67,16.9,59.12,,,,353.0,Very Poor
251867,DL005,2019-01-14 12:00:00,86.75,165.75,1.68,22.7,13.42,38.3,0.53,14.6,77.35,,,,346.0,Very Poor
251868,DL005,2019-01-14 13:00:00,74.5,161.75,1.45,23.43,13.65,36.5,0.5,12.57,89.12,,,,341.0,Very Poor
251869,DL005,2019-01-14 14:00:00,63.0,158.5,1.27,23.57,13.57,35.0,0.5,14.62,99.98,,,,335.0,Very Poor
251870,DL005,2019-01-14 15:00:00,55.0,154.75,0.93,23.32,13.12,32.18,0.5,13.48,105.5,,,,328.0,Very Poor
251871,DL005,2019-01-14 16:00:00,64.75,163.75,0.95,23.0,13.03,29.15,0.7,15.03,103.18,,,,323.0,Very Poor
251872,DL005,2019-01-14 17:00:00,60.0,155.0,1.07,25.62,14.5,30.05,0.7,15.65,92.4,,,,318.0,Very Poor
251873,DL005,2019-01-14 18:00:00,71.75,151.0,0.65,37.3,20.38,32.2,0.82,14.35,65.67,,,,312.0,Very Poor
251874,DL005,2019-01-14 19:00:00,110.25,186.25,2.15,63.85,35.67,43.48,1.1,16.9,29.65,,,,306.0,Very Poor
251875,DL005,2019-01-14 20:00:00,185.25,281.0,7.18,79.3,48.03,51.65,1.32,18.52,10.07,,,,303.0,Very Poor
251876,DL005,2019-01-14 21:00:00,232.5,330.0,22.42,80.3,61.0,51.27,1.6,16.02,4.38,,,,304.0,Very Poor
251877,DL005,2019-01-14 22:00:00,259.25,387.75,14.78,70.22,49.3,47.92,1.4,15.68,5.2,,,,305.0,Very Poor
251878,DL005,2019-01-14 23:00:00,220.75,310.0,10.7,62.7,42.05,45.9,1.35,18.8,6.15,,,,307.0,Very Poor
251879,DL005,2019-01-15 00:00:00,216.75,295.5,4.28,48.55,28.7,38.88,1.15,22.0,11.1,,,,310.0,Very Poor
251880,DL005,2019-01-15 01:00:00,180.75,239.0,0.97,37.62,20.8,37.58,1.02,20.6,15.55,,,,312.0,Very Poor
251881,DL005,2019-01-15 02:00:00,172.0,217.25,0.85,35.02,19.33,35.75,0.97,22.35,23.3,,,,313.0,Very Poor
251882,DL005,2019-01-15 03:00:00,142.25,188.25,0.7,36.4,19.9,49.6,,14.7,18.6,,,,314.0,Very Poor
251883,DL005,2019-01-15 04:00:00,154.0,190.5,0.97,38.08,21.05,43.83,0.9,16.4,15.7,,,,314.0,Very Poor
251884,DL005,2019-01-15 05:00:00,151.0,185.75,1.2,37.22,20.78,36.83,0.98,17.35,18.12,,,,316.0,Very Poor
251885,DL005,2019-01-15 06:00:00,122.75,156.5,1.87,39.27,22.43,34.05,1.0,21.52,14.43,,,,316.0,Very Poor
251886,DL005,2019-01-15 07:00:00,134.75,175.5,3.5,42.07,25.23,36.73,1.02,20.55,10.7,,,,317.0,Very Poor
251887,DL005,2019-01-15 08:00:00,181.25,246.5,5.72,39.25,25.52,33.97,1.18,23.1,8.6,,,,318.0,Very Poor
251888,DL005,2019-01-15 09:00:00,188.75,266.75,8.55,39.4,27.93,36.3,1.33,24.67,11.25,,,,318.0,Very Poor
251889,DL005,2019-01-15 10:00:00,217.75,315.0,8.78,36.12,26.38,37.23,1.15,26.5,20.27,,,,319.0,Very Poor
251890,DL005,2019-01-15 11:00:00,205.75,274.75,4.7,30.45,20.05,35.05,0.98,22.48,37.05,,,,322.0,Very Poor
251891,DL005,2019-01-15 12:00:00,166.75,219.75,2.92,29.38,17.98,36.03,0.8,18.85,58.05,,,,324.0,Very Poor
251892,DL005,2019-01-15 13:00:00,144.0,197.25,1.8,29.47,17.15,36.67,0.67,18.88,80.9,,,,326.0,Very Poor
251893,DL005,2019-01-15 14:00:00,111.0,170.5,1.28,25.65,14.65,32.62,0.5,16.48,93.6,,,,328.0,Very Poor
251894,DL005,2019-01-15 15:00:00,75.5,137.5,1.2,28.73,16.25,30.45,0.55,16.27,88.03,,,,329.0,Very Poor
251895,DL005,2019-01-15 16:00:00,80.0,175.25,1.23,29.12,16.5,28.4,0.8,15.03,86.95,,,,329.0,Very Poor
251896,DL005,2019-01-15 17:00:00,93.25,171.5,1.3,35.58,19.98,28.73,0.85,16.7,66.3,,,,330.0,Very Poor
251897,DL005,2019-01-15 18:00:00,114.75,203.5,4.75,68.65,40.38,31.12,1.23,16.67,22.25,,,,331.0,Very Poor
251898,DL005,2019-01-15 19:00:00,173.5,309.25,65.05,88.1,99.7,43.15,2.17,19.15,3.7,,,,333.0,Very Poor
251899,DL005,2019-01-15 20:00:00,295.25,478.5,77.12,89.6,110.62,54.57,2.48,19.83,3.0,,,,337.0,Very Poor
251900,DL005,2019-01-15 21:00:00,416.0,591.75,127.27,80.4,145.85,64.55,3.5,25.3,3.12,,,,343.0,Very Poor
251901,DL005,2019-01-15 22:00:00,515.75,698.0,35.08,71.97,67.0,55.15,2.32,26.92,3.45,,,,351.0,Very Poor
251902,DL005,2019-01-15 23:00:00,401.0,536.25,123.95,71.0,138.47,52.33,3.27,23.52,2.75,,,,357.0,Very Poor
251903,DL005,2019-01-16 00:00:00,435.25,623.25,115.58,67.57,129.95,46.27,2.8,23.98,3.65,,,,364.0,Very Poor
251904,DL005,2019-01-16 01:00:00,378.25,532.25,125.15,65.8,136.85,46.3,2.85,21.35,3.77,,119.9,,370.0,Very Poor
251905,DL005,2019-01-16 02:00:00,372.0,514.25,54.43,65.25,79.2,44.57,2.33,22.9,5.35,,138.43,,377.0,Very Poor
251906,DL005,2019-01-16 03:00:00,335.75,448.75,56.4,39.2,66.9,49.1,,7.6,4.05,,128.55,,383.0,Very Poor
251907,DL005,2019-01-16 04:00:00,348.25,456.0,67.42,35.25,73.7,52.02,2.42,7.03,4.68,,142.72,,389.0,Very Poor
251908,DL005,2019-01-16 05:00:00,356.75,473.25,63.3,40.77,73.28,53.62,2.23,7.12,4.45,,133.05,,396.0,Very Poor
251909,DL005,2019-01-16 06:00:00,332.5,442.25,59.75,44.5,72.4,52.27,2.08,7.62,4.32,,136.95,,402.0,Severe
251910,DL005,2019-01-16 07:00:00,308.25,427.0,81.55,45.53,90.65,59.52,2.22,10.05,4.95,,125.67,,408.0,Severe
251911,DL005,2019-01-16 08:00:00,362.0,503.5,113.8,49.55,126.83,59.22,2.88,15.28,5.15,,108.5,,414.0,Severe
251912,DL005,2019-01-16 09:00:00,472.25,641.75,141.82,69.65,152.82,69.7,3.72,25.12,6.5,,116.6,,423.0,Severe
251913,DL005,2019-01-16 10:00:00,571.75,790.5,38.35,101.3,85.1,72.47,2.4,55.17,9.57,,132.4,,434.0,Severe
251914,DL005,2019-01-16 11:00:00,476.5,659.75,27.1,102.0,76.42,61.67,2.3,34.8,27.12,,,,443.0,Severe
251915,DL005,2019-01-16 12:00:00,383.5,568.75,7.38,76.93,46.83,58.95,1.73,23.65,62.4,,,,450.0,Severe
251916,DL005,2019-01-16 13:00:00,304.25,491.25,5.05,78.18,45.65,61.15,1.8,23.35,92.07,,,,455.0,Severe
251917,DL005,2019-01-16 14:00:00,291.5,490.25,8.28,128.97,75.35,58.22,1.95,22.45,98.95,,,,461.0,Severe
251918,DL005,2019-01-16 15:00:00,266.5,446.0,6.68,129.4,74.25,55.95,1.9,21.93,96.5,,,,470.0,Severe
251919,DL005,2019-01-16 16:00:00,227.75,454.0,1.6,87.2,47.6,46.7,1.6,18.0,98.0,,194.7,,485.0,Severe
251920,DL005,2019-01-16 17:00:00,223.5,544.5,0.53,83.25,44.73,50.38,1.68,18.7,94.38,,,,504.0,Severe
251921,DL005,2019-01-16 18:00:00,256.75,655.5,0.6,103.7,55.65,53.1,1.8,20.77,54.83,,220.75,,528.0,Severe
251922,DL005,2019-01-16 19:00:00,301.0,662.5,2.48,115.5,63.48,56.95,2.15,17.95,14.58,,169.95,,546.0,Severe
251923,DL005,2019-01-16 20:00:00,393.25,780.5,25.95,118.8,84.4,65.8,2.7,17.35,3.83,,106.65,,562.0,Severe
251924,DL005,2019-01-16 21:00:00,534.0,869.0,66.03,113.15,113.85,76.38,4.47,17.5,4.32,,124.62,,577.0,Severe
251925,DL005,2019-01-16 22:00:00,672.25,,98.28,119.9,143.88,79.47,4.5,17.97,5.92,,133.82,,570.0,Severe
251926,DL005,2019-01-16 23:00:00,637.5,,151.48,125.15,190.08,86.47,6.05,18.9,8.1,,172.27,,571.0,Severe
251927,DL005,2019-01-17 00:00:00,723.25,,188.68,107.75,211.1,77.22,6.78,20.92,8.8,,222.2,,568.0,Severe
251928,DL005,2019-01-17 01:00:00,771.25,,192.8,87.28,203.5,84.97,5.57,20.77,9.55,,185.62,,570.0,Severe
251929,DL005,2019-01-17 02:00:00,811.5,814.0,202.57,80.97,208.25,78.88,5.42,19.72,9.4,,231.07,,589.0,Severe
251930,DL005,2019-01-17 03:00:00,591.75,839.75,156.0,87.2,173.6,80.8,,11.0,9.12,,237.52,,613.0,Severe
251931,DL005,2019-01-17 04:00:00,593.75,906.5,162.92,81.42,176.32,87.18,3.98,10.38,7.83,,286.47,,641.0,Severe
251932,DL005,2019-01-17 05:00:00,535.75,818.5,142.53,66.68,151.6,87.53,2.93,7.75,6.05,,253.93,,663.0,Severe
251933,DL005,2019-01-17 06:00:00,447.5,646.25,155.68,52.1,155.4,85.2,3.02,6.73,6.1,,250.77,,676.0,Severe
251934,DL005,2019-01-17 07:00:00,475.25,666.5,186.6,52.58,180.12,81.4,3.65,7.43,6.52,,252.9,,691.0,Severe
251935,DL005,2019-01-17 08:00:00,565.75,781.75,236.0,53.05,220.68,74.9,4.08,12.15,6.07,,240.4,,708.0,Severe
251936,DL005,2019-01-17 09:00:00,693.0,871.0,172.18,92.75,189.8,79.45,3.95,13.93,5.88,,177.52,,722.0,Severe
251937,DL005,2019-01-17 10:00:00,740.75,790.0,62.62,126.22,117.88,77.67,2.9,22.62,6.52,,152.12,,722.0,Severe
251938,DL005,2019-01-17 11:00:00,485.5,707.25,9.97,54.45,37.1,70.78,1.55,27.33,30.78,,108.4,,725.0,Severe
251939,DL005,2019-01-17 12:00:00,316.25,446.0,4.6,43.38,26.82,76.88,1.27,22.17,66.47,,,,718.0,Severe
251940,DL005,2019-01-17 13:00:00,312.25,401.25,2.17,37.12,21.5,71.5,1.1,19.0,103.8,,,,712.0,Severe
251941,DL005,2019-01-17 14:00:00,307.75,397.0,1.25,39.03,21.77,70.9,1.1,22.05,130.62,,,,706.0,Severe
251942,DL005,2019-01-17 15:00:00,317.5,424.0,0.5,34.3,18.68,61.22,0.85,22.48,123.45,,,,705.0,Severe
251943,DL005,2019-01-17 16:00:00,244.75,371.5,0.75,32.85,18.07,45.7,0.95,19.57,124.45,,,,700.0,Severe
251944,DL005,2019-01-17 17:00:00,201.5,324.5,0.55,39.15,21.23,45.28,0.98,18.62,104.2,,,,686.0,Severe
251945,DL005,2019-01-17 18:00:00,212.5,352.0,1.08,69.1,37.6,47.77,1.3,16.65,51.83,,,,667.0,Severe
251946,DL005,2019-01-17 19:00:00,288.25,452.75,11.52,105.53,65.38,58.55,1.95,18.48,12.4,,,,654.0,Severe
251947,DL005,2019-01-17 20:00:00,402.5,570.25,8.3,108.95,64.75,63.95,1.92,15.85,5.27,,135.3,,641.0,Severe
251948,DL005,2019-01-17 21:00:00,403.0,553.25,3.12,89.5,50.1,64.62,1.8,16.4,10.12,,192.0,,621.0,Severe
251949,DL005,2019-01-17 22:00:00,409.0,550.25,7.15,74.08,45.2,67.45,1.73,23.2,20.95,,180.57,,618.0,Severe
251950,DL005,2019-01-17 23:00:00,397.25,547.75,6.8,81.3,48.77,59.08,1.55,19.08,10.1,,191.25,,614.0,Severe
251951,DL005,2019-01-18 00:00:00,352.5,481.5,2.85,68.65,38.83,50.42,1.38,17.55,11.05,,,,608.0,Severe
251952,DL005,2019-01-18 01:00:00,322.0,436.5,0.78,50.38,27.42,51.4,1.3,18.4,17.27,,,,599.0,Severe
251953,DL005,2019-01-18 02:00:00,312.5,406.5,0.95,46.35,25.4,49.3,1.3,20.58,15.85,,,,578.0,Severe
251954,DL005,2019-01-18 03:00:00,299.0,408.5,0.6,39.5,21.5,50.4,,9.1,12.62,,,,556.0,Severe
251955,DL005,2019-01-18 04:00:00,284.5,395.0,7.83,42.62,29.05,54.38,1.2,8.18,5.03,,,,529.0,Severe
251956,DL005,2019-01-18 05:00:00,259.0,359.5,16.55,42.98,36.62,51.27,1.2,5.88,2.9,,,,505.0,Severe
251957,DL005,2019-01-18 06:00:00,221.5,296.0,13.32,41.33,32.8,46.75,1.4,5.38,3.0,,,,491.0,Severe
251958,DL005,2019-01-18 07:00:00,186.75,267.25,8.6,45.45,31.2,48.12,1.42,5.95,3.23,,,,481.0,Severe
251959,DL005,2019-01-18 08:00:00,169.0,282.0,11.93,51.35,37.12,45.78,1.52,7.7,4.55,,,,469.0,Severe
251960,DL005,2019-01-18 09:00:00,158.5,321.75,19.18,49.85,42.15,44.42,1.62,13.15,6.12,,,,451.0,Severe
251961,DL005,2019-01-18 10:00:00,206.0,405.5,21.83,44.38,41.47,45.08,1.82,12.57,7.82,,,,434.0,Severe
251962,DL005,2019-01-18 11:00:00,223.5,340.25,11.02,39.6,30.05,41.65,1.52,11.9,15.55,,,,426.0,Severe
251963,DL005,2019-01-18 12:00:00,236.0,330.75,8.7,46.72,31.9,48.15,1.55,11.95,25.68,,,,423.0,Severe
251964,DL005,2019-01-18 13:00:00,304.75,399.0,5.6,40.15,25.9,51.6,1.33,13.0,53.0,,,,423.0,Severe
251965,DL005,2019-01-18 14:00:00,279.75,326.0,2.0,31.8,18.55,48.03,0.98,13.57,81.57,,,,422.0,Severe
251966,DL005,2019-01-18 15:00:00,209.25,270.75,1.05,30.25,16.98,45.05,0.88,14.73,102.03,,,,419.0,Severe
251967,DL005,2019-01-18 16:00:00,209.75,272.5,0.9,32.05,17.83,43.33,1.08,14.03,114.22,,,,418.0,Severe
251968,DL005,2019-01-18 17:00:00,193.75,275.25,0.65,33.12,18.12,41.83,1.1,14.88,103.47,,,,417.0,Severe
251969,DL005,2019-01-18 18:00:00,215.0,328.75,1.25,73.97,40.38,45.3,1.43,15.8,45.1,,,,417.0,Severe
251970,DL005,2019-01-18 19:00:00,341.25,503.5,78.03,111.33,122.4,61.78,3.12,14.65,12.38,,,,419.0,Severe
251971,DL005,2019-01-18 20:00:00,597.25,920.25,191.7,106.97,213.07,65.4,4.27,14.5,3.33,,,,425.0,Severe
251972,DL005,2019-01-18 21:00:00,542.0,880.25,92.1,97.0,126.77,60.8,2.78,11.65,3.0,,,,430.0,Severe
251973,DL005,2019-01-18 22:00:00,424.5,623.0,111.7,88.03,138.3,61.98,3.03,11.52,2.73,,,,430.0,Severe
251974,DL005,2019-01-18 23:00:00,399.25,609.75,36.85,82.12,73.75,62.45,1.88,12.7,2.98,,,,430.0,Severe
251975,DL005,2019-01-19 00:00:00,342.5,469.0,26.15,72.3,59.6,55.48,1.68,11.82,2.92,,,,430.0,Severe
251976,DL005,2019-01-19 01:00:00,302.5,403.0,19.78,61.45,48.9,50.25,1.55,11.32,3.1,,,,429.0,Severe
251977,DL005,2019-01-19 02:00:00,290.75,386.75,31.3,55.7,54.83,47.9,1.62,14.93,4.15,,,,429.0,Severe
251978,DL005,2019-01-19 03:00:00,282.0,391.5,23.2,67.2,54.6,51.6,,16.9,3.2,,,,428.0,Severe
251979,DL005,2019-01-19 04:00:00,314.0,411.25,44.35,61.55,68.95,56.45,1.73,16.48,2.95,,,,429.0,Severe
251980,DL005,2019-01-19 05:00:00,369.0,471.5,85.67,59.55,101.57,59.18,1.82,14.93,2.93,,106.9,,433.0,Severe
251981,DL005,2019-01-19 06:00:00,343.25,449.75,78.97,63.05,97.9,58.75,1.62,15.65,5.53,,,,437.0,Severe
251982,DL005,2019-01-19 07:00:00,319.25,425.25,101.18,51.33,109.55,58.5,1.8,15.85,4.12,,,,441.0,Severe
251983,DL005,2019-01-19 08:00:00,356.75,471.25,120.98,55.75,127.0,59.0,2.17,17.2,3.25,,,,447.0,Severe
251984,DL005,2019-01-19 09:00:00,418.25,570.0,88.8,74.08,111.92,66.38,2.35,18.8,4.65,,,,455.0,Severe
251985,DL005,2019-01-19 10:00:00,477.75,681.25,25.77,81.53,64.5,66.5,1.75,44.4,10.47,,,,464.0,Severe
251986,DL005,2019-01-19 11:00:00,426.25,576.75,7.35,47.38,31.25,53.75,1.35,30.12,39.7,,,,470.0,Severe
251987,DL005,2019-01-19 12:00:00,328.75,407.0,2.5,31.15,18.62,46.4,0.93,18.2,74.42,,,,473.0,Severe
251988,DL005,2019-01-19 13:00:00,206.75,259.0,1.68,28.62,16.62,40.45,0.57,14.2,96.12,,,,470.0,Severe
251989,DL005,2019-01-19 14:00:00,147.75,198.75,0.55,26.6,14.6,34.25,0.57,13.75,111.47,,,,466.0,Severe
251990,DL005,2019-01-19 15:00:00,116.25,186.75,0.4,27.62,15.02,32.7,0.5,13.45,126.98,,,,463.0,Severe
251991,DL005,2019-01-19 16:00:00,116.0,179.75,0.5,28.35,15.45,32.55,0.7,14.35,132.5,,,,460.0,Severe
251992,DL005,2019-01-19 17:00:00,121.25,180.0,0.57,28.8,15.8,30.15,0.8,13.97,120.45,,,,458.0,Severe
251993,DL005,2019-01-19 18:00:00,128.0,210.5,3.95,73.25,42.15,32.4,1.27,14.65,76.33,,,,455.0,Severe
251994,DL005,2019-01-19 19:00:00,204.0,383.0,61.85,121.62,115.42,43.3,2.88,15.58,5.4,,,,450.0,Severe
251995,DL005,2019-01-19 20:00:00,439.5,736.0,99.15,136.52,154.02,60.9,4.07,22.45,3.6,,143.3,,445.0,Severe
251996,DL005,2019-01-19 21:00:00,682.75,985.0,137.75,112.4,172.07,56.4,5.83,17.25,8.77,,250.07,,450.0,Severe
251997,DL005,2019-01-19 22:00:00,603.0,989.0,135.82,104.62,166.35,54.67,5.2,16.35,5.97,,257.15,,456.0,Severe
251998,DL005,2019-01-19 23:00:00,544.0,950.5,122.4,99.47,152.72,53.83,4.55,15.12,5.55,,239.22,,460.0,Severe
251999,DL005,2019-01-20 00:00:00,476.75,816.0,100.85,97.47,134.05,61.23,3.6,16.35,5.85,,412.5,,473.0,Severe
252000,DL005,2019-01-20 01:00:00,447.75,726.75,92.3,90.38,123.4,62.85,3.38,15.78,6.27,,489.7,,490.0,Severe
252001,DL005,2019-01-20 02:00:00,410.0,604.5,91.75,65.55,109.85,60.8,3.15,13.38,8.2,,420.33,,501.0,Severe
252002,DL005,2019-01-20 03:00:00,368.5,537.0,145.6,63.7,152.9,66.7,,13.6,14.28,,388.0,,509.0,Severe
252003,DL005,2019-01-20 04:00:00,412.5,597.75,199.25,87.97,209.1,78.3,5.28,14.35,26.6,,374.12,,518.0,Severe
252004,DL005,2019-01-20 05:00:00,471.5,677.5,192.45,112.02,216.47,87.42,4.45,15.7,30.12,,322.95,,529.0,Severe
252005,DL005,2019-01-20 06:00:00,406.0,572.0,101.95,90.45,131.12,84.1,2.82,12.9,25.47,,210.15,,535.0,Severe
252006,DL005,2019-01-20 07:00:00,346.5,467.5,152.97,66.25,160.17,77.12,3.35,10.6,22.88,,211.95,,538.0,Severe
252007,DL005,2019-01-20 08:00:00,386.25,543.5,134.55,81.05,152.85,75.53,3.52,13.62,22.88,,210.65,,541.0,Severe
252008,DL005,2019-01-20 09:00:00,500.5,669.75,144.78,132.43,188.5,85.4,4.45,18.82,26.73,,149.57,,547.0,Severe
252009,DL005,2019-01-20 10:00:00,667.75,884.25,166.88,198.8,242.15,84.5,4.9,32.9,47.07,,186.78,,557.0,Severe
252010,DL005,2019-01-20 11:00:00,695.0,957.75,92.85,258.73,213.25,92.93,4.62,35.9,44.48,,186.02,,577.0,Severe
252011,DL005,2019-01-20 12:00:00,621.75,879.0,28.45,195.6,126.88,79.97,2.9,24.7,81.38,,136.72,,602.0,Severe
252012,DL005,2019-01-20 13:00:00,315.25,503.25,8.23,114.9,67.9,80.12,1.98,16.18,162.35,,105.9,,614.0,Severe
252013,DL005,2019-01-20 14:00:00,218.0,389.0,3.3,53.35,31.15,67.6,0.95,14.4,156.7,,,,624.0,Severe
252014,DL005,2019-01-20 15:00:00,131.5,250.25,1.27,36.38,20.35,59.08,0.68,14.3,150.6,,,,628.0,Severe
252015,DL005,2019-01-20 16:00:00,105.25,193.75,0.43,31.17,16.95,52.92,0.72,15.62,150.62,,,,628.0,Severe
252016,DL005,2019-01-20 17:00:00,103.0,193.25,0.53,31.73,17.3,45.8,0.78,16.75,136.6,,,,629.0,Severe
252017,DL005,2019-01-20 18:00:00,113.75,229.0,6.62,86.95,51.87,45.85,1.3,19.17,69.65,,,,630.0,Severe
252018,DL005,2019-01-20 19:00:00,194.5,409.75,39.83,138.28,106.22,52.47,2.77,19.08,14.2,,122.52,,631.0,Severe
252019,DL005,2019-01-20 20:00:00,384.25,637.0,100.72,141.82,157.67,64.9,5.33,18.58,4.35,,272.55,,626.0,Severe
252020,DL005,2019-01-20 21:00:00,476.5,875.0,68.03,143.2,131.7,66.0,3.6,16.78,5.28,,452.1,,620.0,Severe
252021,DL005,2019-01-20 22:00:00,352.75,828.25,27.2,145.3,99.4,66.72,3.2,13.88,7.1,,303.98,,612.0,Severe
252022,DL005,2019-01-20 23:00:00,353.0,689.0,38.33,131.85,101.38,76.2,3.58,12.12,7.72,,154.25,,598.0,Severe
252023,DL005,2019-01-21 00:00:00,384.75,702.25,94.12,129.78,145.75,81.72,4.65,15.72,9.25,,167.45,,593.0,Severe
252024,DL005,2019-01-21 01:00:00,395.75,682.25,123.67,117.03,163.08,75.8,4.58,16.58,16.15,,324.17,,590.0,Severe
252025,DL005,2019-01-21 02:00:00,340.25,544.25,129.75,111.17,164.9,80.5,4.72,14.7,35.25,,370.0,,587.0,Severe
252026,DL005,2019-01-21 03:00:00,404.25,650.5,88.8,106.9,128.7,87.3,,18.3,54.02,,185.8,,593.0,Severe
252027,DL005,2019-01-21 04:00:00,491.5,784.75,73.85,92.35,109.35,86.38,3.47,16.88,25.23,,129.1,,603.0,Severe
252028,DL005,2019-01-21 05:00:00,405.75,619.0,75.97,88.38,108.88,101.08,3.38,14.03,17.52,,112.72,,600.0,Severe
252029,DL005,2019-01-21 06:00:00,426.5,630.75,97.1,82.05,122.78,101.78,3.45,15.32,29.25,,123.48,,603.0,Severe
252030,DL005,2019-01-21 07:00:00,434.75,632.75,83.7,73.5,106.93,100.88,2.73,15.9,33.05,,131.95,,611.0,Severe
252031,DL005,2019-01-21 08:00:00,403.0,580.0,32.8,68.43,63.17,89.65,1.98,17.15,21.85,,108.7,,613.0,Severe
252032,DL005,2019-01-21 09:00:00,325.25,468.0,10.6,57.52,39.23,76.35,1.77,18.68,6.45,,,,603.0,Severe
252033,DL005,2019-01-21 10:00:00,322.25,458.75,9.7,65.05,42.53,77.2,2.12,21.25,20.27,,,,581.0,Severe
252034,DL005,2019-01-21 11:00:00,302.5,500.75,8.68,75.03,46.98,70.08,1.6,22.73,50.15,,,,557.0,Severe
252035,DL005,2019-01-21 12:00:00,188.0,447.75,5.85,59.97,36.62,65.43,1.27,17.57,52.05,,,,534.0,Severe
252036,DL005,2019-01-21 13:00:00,157.5,453.25,3.27,50.95,29.82,72.4,1.0,14.05,73.55,,,,532.0,Severe
252037,DL005,2019-01-21 14:00:00,132.5,405.75,1.38,45.53,25.32,70.52,0.9,12.47,68.62,,,,533.0,Severe
252038,DL005,2019-01-21 15:00:00,121.75,457.0,0.9,56.45,30.8,68.0,1.0,13.85,46.73,,,,543.0,Severe
252039,DL005,2019-01-21 16:00:00,126.25,511.0,1.15,47.58,26.27,64.85,0.82,12.97,52.67,,,,560.0,Severe
252040,DL005,2019-01-21 17:00:00,89.5,363.75,1.02,45.27,24.88,52.0,0.85,13.4,59.08,,,,569.0,Severe
252041,DL005,2019-01-21 18:00:00,92.5,303.0,0.67,51.58,28.0,51.92,0.9,15.5,51.0,,,,573.0,Severe
252042,DL005,2019-01-21 19:00:00,91.5,155.25,0.55,44.97,24.38,50.83,0.9,19.62,49.4,,,,559.0,Severe
252043,DL005,2019-01-21 20:00:00,99.5,162.0,0.28,43.47,23.38,49.62,0.82,23.77,47.57,,,,535.0,Severe
252044,DL005,2019-01-21 21:00:00,89.75,134.25,0.3,35.05,18.85,52.45,0.78,11.72,50.73,,,,496.0,Severe
252045,DL005,2019-01-21 22:00:00,85.0,132.5,0.5,49.75,26.88,50.42,0.85,18.15,31.1,,,,460.0,Severe
252046,DL005,2019-01-21 23:00:00,83.5,117.5,0.45,38.9,20.95,47.9,0.62,11.43,49.97,,,,430.0,Severe
252047,DL005,2019-01-22 00:00:00,58.5,68.5,,,,,0.5,10.72,58.73,,,,397.0,Very Poor
252048,DL005,2019-01-22 01:00:00,56.25,74.5,,,,,0.6,9.98,57.52,,,,378.0,Very Poor
252049,DL005,2019-01-22 02:00:00,72.5,84.75,0.2,18.0,9.8,37.9,0.6,10.8,56.3,,,,370.0,Very Poor
252050,DL005,2019-01-22 03:00:00,71.25,73.5,,,,,,12.7,52.88,,,,359.0,Very Poor
252051,DL005,2019-01-22 04:00:00,56.0,60.0,0.3,26.23,14.2,33.8,0.47,12.2,51.88,,,,345.0,Very Poor
252052,DL005,2019-01-22 05:00:00,32.25,29.75,0.3,34.5,18.6,38.9,0.4,11.15,62.75,,,,333.0,Very Poor
252053,DL005,2019-01-22 06:00:00,25.0,20.5,0.3,37.4,20.15,37.0,0.4,11.12,61.07,,,,320.0,Very Poor
252054,DL005,2019-01-22 07:00:00,29.5,22.5,,,,,0.47,11.47,46.67,,,,307.0,Very Poor
252055,DL005,2019-01-22 08:00:00,37.0,29.0,1.6,62.23,34.35,36.95,0.62,12.2,18.8,,,,281.0,Poor
252056,DL005,2019-01-22 09:00:00,45.5,45.75,2.1,52.38,29.55,32.2,0.7,11.68,26.23,,,,242.0,Poor
252057,DL005,2019-01-22 10:00:00,47.25,52.75,2.8,42.0,24.65,30.42,0.9,11.4,24.25,,,,204.0,Poor
252058,DL005,2019-01-22 11:00:00,57.0,62.75,15.75,56.3,42.78,32.1,1.2,12.07,13.8,,,,170.0,Moderate
252059,DL005,2019-01-22 12:00:00,66.0,73.75,6.12,34.2,23.17,36.32,0.8,12.2,42.38,,,,153.0,Moderate
252060,DL005,2019-01-22 13:00:00,68.0,67.75,2.35,31.3,18.55,40.9,0.62,11.15,46.95,,,,141.0,Moderate
252061,DL005,2019-01-22 14:00:00,79.0,85.75,1.85,35.15,20.2,41.9,0.72,10.93,49.7,,,,133.0,Moderate
252062,DL005,2019-01-22 15:00:00,93.0,107.5,1.62,44.32,24.85,41.05,0.85,10.62,34.5,,,,129.0,Moderate
252063,DL005,2019-01-22 16:00:00,91.0,117.5,3.23,50.22,29.35,42.72,1.02,10.65,34.12,,235.85,,124.0,Moderate
252064,DL005,2019-01-22 17:00:00,88.5,120.25,1.98,37.35,21.48,38.62,0.83,12.15,39.15,,162.5,,124.0,Moderate
252065,DL005,2019-01-22 18:00:00,69.5,81.75,0.95,37.22,20.55,34.67,0.93,12.15,31.0,,172.0,,121.0,Moderate
252066,DL005,2019-01-22 19:00:00,64.75,91.25,1.1,40.8,22.6,35.3,1.08,11.62,24.77,,179.45,,117.0,Moderate
252067,DL005,2019-01-22 20:00:00,71.25,89.75,0.98,35.23,19.52,34.75,0.97,10.65,26.98,,187.6,,114.0,Moderate
252068,DL005,2019-01-22 21:00:00,64.75,74.0,0.55,35.4,19.25,38.5,0.88,8.3,24.9,,,,110.0,Moderate
252069,DL005,2019-01-22 22:00:00,68.25,86.25,1.0,42.93,23.6,37.98,0.83,8.82,15.57,,115.9,,108.0,Moderate
252070,DL005,2019-01-22 23:00:00,97.75,132.5,3.15,53.15,30.8,38.52,0.85,10.15,7.53,,171.0,,110.0,Moderate
252071,DL005,2019-01-23 00:00:00,106.0,143.0,3.38,50.9,29.83,33.55,0.72,8.38,5.4,,107.3,,116.0,Moderate
252072,DL005,2019-01-23 01:00:00,63.75,83.5,1.95,43.92,24.95,28.35,0.75,9.82,5.72,,,,117.0,Moderate
252073,DL005,2019-01-23 02:00:00,68.25,66.75,1.62,39.15,22.12,25.8,0.78,11.38,7.6,,,,117.0,Moderate
252074,DL005,2019-01-23 03:00:00,56.75,68.25,25.5,30.2,36.9,25.0,,14.4,7.2,,,,115.0,Moderate
252075,DL005,2019-01-23 04:00:00,56.25,74.75,11.0,27.83,23.72,24.02,0.8,18.27,4.22,,,,115.0,Moderate
252076,DL005,2019-01-23 05:00:00,59.75,75.75,1.7,27.2,15.85,26.05,0.7,14.52,4.9,,,,119.0,Moderate
252077,DL005,2019-01-23 06:00:00,69.5,83.5,11.53,29.98,25.35,28.7,0.65,13.43,3.55,,,,125.0,Moderate
252078,DL005,2019-01-23 07:00:00,75.75,95.25,22.25,30.12,34.15,28.7,0.8,13.45,3.35,,,,131.0,Moderate
252079,DL005,2019-01-23 08:00:00,100.25,129.5,51.33,35.4,60.58,31.1,1.17,14.5,3.55,,,,140.0,Moderate
252080,DL005,2019-01-23 09:00:00,158.5,190.25,50.52,32.4,58.33,32.7,1.35,12.03,4.0,,,,156.0,Moderate
252081,DL005,2019-01-23 10:00:00,158.0,187.0,34.62,34.92,46.75,33.92,1.45,15.45,6.2,,,,171.0,Moderate
252082,DL005,2019-01-23 11:00:00,153.25,221.75,14.73,40.73,33.65,33.15,1.45,15.2,12.2,,,,184.0,Moderate
252083,DL005,2019-01-23 12:00:00,161.25,251.5,7.1,37.62,25.78,34.73,1.2,16.8,23.62,,,,198.0,Moderate
252084,DL005,2019-01-23 13:00:00,176.0,235.75,3.73,27.77,17.82,37.4,0.93,14.68,34.45,,,,213.0,Poor
252085,DL005,2019-01-23 14:00:00,180.75,208.75,2.17,26.52,15.9,43.28,0.8,15.3,46.77,,,,227.0,Poor
252086,DL005,2019-01-23 15:00:00,169.5,194.75,1.2,26.32,14.95,43.47,0.8,14.47,60.08,,,,237.0,Poor
252087,DL005,2019-01-23 16:00:00,143.75,173.25,1.0,26.68,15.02,42.28,0.78,15.75,67.53,,,,245.0,Poor
252088,DL005,2019-01-23 17:00:00,119.25,173.25,0.93,28.07,15.73,34.4,0.62,16.05,77.15,,155.1,,249.0,Poor
252089,DL005,2019-01-23 18:00:00,90.25,193.75,2.33,61.4,34.55,32.3,1.07,15.57,29.32,,187.0,,252.0,Poor
252090,DL005,2019-01-23 19:00:00,151.0,291.25,30.83,82.2,68.85,35.85,1.77,14.9,4.2,,,,264.0,Poor
252091,DL005,2019-01-23 20:00:00,201.5,372.0,18.48,76.33,55.62,42.33,1.6,14.1,3.48,,,,282.0,Poor
252092,DL005,2019-01-23 21:00:00,236.0,371.75,34.53,73.28,67.08,46.42,2.15,12.25,3.38,,,,301.0,Very Poor
252093,DL005,2019-01-23 22:00:00,301.25,445.75,64.55,65.97,87.92,50.9,2.48,10.05,2.98,,,,309.0,Very Poor
252094,DL005,2019-01-23 23:00:00,305.0,443.5,41.08,65.72,68.35,44.5,1.68,9.95,3.25,,179.88,,315.0,Very Poor
252095,DL005,2019-01-24 00:00:00,206.75,319.0,15.72,60.72,45.15,42.7,1.27,11.83,3.93,,203.32,,319.0,Very Poor
252096,DL005,2019-01-24 01:00:00,175.75,276.25,10.72,51.6,36.3,37.88,1.18,16.62,6.9,,132.35,,322.0,Very Poor
252097,DL005,2019-01-24 02:00:00,158.75,265.25,13.75,61.0,43.73,33.73,1.2,17.77,8.3,,179.55,,325.0,Very Poor
252098,DL005,2019-01-24 03:00:00,161.75,286.5,1.7,53.6,29.9,33.1,,20.1,7.85,,150.8,,329.0,Very Poor
252099,DL005,2019-01-24 04:00:00,155.0,267.25,2.5,51.75,29.55,31.67,0.97,22.3,6.08,,110.72,,332.0,Very Poor
252100,DL005,2019-01-24 05:00:00,157.0,267.5,3.33,50.5,29.55,33.8,0.9,19.88,4.33,,104.1,,335.0,Very Poor
252101,DL005,2019-01-24 06:00:00,172.25,277.5,4.18,49.17,29.52,40.95,0.95,17.1,3.77,,107.9,,338.0,Very Poor
252102,DL005,2019-01-24 07:00:00,200.0,310.25,10.0,48.93,34.15,45.4,1.12,15.65,3.28,,102.6,,342.0,Very Poor
252103,DL005,2019-01-24 08:00:00,197.5,301.25,14.53,49.38,38.1,46.9,1.27,16.45,3.57,,,,345.0,Very Poor
252104,DL005,2019-01-24 09:00:00,184.0,275.0,13.62,44.75,34.92,44.95,1.23,15.38,7.12,,,,346.0,Very Poor
252105,DL005,2019-01-24 10:00:00,162.75,225.25,10.52,38.25,28.9,40.15,1.23,17.07,15.15,,,,346.0,Very Poor
252106,DL005,2019-01-24 11:00:00,145.75,199.25,5.92,31.7,21.7,40.4,1.0,18.75,33.12,,,,346.0,Very Poor
252107,DL005,2019-01-24 12:00:00,116.0,158.0,2.5,25.6,15.67,39.67,0.8,17.2,54.12,,,,344.0,Very Poor
252108,DL005,2019-01-24 13:00:00,90.25,134.75,1.02,18.85,10.88,40.4,0.6,13.23,70.1,,,,342.0,Very Poor
252109,DL005,2019-01-24 14:00:00,88.0,119.5,0.7,19.43,10.88,42.27,0.55,11.55,78.5,,,,339.0,Very Poor
252110,DL005,2019-01-24 15:00:00,93.75,122.75,0.85,23.9,13.4,41.48,0.5,12.65,81.55,,,,336.0,Very Poor
252111,DL005,2019-01-24 16:00:00,84.5,136.5,0.45,26.55,14.47,38.83,0.6,14.5,85.28,,154.8,,334.0,Very Poor
252112,DL005,2019-01-24 17:00:00,90.75,174.0,0.6,36.12,19.7,36.47,0.82,15.3,62.92,,198.55,,334.0,Very Poor
252113,DL005,2019-01-24 18:00:00,118.75,221.25,0.95,43.0,23.62,35.88,1.12,16.92,45.15,,230.0,,334.0,Very Poor
252114,DL005,2019-01-24 19:00:00,152.5,244.0,1.05,36.07,20.07,36.65,0.95,18.95,43.15,,344.38,,334.0,Very Poor
252115,DL005,2019-01-24 20:00:00,121.0,196.25,0.72,30.62,16.88,33.15,0.8,14.8,36.1,,163.45,,332.0,Very Poor
252116,DL005,2019-01-24 21:00:00,93.25,144.25,0.6,29.77,16.33,33.47,0.8,10.8,35.85,,104.6,,327.0,Very Poor
252117,DL005,2019-01-24 22:00:00,88.0,120.25,0.33,24.6,13.35,36.92,0.6,9.72,48.6,,,,320.0,Very Poor
252118,DL005,2019-01-24 23:00:00,82.25,121.5,0.38,27.9,15.12,37.88,0.53,10.1,37.48,,,,313.0,Very Poor
252119,DL005,2019-01-25 00:00:00,90.0,128.0,,,,,0.45,10.05,35.8,,,,310.0,Very Poor
252120,DL005,2019-01-25 01:00:00,81.5,111.25,0.2,23.45,12.65,38.4,0.43,10.47,47.48,,,,307.0,Very Poor
252121,DL005,2019-01-25 02:00:00,70.75,95.0,,,,,0.45,7.22,52.4,,,,304.0,Very Poor
252122,DL005,2019-01-25 03:00:00,63.75,89.0,0.6,15.7,8.9,32.4,,15.6,53.27,,,,301.0,Very Poor
252123,DL005,2019-01-25 04:00:00,70.0,86.5,0.43,15.5,8.72,28.35,0.4,12.0,59.95,,,,291.0,Poor
252124,DL005,2019-01-25 05:00:00,68.0,84.0,0.5,19.55,10.8,29.77,0.45,11.97,48.98,,,,279.0,Poor
252125,DL005,2019-01-25 06:00:00,78.75,96.25,0.48,23.15,12.68,33.93,0.4,12.15,44.38,,,,266.0,Poor
252126,DL005,2019-01-25 07:00:00,74.25,86.25,0.65,28.45,15.7,34.75,0.45,12.4,31.95,,,,248.0,Poor
252127,DL005,2019-01-25 08:00:00,73.5,86.0,2.9,39.85,23.52,34.12,0.55,10.62,11.48,,,,231.0,Poor
252128,DL005,2019-01-25 09:00:00,91.25,111.5,5.95,41.17,26.7,38.55,0.65,15.45,11.0,,,,218.0,Poor
252129,DL005,2019-01-25 10:00:00,151.5,183.5,6.98,30.93,22.12,37.8,0.88,23.12,18.48,,,,216.0,Poor
252130,DL005,2019-01-25 11:00:00,183.75,215.5,3.35,24.6,15.8,36.58,0.8,23.98,39.45,,121.3,,222.0,Poor
252131,DL005,2019-01-25 12:00:00,157.5,197.5,2.4,22.58,14.0,32.3,0.78,20.2,54.38,,127.72,,227.0,Poor
252132,DL005,2019-01-25 13:00:00,97.75,137.75,2.15,23.68,14.3,30.88,0.7,16.62,65.9,,105.9,,228.0,Poor
252133,DL005,2019-01-25 14:00:00,97.25,135.75,2.92,30.55,18.65,34.85,0.7,17.9,65.35,,,,230.0,Poor
252134,DL005,2019-01-25 15:00:00,104.25,140.5,3.02,33.65,20.35,35.1,0.65,24.3,72.47,,,,231.0,Poor
252135,DL005,2019-01-25 16:00:00,88.75,130.5,1.77,28.18,16.4,33.05,0.5,19.73,75.75,,147.6,,232.0,Poor
252136,DL005,2019-01-25 17:00:00,75.5,113.75,1.12,28.77,16.2,33.42,0.57,17.17,73.8,,156.1,,230.0,Poor
252137,DL005,2019-01-25 18:00:00,103.25,152.5,1.1,39.62,21.98,30.25,0.78,15.8,48.88,,,,228.0,Poor
252138,DL005,2019-01-25 19:00:00,130.75,213.0,2.45,57.0,32.35,36.73,1.1,16.65,20.1,,,,225.0,Poor
252139,DL005,2019-01-25 20:00:00,219.25,317.0,10.27,70.78,46.0,38.9,1.4,19.0,6.62,,,,238.0,Poor
252140,DL005,2019-01-25 21:00:00,282.25,398.0,5.17,53.58,32.75,39.3,1.27,22.57,20.57,,130.25,,264.0,Poor
252141,DL005,2019-01-25 22:00:00,220.0,310.0,3.45,57.02,33.12,37.12,1.02,11.57,12.12,,169.95,,283.0,Poor
252142,DL005,2019-01-25 23:00:00,179.5,262.75,2.12,52.73,29.75,37.25,0.8,10.78,17.88,,,,296.0,Poor
252143,DL005,2019-01-26 00:00:00,177.0,242.5,0.72,34.7,19.08,34.83,0.68,11.32,37.95,,,,302.0,Very Poor
252144,DL005,2019-01-26 01:00:00,127.0,172.0,0.72,35.23,19.32,32.38,0.67,10.02,26.93,,,,303.0,Very Poor
252145,DL005,2019-01-26 02:00:00,123.75,166.0,0.77,32.1,17.73,28.55,0.72,13.55,24.3,,,,305.0,Very Poor
252146,DL005,2019-01-26 03:00:00,152.0,202.0,1.2,32.5,18.2,38.4,,11.0,19.12,,,,308.0,Very Poor
252147,DL005,2019-01-26 04:00:00,210.0,280.0,0.82,31.35,17.38,36.8,0.78,14.93,15.95,,,,312.0,Very Poor
252148,DL005,2019-01-26 05:00:00,200.0,269.75,0.47,27.48,15.05,36.3,0.7,16.48,19.88,,,,317.0,Very Poor
252149,DL005,2019-01-26 06:00:00,187.0,263.5,0.3,27.18,14.7,38.3,0.7,11.1,17.95,,,,320.0,Very Poor
252150,DL005,2019-01-26 07:00:00,191.0,264.5,1.42,33.67,19.08,41.38,0.7,10.38,11.8,,,,324.0,Very Poor
252151,DL005,2019-01-26 08:00:00,215.0,294.25,6.2,40.92,26.77,39.75,0.8,7.9,7.02,,,,328.0,Very Poor
252152,DL005,2019-01-26 09:00:00,226.25,306.75,6.75,40.22,26.88,39.03,0.4,17.88,16.82,,,,333.0,Very Poor
252153,DL005,2019-01-26 10:00:00,233.25,304.75,4.92,33.72,21.97,32.78,0.95,24.85,30.3,,,,335.0,Very Poor
252154,DL005,2019-01-26 11:00:00,207.5,268.75,1.9,22.98,13.8,25.05,0.68,19.67,58.95,,,,336.0,Very Poor
252155,DL005,2019-01-26 12:00:00,114.0,155.25,0.72,18.18,10.25,21.7,0.55,15.25,77.67,,,,335.0,Very Poor
252156,DL005,2019-01-26 13:00:00,68.5,102.5,0.7,17.1,9.68,20.98,0.47,13.95,90.4,,,,334.0,Very Poor
252157,DL005,2019-01-26 14:00:00,55.25,92.5,0.5,16.5,9.15,23.12,0.38,11.3,95.75,,,,332.0,Very Poor
252158,DL005,2019-01-26 15:00:00,46.5,81.25,0.57,18.9,10.5,24.9,0.3,11.5,97.58,,,,331.0,Very Poor
252159,DL005,2019-01-26 16:00:00,45.25,73.75,0.57,20.12,11.2,25.83,0.4,12.95,96.45,,,,329.0,Very Poor
252160,DL005,2019-01-26 17:00:00,46.25,85.75,0.67,21.85,12.17,26.52,0.4,13.93,93.47,,,,328.0,Very Poor
252161,DL005,2019-01-26 18:00:00,76.0,120.5,1.05,36.28,20.12,29.02,0.65,15.05,60.53,,,,327.0,Very Poor
252162,DL005,2019-01-26 19:00:00,161.5,219.0,1.68,53.22,29.7,26.58,0.98,13.82,22.98,,,,328.0,Very Poor
252163,DL005,2019-01-26 20:00:00,158.75,226.0,4.95,58.62,35.2,27.93,1.05,16.93,14.7,,,,326.0,Very Poor
252164,DL005,2019-01-26 21:00:00,173.25,238.25,1.55,48.48,27.03,29.5,0.95,29.1,22.88,,,,323.0,Very Poor
252165,DL005,2019-01-26 22:00:00,203.75,242.25,1.02,43.52,23.98,33.95,0.93,26.47,23.65,,,,322.0,Very Poor
252166,DL005,2019-01-26 23:00:00,216.25,255.75,1.18,46.62,25.8,37.08,0.97,25.1,16.98,,,,324.0,Very Poor
252167,DL005,2019-01-27 00:00:00,217.25,256.25,1.27,43.92,24.38,35.42,0.78,23.3,20.3,,,,325.0,Very Poor
252168,DL005,2019-01-27 01:00:00,181.5,224.75,1.45,38.0,21.4,35.3,0.7,24.45,16.73,,,,327.0,Very Poor
252169,DL005,2019-01-27 02:00:00,176.5,224.25,1.5,39.67,22.33,30.68,0.8,24.05,14.15,,,,328.0,Very Poor
252170,DL005,2019-01-27 03:00:00,173.0,232.5,3.5,39.9,24.1,32.4,,12.6,8.72,,,,329.0,Very Poor
252171,DL005,2019-01-27 04:00:00,191.25,271.5,2.0,35.2,20.38,30.6,0.8,17.93,12.35,,,,328.0,Very Poor
252172,DL005,2019-01-27 05:00:00,184.5,239.75,2.88,35.6,21.3,30.57,0.8,17.45,9.33,,,,328.0,Very Poor
252173,DL005,2019-01-27 06:00:00,191.5,242.0,3.62,36.38,22.25,33.38,0.8,12.75,6.7,,,,328.0,Very Poor
252174,DL005,2019-01-27 07:00:00,211.5,266.0,22.05,43.45,41.12,36.8,0.88,11.92,3.08,,,,329.0,Very Poor
252175,DL005,2019-01-27 08:00:00,268.5,330.25,20.0,46.6,41.1,40.85,1.18,11.52,3.5,,,,330.0,Very Poor
252176,DL005,2019-01-27 09:00:00,305.5,361.5,12.65,44.17,33.83,35.27,1.15,12.7,7.42,,,,333.0,Very Poor
252177,DL005,2019-01-27 10:00:00,225.5,269.5,9.8,40.5,29.52,30.7,1.12,13.82,17.95,,,,333.0,Very Poor
252178,DL005,2019-01-27 11:00:00,179.75,226.0,4.3,28.98,18.9,29.73,0.93,20.23,45.9,,,,332.0,Very Poor
252179,DL005,2019-01-27 12:00:00,164.75,195.5,2.05,24.75,14.85,25.05,0.75,14.68,62.33,,,,333.0,Very Poor
252180,DL005,2019-01-27 13:00:00,104.0,153.75,1.1,20.8,11.98,23.07,0.57,14.32,81.5,,,,335.0,Very Poor
252181,DL005,2019-01-27 14:00:00,72.25,139.25,0.97,20.27,11.6,24.85,0.43,12.12,85.38,,,,335.0,Very Poor
252182,DL005,2019-01-27 15:00:00,65.75,134.0,0.93,22.12,12.52,29.4,0.47,12.62,91.03,,,,336.0,Very Poor
252183,DL005,2019-01-27 16:00:00,90.75,138.75,0.9,25.75,14.43,32.0,0.57,12.95,91.1,,,,337.0,Very Poor
252184,DL005,2019-01-27 17:00:00,89.0,143.75,0.8,27.65,15.35,30.12,0.5,12.25,91.12,,,,339.0,Very Poor
252185,DL005,2019-01-27 18:00:00,70.25,124.75,0.95,39.92,22.0,25.83,0.75,12.9,54.7,,,,338.0,Very Poor
252186,DL005,2019-01-27 19:00:00,101.25,179.0,5.67,74.55,44.3,28.25,1.23,15.7,14.07,,,,336.0,Very Poor
252187,DL005,2019-01-27 20:00:00,178.25,263.5,10.1,69.05,44.98,31.5,1.3,15.62,8.12,,,,337.0,Very Poor
252188,DL005,2019-01-27 21:00:00,194.25,261.75,17.77,65.55,49.33,29.52,1.33,20.3,4.55,,,,338.0,Very Poor
252189,DL005,2019-01-27 22:00:00,207.5,258.25,11.68,59.88,41.4,33.52,1.02,20.65,6.22,,,,338.0,Very Poor
252190,DL005,2019-01-27 23:00:00,211.0,259.5,3.15,54.95,31.85,34.73,0.72,17.92,12.15,,,,338.0,Very Poor
252191,DL005,2019-01-28 00:00:00,188.0,205.25,1.78,46.92,26.4,34.83,0.67,17.18,14.62,,,,337.0,Very Poor
252192,DL005,2019-01-28 01:00:00,180.25,197.0,1.32,41.52,23.23,34.5,0.65,21.3,18.95,,,,337.0,Very Poor
252193,DL005,2019-01-28 02:00:00,172.0,185.25,1.02,36.33,20.12,31.4,0.57,17.83,18.9,,,,337.0,Very Poor
252194,DL005,2019-01-28 03:00:00,165.25,178.25,1.2,31.2,17.6,28.9,,11.5,19.98,,,,336.0,Very Poor
252195,DL005,2019-01-28 04:00:00,171.0,178.0,1.52,33.1,18.88,28.6,0.7,17.27,18.05,,,,336.0,Very Poor
252196,DL005,2019-01-28 05:00:00,168.75,169.0,1.1,30.45,17.1,29.45,0.7,17.95,23.3,,,,335.0,Very Poor
252197,DL005,2019-01-28 06:00:00,169.0,176.25,1.38,33.12,18.78,29.47,0.7,14.2,18.27,,,,334.0,Very Poor
252198,DL005,2019-01-28 07:00:00,165.0,174.5,6.62,42.3,27.85,31.82,0.72,11.73,9.1,,,,333.0,Very Poor
252199,DL005,2019-01-28 08:00:00,189.5,207.25,11.68,47.02,34.52,35.78,1.02,12.52,5.15,,,,330.0,Very Poor
252200,DL005,2019-01-28 09:00:00,240.75,269.75,12.12,41.85,32.17,35.5,0.98,15.0,12.7,,,,328.0,Very Poor
252201,DL005,2019-01-28 10:00:00,221.0,248.75,6.53,35.0,23.92,33.42,0.97,18.67,28.27,,,,328.0,Very Poor
252202,DL005,2019-01-28 11:00:00,187.5,228.25,3.65,27.97,17.82,30.38,0.85,18.8,49.7,,,,328.0,Very Poor
252203,DL005,2019-01-28 12:00:00,136.75,258.75,2.58,26.12,16.0,26.8,0.62,17.52,73.1,,,,328.0,Very Poor
252204,DL005,2019-01-28 13:00:00,92.5,273.5,1.3,21.9,12.7,26.5,0.55,16.48,94.47,,,,327.0,Very Poor
252205,DL005,2019-01-28 14:00:00,73.75,155.75,1.05,19.9,11.47,27.07,0.45,13.5,102.88,,,,327.0,Very Poor
252206,DL005,2019-01-28 15:00:00,59.5,148.25,0.75,23.02,12.88,29.48,0.4,12.3,103.75,,,,327.0,Very Poor
252207,DL005,2019-01-28 16:00:00,64.75,146.0,0.57,24.43,13.45,29.93,0.55,12.4,101.12,,,,326.0,Very Poor
252208,DL005,2019-01-28 17:00:00,64.25,144.75,0.98,27.75,15.55,28.92,0.6,12.5,88.35,,,,325.0,Very Poor
252209,DL005,2019-01-28 18:00:00,63.25,149.25,1.05,37.8,20.97,27.45,0.65,13.45,62.4,,,,325.0,Very Poor
252210,DL005,2019-01-28 19:00:00,115.5,214.0,8.4,73.97,46.02,31.7,1.2,16.5,17.6,,,,326.0,Very Poor
252211,DL005,2019-01-28 20:00:00,222.5,354.0,15.98,81.6,56.42,35.25,1.45,18.73,5.22,,,,327.0,Very Poor
252212,DL005,2019-01-28 21:00:00,269.75,428.0,36.3,76.15,69.95,35.6,1.58,15.45,4.22,,,,329.0,Very Poor
252213,DL005,2019-01-28 22:00:00,263.25,460.25,46.7,72.12,76.53,35.1,1.7,15.15,3.5,,,,331.0,Very Poor
252214,DL005,2019-01-28 23:00:00,250.0,428.75,24.48,64.4,54.22,40.85,1.6,12.6,3.72,,,,332.0,Very Poor
252215,DL005,2019-01-29 00:00:00,272.5,396.75,16.07,62.5,46.1,39.42,1.45,12.25,3.9,,,,335.0,Very Poor
252216,DL005,2019-01-29 01:00:00,221.5,318.5,7.28,58.42,37.27,35.9,1.38,12.07,4.65,,,,337.0,Very Poor
252217,DL005,2019-01-29 02:00:00,214.5,312.25,4.42,53.23,31.9,35.45,1.35,14.25,13.1,,,,338.0,Very Poor
252218,DL005,2019-01-29 03:00:00,199.5,302.75,1.6,36.6,20.8,28.7,,15.1,14.55,,,,339.0,Very Poor
252219,DL005,2019-01-29 04:00:00,174.5,252.0,1.15,34.55,19.3,28.82,0.83,21.4,17.73,,,,339.0,Very Poor
252220,DL005,2019-01-29 05:00:00,186.75,245.75,1.0,34.95,19.45,34.48,0.8,22.67,15.3,,,,340.0,Very Poor
252221,DL005,2019-01-29 06:00:00,230.25,303.25,1.45,36.98,20.82,32.3,0.95,27.38,13.65,,,,342.0,Very Poor
252222,DL005,2019-01-29 07:00:00,187.75,251.25,14.93,46.67,36.97,35.05,1.05,18.52,5.68,,,,342.0,Very Poor
252223,DL005,2019-01-29 08:00:00,240.0,338.5,13.68,47.27,36.83,41.15,1.1,19.67,5.35,,,,344.0,Very Poor
252224,DL005,2019-01-29 09:00:00,327.75,422.5,12.98,46.3,34.75,38.47,1.2,25.2,10.1,,,,347.0,Very Poor
252225,DL005,2019-01-29 10:00:00,246.75,326.5,8.2,40.6,28.25,35.5,1.02,23.88,26.05,,,,348.0,Very Poor
252226,DL005,2019-01-29 11:00:00,219.25,297.5,5.03,34.9,22.65,29.35,0.9,22.73,50.55,,,,349.0,Very Poor
252227,DL005,2019-01-29 12:00:00,148.75,212.5,1.93,23.9,14.3,27.67,0.78,21.93,75.12,,,,349.0,Very Poor
252228,DL005,2019-01-29 13:00:00,119.25,173.5,1.75,23.1,13.73,27.1,0.7,19.48,89.45,,,,350.0,Very Poor
252229,DL005,2019-01-29 14:00:00,99.0,156.75,1.52,22.05,13.0,27.45,0.6,18.18,99.75,,,,351.0,Very Poor
252230,DL005,2019-01-29 15:00:00,81.0,144.75,0.97,22.15,12.57,30.75,0.5,14.47,107.23,,103.2,,351.0,Very Poor
252231,DL005,2019-01-29 16:00:00,87.0,152.25,0.9,24.23,13.6,31.6,0.47,13.8,105.22,,115.6,,352.0,Very Poor
252232,DL005,2019-01-29 17:00:00,96.25,179.75,1.12,32.53,18.33,31.65,0.55,15.12,87.67,,,,353.0,Very Poor
252233,DL005,2019-01-29 18:00:00,81.75,155.0,3.35,61.05,35.17,32.2,0.8,16.68,42.33,,,,354.0,Very Poor
252234,DL005,2019-01-29 19:00:00,140.75,285.0,14.35,90.95,60.05,34.57,1.4,16.6,4.65,,,,354.0,Very Poor
252235,DL005,2019-01-29 20:00:00,240.75,499.0,51.9,92.95,91.77,38.27,2.1,18.23,3.52,,,,355.0,Very Poor
252236,DL005,2019-01-29 21:00:00,318.5,523.5,60.07,80.0,91.03,38.1,1.95,22.57,3.38,,,,357.0,Very Poor
252237,DL005,2019-01-29 22:00:00,311.0,519.75,106.33,76.57,127.47,43.05,2.38,20.98,2.92,,,,358.0,Very Poor
252238,DL005,2019-01-29 23:00:00,366.5,628.5,82.65,69.45,104.32,50.97,1.83,16.67,2.58,,,,362.0,Very Poor
252239,DL005,2019-01-30 00:00:00,345.5,554.0,51.85,63.98,76.33,51.62,1.35,18.02,2.6,,,,364.0,Very Poor
252240,DL005,2019-01-30 01:00:00,262.5,409.75,36.08,61.02,61.65,52.65,1.1,18.15,2.85,,,,366.0,Very Poor
252241,DL005,2019-01-30 02:00:00,237.75,363.0,35.48,59.65,60.62,48.5,1.12,18.65,3.0,,,,366.0,Very Poor
252242,DL005,2019-01-30 03:00:00,225.0,350.0,7.8,61.9,39.2,43.0,,13.1,3.55,,,,367.0,Very Poor
252243,DL005,2019-01-30 04:00:00,234.75,318.0,6.65,59.88,37.15,42.12,1.08,21.12,5.3,,,,369.0,Very Poor
252244,DL005,2019-01-30 05:00:00,232.0,306.0,8.93,53.55,35.73,40.7,1.0,18.98,4.5,,,,371.0,Very Poor
252245,DL005,2019-01-30 06:00:00,221.25,292.75,9.32,52.67,35.62,40.27,1.02,17.98,3.45,,,,370.0,Very Poor
252246,DL005,2019-01-30 07:00:00,238.5,314.0,23.4,56.85,49.35,44.27,1.18,14.65,2.75,,,,372.0,Very Poor
252247,DL005,2019-01-30 08:00:00,269.0,359.25,44.65,56.07,66.25,50.25,1.32,12.7,3.0,,,,373.0,Very Poor
252248,DL005,2019-01-30 09:00:00,322.25,433.25,28.85,58.55,54.7,50.48,1.35,23.98,6.1,,,,373.0,Very Poor
252249,DL005,2019-01-30 10:00:00,331.0,431.75,12.65,50.15,37.0,51.97,1.27,29.4,19.8,,,,375.0,Very Poor
252250,DL005,2019-01-30 11:00:00,317.75,394.75,5.3,37.5,24.27,40.98,1.18,22.6,43.05,,,,378.0,Very Poor
252251,DL005,2019-01-30 12:00:00,248.75,319.25,3.02,31.43,19.15,40.08,1.43,22.0,66.38,,,,382.0,Very Poor
252252,DL005,2019-01-30 13:00:00,208.25,277.75,1.62,27.48,15.95,38.78,1.35,22.07,95.88,,,,385.0,Very Poor
252253,DL005,2019-01-30 14:00:00,182.0,252.75,0.68,25.52,14.12,37.8,1.27,21.42,117.83,,,,387.0,Very Poor
252254,DL005,2019-01-30 15:00:00,151.25,216.25,0.3,24.62,13.38,36.0,0.95,19.9,129.15,,,,389.0,Very Poor
252255,DL005,2019-01-30 16:00:00,124.75,174.25,0.7,30.55,16.85,35.23,0.65,20.5,118.08,,,,391.0,Very Poor
252256,DL005,2019-01-30 17:00:00,155.75,226.0,0.7,39.7,21.7,33.65,0.72,19.62,108.7,,192.7,,393.0,Very Poor
252257,DL005,2019-01-30 18:00:00,150.5,309.75,0.72,51.02,27.75,33.15,0.93,19.7,75.2,,274.35,,395.0,Very Poor
252258,DL005,2019-01-30 19:00:00,173.0,399.0,40.53,112.12,92.53,39.52,1.88,19.55,9.15,,328.9,,396.0,Very Poor
252259,DL005,2019-01-30 20:00:00,257.0,399.0,89.7,108.43,130.8,50.23,3.25,18.65,3.7,,199.1,,396.0,Very Poor
252260,DL005,2019-01-30 21:00:00,512.0,961.0,77.68,104.22,118.8,47.25,3.77,17.62,4.22,,281.4,,402.0,Severe
252261,DL005,2019-01-30 22:00:00,553.25,961.0,197.65,100.75,214.77,52.32,4.65,18.42,5.12,,355.6,,410.0,Severe
252262,DL005,2019-01-30 23:00:00,582.75,746.0,67.78,100.38,108.2,54.93,2.8,15.4,3.95,,423.65,,417.0,Severe
252263,DL005,2019-01-31 00:00:00,380.5,733.75,100.35,99.45,134.57,60.5,3.0,11.88,4.6,,309.15,,418.0,Severe
252264,DL005,2019-01-31 01:00:00,379.75,686.25,88.4,90.47,120.18,63.7,2.77,10.12,6.9,,207.0,,422.0,Severe
252265,DL005,2019-01-31 02:00:00,371.0,630.75,70.2,74.17,96.7,62.67,2.3,12.38,7.15,,148.72,,426.0,Severe
252266,DL005,2019-01-31 03:00:00,334.5,560.25,38.4,76.3,71.9,50.9,,17.4,5.75,,209.7,,430.0,Severe
252267,DL005,2019-01-31 04:00:00,324.0,533.25,31.18,68.17,61.7,50.85,1.67,16.33,4.62,,245.6,,433.0,Severe
252268,DL005,2019-01-31 05:00:00,306.0,436.0,36.9,55.33,59.5,47.77,1.52,14.32,4.15,,227.08,,438.0,Severe
252269,DL005,2019-01-31 06:00:00,239.25,347.5,16.45,48.8,39.35,48.17,1.27,12.75,3.43,,144.5,,441.0,Severe
252270,DL005,2019-01-31 07:00:00,202.75,294.25,14.03,47.53,36.7,56.2,1.23,11.9,3.15,,,,440.0,Severe
252271,DL005,2019-01-31 08:00:00,217.25,328.75,25.1,50.58,47.4,61.67,1.55,12.75,3.83,,,,438.0,Severe
252272,DL005,2019-01-31 09:00:00,294.25,447.5,54.33,70.3,81.65,67.9,4.02,21.23,13.67,,,,439.0,Severe
252273,DL005,2019-01-31 10:00:00,426.75,633.0,50.1,88.53,87.93,68.53,2.45,26.55,60.6,,,,449.0,Severe
252274,DL005,2019-01-31 11:00:00,321.0,540.25,12.38,71.78,48.23,47.75,1.2,20.33,27.38,,,,457.0,Severe
252275,DL005,2019-01-31 12:00:00,139.0,278.5,9.9,69.08,44.8,44.38,1.15,16.75,41.4,,,,455.0,Severe
252276,DL005,2019-01-31 13:00:00,125.5,279.0,5.88,49.7,31.25,44.2,0.88,16.62,76.6,,,,455.0,Severe
252277,DL005,2019-01-31 14:00:00,102.75,278.0,2.88,34.28,20.6,42.97,0.7,15.23,93.17,,,,456.0,Severe
252278,DL005,2019-01-31 15:00:00,100.5,226.25,2.12,35.35,20.55,46.25,0.6,12.2,95.58,,,,457.0,Severe
252279,DL005,2019-01-31 16:00:00,93.5,209.0,1.27,34.73,19.52,44.88,0.7,11.68,91.7,,,,459.0,Severe
252280,DL005,2019-01-31 17:00:00,92.0,199.25,1.15,40.4,22.45,43.83,0.8,11.73,82.45,,,,457.0,Severe
252281,DL005,2019-01-31 18:00:00,112.75,233.25,0.8,48.7,26.5,45.6,0.9,11.05,70.65,,,,453.0,Severe
252282,DL005,2019-01-31 19:00:00,121.5,262.0,0.95,57.83,31.55,40.25,1.08,15.5,49.58,,,,446.0,Severe
252283,DL005,2019-01-31 20:00:00,145.5,317.5,3.55,80.95,45.92,41.35,1.7,14.32,17.68,,,,442.0,Severe
252284,DL005,2019-01-31 21:00:00,226.25,483.25,5.4,80.47,47.2,43.15,1.88,14.75,7.55,,,,417.0,Severe
252285,DL005,2019-01-31 22:00:00,273.25,513.75,9.05,77.3,48.5,46.92,2.1,14.9,5.03,,,,397.0,Very Poor
252286,DL005,2019-01-31 23:00:00,297.25,522.75,9.62,73.38,46.88,55.65,1.98,12.95,3.88,,,,388.0,Very Poor
252287,DL005,2019-02-01 00:00:00,299.0,474.25,3.4,71.33,40.72,62.6,1.65,10.78,4.1,,,,385.0,Very Poor
252288,DL005,2019-02-01 01:00:00,281.0,394.25,2.35,67.65,37.92,64.28,1.35,10.25,9.15,,,,382.0,Very Poor
252289,DL005,2019-02-01 02:00:00,252.75,340.25,0.8,40.8,22.33,62.65,1.0,9.38,18.45,,,,378.0,Very Poor
252290,DL005,2019-02-01 03:00:00,191.75,253.0,,,,,,14.1,28.57,,,,374.0,Very Poor
252291,DL005,2019-02-01 04:00:00,189.0,244.5,0.85,43.78,23.97,42.28,0.9,15.03,30.15,,,,370.0,Very Poor
252292,DL005,2019-02-01 05:00:00,200.5,246.0,0.7,36.93,20.25,39.9,0.83,15.88,28.25,,,,366.0,Very Poor
252293,DL005,2019-02-01 06:00:00,171.0,216.0,0.6,41.23,22.43,40.02,0.83,16.0,17.97,,,,364.0,Very Poor
252294,DL005,2019-02-01 07:00:00,171.75,216.5,1.05,47.6,26.15,47.6,0.9,14.02,11.97,,,,363.0,Very Poor
252295,DL005,2019-02-01 08:00:00,199.25,265.5,17.45,59.27,45.58,55.17,1.3,12.3,6.68,,,,362.0,Very Poor
252296,DL005,2019-02-01 09:00:00,255.0,335.0,69.15,72.93,95.12,60.2,1.85,13.03,9.32,,,,361.0,Very Poor
252297,DL005,2019-02-01 10:00:00,279.5,363.5,65.2,81.53,96.53,64.07,2.02,12.35,11.75,,,,356.0,Very Poor
252298,DL005,2019-02-01 11:00:00,287.0,374.25,24.27,78.47,61.52,57.85,1.6,18.27,20.7,,,,355.0,Very Poor
252299,DL005,2019-02-01 12:00:00,269.25,356.75,10.1,67.12,44.0,53.68,1.3,19.55,37.4,,,,360.0,Very Poor
252300,DL005,2019-02-01 13:00:00,235.5,321.25,4.18,33.08,20.97,54.62,0.98,18.32,38.25,,,,363.0,Very Poor
252301,DL005,2019-02-01 14:00:00,211.5,290.5,2.25,28.2,16.82,53.88,0.88,15.7,44.4,,,,367.0,Very Poor
252302,DL005,2019-02-01 15:00:00,201.25,262.5,1.25,26.57,15.18,55.88,0.8,11.18,69.28,,,,370.0,Very Poor
252303,DL005,2019-02-01 16:00:00,186.75,250.25,0.9,27.95,15.6,57.08,0.97,8.2,69.03,,,,373.0,Very Poor
252304,DL005,2019-02-01 17:00:00,200.0,269.5,0.82,33.23,18.35,56.35,1.05,8.45,50.9,,,,376.0,Very Poor
252305,DL005,2019-02-01 18:00:00,222.0,298.75,1.88,45.3,25.62,66.35,1.25,8.18,13.03,,,,380.0,Very Poor
252306,DL005,2019-02-01 19:00:00,258.75,345.75,7.8,49.4,32.62,56.52,1.48,9.62,5.95,,,,384.0,Very Poor
252307,DL005,2019-02-01 20:00:00,293.0,388.25,8.6,43.48,30.15,49.15,1.5,8.7,4.95,,,,389.0,Very Poor
252308,DL005,2019-02-01 21:00:00,248.0,347.0,6.8,36.42,24.92,47.05,1.4,10.95,5.2,,,,390.0,Very Poor
252309,DL005,2019-02-01 22:00:00,221.0,312.25,3.08,27.07,16.9,44.1,1.12,11.52,7.98,,,,388.0,Very Poor
252310,DL005,2019-02-01 23:00:00,192.75,284.5,0.95,23.95,13.5,45.35,1.02,10.62,11.0,,,,385.0,Very Poor
252311,DL005,2019-02-02 00:00:00,186.75,265.5,0.6,23.7,13.1,50.2,0.93,8.68,13.32,,,,381.0,Very Poor
252312,DL005,2019-02-02 01:00:00,180.75,246.0,0.4,20.5,11.28,50.35,0.9,8.93,15.85,,,,378.0,Very Poor
252313,DL005,2019-02-02 02:00:00,176.0,234.25,0.53,19.95,11.0,49.77,0.9,10.32,16.2,,,,375.0,Very Poor
252314,DL005,2019-02-02 03:00:00,149.5,218.5,0.5,17.7,9.9,37.5,,9.5,18.88,,,,374.0,Very Poor
252315,DL005,2019-02-02 04:00:00,131.0,194.25,0.45,17.55,9.67,37.45,0.9,9.12,17.98,,,,372.0,Very Poor
252316,DL005,2019-02-02 05:00:00,123.25,185.25,0.33,16.67,9.15,37.1,0.88,11.62,19.1,,,,370.0,Very Poor
252317,DL005,2019-02-02 06:00:00,116.0,171.0,0.3,16.85,9.2,35.9,0.8,10.85,18.8,,,,368.0,Very Poor
252318,DL005,2019-02-02 07:00:00,110.5,168.75,0.75,18.4,10.4,37.38,0.78,9.82,19.52,,,,366.0,Very Poor
252319,DL005,2019-02-02 08:00:00,116.0,187.5,0.8,23.05,12.88,41.58,0.78,8.0,19.42,,,,363.0,Very Poor
252320,DL005,2019-02-02 09:00:00,129.75,189.75,1.48,27.07,15.6,42.7,0.93,10.27,19.08,,,,359.0,Very Poor
252321,DL005,2019-02-02 10:00:00,142.75,215.5,2.0,27.98,16.52,43.72,0.9,11.6,19.12,,,,355.0,Very Poor
252322,DL005,2019-02-02 11:00:00,171.75,239.0,1.77,26.35,15.5,41.5,0.85,12.33,22.52,,,,351.0,Very Poor
252323,DL005,2019-02-02 12:00:00,201.25,269.5,1.95,23.82,14.28,38.05,0.85,13.05,26.65,,,,349.0,Very Poor
252324,DL005,2019-02-02 13:00:00,237.0,299.0,1.35,22.15,12.9,39.15,0.85,14.55,33.5,,,,349.0,Very Poor
252325,DL005,2019-02-02 14:00:00,235.0,301.75,1.23,20.33,11.8,39.22,0.9,14.55,45.33,,,,350.0,Very Poor
252326,DL005,2019-02-02 15:00:00,236.75,300.75,0.9,20.88,11.82,40.4,0.9,12.67,53.3,,,,351.0,Very Poor
252327,DL005,2019-02-02 16:00:00,228.5,296.25,0.78,23.15,12.9,45.12,0.85,10.0,62.5,,,,352.0,Very Poor
252328,DL005,2019-02-02 17:00:00,219.75,290.25,0.85,26.6,14.85,43.77,0.9,9.4,59.42,,,,353.0,Very Poor
252329,DL005,2019-02-02 18:00:00,232.5,305.75,0.9,32.53,18.07,45.48,0.93,8.8,39.82,,,,353.0,Very Poor
252330,DL005,2019-02-02 19:00:00,238.25,318.5,1.35,43.5,24.27,45.75,1.12,9.27,21.1,,,,352.0,Very Poor
252331,DL005,2019-02-02 20:00:00,277.75,384.0,30.33,55.9,54.65,43.15,1.9,11.6,7.57,,,,352.0,Very Poor
252332,DL005,2019-02-02 21:00:00,293.5,440.5,13.22,46.67,35.55,41.55,1.55,12.05,4.72,,,,353.0,Very Poor
252333,DL005,2019-02-02 22:00:00,249.0,369.5,5.18,30.07,20.2,39.17,1.2,13.12,11.28,,,,354.0,Very Poor
252334,DL005,2019-02-02 23:00:00,196.25,300.5,0.7,23.8,13.25,34.67,0.9,13.5,33.73,,,,354.0,Very Poor
252335,DL005,2019-02-03 00:00:00,149.75,226.5,0.38,22.55,12.3,37.42,0.9,9.58,33.73,,,,353.0,Very Poor
252336,DL005,2019-02-03 01:00:00,130.75,192.5,0.4,23.25,12.7,36.1,0.8,9.2,27.27,,,,352.0,Very Poor
252337,DL005,2019-02-03 02:00:00,114.25,145.25,0.4,20.8,11.4,35.73,0.8,9.62,27.5,,,,350.0,Very Poor
252338,DL005,2019-02-03 03:00:00,90.5,128.5,0.6,19.4,10.8,29.4,,10.6,26.65,,,,348.0,Very Poor
252339,DL005,2019-02-03 04:00:00,79.5,110.25,0.68,18.32,10.2,28.68,,10.85,34.85,,,,346.0,Very Poor
252340,DL005,2019-02-03 05:00:00,76.75,109.0,0.33,16.8,9.15,28.67,,10.88,31.65,,,,345.0,Very Poor
252341,DL005,2019-02-03 06:00:00,72.0,122.75,0.43,17.48,9.47,28.75,,13.07,26.02,,,,343.0,Very Poor
252342,DL005,2019-02-03 07:00:00,67.75,125.25,0.35,18.6,10.17,28.85,,12.45,25.2,,,,342.0,Very Poor
252343,DL005,2019-02-03 08:00:00,68.0,122.75,0.7,22.2,12.35,33.58,,9.7,26.1,,,,340.0,Very Poor
252344,DL005,2019-02-03 09:00:00,81.5,137.25,1.17,25.18,14.32,34.47,,9.3,27.3,,,,339.0,Very Poor
252345,DL005,2019-02-03 10:00:00,86.75,134.5,1.4,25.4,14.65,35.67,,9.98,28.05,,,,337.0,Very Poor
252346,DL005,2019-02-03 11:00:00,95.0,157.0,1.85,23.6,14.07,35.8,,11.4,30.17,,,,335.0,Very Poor
252347,DL005,2019-02-03 12:00:00,124.0,183.75,1.98,19.98,12.27,31.4,,11.23,35.45,,,,332.0,Very Poor
252348,DL005,2019-02-03 13:00:00,160.75,215.0,1.93,19.62,12.0,31.78,,12.55,40.98,,,,330.0,Very Poor
252349,DL005,2019-02-03 14:00:00,169.0,221.0,1.67,18.2,11.02,32.42,,13.07,53.27,,,,328.0,Very Poor
252350,DL005,2019-02-03 15:00:00,156.5,194.0,1.43,18.4,10.97,33.58,,11.15,68.7,,,,325.0,Very Poor
252351,DL005,2019-02-03 16:00:00,149.0,197.25,1.02,19.65,11.28,39.1,,9.55,85.97,,,,322.0,Very Poor
252352,DL005,2019-02-03 17:00:00,155.25,203.75,0.6,23.0,12.73,40.08,,9.12,90.9,,,,320.0,Very Poor
252353,DL005,2019-02-03 18:00:00,149.75,199.75,0.73,31.62,17.45,40.45,,9.02,62.83,,,,318.0,Very Poor
252354,DL005,2019-02-03 19:00:00,156.75,219.5,0.88,42.58,23.38,41.0,,8.82,39.38,,,,315.0,Very Poor
252355,DL005,2019-02-03 20:00:00,166.25,250.5,10.3,56.83,38.78,37.2,,10.02,12.62,,,,311.0,Very Poor
252356,DL005,2019-02-03 21:00:00,232.5,367.0,39.15,63.35,65.55,44.88,,12.45,4.38,,,,310.0,Very Poor
252357,DL005,2019-02-03 22:00:00,297.0,482.5,28.93,54.6,52.6,42.1,,12.6,5.68,,,,311.0,Very Poor
252358,DL005,2019-02-03 23:00:00,259.0,417.0,56.23,52.57,73.8,40.75,,12.35,3.4,,,,313.0,Very Poor
252359,DL005,2019-02-04 00:00:00,270.25,402.0,63.27,46.2,76.05,43.12,,11.22,3.12,,,,317.0,Very Poor
252360,DL005,2019-02-04 01:00:00,220.75,321.0,19.35,45.4,39.9,38.7,,12.17,2.85,,,,320.0,Very Poor
252361,DL005,2019-02-04 02:00:00,151.0,247.25,20.27,40.23,37.95,34.62,,11.55,3.95,,,,321.0,Very Poor
252362,DL005,2019-02-04 03:00:00,115.5,174.0,5.1,44.5,27.8,31.8,,16.7,3.38,,,,322.0,Very Poor
252363,DL005,2019-02-04 04:00:00,87.75,126.75,4.8,41.72,26.15,28.25,,13.12,4.05,,,,322.0,Very Poor
252364,DL005,2019-02-04 05:00:00,78.25,112.5,4.33,39.55,24.58,26.62,,17.73,3.6,,,,322.0,Very Poor
252365,DL005,2019-02-04 06:00:00,73.5,120.75,4.15,42.2,25.85,27.43,,21.07,4.05,,,,322.0,Very Poor
252366,DL005,2019-02-04 07:00:00,85.75,129.75,5.3,41.52,26.4,25.9,,19.35,4.35,,,,323.0,Very Poor
252367,DL005,2019-02-04 08:00:00,86.5,113.5,3.7,39.65,24.1,27.35,,13.3,10.0,,,,323.0,Very Poor
252368,DL005,2019-02-04 09:00:00,78.75,91.5,5.1,40.68,25.8,28.77,,12.05,15.72,,,,323.0,Very Poor
252369,DL005,2019-02-04 10:00:00,96.75,111.25,8.8,40.52,28.77,28.77,1.2,11.1,15.2,,,,324.0,Very Poor
252370,DL005,2019-02-04 11:00:00,108.75,126.25,8.93,40.7,28.92,29.02,1.4,12.68,20.85,,,,324.0,Very Poor
252371,DL005,2019-02-04 12:00:00,146.25,182.25,6.72,36.62,24.95,27.3,1.38,19.08,40.02,,,,325.0,Very Poor
252372,DL005,2019-02-04 13:00:00,183.0,236.0,3.78,30.27,19.18,28.3,1.25,23.98,64.0,,,,325.0,Very Poor
252373,DL005,2019-02-04 14:00:00,207.5,260.25,1.52,23.65,13.85,33.02,1.05,22.7,101.6,,,,327.0,Very Poor
252374,DL005,2019-02-04 15:00:00,159.0,190.25,0.78,19.78,11.18,29.07,0.85,16.15,119.28,,,,327.0,Very Poor
252375,DL005,2019-02-04 16:00:00,107.5,130.5,0.35,18.77,10.28,28.15,0.53,10.55,126.58,,,,325.0,Very Poor
252376,DL005,2019-02-04 17:00:00,79.0,109.75,0.55,23.55,12.97,27.32,0.6,9.75,127.75,,,,323.0,Very Poor
252377,DL005,2019-02-04 18:00:00,86.25,144.0,0.43,28.45,15.5,28.0,0.7,9.97,117.68,,104.2,,321.0,Very Poor
252378,DL005,2019-02-04 19:00:00,153.25,247.5,18.43,97.67,67.15,39.62,1.73,10.2,21.05,,,,321.0,Very Poor
252379,DL005,2019-02-04 20:00:00,354.25,512.0,71.45,105.65,113.98,51.4,3.2,12.18,5.28,,,,327.0,Very Poor
252380,DL005,2019-02-04 21:00:00,605.0,739.75,164.83,100.83,188.25,53.27,4.85,17.98,5.25,,,,339.0,Very Poor
252381,DL005,2019-02-04 22:00:00,673.25,833.25,142.95,96.17,167.55,36.17,3.25,19.73,4.3,,114.55,,351.0,Very Poor
252382,DL005,2019-02-04 23:00:00,369.25,484.0,117.55,89.88,143.07,31.58,2.65,15.6,3.4,,171.15,,354.0,Very Poor
252383,DL005,2019-02-05 00:00:00,333.5,454.25,136.22,70.45,148.4,37.88,3.3,11.28,4.45,,129.68,,356.0,Very Poor
252384,DL005,2019-02-05 01:00:00,371.0,464.75,131.45,70.4,145.35,41.3,3.7,10.82,4.95,,183.05,,361.0,Very Poor
252385,DL005,2019-02-05 02:00:00,589.5,467.0,126.0,60.9,135.95,59.98,4.03,12.6,7.7,,228.38,,375.0,Very Poor
252386,DL005,2019-02-05 03:00:00,924.0,699.0,144.2,72.7,156.2,60.1,,10.8,23.82,,306.17,,401.0,Severe
252387,DL005,2019-02-05 04:00:00,518.5,669.5,125.17,72.27,140.35,48.15,3.27,13.4,57.15,,332.02,,415.0,Severe
252388,DL005,2019-02-05 05:00:00,461.0,543.75,88.92,62.03,105.57,51.23,2.8,15.0,27.6,,268.4,,427.0,Severe
252389,DL005,2019-02-05 06:00:00,389.5,450.0,51.3,64.45,76.1,57.9,2.38,14.75,12.57,,233.93,,437.0,Severe
252390,DL005,2019-02-05 07:00:00,408.75,477.5,47.67,68.58,75.33,58.15,2.02,16.12,6.92,,221.6,,448.0,Severe
252391,DL005,2019-02-05 08:00:00,324.75,395.5,64.28,70.05,89.62,68.3,2.25,15.3,5.1,,222.47,,455.0,Severe
252392,DL005,2019-02-05 09:00:00,323.0,388.5,37.88,78.97,72.95,78.5,2.02,19.0,8.25,,187.48,,463.0,Severe
252393,DL005,2019-02-05 10:00:00,332.5,387.25,21.25,74.92,57.12,76.97,1.9,20.75,10.05,,133.05,,471.0,Severe
252394,DL005,2019-02-05 11:00:00,283.5,344.0,5.42,39.1,25.15,70.12,1.35,17.08,28.5,,,,476.0,Severe
252395,DL005,2019-02-05 12:00:00,200.75,261.0,3.12,41.85,24.93,62.75,1.62,18.1,67.05,,,,478.0,Severe
252396,DL005,2019-02-05 13:00:00,254.5,346.25,3.8,79.15,45.2,59.02,2.0,23.25,127.0,,,,480.0,Severe
252397,DL005,2019-02-05 14:00:00,257.75,374.75,3.83,75.75,43.4,53.55,1.33,28.1,130.3,,,,482.0,Severe
252398,DL005,2019-02-05 15:00:00,165.75,258.75,1.82,39.85,22.65,41.67,0.75,24.23,129.32,,,,482.0,Severe
252399,DL005,2019-02-05 16:00:00,117.0,179.25,1.62,47.62,26.65,44.88,0.78,25.65,120.0,,,,483.0,Severe
252400,DL005,2019-02-05 17:00:00,121.0,204.25,1.42,53.8,29.7,47.2,0.9,26.6,105.3,,,,484.0,Severe
252401,DL005,2019-02-05 18:00:00,141.75,257.25,1.45,77.3,42.28,52.8,1.38,21.05,57.8,,,,486.0,Severe
252402,DL005,2019-02-05 19:00:00,183.0,383.75,4.65,113.95,64.43,54.3,1.82,17.85,16.52,,,,487.0,Severe
252403,DL005,2019-02-05 20:00:00,239.0,548.75,22.72,118.78,81.68,54.7,2.38,14.6,13.0,,109.9,,483.0,Severe
252404,DL005,2019-02-05 21:00:00,276.75,563.5,25.25,107.57,77.75,53.48,2.53,15.62,11.57,,110.5,,472.0,Severe
252405,DL005,2019-02-05 22:00:00,315.5,536.75,67.9,101.38,109.38,65.08,4.38,15.35,20.98,,193.6,,461.0,Severe
252406,DL005,2019-02-05 23:00:00,410.5,670.0,175.32,105.55,199.15,84.57,6.65,16.27,31.6,,224.28,,462.0,Severe
252407,DL005,2019-02-06 00:00:00,466.25,658.25,214.65,110.12,233.57,107.25,6.62,15.97,21.95,,229.55,,467.0,Severe
252408,DL005,2019-02-06 01:00:00,411.75,562.75,175.65,100.17,196.38,,5.03,14.58,14.95,,219.72,,468.0,Severe
252409,DL005,2019-02-06 02:00:00,319.25,416.0,110.97,94.47,141.0,,3.7,14.85,9.3,,162.97,,459.0,Severe
252410,DL005,2019-02-06 03:00:00,291.5,347.75,106.6,87.4,133.5,113.8,,12.2,32.45,,112.95,,439.0,Severe
252411,DL005,2019-02-06 04:00:00,285.25,347.75,160.05,85.32,175.93,107.45,3.8,16.27,123.25,,117.85,,431.0,Severe
252412,DL005,2019-02-06 05:00:00,309.0,423.25,166.95,75.6,176.32,96.65,3.7,17.7,78.1,,126.92,,427.0,Severe
252413,DL005,2019-02-06 06:00:00,312.25,411.75,120.3,61.95,131.07,92.45,3.17,17.83,52.33,,118.35,,424.0,Severe
252414,DL005,2019-02-06 07:00:00,313.75,377.25,93.55,56.67,106.43,89.5,2.82,17.95,27.25,,107.2,,421.0,Severe
252415,DL005,2019-02-06 08:00:00,347.25,412.5,92.9,56.77,105.95,98.98,2.85,16.75,22.78,,,,422.0,Severe
252416,DL005,2019-02-06 09:00:00,367.5,426.25,83.68,67.43,104.05,108.2,2.8,14.82,21.65,,,,423.0,Severe
252417,DL005,2019-02-06 10:00:00,386.75,449.75,72.08,87.67,105.35,107.8,2.72,17.42,19.75,,,,425.0,Severe
252418,DL005,2019-02-06 11:00:00,335.75,399.75,24.05,86.18,65.5,98.65,1.88,16.73,9.75,,,,427.0,Severe
252419,DL005,2019-02-06 12:00:00,194.75,261.0,11.1,56.65,39.15,83.28,1.32,15.8,33.58,,,,426.0,Severe
252420,DL005,2019-02-06 13:00:00,134.25,171.75,4.65,38.18,24.1,69.83,0.95,15.15,69.28,,,,423.0,Severe
252421,DL005,2019-02-06 14:00:00,109.0,146.75,1.83,27.7,16.25,68.33,0.85,14.93,97.75,,,,418.0,Severe
252422,DL005,2019-02-06 15:00:00,109.5,144.75,0.85,25.05,13.97,64.57,0.8,15.85,109.8,,,,416.0,Severe
252423,DL005,2019-02-06 16:00:00,95.75,158.25,1.23,29.23,16.58,63.9,0.85,14.62,98.5,,,,415.0,Severe
252424,DL005,2019-02-06 17:00:00,78.5,196.5,0.65,33.95,18.6,70.2,0.8,11.45,93.8,,,,414.0,Severe
252425,DL005,2019-02-06 18:00:00,85.0,160.25,0.73,43.4,23.67,68.5,0.93,11.22,69.15,,,,412.0,Severe
252426,DL005,2019-02-06 19:00:00,104.0,198.25,1.18,65.28,35.73,70.05,1.35,11.7,42.35,,,,410.0,Severe
252427,DL005,2019-02-06 20:00:00,151.0,281.75,2.45,66.15,37.2,69.12,1.48,12.8,15.57,,,,407.0,Severe
252428,DL005,2019-02-06 21:00:00,184.25,311.75,3.38,65.83,37.33,65.12,1.8,12.65,10.48,,,,404.0,Severe
252429,DL005,2019-02-06 22:00:00,212.0,322.75,2.48,59.8,33.85,68.12,1.8,13.47,12.22,,,,400.0,Very Poor
252430,DL005,2019-02-06 23:00:00,201.0,278.5,1.43,53.23,29.45,70.35,1.45,15.93,75.45,,,,394.0,Very Poor
252431,DL005,2019-02-07 00:00:00,159.5,213.25,0.5,42.67,23.12,75.8,1.12,12.78,23.8,,,,384.0,Very Poor
252432,DL005,2019-02-07 01:00:00,132.75,163.5,0.6,43.58,23.62,87.38,0.95,10.9,22.97,,,,375.0,Very Poor
252433,DL005,2019-02-07 02:00:00,122.25,150.5,0.65,39.8,21.68,86.88,0.9,10.45,24.55,,,,369.0,Very Poor
252434,DL005,2019-02-07 03:00:00,99.25,134.25,0.8,38.3,21.0,78.6,,10.2,22.95,,,,363.0,Very Poor
252435,DL005,2019-02-07 04:00:00,89.75,133.0,0.6,34.88,19.05,73.0,0.83,12.2,27.77,,,,356.0,Very Poor
252436,DL005,2019-02-07 05:00:00,87.5,123.5,0.53,27.0,14.77,63.52,0.85,13.07,31.8,,,,349.0,Very Poor
252437,DL005,2019-02-07 06:00:00,92.0,113.75,0.3,25.75,13.9,61.42,0.85,13.48,32.15,,,,342.0,Very Poor
252438,DL005,2019-02-07 07:00:00,92.0,119.25,0.35,22.62,12.32,59.98,0.83,14.3,36.9,,,,335.0,Very Poor
252439,DL005,2019-02-07 08:00:00,89.0,127.25,0.78,29.45,16.3,59.8,0.83,13.57,33.92,,,,327.0,Very Poor
252440,DL005,2019-02-07 09:00:00,78.75,123.5,0.85,29.5,16.42,66.78,0.8,9.78,37.17,,,,317.0,Very Poor
252441,DL005,2019-02-07 10:00:00,74.5,131.75,1.05,29.05,16.27,66.28,0.7,9.43,40.42,,,,307.0,Very Poor
252442,DL005,2019-02-07 11:00:00,70.75,150.25,1.35,27.45,15.73,66.42,0.67,8.52,42.2,,,,295.0,Poor
252443,DL005,2019-02-07 12:00:00,63.5,162.5,1.42,31.15,17.75,62.12,0.7,8.57,39.12,,,,277.0,Poor
252444,DL005,2019-02-07 13:00:00,60.75,135.75,1.57,32.77,18.7,49.88,0.7,9.93,36.95,,,,267.0,Poor
252445,DL005,2019-02-07 14:00:00,56.75,141.0,2.0,29.0,17.08,49.97,0.7,10.65,38.17,,,,260.0,Poor
252446,DL005,2019-02-07 15:00:00,59.0,143.5,2.75,29.48,17.93,50.2,0.72,10.83,40.15,,,,253.0,Poor
252447,DL005,2019-02-07 16:00:00,68.5,158.0,2.53,29.15,17.55,50.52,0.7,10.6,41.58,,,,249.0,Poor
252448,DL005,2019-02-07 17:00:00,72.5,166.75,1.7,44.5,25.07,57.27,0.8,9.65,22.75,,,,248.0,Poor
252449,DL005,2019-02-07 18:00:00,79.5,118.25,1.9,35.1,20.15,58.8,0.62,9.6,35.85,,187.1,,247.0,Poor
252450,DL005,2019-02-07 19:00:00,74.25,80.75,0.85,31.45,17.4,53.73,0.62,7.65,39.98,,150.35,,243.0,Poor
252451,DL005,2019-02-07 20:00:00,64.0,74.0,0.78,41.58,22.75,49.85,0.85,6.88,37.95,,,,231.0,Poor
252452,DL005,2019-02-07 21:00:00,69.5,76.75,1.35,49.25,27.32,42.2,0.85,9.65,23.82,,,,215.0,Poor
252453,DL005,2019-02-07 22:00:00,78.75,95.75,1.9,37.83,21.68,41.23,0.7,10.55,29.8,,,,197.0,Moderate
252454,DL005,2019-02-07 23:00:00,81.5,133.75,0.45,24.55,13.38,38.83,0.55,10.48,42.75,,,,180.0,Moderate
252455,DL005,2019-02-08 00:00:00,72.5,138.75,0.5,19.3,10.7,34.33,0.53,9.82,49.78,,,,168.0,Moderate
252456,DL005,2019-02-08 01:00:00,67.75,102.75,0.42,19.3,10.62,36.33,0.4,9.2,50.5,,116.5,,159.0,Moderate
252457,DL005,2019-02-08 02:00:00,71.25,104.0,0.38,23.15,12.6,36.95,0.57,8.88,26.55,,,,152.0,Moderate
252458,DL005,2019-02-08 03:00:00,78.25,99.25,4.3,41.4,25.5,34.4,,8.5,14.62,,,,149.0,Moderate
252459,DL005,2019-02-08 04:00:00,61.5,95.75,2.25,37.33,21.68,35.05,0.6,8.32,10.15,,,,145.0,Moderate
252460,DL005,2019-02-08 05:00:00,62.5,101.0,0.75,34.12,18.77,32.08,0.83,9.95,15.85,,,,142.0,Moderate
252461,DL005,2019-02-08 06:00:00,59.75,100.5,18.2,32.38,32.15,28.42,0.85,13.1,7.8,,,,137.0,Moderate
252462,DL005,2019-02-08 07:00:00,57.5,101.25,26.82,35.3,40.52,27.5,0.78,12.65,4.62,,,,132.0,Moderate
252463,DL005,2019-02-08 08:00:00,78.75,130.0,35.88,39.52,50.4,32.0,1.07,12.3,5.47,,,,131.0,Moderate
252464,DL005,2019-02-08 09:00:00,140.0,207.25,28.35,46.88,48.12,41.67,1.02,12.75,7.1,,,,139.0,Moderate
252465,DL005,2019-02-08 10:00:00,195.25,261.25,11.75,45.08,33.55,54.42,1.0,32.48,18.8,,,,156.0,Moderate
252466,DL005,2019-02-08 11:00:00,231.25,289.75,3.97,26.6,17.38,46.6,0.65,23.83,45.12,,,,178.0,Moderate
252467,DL005,2019-02-08 12:00:00,115.25,177.0,1.67,21.55,12.82,34.93,0.43,14.15,64.17,,,,186.0,Moderate
252468,DL005,2019-02-08 13:00:00,45.0,127.0,1.25,18.73,11.0,31.15,0.4,13.82,79.97,,,,183.0,Moderate
252469,DL005,2019-02-08 14:00:00,46.25,124.0,1.27,17.68,10.48,27.85,0.4,12.77,91.42,,,,182.0,Moderate
252470,DL005,2019-02-08 15:00:00,38.25,131.75,1.12,17.9,10.45,24.52,0.3,12.05,97.25,,,,179.0,Moderate
252471,DL005,2019-02-08 16:00:00,31.25,130.75,0.93,19.9,11.32,22.05,0.4,11.4,91.7,,,,174.0,Moderate
252472,DL005,2019-02-08 17:00:00,36.0,137.5,0.93,24.62,13.85,24.6,0.38,10.08,84.25,,,,169.0,Moderate
252473,DL005,2019-02-08 18:00:00,39.75,131.0,1.48,39.98,22.5,25.85,0.5,9.28,51.42,,,,163.0,Moderate
252474,DL005,2019-02-08 19:00:00,53.0,142.5,4.97,70.9,41.8,29.0,0.82,9.78,14.52,,,,160.0,Moderate
252475,DL005,2019-02-08 20:00:00,98.25,204.5,11.27,68.12,45.35,32.4,1.02,10.5,6.77,,,,165.0,Moderate
252476,DL005,2019-02-08 21:00:00,137.5,232.75,11.3,62.9,42.67,30.85,1.12,13.47,6.45,,,,175.0,Moderate
252477,DL005,2019-02-08 22:00:00,142.0,219.75,8.65,51.45,34.48,28.9,0.9,12.97,8.38,,,,183.0,Moderate
252478,DL005,2019-02-08 23:00:00,130.5,174.5,7.65,43.27,29.3,29.15,0.83,10.9,8.02,,,,190.0,Moderate
252479,DL005,2019-02-09 00:00:00,128.75,156.5,12.4,44.58,33.83,31.38,0.85,11.32,5.2,,,,198.0,Moderate
252480,DL005,2019-02-09 01:00:00,145.75,172.0,6.5,40.27,26.75,34.17,0.7,9.85,7.07,,,,209.0,Poor
252481,DL005,2019-02-09 02:00:00,133.75,138.0,2.48,35.88,21.1,32.48,0.62,9.07,16.4,,,,218.0,Poor
252482,DL005,2019-02-09 03:00:00,98.0,96.25,0.7,32.7,18.0,32.0,,9.7,16.97,,,,220.0,Poor
252483,DL005,2019-02-09 04:00:00,91.25,88.25,0.88,29.15,16.2,31.3,0.53,10.23,20.82,,,,224.0,Poor
252484,DL005,2019-02-09 05:00:00,87.0,91.0,1.02,25.5,14.43,27.22,0.55,11.17,24.18,,,,228.0,Poor
252485,DL005,2019-02-09 06:00:00,83.0,97.0,0.62,22.55,12.53,25.77,0.6,14.77,24.8,,,,231.0,Poor
252486,DL005,2019-02-09 07:00:00,89.0,100.5,1.75,27.27,15.93,25.4,0.6,14.2,20.6,,,,235.0,Poor
252487,DL005,2019-02-09 08:00:00,90.5,112.75,2.95,29.18,17.92,25.1,0.62,14.5,19.57,,,,237.0,Poor
252488,DL005,2019-02-09 09:00:00,98.0,125.0,17.52,36.88,34.3,27.25,0.7,10.82,16.9,,,,231.0,Poor
252489,DL005,2019-02-09 10:00:00,104.5,141.75,3.65,30.12,19.02,28.35,0.65,11.2,40.1,,,,219.0,Poor
252490,DL005,2019-02-09 11:00:00,94.75,126.0,2.48,25.55,15.62,27.2,0.6,12.0,57.85,,,,200.0,Moderate
252491,DL005,2019-02-09 12:00:00,84.25,117.0,2.75,24.85,15.43,27.95,0.57,10.45,66.2,,,,195.0,Moderate
252492,DL005,2019-02-09 13:00:00,70.75,116.75,1.75,20.77,12.48,25.17,0.55,11.2,80.53,,,,199.0,Moderate
252493,DL005,2019-02-09 14:00:00,62.75,115.25,1.05,18.32,10.6,23.38,0.53,11.98,92.12,,,,201.0,Poor
252494,DL005,2019-02-09 15:00:00,55.75,113.75,0.65,17.77,9.95,23.15,0.5,12.53,99.62,,,,204.0,Poor
252495,DL005,2019-02-09 16:00:00,44.75,108.5,0.68,17.32,9.8,21.85,0.4,12.9,103.35,,,,205.0,Poor
252496,DL005,2019-02-09 17:00:00,41.0,86.0,0.8,19.62,11.1,23.52,0.38,10.82,98.05,,,,206.0,Poor
252497,DL005,2019-02-09 18:00:00,45.0,96.0,0.68,34.62,18.88,25.08,0.4,9.6,73.8,,,,207.0,Poor
252498,DL005,2019-02-09 19:00:00,48.0,99.0,2.08,67.17,37.45,28.57,0.75,9.32,26.25,,,,206.0,Poor
252499,DL005,2019-02-09 20:00:00,114.0,201.0,16.57,81.4,56.65,35.58,1.23,10.95,6.42,,,,208.0,Poor
252500,DL005,2019-02-09 21:00:00,215.0,273.0,91.62,80.75,117.65,34.3,2.42,17.3,5.07,,,,219.0,Poor
252501,DL005,2019-02-09 22:00:00,404.0,482.0,32.65,74.28,66.08,36.4,1.48,17.8,4.35,,,,256.0,Poor
252502,DL005,2019-02-09 23:00:00,259.0,310.0,21.2,67.12,52.95,34.57,1.45,18.5,4.55,,,,273.0,Poor
252503,DL005,2019-02-10 00:00:00,244.0,266.0,51.0,54.52,70.85,35.78,1.45,16.62,4.95,,,,289.0,Poor
252504,DL005,2019-02-10 01:00:00,250.0,298.0,41.5,54.6,63.05,36.73,1.25,13.85,3.1,,,,301.0,Very Poor
252505,DL005,2019-02-10 02:00:00,230.0,241.0,29.72,56.15,54.05,35.8,1.23,16.12,3.4,,,,304.0,Very Poor
252506,DL005,2019-02-10 03:00:00,211.0,217.0,30.5,48.8,51.1,38.4,,9.9,3.03,,,,308.0,Very Poor
252507,DL005,2019-02-10 04:00:00,186.0,186.0,42.1,54.4,63.27,37.42,1.2,11.88,3.1,,,,311.0,Very Poor
252508,DL005,2019-02-10 05:00:00,190.0,213.0,37.77,51.38,58.15,34.67,1.25,14.6,3.05,,,,314.0,Very Poor
252509,DL005,2019-02-10 06:00:00,183.0,218.0,28.3,48.62,49.05,34.77,1.15,14.35,3.42,,,,317.0,Very Poor
252510,DL005,2019-02-10 07:00:00,188.0,205.0,22.6,53.1,46.7,35.33,1.23,18.7,3.52,,,,320.0,Very Poor
252511,DL005,2019-02-10 08:00:00,202.0,221.0,18.07,52.6,42.72,42.23,1.22,16.45,4.15,,,,324.0,Very Poor
252512,DL005,2019-02-10 09:00:00,239.0,273.0,46.35,60.3,69.75,42.45,1.42,14.82,4.55,,,,328.0,Very Poor
252513,DL005,2019-02-10 10:00:00,233.0,274.0,26.73,68.17,62.48,47.22,1.2,19.23,12.8,,,,333.0,Very Poor
252514,DL005,2019-02-10 11:00:00,233.0,268.0,7.78,38.23,25.05,44.58,0.85,21.55,36.42,,,,337.0,Very Poor
252515,DL005,2019-02-10 12:00:00,234.0,207.0,2.98,26.93,16.78,39.33,0.67,17.75,68.58,,,,342.0,Very Poor
252516,DL005,2019-02-10 13:00:00,155.0,131.25,1.78,24.27,14.38,33.08,0.55,19.5,98.8,,,,344.0,Very Poor
252517,DL005,2019-02-10 14:00:00,102.0,111.0,0.83,21.23,11.97,28.95,0.43,17.25,106.9,,,,346.0,Very Poor
252518,DL005,2019-02-10 15:00:00,84.0,109.5,0.75,22.53,12.55,28.0,0.5,15.28,111.7,,,,347.0,Very Poor
252519,DL005,2019-02-10 16:00:00,85.0,110.75,0.75,23.88,13.3,25.42,0.5,13.23,101.9,,,,348.0,Very Poor
252520,DL005,2019-02-10 17:00:00,75.0,101.0,0.62,24.1,13.38,27.85,0.53,12.52,91.07,,,,349.0,Very Poor
252521,DL005,2019-02-10 18:00:00,72.0,108.25,0.75,32.7,18.05,32.4,0.65,11.62,65.1,,,,350.0,Very Poor
252522,DL005,2019-02-10 19:00:00,88.0,124.0,1.5,60.52,33.48,38.48,0.88,14.07,31.48,,,,351.0,Very Poor
252523,DL005,2019-02-10 20:00:00,222.0,240.0,22.85,84.35,63.38,37.3,1.4,14.55,5.17,,,,355.0,Very Poor
252524,DL005,2019-02-10 21:00:00,191.0,248.0,30.52,82.7,68.78,36.45,1.57,15.68,4.0,,,,354.0,Very Poor
252525,DL005,2019-02-10 22:00:00,207.0,259.0,79.92,75.38,105.15,39.9,3.25,13.52,5.72,,,,348.0,Very Poor
252526,DL005,2019-02-10 23:00:00,357.0,389.0,46.6,69.03,74.82,43.05,1.88,21.27,5.47,,,,351.0,Very Poor
252527,DL005,2019-02-11 00:00:00,317.0,290.5,3.1,42.8,25.27,37.1,1.18,22.43,21.22,,115.05,,353.0,Very Poor
252528,DL005,2019-02-11 01:00:00,250.0,235.75,15.2,51.52,39.8,33.92,1.23,14.93,3.6,,118.1,,353.0,Very Poor
252529,DL005,2019-02-11 02:00:00,180.0,200.5,13.12,56.5,40.77,39.85,1.2,14.1,4.3,,,,351.0,Very Poor
252530,DL005,2019-02-11 03:00:00,193.0,229.75,27.8,48.2,48.4,45.8,,9.9,3.23,,,,351.0,Very Poor
252531,DL005,2019-02-11 04:00:00,197.0,250.0,20.82,48.83,42.95,44.2,1.2,12.4,3.33,,,,351.0,Very Poor
252532,DL005,2019-02-11 05:00:00,211.0,244.25,22.3,46.05,42.73,43.15,1.2,12.32,3.05,,,,352.0,Very Poor
252533,DL005,2019-02-11 06:00:00,213.0,248.0,24.8,43.33,43.22,38.48,1.15,13.1,3.5,,,,353.0,Very Poor
252534,DL005,2019-02-11 07:00:00,196.0,230.0,51.02,33.75,59.65,36.98,1.43,13.12,4.1,,,,353.0,Very Poor
252535,DL005,2019-02-11 08:00:00,216.0,248.0,77.43,41.25,85.05,38.17,1.88,14.93,3.98,,,,354.0,Very Poor
252536,DL005,2019-02-11 09:00:00,265.0,286.5,67.92,62.77,88.7,46.08,1.77,14.22,5.22,,,,354.0,Very Poor
252537,DL005,2019-02-11 10:00:00,285.0,290.25,24.95,75.0,60.22,60.12,1.52,29.62,10.12,,,,356.0,Very Poor
252538,DL005,2019-02-11 11:00:00,354.0,291.0,7.75,54.02,35.08,49.23,1.07,26.75,47.02,,129.5,,360.0,Very Poor
252539,DL005,2019-02-11 12:00:00,218.0,246.0,4.35,47.08,28.57,45.92,0.83,28.9,86.75,,179.25,,359.0,Very Poor
252540,DL005,2019-02-11 13:00:00,168.0,194.0,2.75,36.83,21.83,40.1,0.55,30.58,112.9,,114.7,,360.0,Very Poor
252541,DL005,2019-02-11 14:00:00,105.0,119.0,1.93,19.82,12.1,27.83,0.78,,107.22,,,,360.0,Very Poor
252542,DL005,2019-02-11 15:00:00,,,0.47,14.75,8.25,26.18,0.5,,119.0,,,,364.0,Very Poor
252543,DL005,2019-02-11 16:00:00,58.0,67.0,0.4,14.35,7.9,26.18,,,124.05,,,,363.0,Very Poor
252544,DL005,2019-02-11 17:00:00,57.0,64.0,0.6,19.88,11.0,28.32,,,123.67,,,,362.0,Very Poor
252545,DL005,2019-02-11 18:00:00,73.0,85.0,1.7,68.42,37.78,36.23,0.33,,53.15,,,,362.0,Very Poor
252546,DL005,2019-02-11 19:00:00,121.0,179.0,7.45,102.25,60.47,37.42,0.85,,10.3,,,,363.0,Very Poor
252547,DL005,2019-02-11 20:00:00,160.0,221.0,2.95,65.1,36.9,39.88,1.27,,35.3,,187.6,,361.0,Very Poor
252548,DL005,2019-02-11 21:00:00,184.0,205.0,31.93,92.8,75.53,38.0,1.75,,6.92,,249.88,,361.0,Very Poor
252549,DL005,2019-02-11 22:00:00,213.0,238.0,39.7,81.32,75.62,35.33,1.95,,3.73,,,,361.0,Very Poor
252550,DL005,2019-02-11 23:00:00,262.0,279.0,91.8,74.53,114.35,36.97,2.62,,3.92,,115.55,,358.0,Very Poor
252551,DL005,2019-02-12 00:00:00,364.0,470.0,93.32,77.62,117.0,38.15,2.12,,3.77,,160.12,,360.0,Very Poor
252552,DL005,2019-02-12 01:00:00,235.0,390.0,38.28,64.22,65.4,36.52,1.72,,2.9,,115.3,,359.0,Very Poor
252553,DL005,2019-02-12 02:00:00,158.0,240.0,15.07,59.33,43.8,44.25,1.58,,4.05,,,,358.0,Very Poor
252554,DL005,2019-02-12 03:00:00,166.0,211.0,16.6,60.9,45.9,46.6,,,3.33,,,,357.0,Very Poor
252555,DL005,2019-02-12 04:00:00,162.0,199.0,14.65,58.12,42.88,44.85,1.12,,3.25,,,,356.0,Very Poor
252556,DL005,2019-02-12 05:00:00,161.0,183.0,28.65,50.3,50.1,45.45,1.12,,3.15,,,,355.0,Very Poor
252557,DL005,2019-02-12 06:00:00,169.25,199.0,35.27,50.77,55.88,41.3,1.27,,3.72,,,,353.0,Very Poor
252558,DL005,2019-02-12 07:00:00,180.5,189.0,44.75,49.0,62.62,41.8,1.42,,3.62,,,,353.0,Very Poor
252559,DL005,2019-02-12 08:00:00,205.0,196.5,38.02,55.77,60.65,46.05,1.8,,3.85,,,,352.0,Very Poor
252560,DL005,2019-02-12 09:00:00,305.0,287.0,29.88,58.85,55.55,60.7,2.0,,6.87,,,,354.0,Very Poor
252561,DL005,2019-02-12 10:00:00,405.25,367.25,10.22,58.08,39.2,67.15,1.45,,27.73,,,,358.0,Very Poor
252562,DL005,2019-02-12 11:00:00,319.25,345.75,5.68,49.4,30.9,59.4,1.1,,65.55,,136.0,,356.0,Very Poor
252563,DL005,2019-02-12 12:00:00,228.0,402.75,2.7,44.9,26.07,56.52,1.1,31.82,106.62,,112.4,,357.0,Very Poor
252564,DL005,2019-02-12 13:00:00,189.0,329.0,1.07,37.88,21.0,53.28,1.0,27.23,138.9,,,,358.0,Very Poor
252565,DL005,2019-02-12 14:00:00,166.25,326.5,0.93,28.45,15.88,43.33,0.93,30.35,129.18,,,,360.0,Very Poor
252566,DL005,2019-02-12 15:00:00,154.25,390.0,0.75,28.65,15.88,44.12,1.0,36.5,166.77,,,,358.0,Very Poor
252567,DL005,2019-02-12 16:00:00,169.5,259.75,0.6,31.58,17.3,45.25,0.83,39.5,189.1,,,,362.0,Very Poor
252568,DL005,2019-02-12 17:00:00,195.25,299.75,0.75,39.77,21.82,44.48,0.93,35.5,167.05,,,,366.0,Very Poor
252569,DL005,2019-02-12 18:00:00,194.5,348.75,0.57,63.2,34.08,47.73,1.05,27.6,111.97,,143.55,,370.0,Very Poor
252570,DL005,2019-02-12 19:00:00,198.0,366.5,5.35,116.57,66.3,47.58,1.42,24.83,32.1,,170.4,,373.0,Very Poor
252571,DL005,2019-02-12 20:00:00,238.5,453.25,37.43,115.88,92.2,47.2,1.9,25.25,2.78,,,,375.0,Very Poor
252572,DL005,2019-02-12 21:00:00,273.0,485.5,7.9,74.65,46.0,48.15,1.5,24.7,32.62,,164.1,,378.0,Very Poor
252573,DL005,2019-02-12 22:00:00,220.25,383.25,1.25,52.85,29.12,38.3,1.45,27.75,41.08,,164.62,,378.0,Very Poor
252574,DL005,2019-02-12 23:00:00,208.0,404.75,5.0,76.3,44.65,38.85,1.73,25.62,9.97,,131.43,,376.0,Very Poor
252575,DL005,2019-02-13 00:00:00,246.0,479.0,41.6,86.08,79.68,44.4,2.08,26.32,4.88,,135.67,,373.0,Very Poor
252576,DL005,2019-02-13 01:00:00,260.0,524.0,52.08,83.25,86.75,45.55,1.85,20.32,4.92,,145.75,,373.0,Very Poor
252577,DL005,2019-02-13 02:00:00,245.75,443.0,41.12,76.33,74.15,48.62,1.48,21.38,4.45,,122.72,,376.0,Very Poor
252578,DL005,2019-02-13 03:00:00,211.0,361.25,30.4,72.2,63.2,54.7,,19.4,3.97,,,,378.0,Very Poor
252579,DL005,2019-02-13 04:00:00,201.5,345.75,25.95,66.62,56.62,54.3,1.3,16.57,4.03,,,,379.0,Very Poor
252580,DL005,2019-02-13 05:00:00,178.5,294.25,11.95,59.55,41.48,58.38,1.17,13.4,3.75,,,,380.0,Very Poor
252581,DL005,2019-02-13 06:00:00,173.25,272.25,47.08,46.33,63.05,50.25,1.43,17.8,4.6,,,,380.0,Very Poor
252582,DL005,2019-02-13 07:00:00,195.0,316.0,60.67,47.83,74.9,51.27,1.55,18.3,4.75,,,,380.0,Very Poor
252583,DL005,2019-02-13 08:00:00,245.5,373.5,89.5,52.55,100.95,57.58,2.6,18.77,6.53,,,,381.0,Very Poor
252584,DL005,2019-02-13 09:00:00,349.25,528.25,95.22,83.35,122.1,66.7,2.85,24.3,6.35,,,,383.0,Very Poor
252585,DL005,2019-02-13 10:00:00,352.5,555.25,61.45,108.6,107.7,71.38,2.2,33.8,37.23,,,,381.0,Very Poor
252586,DL005,2019-02-13 11:00:00,291.0,463.5,27.1,134.72,93.73,75.0,2.0,34.9,58.68,,,,380.0,Very Poor
252587,DL005,2019-02-13 12:00:00,242.0,429.5,10.65,107.25,65.72,76.2,1.73,18.85,90.77,,,,381.0,Very Poor
252588,DL005,2019-02-13 13:00:00,227.25,397.75,5.12,84.47,49.2,74.45,1.42,19.0,159.97,,,,382.0,Very Poor
252589,DL005,2019-02-13 14:00:00,202.0,350.0,1.38,42.85,23.88,58.25,0.93,24.38,188.18,,,,383.0,Very Poor
252590,DL005,2019-02-13 15:00:00,152.25,264.5,0.93,38.47,21.23,53.95,0.95,28.27,,,,,383.0,Very Poor
252591,DL005,2019-02-13 16:00:00,160.25,286.0,0.68,46.82,25.4,52.4,1.15,27.43,,,,,383.0,Very Poor
252592,DL005,2019-02-13 17:00:00,183.75,388.5,1.05,82.82,44.9,53.68,1.55,24.65,165.1,,167.8,,382.0,Very Poor
252593,DL005,2019-02-13 18:00:00,220.75,526.5,0.93,96.75,52.2,62.2,1.77,14.02,113.12,,,,383.0,Very Poor
252594,DL005,2019-02-13 19:00:00,255.25,530.5,7.97,142.6,82.15,69.4,2.4,13.1,46.17,,,,385.0,Very Poor
252595,DL005,2019-02-13 20:00:00,311.5,639.25,5.8,121.55,69.28,71.5,2.27,14.25,32.02,,,,387.0,Very Poor
252596,DL005,2019-02-13 21:00:00,329.75,584.0,43.25,133.4,106.15,74.1,3.85,13.25,4.33,,102.7,,391.0,Very Poor
252597,DL005,2019-02-13 22:00:00,399.25,847.5,45.45,136.2,109.17,61.52,3.27,21.25,4.95,,115.22,,415.0,Severe
252598,DL005,2019-02-13 23:00:00,327.5,716.75,44.35,137.47,109.22,57.83,3.58,23.9,5.88,,116.43,,431.0,Severe
252599,DL005,2019-02-14 00:00:00,338.0,639.75,67.78,130.4,124.52,58.05,3.75,23.55,6.97,,134.12,,439.0,Severe
252600,DL005,2019-02-14 01:00:00,312.0,580.75,106.77,118.52,150.2,55.5,3.65,19.8,6.53,,148.95,,442.0,Severe
252601,DL005,2019-02-14 02:00:00,272.0,482.25,78.43,106.88,120.7,61.95,2.7,11.53,3.7,,121.18,,444.0,Severe
252602,DL005,2019-02-14 03:00:00,215.75,342.5,6.6,95.4,56.1,69.6,,8.4,2.67,,107.0,,443.0,Severe
252603,DL005,2019-02-14 04:00:00,197.75,303.0,51.17,95.75,92.88,69.6,2.0,11.5,2.88,,,,441.0,Severe
252604,DL005,2019-02-14 05:00:00,218.75,343.75,48.65,88.28,86.62,76.7,1.67,11.43,2.73,,,,444.0,Severe
252605,DL005,2019-02-14 06:00:00,220.5,344.0,22.85,76.17,59.15,67.03,1.7,17.18,8.1,,,,448.0,Severe
252606,DL005,2019-02-14 07:00:00,232.0,342.0,24.0,78.67,61.45,66.3,1.93,23.32,13.5,,104.7,,449.0,Severe
252607,DL005,2019-02-14 08:00:00,265.5,372.25,15.65,74.55,52.42,66.6,1.9,22.23,53.9,,111.4,,449.0,Severe
252608,DL005,2019-02-14 09:00:00,239.25,328.0,3.7,62.2,36.27,61.2,1.65,22.1,47.07,,,,438.0,Severe
252609,DL005,2019-02-14 10:00:00,209.5,271.0,4.8,71.93,42.18,65.68,1.45,14.58,41.2,,,,424.0,Severe
252610,DL005,2019-02-14 11:00:00,199.5,253.5,1.6,35.9,20.43,70.97,1.08,10.47,41.38,,,,413.0,Severe
252611,DL005,2019-02-14 12:00:00,168.75,218.5,2.12,36.33,21.07,66.65,1.0,10.95,53.1,,,,402.0,Severe
252612,DL005,2019-02-14 13:00:00,156.25,192.25,2.02,43.8,24.9,66.38,1.08,12.3,59.95,,,,393.0,Very Poor
252613,DL005,2019-02-14 14:00:00,160.75,196.25,2.38,50.3,28.7,59.38,1.1,17.88,51.42,,,,392.0,Very Poor
252614,DL005,2019-02-14 15:00:00,139.5,183.0,3.4,47.0,27.75,53.08,0.98,23.77,48.35,,,,391.0,Very Poor
252615,DL005,2019-02-14 16:00:00,119.75,165.5,2.5,38.25,22.38,49.52,0.93,19.85,61.38,,,,390.0,Very Poor
252616,DL005,2019-02-14 17:00:00,108.75,156.0,1.35,31.8,18.05,45.95,0.83,16.73,69.0,,,,388.0,Very Poor
252617,DL005,2019-02-14 18:00:00,105.75,152.0,0.72,37.42,20.48,47.72,0.83,11.18,59.2,,,,384.0,Very Poor
252618,DL005,2019-02-14 19:00:00,115.5,162.75,1.02,52.83,28.92,52.95,1.05,9.53,34.75,,,,380.0,Very Poor
252619,DL005,2019-02-14 20:00:00,139.25,177.0,1.4,57.25,31.6,53.73,1.08,8.22,31.5,,,,374.0,Very Poor
252620,DL005,2019-02-14 21:00:00,139.75,176.25,1.1,57.5,31.5,51.55,1.08,8.32,27.35,,,,368.0,Very Poor
252621,DL005,2019-02-14 22:00:00,128.25,172.5,1.25,63.62,34.92,47.28,1.2,11.02,20.38,,,,359.0,Very Poor
252622,DL005,2019-02-14 23:00:00,122.0,163.25,0.53,49.8,26.9,38.95,1.0,16.48,28.72,,,,353.0,Very Poor
252623,DL005,2019-02-15 00:00:00,116.25,148.5,0.47,50.38,27.23,37.75,1.0,17.1,22.6,,,,346.0,Very Poor
252624,DL005,2019-02-15 01:00:00,107.25,143.25,0.47,41.55,22.45,36.62,0.83,16.45,32.5,,,,339.0,Very Poor
252625,DL005,2019-02-15 02:00:00,102.25,128.25,0.45,36.58,19.8,37.35,0.7,9.95,24.15,,,,334.0,Very Poor
252626,DL005,2019-02-15 03:00:00,94.75,116.25,0.9,62.0,33.7,40.0,,6.9,7.75,,,,330.0,Very Poor
252627,DL005,2019-02-15 04:00:00,101.0,124.75,5.67,58.2,35.5,39.0,0.8,7.42,22.57,,,,327.0,Very Poor
252628,DL005,2019-02-15 05:00:00,115.0,158.0,6.07,46.9,29.9,41.82,0.9,9.05,21.2,,109.2,,323.0,Very Poor
252629,DL005,2019-02-15 06:00:00,117.25,158.25,12.23,40.8,31.62,39.25,0.9,11.55,15.52,,,,320.0,Very Poor
252630,DL005,2019-02-15 07:00:00,110.5,161.0,37.48,41.15,52.73,33.9,1.2,17.88,18.62,,,,316.0,Very Poor
252631,DL005,2019-02-15 08:00:00,134.5,202.0,17.75,41.9,36.77,36.88,1.45,18.23,6.3,,,,312.0,Very Poor
252632,DL005,2019-02-15 09:00:00,165.0,223.25,15.35,44.08,35.95,39.95,1.4,19.77,8.45,,,,310.0,Very Poor
252633,DL005,2019-02-15 10:00:00,157.25,209.0,12.18,41.5,32.03,40.5,1.05,19.7,23.52,,,,308.0,Very Poor
252634,DL005,2019-02-15 11:00:00,139.5,189.0,12.2,47.08,35.3,46.42,0.93,17.12,36.75,,,,306.0,Very Poor
252635,DL005,2019-02-15 12:00:00,137.5,191.75,5.8,45.27,28.82,49.83,1.02,15.12,45.48,,,,305.0,Very Poor
252636,DL005,2019-02-15 13:00:00,179.75,236.0,3.38,37.92,22.93,56.98,0.95,20.6,52.65,,,,306.0,Very Poor
252637,DL005,2019-02-15 14:00:00,226.5,297.5,2.17,32.17,18.85,55.45,0.93,26.3,66.7,,,,308.0,Very Poor
252638,DL005,2019-02-15 15:00:00,205.25,301.0,0.3,13.2,7.3,48.1,,18.0,67.57,,,,310.0,Very Poor
252639,DL005,2019-02-15 16:00:00,168.75,236.75,0.28,13.57,7.45,45.08,1.02,18.88,35.6,,,,311.0,Very Poor
252640,DL005,2019-02-15 17:00:00,150.25,207.5,0.7,13.78,7.88,46.7,1.1,15.5,30.83,,,,313.0,Very Poor
252641,DL005,2019-02-15 18:00:00,133.0,188.0,0.97,18.75,10.72,51.5,1.12,13.6,20.85,,,,314.0,Very Poor
252642,DL005,2019-02-15 19:00:00,137.25,202.5,2.95,33.52,20.23,55.42,1.25,11.8,9.7,,,,314.0,Very Poor
252643,DL005,2019-02-15 20:00:00,156.75,228.25,6.35,32.95,22.7,53.35,1.38,11.38,6.12,,,,315.0,Very Poor
252644,DL005,2019-02-15 21:00:00,164.75,239.75,2.25,24.12,14.65,47.28,1.02,10.98,12.05,,,,316.0,Very Poor
252645,DL005,2019-02-15 22:00:00,126.75,200.25,4.25,32.92,21.0,43.33,1.1,11.25,5.88,,,,316.0,Very Poor
252646,DL005,2019-02-15 23:00:00,128.25,230.75,2.98,27.78,17.17,39.2,1.12,16.73,7.03,,,,316.0,Very Poor
252647,DL005,2019-02-16 00:00:00,136.0,232.5,3.45,20.98,14.03,37.23,1.17,17.2,8.85,,,,317.0,Very Poor
252648,DL005,2019-02-16 01:00:00,111.5,200.75,0.45,9.0,5.15,35.1,1.1,21.4,22.58,,,,317.0,Very Poor
252649,DL005,2019-02-16 02:00:00,106.75,159.0,,,,,1.02,18.73,26.8,,,,317.0,Very Poor
252650,DL005,2019-02-16 03:00:00,98.0,144.25,,,,,,16.1,25.2,,,,317.0,Very Poor
252651,DL005,2019-02-16 04:00:00,113.75,165.25,0.2,15.6,8.5,42.2,0.9,18.53,17.68,,,,317.0,Very Poor
252652,DL005,2019-02-16 05:00:00,150.75,228.25,0.3,16.3,8.9,42.6,0.95,21.43,15.18,,,,318.0,Very Poor
252653,DL005,2019-02-16 06:00:00,148.5,234.25,0.35,14.75,8.15,41.12,0.93,22.0,15.65,,,,319.0,Very Poor
252654,DL005,2019-02-16 07:00:00,142.75,215.0,0.53,13.45,7.57,34.98,0.9,23.77,15.92,,,,320.0,Very Poor
252655,DL005,2019-02-16 08:00:00,114.75,167.5,0.5,11.95,6.75,31.85,0.9,23.12,17.75,,,,320.0,Very Poor
252656,DL005,2019-02-16 09:00:00,123.0,181.75,0.57,11.07,6.35,32.1,0.9,20.02,18.62,,,,319.0,Very Poor
252657,DL005,2019-02-16 10:00:00,121.25,185.75,0.88,10.28,6.18,32.33,0.9,20.5,21.8,,,,317.0,Very Poor
252658,DL005,2019-02-16 11:00:00,123.75,174.25,28.8,25.25,37.92,34.6,0.93,17.65,16.35,,,,317.0,Very Poor
252659,DL005,2019-02-16 12:00:00,141.0,194.25,14.4,16.27,19.45,34.85,0.83,17.52,20.45,,,,317.0,Very Poor
252660,DL005,2019-02-16 13:00:00,122.5,158.75,1.25,12.82,7.82,34.22,0.8,17.45,29.02,,,,315.0,Very Poor
252661,DL005,2019-02-16 14:00:00,117.0,149.5,1.1,12.35,7.45,33.65,0.78,18.65,38.33,,,,312.0,Very Poor
252662,DL005,2019-02-16 15:00:00,103.75,149.5,0.75,8.23,4.97,30.42,0.7,23.02,48.33,,,,308.0,Very Poor
252663,DL005,2019-02-16 16:00:00,96.25,142.0,0.35,8.3,4.75,29.15,0.78,21.62,55.38,,,,306.0,Very Poor
252664,DL005,2019-02-16 17:00:00,85.0,131.5,0.33,10.3,5.78,29.5,0.8,20.75,48.33,,,,304.0,Very Poor
252665,DL005,2019-02-16 18:00:00,85.0,127.5,,,,,0.83,20.88,36.83,,,,302.0,Very Poor
252666,DL005,2019-02-16 19:00:00,92.0,141.25,2.15,35.4,20.5,36.55,0.95,17.52,14.88,,,,301.0,Very Poor
252667,DL005,2019-02-16 20:00:00,115.75,182.25,2.42,36.15,21.23,37.5,1.12,19.5,9.53,,,,298.0,Poor
252668,DL005,2019-02-16 21:00:00,123.75,198.25,5.05,33.02,21.68,35.22,1.18,22.23,4.97,,,,293.0,Poor
252669,DL005,2019-02-16 22:00:00,123.0,205.75,3.05,27.88,17.32,35.2,1.1,19.68,6.77,,,,292.0,Poor
252670,DL005,2019-02-16 23:00:00,121.25,195.0,4.5,26.55,17.8,29.85,1.27,23.7,3.88,,,,291.0,Poor
252671,DL005,2019-02-17 00:00:00,115.5,186.0,6.8,23.68,18.18,30.35,1.2,27.65,4.45,,,,288.0,Poor
252672,DL005,2019-02-17 01:00:00,114.0,200.25,0.7,19.68,11.02,30.23,1.02,22.95,8.57,,,,289.0,Poor
252673,DL005,2019-02-17 02:00:00,123.5,235.75,0.8,18.8,10.7,32.4,1.07,26.1,12.55,,,,291.0,Poor
252674,DL005,2019-02-17 03:00:00,148.0,295.0,0.6,27.5,15.2,39.2,,19.1,7.35,,,,298.0,Poor
252675,DL005,2019-02-17 04:00:00,117.5,254.5,0.53,24.72,13.55,33.73,1.0,18.32,8.45,,,,299.0,Poor
252676,DL005,2019-02-17 05:00:00,61.75,128.0,0.47,20.7,11.43,30.48,0.93,17.07,9.35,,,,286.0,Poor
252677,DL005,2019-02-17 06:00:00,60.0,108.5,0.25,16.8,9.2,28.6,0.83,16.05,16.35,,,,274.0,Poor
252678,DL005,2019-02-17 07:00:00,58.5,94.25,0.43,13.43,7.5,25.77,0.83,18.45,18.02,,,,262.0,Poor
252679,DL005,2019-02-17 08:00:00,64.0,95.5,0.55,11.6,6.6,25.25,0.85,24.3,21.67,,,,255.0,Poor
252680,DL005,2019-02-17 09:00:00,67.25,106.0,1.8,13.68,8.72,25.32,0.9,21.55,19.52,,,,247.0,Poor
252681,DL005,2019-02-17 10:00:00,72.5,112.5,3.23,14.0,10.08,26.7,1.0,23.55,20.75,,,,241.0,Poor
252682,DL005,2019-02-17 11:00:00,97.0,140.5,2.27,15.28,10.1,31.0,0.93,24.52,34.3,,,,237.0,Poor
252683,DL005,2019-02-17 12:00:00,129.5,171.0,1.32,17.68,10.47,33.65,0.88,28.02,65.0,,,,235.0,Poor
252684,DL005,2019-02-17 13:00:00,116.25,172.0,0.53,16.23,9.05,29.62,0.7,24.15,91.45,,,,234.0,Poor
252685,DL005,2019-02-17 14:00:00,80.0,129.75,,,,,0.65,22.85,98.35,,,,229.0,Poor
252686,DL005,2019-02-17 15:00:00,77.0,128.75,,,,,0.7,20.65,107.33,,,,226.0,Poor
252687,DL005,2019-02-17 16:00:00,75.25,126.75,,,,,0.7,25.0,,,,,223.0,Poor
252688,DL005,2019-02-17 17:00:00,69.5,118.75,,,,,0.6,24.2,,,,,221.0,Poor
252689,DL005,2019-02-17 18:00:00,68.25,109.0,,,,,0.72,23.83,,,,,218.0,Poor
252690,DL005,2019-02-17 19:00:00,86.5,143.75,0.75,56.83,31.07,30.2,0.95,22.52,,,,,217.0,Poor
252691,DL005,2019-02-17 20:00:00,140.75,225.75,0.55,53.47,28.92,33.83,1.2,35.05,,,,,221.0,Poor
252692,DL005,2019-02-17 21:00:00,145.75,244.0,9.85,58.17,39.05,31.98,1.2,30.25,,,,,224.0,Poor
252693,DL005,2019-02-17 22:00:00,163.25,281.75,19.07,66.45,50.97,34.58,1.7,27.97,,,,,230.0,Poor
252694,DL005,2019-02-17 23:00:00,223.5,369.0,28.07,62.92,56.6,35.28,1.8,28.58,,,175.12,,244.0,Poor
252695,DL005,2019-02-18 00:00:00,230.5,382.0,17.25,50.55,40.9,34.45,1.55,28.82,,,174.0,,260.0,Poor
252696,DL005,2019-02-18 01:00:00,194.25,311.75,11.35,42.85,32.0,33.2,1.38,33.35,,,,,271.0,Poor
252697,DL005,2019-02-18 02:00:00,170.5,249.0,0.95,29.5,16.5,32.8,1.1,33.1,,,,,277.0,Poor
252698,DL005,2019-02-18 03:00:00,169.5,234.25,,,,,,30.6,,,,,280.0,Poor
252699,DL005,2019-02-18 04:00:00,171.0,223.75,,,,,0.8,30.0,,,,,288.0,Poor
252700,DL005,2019-02-18 05:00:00,127.0,190.0,0.2,41.85,22.45,33.0,0.83,29.8,,,,,297.0,Poor
252701,DL005,2019-02-18 06:00:00,123.75,192.5,3.65,47.27,28.1,31.5,0.9,23.67,,,,,301.0,Very Poor
252702,DL005,2019-02-18 07:00:00,115.25,200.25,4.6,44.6,27.48,29.5,1.0,25.55,,,,,303.0,Very Poor
252703,DL005,2019-02-18 08:00:00,122.5,209.0,7.62,43.15,29.17,29.52,1.25,29.55,,,,,305.0,Very Poor
252704,DL005,2019-02-18 09:00:00,139.75,246.75,16.98,55.25,43.27,30.25,1.45,35.7,,,,,307.0,Very Poor
252705,DL005,2019-02-18 10:00:00,159.0,302.25,29.95,78.4,66.12,33.35,1.7,34.73,,,,,310.0,Very Poor
252706,DL005,2019-02-18 11:00:00,145.5,325.25,11.82,63.05,43.17,32.92,1.17,30.8,,,,,312.0,Very Poor
252707,DL005,2019-02-18 12:00:00,109.25,250.5,5.88,50.58,31.7,34.75,0.93,26.15,,,,,311.0,Very Poor
252708,DL005,2019-02-18 13:00:00,88.25,198.75,2.7,37.67,22.25,36.62,0.75,25.5,,,,,310.0,Very Poor
252709,DL005,2019-02-18 14:00:00,63.0,173.0,1.23,29.38,16.6,35.77,0.57,24.88,118.6,,,,310.0,Very Poor
252710,DL005,2019-02-18 15:00:00,47.25,142.5,1.52,22.8,13.35,32.42,0.55,27.95,123.18,,,,309.0,Very Poor
252711,DL005,2019-02-18 16:00:00,46.5,148.0,0.9,21.4,12.12,30.93,0.7,28.52,124.95,,,,308.0,Very Poor
252712,DL005,2019-02-18 17:00:00,57.0,184.0,0.77,34.2,18.8,32.02,0.9,30.78,97.88,,,,307.0,Very Poor
252713,DL005,2019-02-18 18:00:00,76.5,223.75,0.8,35.33,19.45,33.85,1.0,31.23,68.97,,,,308.0,Very Poor
252714,DL005,2019-02-18 19:00:00,79.5,211.25,0.5,49.6,26.7,41.2,1.02,27.05,49.3,,,,307.0,Very Poor
252715,DL005,2019-02-18 20:00:00,87.0,240.25,1.8,62.17,34.58,43.65,1.4,26.7,25.08,,,,306.0,Very Poor
252716,DL005,2019-02-18 21:00:00,131.25,317.75,4.2,61.5,36.17,46.5,1.57,30.6,55.4,,105.2,,305.0,Very Poor
252717,DL005,2019-02-18 22:00:00,153.75,356.0,6.15,66.15,40.15,47.42,1.68,29.45,57.52,,,,305.0,Very Poor
252718,DL005,2019-02-18 23:00:00,145.5,279.25,5.8,61.48,37.48,45.35,1.6,27.55,62.4,,,,302.0,Very Poor
252719,DL005,2019-02-19 00:00:00,136.5,225.0,6.68,55.48,34.98,41.73,1.5,27.83,37.73,,,,297.0,Poor
252720,DL005,2019-02-19 01:00:00,121.5,181.75,11.4,53.65,37.82,41.58,1.42,22.75,13.73,,,,287.0,Poor
252721,DL005,2019-02-19 02:00:00,113.0,162.0,13.93,51.17,38.53,40.9,1.33,19.77,6.7,,,,279.0,Poor
252722,DL005,2019-02-19 03:00:00,98.0,140.25,17.0,41.4,35.9,47.9,,13.7,3.9,,,,269.0,Poor
252723,DL005,2019-02-19 04:00:00,89.0,138.0,17.25,41.03,35.85,45.78,1.2,14.38,9.05,,,,258.0,Poor
252724,DL005,2019-02-19 05:00:00,94.5,149.25,43.12,38.62,55.73,45.88,1.3,14.55,29.35,,,,253.0,Poor
252725,DL005,2019-02-19 06:00:00,111.5,184.5,49.77,35.48,59.5,46.28,1.35,15.73,31.55,,,,251.0,Poor
252726,DL005,2019-02-19 07:00:00,117.75,192.0,42.7,28.7,50.0,44.0,1.4,17.52,41.15,,,,252.0,Poor
252727,DL005,2019-02-19 08:00:00,124.0,209.25,23.6,28.3,34.62,44.75,1.27,24.22,10.35,,,,252.0,Poor
252728,DL005,2019-02-19 09:00:00,99.75,215.0,12.45,25.32,23.6,40.6,1.23,22.35,5.3,,,,246.0,Poor
252729,DL005,2019-02-19 10:00:00,112.25,177.0,14.07,29.5,27.18,44.28,1.32,23.08,8.97,,,,240.0,Poor
252730,DL005,2019-02-19 11:00:00,160.0,237.5,8.8,32.08,24.25,49.6,1.15,25.5,23.25,,,,242.0,Poor
252731,DL005,2019-02-19 12:00:00,172.75,240.5,2.53,19.35,12.35,52.58,0.93,22.95,56.62,,,,251.0,Poor
252732,DL005,2019-02-19 13:00:00,135.5,213.75,0.57,14.48,8.2,49.1,0.83,22.5,87.88,,,,257.0,Poor
252733,DL005,2019-02-19 14:00:00,126.25,201.25,,,,,0.9,22.2,102.78,,,,266.0,Poor
252734,DL005,2019-02-19 15:00:00,128.25,204.0,,,,,0.83,23.62,124.22,,,,277.0,Poor
252735,DL005,2019-02-19 16:00:00,121.5,208.5,,,,,0.85,22.45,127.65,,,,288.0,Poor
252736,DL005,2019-02-19 17:00:00,124.0,218.0,,,,,1.08,23.55,92.95,,,,297.0,Poor
252737,DL005,2019-02-19 18:00:00,149.5,285.0,,,,,1.15,25.52,79.55,,140.3,,302.0,Very Poor
252738,DL005,2019-02-19 19:00:00,173.25,387.75,,,,,1.47,24.38,51.98,,315.4,,305.0,Very Poor
252739,DL005,2019-02-19 20:00:00,218.0,502.5,12.95,86.2,56.6,55.65,2.05,20.95,18.5,,391.4,,309.0,Very Poor
252740,DL005,2019-02-19 21:00:00,281.5,630.75,37.12,97.7,82.2,57.22,2.8,20.18,3.5,,387.3,,314.0,Very Poor
252741,DL005,2019-02-19 22:00:00,342.25,727.25,51.22,107.45,98.88,57.9,3.08,20.85,5.25,,453.02,,320.0,Very Poor
252742,DL005,2019-02-19 23:00:00,311.75,663.75,28.55,98.62,75.47,53.7,2.3,24.4,10.0,,387.9,,325.0,Very Poor
252743,DL005,2019-02-20 00:00:00,241.75,472.5,3.1,69.1,39.23,46.05,1.6,24.15,11.6,,156.9,,328.0,Very Poor
252744,DL005,2019-02-20 01:00:00,201.5,337.25,14.62,65.0,46.48,43.88,1.62,25.77,13.43,,,,331.0,Very Poor
252745,DL005,2019-02-20 02:00:00,196.5,321.25,9.12,52.5,35.35,45.62,1.52,27.15,9.8,,,,334.0,Very Poor
252746,DL005,2019-02-20 03:00:00,208.75,311.5,7.7,52.8,34.4,57.1,,20.8,3.4,,,,337.0,Very Poor
252747,DL005,2019-02-20 04:00:00,198.0,300.75,9.6,50.02,34.42,55.77,1.5,21.73,32.0,,,,341.0,Very Poor
252748,DL005,2019-02-20 05:00:00,202.75,307.0,7.4,48.12,31.67,58.42,1.45,23.7,74.7,,,,344.0,Very Poor
252749,DL005,2019-02-20 06:00:00,196.25,294.25,3.0,41.45,24.5,59.17,1.38,23.7,4.65,,,,347.0,Very Poor
252750,DL005,2019-02-20 07:00:00,182.0,261.5,3.3,33.77,20.68,54.85,1.33,23.65,6.25,,,,349.0,Very Poor
252751,DL005,2019-02-20 08:00:00,148.25,201.5,0.65,24.75,13.73,45.58,1.05,24.7,17.8,,,,350.0,Very Poor
252752,DL005,2019-02-20 09:00:00,95.0,124.5,0.5,20.75,11.43,42.97,0.95,24.42,25.07,,,,350.0,Very Poor
252753,DL005,2019-02-20 10:00:00,73.75,94.5,0.82,19.83,11.2,41.67,0.95,24.9,26.25,,,,348.0,Very Poor
252754,DL005,2019-02-20 11:00:00,65.25,89.75,1.18,17.65,10.3,42.03,0.88,22.07,27.4,,,,345.0,Very Poor
252755,DL005,2019-02-20 12:00:00,70.25,92.5,2.0,22.12,13.4,46.95,0.95,20.57,35.52,,,,342.0,Very Poor
252756,DL005,2019-02-20 13:00:00,70.75,98.5,1.92,24.15,14.38,46.62,0.95,19.7,35.9,,,,340.0,Very Poor
252757,DL005,2019-02-20 14:00:00,57.0,82.0,1.57,19.35,11.6,44.08,0.72,19.3,43.5,,,,338.0,Very Poor
252758,DL005,2019-02-20 15:00:00,41.0,68.0,1.02,19.48,11.18,40.9,0.62,19.52,38.33,,,,335.0,Very Poor
252759,DL005,2019-02-20 16:00:00,29.25,55.5,0.9,18.15,10.4,36.7,0.72,19.77,34.17,,,,332.0,Very Poor
252760,DL005,2019-02-20 17:00:00,35.0,75.0,6.1,50.7,31.98,36.92,1.18,22.77,14.72,,,,329.0,Very Poor
252761,DL005,2019-02-20 18:00:00,54.25,120.0,14.05,64.42,45.73,39.25,1.38,24.7,9.05,,,,326.0,Very Poor
252762,DL005,2019-02-20 19:00:00,67.0,150.25,11.3,53.9,38.0,42.08,1.35,24.0,8.7,,144.05,,323.0,Very Poor
252763,DL005,2019-02-20 20:00:00,66.25,145.25,2.7,31.1,18.77,44.35,1.08,19.22,7.25,,,,318.0,Very Poor
252764,DL005,2019-02-20 21:00:00,66.75,109.25,9.35,55.93,37.35,43.25,1.43,21.0,5.57,,,,311.0,Very Poor
252765,DL005,2019-02-20 22:00:00,71.5,131.75,20.33,56.65,46.67,41.85,1.55,24.85,5.23,,,,302.0,Very Poor
252766,DL005,2019-02-20 23:00:00,63.25,127.5,31.48,53.33,54.0,40.45,1.62,25.08,3.1,,,,275.0,Poor
252767,DL005,2019-02-21 00:00:00,74.0,148.25,50.1,54.58,69.55,36.97,1.85,25.95,36.95,,,,252.0,Poor
252768,DL005,2019-02-21 01:00:00,92.0,196.5,41.7,49.7,60.42,36.22,1.82,33.2,151.5,,,,237.0,Poor
252769,DL005,2019-02-21 02:00:00,105.5,213.75,28.7,43.65,46.6,37.28,1.3,34.92,,,,,224.0,Poor
252770,DL005,2019-02-21 03:00:00,88.5,175.25,6.1,34.9,23.5,43.1,,24.6,,,,,207.0,Poor
252771,DL005,2019-02-21 04:00:00,86.25,148.0,5.47,35.17,23.2,42.72,1.0,24.6,,,,,192.0,Moderate
252772,DL005,2019-02-21 05:00:00,113.5,195.0,5.47,33.17,22.08,45.77,0.97,25.9,,,132.1,,180.0,Moderate
252773,DL005,2019-02-21 06:00:00,108.25,186.0,2.83,25.57,15.9,44.12,0.83,24.77,2.02,,,,176.0,Moderate
252774,DL005,2019-02-21 07:00:00,73.75,118.0,3.9,25.77,16.88,42.05,0.97,24.23,2.38,,,,176.0,Moderate
252775,DL005,2019-02-21 08:00:00,85.0,132.25,11.85,29.02,25.1,36.6,1.1,26.5,2.77,,,,176.0,Moderate
252776,DL005,2019-02-21 09:00:00,89.5,152.75,32.2,42.92,49.05,36.52,1.4,35.98,29.5,,,,143.0,Moderate
252777,DL005,2019-02-21 10:00:00,96.5,188.75,22.27,48.65,44.05,36.62,1.23,37.17,78.7,,,,146.0,Moderate
252778,DL005,2019-02-21 11:00:00,71.0,174.5,11.43,39.4,30.25,35.45,0.93,26.5,33.75,,,,147.0,Moderate
252779,DL005,2019-02-21 12:00:00,52.25,183.25,6.5,36.4,24.68,38.38,0.8,22.23,53.42,,,,144.0,Moderate
252780,DL005,2019-02-21 13:00:00,50.25,190.25,3.88,32.05,20.17,39.27,0.72,21.38,70.78,,,,141.0,Moderate
252781,DL005,2019-02-21 14:00:00,48.75,169.0,2.25,27.4,16.43,40.3,0.7,21.17,83.55,,,,140.0,Moderate
252782,DL005,2019-02-21 15:00:00,42.0,154.5,1.52,25.05,14.55,42.15,0.7,21.52,79.85,,,,140.0,Moderate
252783,DL005,2019-02-21 16:00:00,43.25,149.25,1.47,22.88,13.38,37.35,0.78,24.1,85.65,,,,142.0,Moderate
252784,DL005,2019-02-21 17:00:00,50.0,176.25,0.8,26.67,14.88,37.3,0.93,27.6,81.72,,,,144.0,Moderate
252785,DL005,2019-02-21 18:00:00,60.0,240.0,0.53,32.02,17.43,39.67,1.02,28.33,74.35,,,,145.0,Moderate
252786,DL005,2019-02-21 19:00:00,78.0,283.5,2.5,63.45,35.9,47.65,1.38,28.73,35.38,,,,147.0,Moderate
252787,DL005,2019-02-21 20:00:00,114.25,362.0,5.83,60.28,36.8,48.02,1.52,24.8,6.17,,,,153.0,Moderate
252788,DL005,2019-02-21 21:00:00,100.5,311.5,26.0,65.55,56.07,52.0,2.12,23.42,10.65,,,,159.0,Moderate
252789,DL005,2019-02-21 22:00:00,147.75,404.25,68.3,75.9,96.1,54.95,2.83,24.3,5.65,,103.0,,169.0,Moderate
252790,DL005,2019-02-21 23:00:00,180.5,501.5,174.65,78.95,184.95,56.9,3.85,26.6,9.68,,125.12,,185.0,Moderate
252791,DL005,2019-02-22 00:00:00,183.5,593.0,124.9,71.75,140.05,47.95,2.8,25.98,9.55,,144.22,,200.0,Moderate
252792,DL005,2019-02-22 01:00:00,161.0,459.5,18.07,41.38,36.67,52.1,1.48,27.43,6.17,,104.4,,210.0,Poor
252793,DL005,2019-02-22 02:00:00,152.0,273.5,1.7,16.85,10.33,48.8,1.08,25.2,16.8,,,,216.0,Poor
252794,DL005,2019-02-22 03:00:00,125.0,188.0,,,,,,,,,,,221.0,Poor
252795,DL005,2019-02-22 04:00:00,125.0,157.0,0.75,10.5,6.15,51.85,,15.4,10.12,,,,227.0,Poor
252796,DL005,2019-02-22 05:00:00,123.0,154.5,0.45,9.9,5.62,60.2,,15.47,10.12,,,,228.0,Poor
252797,DL005,2019-02-22 06:00:00,110.5,139.75,0.75,11.52,6.75,57.53,,14.47,8.38,,,,228.0,Poor
252798,DL005,2019-02-22 07:00:00,87.0,113.75,1.12,13.35,8.03,55.8,,14.82,7.38,,,,230.0,Poor
252799,DL005,2019-02-22 08:00:00,77.5,107.0,2.95,13.75,9.75,49.52,,14.7,5.25,,,,229.0,Poor
252800,DL005,2019-02-22 09:00:00,83.75,122.75,2.8,9.85,7.5,44.25,,18.6,9.33,,,,228.0,Poor
252801,DL005,2019-02-22 10:00:00,78.75,116.5,2.2,7.62,5.83,42.77,,20.18,15.25,,,,226.0,Poor
252802,DL005,2019-02-22 11:00:00,73.75,120.75,1.23,5.53,3.92,42.22,,17.6,21.5,,,,226.0,Poor
252803,DL005,2019-02-22 12:00:00,67.0,121.0,0.9,6.17,4.03,45.9,,14.23,29.52,,,,228.0,Poor
252804,DL005,2019-02-22 13:00:00,58.0,96.5,0.83,7.47,4.68,46.55,,12.93,41.12,,,,229.0,Poor
252805,DL005,2019-02-22 14:00:00,56.0,94.25,0.57,7.85,4.65,43.0,,14.4,50.25,,,,230.0,Poor
252806,DL005,2019-02-22 15:00:00,47.5,91.5,0.4,8.15,4.7,40.25,,14.32,56.38,,,,231.0,Poor
252807,DL005,2019-02-22 16:00:00,35.75,88.25,0.38,7.53,4.28,33.4,,15.85,67.28,,,,230.0,Poor
252808,DL005,2019-02-22 17:00:00,24.75,84.25,0.28,8.35,4.68,28.2,0.57,15.18,71.72,,,,226.0,Poor
252809,DL005,2019-02-22 18:00:00,32.0,88.5,,,,,0.68,16.27,57.42,,,,223.0,Poor
252810,DL005,2019-02-22 19:00:00,42.5,104.0,0.85,32.38,17.95,27.1,0.93,17.52,22.92,,,,218.0,Poor
252811,DL005,2019-02-22 20:00:00,66.25,160.5,2.85,42.72,25.05,31.2,1.08,18.0,10.78,,,,211.0,Poor
252812,DL005,2019-02-22 21:00:00,95.5,200.0,5.0,43.42,27.17,33.85,1.17,18.7,5.88,,,,210.0,Poor
252813,DL005,2019-02-22 22:00:00,91.75,182.75,4.58,42.88,26.55,33.2,0.93,18.88,6.3,,,,203.0,Poor
252814,DL005,2019-02-22 23:00:00,98.25,169.75,3.8,38.58,23.62,33.85,0.93,17.6,7.85,,,,191.0,Moderate
252815,DL005,2019-02-23 00:00:00,107.25,172.5,1.57,30.2,17.38,29.9,0.97,16.3,13.97,,,,181.0,Moderate
252816,DL005,2019-02-23 01:00:00,94.0,149.0,0.3,19.68,10.72,27.55,1.02,24.2,22.5,,,,171.0,Moderate
252817,DL005,2019-02-23 02:00:00,86.25,125.25,,,,,1.05,24.48,24.6,,,,162.0,Moderate
252818,DL005,2019-02-23 03:00:00,80.0,113.0,,,,,,27.0,23.82,,,,156.0,Moderate
252819,DL005,2019-02-23 04:00:00,79.25,106.25,0.2,17.7,9.6,29.7,0.83,25.02,23.1,,,,149.0,Moderate
252820,DL005,2019-02-23 05:00:00,90.25,126.5,0.25,19.85,10.77,30.8,0.95,22.88,20.88,,,,145.0,Moderate
252821,DL005,2019-02-23 06:00:00,116.0,158.0,1.83,24.52,14.53,35.6,1.1,24.88,11.03,,,,146.0,Moderate
252822,DL005,2019-02-23 07:00:00,148.75,204.75,5.65,32.55,21.9,34.12,1.27,26.3,4.75,,,,154.0,Moderate
252823,DL005,2019-02-23 08:00:00,139.0,195.5,6.4,28.35,20.33,34.28,1.5,30.57,6.48,,,,163.0,Moderate
252824,DL005,2019-02-23 09:00:00,159.5,224.75,6.85,20.55,16.5,34.88,1.52,36.0,15.65,,,,173.0,Moderate
252825,DL005,2019-02-23 10:00:00,124.75,180.5,2.3,12.65,8.57,27.88,0.7,31.65,39.05,,,,180.0,Moderate
252826,DL005,2019-02-23 11:00:00,73.0,117.0,0.82,9.78,5.88,24.9,0.7,28.2,64.55,,,,180.0,Moderate
252827,DL005,2019-02-23 12:00:00,49.75,106.75,0.6,8.9,5.2,23.7,0.67,24.15,80.68,,,,177.0,Moderate
252828,DL005,2019-02-23 13:00:00,33.25,112.25,,,,,0.72,20.85,85.85,,,,174.0,Moderate
252829,DL005,2019-02-23 14:00:00,30.5,83.25,,,,,0.8,21.35,90.93,,,,170.0,Moderate
252830,DL005,2019-02-23 15:00:00,30.75,77.25,0.25,12.6,6.95,22.35,0.9,22.3,93.43,,,,168.0,Moderate
252831,DL005,2019-02-23 16:00:00,34.75,82.75,0.33,11.95,6.6,21.52,0.57,23.65,94.07,,,,168.0,Moderate
252832,DL005,2019-02-23 17:00:00,31.0,80.5,0.33,11.22,6.25,20.5,0.62,23.8,89.05,,,,169.0,Moderate
252833,DL005,2019-02-23 18:00:00,33.25,84.0,,,,,0.8,25.1,76.38,,,,169.0,Moderate
252834,DL005,2019-02-23 19:00:00,52.5,101.75,,,,,1.23,25.27,40.4,,,,170.0,Moderate
252835,DL005,2019-02-23 20:00:00,98.0,176.0,1.7,59.57,33.08,27.93,1.6,27.1,12.95,,,,175.0,Moderate
252836,DL005,2019-02-23 21:00:00,135.75,229.0,17.48,67.68,50.22,32.77,2.02,29.0,1.65,,,,180.0,Moderate
252837,DL005,2019-02-23 22:00:00,173.5,275.75,15.9,58.83,44.42,35.03,1.25,28.93,1.8,,,,192.0,Moderate
252838,DL005,2019-02-23 23:00:00,179.0,277.5,10.75,51.1,36.0,37.77,1.32,36.95,4.3,,,,203.0,Poor
252839,DL005,2019-02-24 00:00:00,227.0,311.25,10.7,45.27,32.75,36.4,1.6,36.12,3.27,,,,219.0,Poor
252840,DL005,2019-02-24 01:00:00,179.0,263.25,3.17,37.25,22.4,32.52,2.42,32.62,7.22,,,,231.0,Poor
252841,DL005,2019-02-24 02:00:00,153.75,222.0,3.0,41.68,24.6,30.9,2.97,24.0,3.75,,,,241.0,Poor
252842,DL005,2019-02-24 03:00:00,178.75,257.5,7.6,40.7,27.8,31.6,,25.5,0.95,,,,254.0,Poor
252843,DL005,2019-02-24 04:00:00,159.75,230.25,4.2,37.62,23.42,32.02,1.38,23.95,2.35,,,,265.0,Poor
252844,DL005,2019-02-24 05:00:00,172.0,235.25,2.9,40.75,24.02,35.55,1.85,27.35,3.25,,,,277.0,Poor
252845,DL005,2019-02-24 06:00:00,187.25,246.25,3.4,37.47,22.68,38.83,2.42,29.08,2.72,,,,287.0,Poor
252846,DL005,2019-02-24 07:00:00,183.5,251.0,2.33,38.98,22.62,33.48,3.15,29.1,11.85,,,,292.0,Poor
252847,DL005,2019-02-24 08:00:00,151.0,207.25,4.35,31.7,20.48,33.05,5.97,28.95,12.57,,,,293.0,Poor
252848,DL005,2019-02-24 09:00:00,185.5,240.25,5.85,22.65,16.85,35.5,8.43,38.38,20.45,,,,297.0,Poor
252849,DL005,2019-02-24 10:00:00,199.25,251.25,2.25,14.65,9.75,31.97,1.95,34.7,43.55,,,,302.0,Very Poor
252850,DL005,2019-02-24 11:00:00,134.25,173.25,1.12,12.65,7.62,27.98,4.45,28.25,67.08,,,,304.0,Very Poor
252851,DL005,2019-02-24 12:00:00,94.5,138.5,0.55,10.95,6.25,27.8,7.68,25.38,94.0,,,,305.0,Very Poor
252852,DL005,2019-02-24 13:00:00,74.0,111.25,,,,,0.01,22.02,109.42,,,,306.0,Very Poor
252853,DL005,2019-02-24 14:00:00,52.75,79.5,,,,,,21.73,114.3,,,,307.0,Very Poor
252854,DL005,2019-02-24 15:00:00,49.25,82.25,,,,,,21.67,115.57,,,,308.0,Very Poor
252855,DL005,2019-02-24 16:00:00,39.75,83.0,0.4,11.3,6.35,20.15,1.26,21.8,116.67,,,,308.0,Very Poor
252856,DL005,2019-02-24 17:00:00,39.0,81.25,0.3,10.3,5.7,19.9,0.02,22.38,115.17,,,,308.0,Very Poor
252857,DL005,2019-02-24 18:00:00,50.25,108.0,,,,,,23.33,89.75,,,,309.0,Very Poor
252858,DL005,2019-02-24 19:00:00,72.0,159.5,1.72,74.23,40.95,25.25,,22.53,27.08,,,,309.0,Very Poor
252859,DL005,2019-02-24 20:00:00,132.25,284.5,5.88,85.35,50.23,29.6,,22.52,5.98,,,,310.0,Very Poor
252860,DL005,2019-02-24 21:00:00,186.25,349.5,0.52,66.7,35.92,34.95,,22.75,21.62,,288.62,,312.0,Very Poor
252861,DL005,2019-02-24 22:00:00,188.75,363.0,0.3,39.3,21.2,32.7,2.65,22.92,48.12,,194.12,,312.0,Very Poor
252862,DL005,2019-02-24 23:00:00,126.25,240.0,,,,,4.65,22.52,44.6,,136.0,,311.0,Very Poor
252863,DL005,2019-02-25 00:00:00,134.5,240.0,,,,,6.9,21.95,33.83,,136.8,,308.0,Very Poor
252864,DL005,2019-02-25 01:00:00,122.5,219.0,7.0,45.6,29.75,27.4,6.95,18.42,12.27,,112.33,,306.0,Very Poor
252865,DL005,2019-02-25 02:00:00,127.5,241.25,17.27,46.8,39.0,26.12,0.01,17.9,4.2,,101.3,,305.0,Very Poor
252866,DL005,2019-02-25 03:00:00,129.75,248.5,48.5,42.3,62.0,30.7,,22.6,2.27,,106.8,,304.0,Very Poor
252867,DL005,2019-02-25 04:00:00,133.75,233.5,32.4,40.83,48.17,31.25,2.47,18.7,1.9,,109.15,,303.0,Very Poor
252868,DL005,2019-02-25 05:00:00,137.75,237.25,40.3,32.35,50.0,32.88,3.47,16.68,2.9,,104.0,,302.0,Very Poor
252869,DL005,2019-02-25 06:00:00,134.0,237.25,58.53,37.0,67.33,32.58,4.8,17.45,2.52,,106.7,,300.0,Poor
252870,DL005,2019-02-25 07:00:00,135.75,248.0,36.02,42.2,51.77,39.0,6.15,18.25,3.77,,,,293.0,Poor
252871,DL005,2019-02-25 08:00:00,157.0,285.5,48.12,55.28,68.65,42.97,8.02,19.18,5.78,,,,294.0,Poor
252872,DL005,2019-02-25 09:00:00,206.25,365.75,26.6,68.97,58.37,41.0,9.1,25.17,12.4,,,,297.0,Poor
252873,DL005,2019-02-25 10:00:00,198.25,350.75,9.35,45.97,32.08,36.7,1.18,36.27,39.58,,,,297.0,Poor
252874,DL005,2019-02-25 11:00:00,158.0,272.0,8.88,52.65,35.3,37.97,2.05,35.95,60.88,,,,300.0,Poor
252875,DL005,2019-02-25 12:00:00,130.75,251.25,6.42,48.38,30.95,37.12,2.02,27.92,82.67,,,,301.0,Very Poor
252876,DL005,2019-02-25 13:00:00,94.75,196.0,3.5,45.98,27.33,43.2,2.08,24.08,124.0,,,,302.0,Very Poor
252877,DL005,2019-02-25 14:00:00,99.5,212.0,0.78,34.2,18.85,46.2,3.05,25.57,163.9,,103.4,,303.0,Very Poor
252878,DL005,2019-02-25 15:00:00,104.5,199.25,0.25,23.73,12.85,45.05,3.15,26.0,178.03,,100.9,,305.0,Very Poor
252879,DL005,2019-02-25 16:00:00,88.5,199.5,,,,,1.33,23.5,150.6,,,,307.0,Very Poor
252880,DL005,2019-02-25 17:00:00,64.5,188.25,,,,,2.33,24.05,136.72,,,,307.0,Very Poor
252881,DL005,2019-02-25 18:00:00,69.75,225.0,,,,,2.62,23.8,102.4,,,,308.0,Very Poor
252882,DL005,2019-02-25 19:00:00,79.0,275.25,0.72,77.75,42.05,32.12,4.08,28.7,96.1,,,,308.0,Very Poor
252883,DL005,2019-02-25 20:00:00,82.75,266.0,0.6,12.7,7.4,27.4,3.65,19.4,82.2,,,,307.0,Very Poor
252884,DL005,2019-02-25 21:00:00,32.25,95.25,,,,,3.6,17.92,86.98,,,,302.0,Very Poor
252885,DL005,2019-02-25 22:00:00,34.75,47.25,,,,,0.38,17.15,86.07,,,,286.0,Poor
252886,DL005,2019-02-25 23:00:00,30.0,35.25,,,,,0.4,17.9,68.85,,,,273.0,Poor
252887,DL005,2019-02-26 00:00:00,29.0,42.0,13.4,59.85,43.2,28.4,0.72,17.27,25.88,,,,258.0,Poor
252888,DL005,2019-02-26 01:00:00,40.5,85.5,30.15,49.77,51.2,28.07,2.25,19.55,2.3,,,,247.0,Poor
252889,DL005,2019-02-26 02:00:00,55.75,126.25,18.62,42.75,37.92,27.77,2.45,17.77,4.95,,,,237.0,Poor
252890,DL005,2019-02-26 03:00:00,53.75,103.25,40.0,33.1,50.1,29.8,,21.1,5.03,,,,226.0,Poor
252891,DL005,2019-02-26 04:00:00,65.5,122.5,26.58,45.8,46.15,29.03,1.98,22.1,11.23,,,,217.0,Poor
252892,DL005,2019-02-26 05:00:00,81.25,146.75,7.25,49.95,32.45,33.3,1.95,20.25,12.67,,103.25,,209.0,Poor
252893,DL005,2019-02-26 06:00:00,73.25,133.5,1.07,36.35,20.12,32.7,1.97,21.45,22.2,,,,201.0,Poor
252894,DL005,2019-02-26 07:00:00,86.25,140.0,2.12,42.52,24.32,34.67,2.02,27.33,10.93,,112.3,,194.0,Moderate
252895,DL005,2019-02-26 08:00:00,109.5,177.5,10.0,47.0,33.17,39.6,2.38,28.3,6.35,,,,187.0,Moderate
252896,DL005,2019-02-26 09:00:00,157.25,239.5,23.07,54.85,47.98,39.8,3.48,37.28,10.2,,138.6,,180.0,Moderate
252897,DL005,2019-02-26 10:00:00,155.75,264.25,8.3,24.4,19.7,33.9,0.78,29.88,26.07,,127.6,,175.0,Moderate
252898,DL005,2019-02-26 11:00:00,80.0,133.0,2.67,14.18,9.72,32.17,0.72,24.65,44.1,,,,164.0,Moderate
252899,DL005,2019-02-26 12:00:00,63.0,99.25,2.17,17.75,11.23,32.62,0.8,31.17,56.75,,,,154.0,Moderate
252900,DL005,2019-02-26 13:00:00,70.75,117.0,2.62,28.02,17.07,39.05,0.78,29.9,71.05,,,,151.0,Moderate
252901,DL005,2019-02-26 14:00:00,85.0,154.75,4.17,45.9,27.78,41.67,0.85,26.95,94.55,,,,149.0,Moderate
252902,DL005,2019-02-26 15:00:00,88.5,177.0,3.4,59.42,34.42,43.23,1.05,28.12,97.33,,,,147.0,Moderate
252903,DL005,2019-02-26 16:00:00,98.5,203.75,1.73,43.83,24.68,43.12,0.65,26.68,102.93,,110.95,,148.0,Moderate
252904,DL005,2019-02-26 17:00:00,93.75,206.75,0.72,34.7,19.05,37.73,0.85,26.45,62.98,,110.8,,152.0,Moderate
252905,DL005,2019-02-26 18:00:00,80.5,180.5,1.57,42.17,23.73,34.28,0.88,22.7,52.32,,,,154.0,Moderate
252906,DL005,2019-02-26 19:00:00,67.75,152.75,1.02,48.35,26.5,32.55,2.53,21.45,39.85,,,,152.0,Moderate
252907,DL005,2019-02-26 20:00:00,63.0,165.75,1.7,49.17,27.5,33.68,2.58,21.57,28.5,,239.4,,149.0,Moderate
252908,DL005,2019-02-26 21:00:00,65.75,159.0,0.4,39.3,21.25,34.55,2.42,19.23,36.4,,174.25,,154.0,Moderate
252909,DL005,2019-02-26 22:00:00,56.5,122.75,0.38,38.58,20.8,36.17,0.57,18.97,25.92,,,,157.0,Moderate
252910,DL005,2019-02-26 23:00:00,55.25,109.5,,,,,0.5,19.93,34.95,,,,161.0,Moderate
252911,DL005,2019-02-27 00:00:00,49.75,79.75,,,,,0.47,19.68,25.85,,,,163.0,Moderate
252912,DL005,2019-02-27 01:00:00,60.0,102.25,0.3,22.57,12.25,32.88,0.72,19.65,33.6,,,,166.0,Moderate
252913,DL005,2019-02-27 02:00:00,62.75,98.5,0.2,19.8,10.7,28.2,2.32,20.15,24.8,,,,167.0,Moderate
252914,DL005,2019-02-27 03:00:00,56.25,98.25,,,,,,,13.38,,,,167.0,Moderate
252915,DL005,2019-02-27 04:00:00,66.5,107.5,,,,,,,26.32,,,,168.0,Moderate
252916,DL005,2019-02-27 05:00:00,77.25,108.75,,,,,,,29.08,,,,167.0,Moderate
252917,DL005,2019-02-27 06:00:00,96.75,133.75,,,,,,,19.3,,,,170.0,Moderate
252918,DL005,2019-02-27 07:00:00,72.75,102.0,,,,,,,11.5,,,,168.0,Moderate
252919,DL005,2019-02-27 08:00:00,84.0,118.75,,,,,,,7.93,,,,165.0,Moderate
252920,DL005,2019-02-27 09:00:00,101.75,166.5,,,,,,,23.15,,,,157.0,Moderate
252921,DL005,2019-02-27 10:00:00,70.25,129.75,,,,,,,37.85,,,,145.0,Moderate
252922,DL005,2019-02-27 11:00:00,55.75,120.25,,,,,,,51.4,,,,142.0,Moderate
252923,DL005,2019-02-27 12:00:00,46.0,112.0,,,,,,,64.25,,122.95,,140.0,Moderate
252924,DL005,2019-02-27 13:00:00,,,,,,,,,,,,,140.0,Moderate
252925,DL005,2019-02-27 14:00:00,,,,,,,,,,,,,138.0,Moderate
252926,DL005,2019-02-27 15:00:00,,,,,,,,,,,,,135.0,Moderate
252927,DL005,2019-02-27 16:00:00,,,,,,,,,,,,,130.0,Moderate
252928,DL005,2019-02-27 17:00:00,,,,,,,,,,,,,126.0,Moderate
252929,DL005,2019-02-27 18:00:00,,,,,,,,,,,,,124.0,Moderate
252930,DL005,2019-02-27 19:00:00,,,,,,,,,,,,,124.0,Moderate
252931,DL005,2019-02-27 20:00:00,,,,,,,,,,,,,251.0,Satisfactory
252932,DL005,2019-02-27 21:00:00,113.0,270.0,0.3,46.2,24.8,24.5,2.3,26.1,25.4,,238.8,,134.0,Moderate
252933,DL005,2019-02-27 22:00:00,123.25,289.5,8.43,68.33,43.28,24.55,0.8,22.43,2.6,,170.38,,148.0,Moderate
252934,DL005,2019-02-27 23:00:00,134.25,299.75,1.75,47.12,26.45,23.15,0.53,22.12,18.32,,127.23,,165.0,Moderate
252935,DL005,2019-02-28 00:00:00,99.5,216.0,0.25,42.1,22.6,23.5,0.47,20.75,26.15,,118.5,,175.0,Moderate
252936,DL005,2019-02-28 01:00:00,95.25,187.25,19.68,36.77,35.6,23.02,0.75,21.1,10.25,,110.43,,182.0,Moderate
252937,DL005,2019-02-28 02:00:00,101.75,204.5,34.83,42.58,51.1,23.0,1.02,17.2,3.05,,105.5,,190.0,Moderate
252938,DL005,2019-02-28 03:00:00,92.5,205.0,13.3,38.0,31.0,25.4,,20.0,2.5,,,,198.0,Moderate
252939,DL005,2019-02-28 04:00:00,101.25,182.75,23.08,31.45,35.67,25.0,0.7,25.12,1.48,,,,205.0,Poor
252940,DL005,2019-02-28 05:00:00,133.75,243.75,32.12,31.88,43.1,28.8,0.62,21.07,1.9,,,,217.0,Poor
252941,DL005,2019-02-28 06:00:00,162.5,272.5,32.8,33.38,44.5,31.8,0.53,20.82,1.5,,,,231.0,Poor
252942,DL005,2019-02-28 07:00:00,160.25,271.25,56.05,30.65,62.05,31.48,0.55,24.02,1.65,,,,249.0,Poor
252943,DL005,2019-02-28 08:00:00,204.5,323.0,57.0,33.27,64.05,38.35,0.65,22.98,2.1,,,,274.0,Poor
252944,DL005,2019-02-28 09:00:00,283.0,420.5,37.93,53.82,59.58,46.67,0.8,30.33,5.38,,,,303.0,Very Poor
252945,DL005,2019-02-28 10:00:00,300.75,431.0,11.18,32.9,26.6,35.97,0.72,40.95,21.93,,,,314.0,Very Poor
252946,DL005,2019-02-28 11:00:00,150.75,220.75,2.4,10.4,7.5,27.08,0.5,33.55,51.8,,,,318.0,Very Poor
252947,DL005,2019-02-28 12:00:00,76.25,161.5,0.62,8.03,4.78,25.43,0.5,29.12,73.62,,,,320.0,Very Poor
252948,DL005,2019-02-28 13:00:00,62.25,96.75,0.5,9.75,5.6,26.43,0.3,26.4,89.33,,,,316.0,Very Poor
252949,DL005,2019-02-28 14:00:00,60.25,104.0,0.35,13.3,7.35,29.0,0.15,23.98,98.25,,,,313.0,Very Poor
252950,DL005,2019-02-28 15:00:00,49.5,95.75,,,,,0.1,21.5,97.93,,,,309.0,Very Poor
252951,DL005,2019-02-28 16:00:00,42.0,80.0,0.3,12.4,6.8,23.3,0.32,21.45,99.15,,,,306.0,Very Poor
252952,DL005,2019-02-28 17:00:00,34.0,80.0,,,,,0.42,21.57,98.58,,,,302.0,Very Poor
252953,DL005,2019-02-28 18:00:00,41.0,91.0,0.28,14.65,8.05,21.57,0.57,22.17,81.67,,,,297.0,Poor
252954,DL005,2019-02-28 19:00:00,50.0,96.0,,,,,6.4,22.75,58.65,,239.5,,287.0,Poor
252955,DL005,2019-02-28 20:00:00,99.0,189.0,12.38,74.45,49.8,25.3,7.2,24.57,10.12,,239.15,,285.0,Poor
252956,DL005,2019-02-28 21:00:00,140.0,282.0,19.18,73.3,54.75,32.33,7.3,23.97,3.5,,159.3,,289.0,Poor
252957,DL005,2019-02-28 22:00:00,200.0,412.0,0.72,50.62,27.52,28.95,0.72,21.67,22.4,,228.07,,299.0,Poor
252958,DL005,2019-02-28 23:00:00,133.0,238.0,8.6,61.2,39.35,34.65,0.7,23.02,13.8,,139.03,,299.0,Poor
252959,DL005,2019-03-01 00:00:00,212.0,348.0,17.48,62.92,47.7,32.17,0.7,20.88,1.48,,109.7,,303.0,Very Poor
252960,DL005,2019-03-01 01:00:00,147.0,261.0,13.45,56.02,40.75,29.05,0.82,18.25,2.42,,,,305.0,Very Poor
252961,DL005,2019-03-01 02:00:00,130.0,233.0,3.1,43.73,25.77,25.42,1.7,18.3,8.85,,,,306.0,Very Poor
252962,DL005,2019-03-01 03:00:00,112.0,167.0,1.2,38.4,21.4,26.3,,19.8,8.35,,,,307.0,Very Poor
252963,DL005,2019-03-01 04:00:00,102.0,152.0,1.0,31.62,17.65,26.38,0.5,24.4,18.58,,,,307.0,Very Poor
252964,DL005,2019-03-01 05:00:00,112.0,166.0,0.55,32.53,17.75,26.05,0.45,21.52,14.42,,,,306.0,Very Poor
252965,DL005,2019-03-01 06:00:00,102.0,151.0,2.6,37.35,21.98,30.07,0.28,17.95,7.75,,,,304.0,Very Poor
252966,DL005,2019-03-01 07:00:00,153.0,210.0,7.58,41.23,28.12,34.02,0.32,24.55,2.5,,,,304.0,Very Poor
252967,DL005,2019-03-01 08:00:00,193.0,288.0,24.88,46.6,44.92,36.38,0.43,23.35,3.27,,,,303.0,Very Poor
252968,DL005,2019-03-01 09:00:00,227.0,335.0,41.62,49.73,60.52,39.15,0.6,33.17,6.2,,,,302.0,Very Poor
252969,DL005,2019-03-01 10:00:00,259.0,360.0,10.5,32.12,25.62,34.5,0.75,32.05,27.12,,,,300.0,Poor
252970,DL005,2019-03-01 11:00:00,208.0,273.0,2.98,15.38,10.62,26.93,0.55,28.98,65.58,,,,302.0,Very Poor
252971,DL005,2019-03-01 12:00:00,97.0,129.0,0.53,11.25,6.43,25.5,0.5,25.57,90.55,,,,303.0,Very Poor
252972,DL005,2019-03-01 13:00:00,78.0,106.0,0.35,9.95,5.6,24.85,0.38,23.07,101.33,,,,303.0,Very Poor
252973,DL005,2019-03-01 14:00:00,58.0,74.0,0.35,12.25,6.8,25.75,0.23,20.7,110.02,,,,303.0,Very Poor
252974,DL005,2019-03-01 15:00:00,58.0,81.0,0.2,13.1,7.1,22.7,0.15,20.2,101.72,,,,303.0,Very Poor
252975,DL005,2019-03-01 16:00:00,40.0,94.0,,,,,0.35,18.85,105.72,,,,303.0,Very Poor
252976,DL005,2019-03-01 17:00:00,39.0,78.0,0.4,14.4,8.1,20.7,0.65,17.5,105.83,,,,304.0,Very Poor
252977,DL005,2019-03-01 18:00:00,31.0,92.0,0.3,13.25,7.3,19.95,1.85,20.1,98.1,,136.25,,303.0,Very Poor
252978,DL005,2019-03-01 19:00:00,38.0,122.0,0.77,55.35,30.02,22.62,2.05,21.82,29.67,,129.3,,303.0,Very Poor
252979,DL005,2019-03-01 20:00:00,89.0,238.0,3.65,61.0,35.48,22.8,2.17,23.3,25.4,,281.65,,302.0,Very Poor
252980,DL005,2019-03-01 21:00:00,122.0,289.0,42.38,72.22,72.97,28.95,2.4,22.58,1.35,,260.2,,302.0,Very Poor
252981,DL005,2019-03-01 22:00:00,152.0,354.0,10.38,73.1,47.25,30.1,0.95,23.4,5.0,,171.25,,300.0,Poor
252982,DL005,2019-03-01 23:00:00,155.0,287.0,28.0,65.93,57.9,32.03,0.83,25.67,1.85,,103.6,,301.0,Very Poor
252983,DL005,2019-03-02 00:00:00,179.0,321.0,12.43,54.05,38.9,30.62,0.57,22.33,10.72,,,,300.0,Poor
252984,DL005,2019-03-02 01:00:00,118.0,210.0,0.6,28.8,15.82,29.82,0.47,23.85,41.8,,,,296.0,Poor
252985,DL005,2019-03-02 02:00:00,113.0,156.0,,,,,0.55,24.98,36.45,,121.2,,294.0,Poor
252986,DL005,2019-03-02 03:00:00,99.0,157.0,3.6,37.1,22.6,29.8,,23.4,14.05,,,,292.0,Poor
252987,DL005,2019-03-02 04:00:00,100.0,152.0,1.38,31.35,17.8,29.98,0.6,22.9,7.08,,,,292.0,Poor
252988,DL005,2019-03-02 05:00:00,124.0,163.0,1.7,31.32,18.07,30.27,0.55,22.52,6.53,,,,293.0,Poor
252989,DL005,2019-03-02 06:00:00,140.0,191.0,4.45,36.65,23.17,33.08,0.43,23.05,4.28,,,,299.0,Poor
252990,DL005,2019-03-02 07:00:00,145.0,205.0,25.08,45.08,44.5,34.0,0.5,22.45,1.2,,,,298.0,Poor
252991,DL005,2019-03-02 08:00:00,160.0,238.0,44.73,48.95,62.48,39.53,0.62,24.73,1.15,,,,293.0,Poor
252992,DL005,2019-03-02 09:00:00,206.0,321.0,25.2,46.55,45.3,51.17,0.78,42.2,2.4,,,,290.0,Poor
252993,DL005,2019-03-02 10:00:00,388.0,493.0,13.4,44.05,34.4,48.27,1.78,48.02,7.2,,,,302.0,Very Poor
252994,DL005,2019-03-02 11:00:00,382.0,508.0,9.88,48.3,33.7,44.77,2.8,46.05,12.43,,100.9,,307.0,Very Poor
252995,DL005,2019-03-02 12:00:00,350.0,458.0,8.3,49.65,33.2,41.67,2.77,42.0,16.93,,,,316.0,Very Poor
252996,DL005,2019-03-02 13:00:00,254.0,349.0,6.33,45.65,29.42,38.77,2.7,34.5,21.02,,,,321.0,Very Poor
252997,DL005,2019-03-02 14:00:00,200.0,283.0,3.17,33.12,20.23,37.7,2.38,29.27,40.73,,,,326.0,Very Poor
252998,DL005,2019-03-02 15:00:00,138.0,180.0,0.95,34.1,18.88,37.2,2.23,26.1,46.92,,,,328.0,Very Poor
252999,DL005,2019-03-02 16:00:00,122.0,174.0,2.48,45.65,26.3,36.05,0.9,21.52,31.23,,118.15,,331.0,Very Poor
253000,DL005,2019-03-02 17:00:00,112.0,140.0,4.22,60.42,35.65,35.38,0.95,21.98,26.05,,226.85,,333.0,Very Poor
253001,DL005,2019-03-02 18:00:00,110.0,152.0,15.17,84.9,57.45,32.7,1.3,25.3,9.18,,102.0,,336.0,Very Poor
253002,DL005,2019-03-02 19:00:00,124.0,171.0,24.75,86.03,65.97,32.9,1.38,22.15,4.22,,,,339.0,Very Poor
253003,DL005,2019-03-02 20:00:00,125.0,166.0,15.33,72.62,51.0,33.28,1.27,23.4,4.55,,,,340.0,Very Poor
253004,DL005,2019-03-02 21:00:00,108.0,132.0,4.62,61.98,41.4,31.62,1.12,24.45,9.1,,,,339.0,Very Poor
253005,DL005,2019-03-02 22:00:00,95.0,118.0,2.83,72.12,40.62,32.65,0.85,21.42,4.7,,,,337.0,Very Poor
253006,DL005,2019-03-02 23:00:00,86.0,107.0,9.0,80.05,49.9,33.2,0.8,21.23,2.12,,,,335.0,Very Poor
253007,DL005,2019-03-03 00:00:00,85.0,92.0,5.35,70.22,41.8,32.98,0.62,19.58,6.95,,,,332.0,Very Poor
253008,DL005,2019-03-03 01:00:00,79.0,96.0,0.97,50.92,27.9,32.95,0.48,17.48,16.25,,,,331.0,Very Poor
253009,DL005,2019-03-03 02:00:00,84.0,85.0,0.3,22.9,12.4,29.5,0.57,19.52,33.7,,,,330.0,Very Poor
253010,DL005,2019-03-03 03:00:00,69.0,78.0,,,,,,21.2,34.3,,,,329.0,Very Poor
253011,DL005,2019-03-03 04:00:00,63.0,70.0,,,,,0.57,17.95,30.52,,,,328.0,Very Poor
253012,DL005,2019-03-03 05:00:00,57.0,56.0,,,,,0.6,19.82,27.55,,,,326.0,Very Poor
253013,DL005,2019-03-03 06:00:00,70.0,66.0,,,,,0.5,20.5,17.88,,,,323.0,Very Poor
253014,DL005,2019-03-03 07:00:00,75.0,75.0,1.82,50.0,28.1,31.8,0.45,20.43,36.0,,,,321.0,Very Poor
253015,DL005,2019-03-03 08:00:00,83.0,73.0,5.8,50.38,31.68,31.95,0.53,17.3,29.2,,,,319.0,Very Poor
253016,DL005,2019-03-03 09:00:00,88.0,77.0,11.72,43.38,32.65,32.25,0.53,18.38,22.62,,,,315.0,Very Poor
253017,DL005,2019-03-03 10:00:00,97.0,77.0,8.73,29.85,22.98,30.22,0.83,24.15,26.3,,,,306.0,Very Poor
253018,DL005,2019-03-03 11:00:00,85.0,64.0,6.78,27.72,20.3,28.02,0.78,25.65,38.05,,,,283.0,Poor
253019,DL005,2019-03-03 12:00:00,61.0,46.0,3.52,19.67,13.38,27.25,0.7,22.93,55.38,,,,243.0,Poor
253020,DL005,2019-03-03 13:00:00,45.0,38.0,1.77,16.73,10.38,27.65,0.62,22.92,75.42,,,,214.0,Poor
253021,DL005,2019-03-03 14:00:00,40.0,42.0,0.88,18.5,10.55,30.85,0.5,20.05,92.45,,,,192.0,Moderate
253022,DL005,2019-03-03 15:00:00,47.0,59.0,1.02,23.7,13.45,33.15,0.5,19.48,100.97,,,,179.0,Moderate
253023,DL005,2019-03-03 16:00:00,52.0,78.0,0.72,27.8,15.4,32.65,0.55,18.38,104.6,,,,169.0,Moderate
253024,DL005,2019-03-03 17:00:00,57.0,88.0,0.25,27.9,15.05,32.2,0.57,17.48,113.22,,,,162.0,Moderate
253025,DL005,2019-03-03 18:00:00,56.0,97.0,,,,,2.7,20.9,90.7,,180.45,,154.0,Moderate
253026,DL005,2019-03-03 19:00:00,88.0,173.0,,,,,2.8,22.45,63.38,,237.32,,149.0,Moderate
253027,DL005,2019-03-03 20:00:00,101.0,169.0,,,,,3.05,21.62,28.95,,158.7,,146.0,Moderate
253028,DL005,2019-03-03 21:00:00,107.0,189.0,2.17,56.53,32.05,36.5,3.2,20.85,7.47,,154.6,,146.0,Moderate
253029,DL005,2019-03-03 22:00:00,130.0,189.0,14.42,57.12,42.1,39.73,1.05,21.45,2.85,,,,151.0,Moderate
253030,DL005,2019-03-03 23:00:00,130.0,175.0,28.08,57.22,53.3,44.58,1.05,19.8,14.95,,,,157.0,Moderate
253031,DL005,2019-03-04 00:00:00,197.0,251.0,27.45,50.25,49.15,43.08,0.95,19.23,5.4,,176.85,,172.0,Moderate
253032,DL005,2019-03-04 01:00:00,186.0,249.0,18.55,50.05,41.75,41.57,0.8,16.27,5.6,,147.2,,187.0,Moderate
253033,DL005,2019-03-04 02:00:00,173.0,237.0,2.62,47.97,27.65,38.85,0.6,20.7,7.3,,211.82,,200.0,Moderate
253034,DL005,2019-03-04 03:00:00,135.0,188.0,9.5,40.7,29.4,37.0,,19.9,3.98,,200.25,,209.0,Poor
253035,DL005,2019-03-04 04:00:00,125.0,141.0,5.9,34.17,23.0,35.95,0.78,19.65,3.6,,158.7,,217.0,Poor
253036,DL005,2019-03-04 05:00:00,140.0,123.0,37.75,25.9,44.58,31.02,0.78,19.8,2.98,,157.2,,229.0,Poor
253037,DL005,2019-03-04 06:00:00,112.0,125.0,33.43,25.68,40.88,33.58,0.55,18.5,2.38,,119.25,,235.0,Poor
253038,DL005,2019-03-04 07:00:00,78.0,62.0,30.12,27.43,39.15,34.85,0.57,15.95,2.83,,,,235.0,Poor
253039,DL005,2019-03-04 08:00:00,92.0,64.0,29.7,27.52,38.88,35.17,0.7,14.5,3.02,,,,236.0,Poor
253040,DL005,2019-03-04 09:00:00,108.0,81.0,34.35,29.25,43.58,37.38,0.8,16.65,3.77,,,,239.0,Poor
253041,DL005,2019-03-04 10:00:00,114.0,110.0,19.23,30.0,31.6,37.12,2.58,23.55,7.75,,,,242.0,Poor
253042,DL005,2019-03-04 11:00:00,105.0,100.0,4.78,16.07,12.52,35.33,3.08,32.15,18.9,,,,244.0,Poor
253043,DL005,2019-03-04 12:00:00,123.0,92.0,2.25,11.32,7.88,37.35,2.98,32.27,32.02,,,,253.0,Poor
253044,DL005,2019-03-04 13:00:00,116.0,83.0,0.9,7.8,4.85,38.93,2.8,27.32,46.57,,,,263.0,Poor
253045,DL005,2019-03-04 14:00:00,89.0,66.0,0.4,7.95,4.55,39.55,2.62,23.0,62.68,,,,270.0,Poor
253046,DL005,2019-03-04 15:00:00,86.0,66.0,0.2,8.9,4.9,41.6,2.5,19.9,66.67,,,,275.0,Poor
253047,DL005,2019-03-04 16:00:00,59.0,52.0,,,,,0.38,16.95,71.78,,,,276.0,Poor
253048,DL005,2019-03-04 17:00:00,63.0,57.0,0.2,12.7,6.9,37.6,0.4,16.35,70.6,,,,277.0,Poor
253049,DL005,2019-03-04 18:00:00,59.0,64.0,0.28,14.62,7.95,36.0,0.38,17.93,49.38,,,,277.0,Poor
253050,DL005,2019-03-04 19:00:00,48.0,56.0,1.22,40.6,22.45,33.8,0.62,19.3,17.15,,,,272.0,Poor
253051,DL005,2019-03-04 20:00:00,86.0,90.0,14.4,57.88,42.65,39.05,0.95,21.25,2.2,,,,270.0,Poor
253052,DL005,2019-03-04 21:00:00,215.0,193.0,10.55,47.33,33.9,40.17,0.9,22.17,2.98,,,,285.0,Poor
253053,DL005,2019-03-04 22:00:00,129.0,119.0,1.27,26.38,15.05,38.1,0.53,21.77,14.4,,,,284.0,Poor
253054,DL005,2019-03-04 23:00:00,86.0,79.0,0.6,27.45,15.1,39.95,0.4,21.98,14.97,,,,278.0,Poor
253055,DL005,2019-03-05 00:00:00,108.0,79.0,1.45,29.48,16.85,38.38,0.43,20.45,7.15,,,,266.0,Poor
253056,DL005,2019-03-05 01:00:00,111.0,95.0,1.23,26.65,15.2,35.25,0.3,17.57,7.7,,,,256.0,Poor
253057,DL005,2019-03-05 02:00:00,100.0,75.0,0.35,21.4,11.7,34.75,0.28,18.28,13.05,,,,245.0,Poor
253058,DL005,2019-03-05 03:00:00,90.0,79.0,0.4,15.5,8.5,32.8,,21.3,13.03,,,,239.0,Poor
253059,DL005,2019-03-05 04:00:00,83.0,77.0,0.3,14.75,8.05,32.3,0.55,19.4,12.73,,,,233.0,Poor
253060,DL005,2019-03-05 05:00:00,91.0,70.0,0.53,16.7,9.25,30.93,0.6,18.73,9.93,,,,227.0,Poor
253061,DL005,2019-03-05 06:00:00,89.0,85.0,4.3,20.25,14.32,31.0,0.55,21.12,3.9,,,,223.0,Poor
253062,DL005,2019-03-05 07:00:00,94.0,74.0,10.4,26.1,22.35,33.08,0.47,19.52,1.48,,,,226.0,Poor
253063,DL005,2019-03-05 08:00:00,97.0,80.0,11.93,29.42,25.38,31.65,0.53,18.2,3.7,,,,226.0,Poor
253064,DL005,2019-03-05 09:00:00,92.0,80.0,9.3,25.25,21.0,32.85,0.5,16.45,9.18,,,,224.0,Poor
253065,DL005,2019-03-05 10:00:00,94.0,84.0,5.5,21.35,15.82,30.82,0.7,19.47,18.82,,,,221.0,Poor
253066,DL005,2019-03-05 11:00:00,88.0,84.0,3.15,13.7,9.9,28.48,0.7,24.83,28.12,,,,219.0,Poor
253067,DL005,2019-03-05 12:00:00,93.0,66.5,1.2,10.05,6.35,28.23,0.7,26.88,51.9,,,,215.0,Poor
253068,DL005,2019-03-05 13:00:00,69.5,53.0,0.38,8.45,4.8,28.05,0.57,26.15,69.4,,,,208.0,Poor
253069,DL005,2019-03-05 14:00:00,48.25,44.0,8.3,9.4,13.9,29.6,0.45,23.28,76.17,,,,203.0,Poor
253070,DL005,2019-03-05 15:00:00,35.5,70.0,0.92,8.0,5.03,27.95,0.4,22.68,78.88,,,,196.0,Moderate
253071,DL005,2019-03-05 16:00:00,39.0,73.25,1.57,9.52,6.33,25.7,0.32,17.8,81.85,,,,193.0,Moderate
253072,DL005,2019-03-05 17:00:00,37.25,90.5,1.92,14.15,9.1,25.5,0.35,17.35,81.17,,,,189.0,Moderate
253073,DL005,2019-03-05 18:00:00,40.25,115.5,1.9,15.6,9.83,24.95,0.38,17.32,73.42,,,,187.0,Moderate
253074,DL005,2019-03-05 19:00:00,54.0,153.5,3.38,48.33,28.45,24.05,0.65,22.75,30.55,,,,187.0,Moderate
253075,DL005,2019-03-05 20:00:00,106.25,299.25,47.5,74.07,78.28,28.0,1.07,24.57,1.48,,,,190.0,Moderate
253076,DL005,2019-03-05 21:00:00,132.5,485.25,61.38,73.8,88.95,31.65,1.25,31.05,1.12,,,,179.0,Moderate
253077,DL005,2019-03-05 22:00:00,162.0,491.25,16.23,65.08,47.8,29.57,0.72,25.2,1.57,,,,183.0,Moderate
253078,DL005,2019-03-05 23:00:00,133.25,315.5,41.05,56.88,63.73,32.25,0.67,21.92,1.15,,,,190.0,Moderate
253079,DL005,2019-03-06 00:00:00,153.25,353.0,13.03,51.62,38.1,35.7,0.5,25.12,3.52,,,,196.0,Moderate
253080,DL005,2019-03-06 01:00:00,181.0,315.75,3.5,43.55,26.02,34.45,0.43,27.4,12.18,,,,206.0,Poor
253081,DL005,2019-03-06 02:00:00,190.75,279.25,2.53,42.1,24.43,33.45,0.43,29.42,7.2,,,,219.0,Poor
253082,DL005,2019-03-06 03:00:00,160.25,255.25,4.5,34.3,21.9,31.5,,28.5,11.62,,,,228.0,Poor
253083,DL005,2019-03-06 04:00:00,140.25,226.25,3.45,28.15,17.8,30.27,0.62,25.43,10.52,,,,236.0,Poor
253084,DL005,2019-03-06 05:00:00,132.25,200.0,4.35,28.48,18.68,28.65,0.6,30.08,5.62,,,,242.0,Poor
253085,DL005,2019-03-06 06:00:00,137.5,205.75,6.03,32.22,22.05,30.35,0.57,27.48,3.47,,,,249.0,Poor
253086,DL005,2019-03-06 07:00:00,157.5,232.5,7.65,36.03,25.43,35.58,0.5,26.83,2.12,,,,258.0,Poor
253087,DL005,2019-03-06 08:00:00,166.75,248.75,13.22,37.27,30.62,32.92,0.57,25.83,4.72,,,,267.0,Poor
253088,DL005,2019-03-06 09:00:00,134.5,206.0,10.12,31.82,25.17,31.35,0.55,28.93,15.35,,,,273.0,Poor
253089,DL005,2019-03-06 10:00:00,123.75,177.5,5.32,23.27,16.7,30.25,0.53,25.62,35.85,,,,277.0,Poor
253090,DL005,2019-03-06 11:00:00,99.5,141.75,2.4,11.62,8.18,27.8,0.6,28.18,69.45,,,,279.0,Poor
253091,DL005,2019-03-06 12:00:00,77.5,123.5,1.4,8.62,5.75,25.55,0.57,26.57,94.72,,,,277.0,Poor
253092,DL005,2019-03-06 13:00:00,55.5,99.75,1.57,5.75,4.35,23.95,0.5,24.8,95.65,,,,275.0,Poor
253093,DL005,2019-03-06 14:00:00,37.75,78.5,1.62,5.9,4.47,23.65,0.38,23.32,92.65,,,,273.0,Poor
253094,DL005,2019-03-06 15:00:00,33.75,83.0,1.23,8.93,5.75,23.93,0.3,19.52,93.28,,,,273.0,Poor
253095,DL005,2019-03-06 16:00:00,32.0,87.5,1.52,10.57,6.9,21.6,0.25,17.23,94.58,,,,272.0,Poor
253096,DL005,2019-03-06 17:00:00,29.25,77.75,1.9,12.2,8.07,21.05,0.2,16.52,93.67,,,,271.0,Poor
253097,DL005,2019-03-06 18:00:00,33.0,92.25,1.75,18.3,11.18,21.6,0.3,17.0,76.3,,,,270.0,Poor
253098,DL005,2019-03-06 19:00:00,46.75,127.75,2.67,57.8,32.92,20.57,0.62,21.7,29.58,,,,269.0,Poor
253099,DL005,2019-03-06 20:00:00,80.5,242.0,3.17,69.12,39.23,25.85,2.92,25.25,16.68,,295.5,,265.0,Poor
253100,DL005,2019-03-06 21:00:00,139.25,352.25,4.97,63.67,37.78,30.1,3.0,27.5,13.8,,380.7,,266.0,Poor
253101,DL005,2019-03-06 22:00:00,145.75,352.25,5.75,63.2,38.27,29.67,0.85,25.15,11.67,,230.15,,264.0,Poor
253102,DL005,2019-03-06 23:00:00,167.75,352.5,11.57,52.27,37.25,33.4,0.75,26.23,17.55,,193.25,,269.0,Poor
253103,DL005,2019-03-07 00:00:00,176.75,374.25,92.4,59.6,106.72,32.85,0.82,19.6,0.6,,145.47,,272.0,Poor
253104,DL005,2019-03-07 01:00:00,151.75,430.75,19.02,51.33,42.85,31.25,0.55,19.55,3.47,,,,268.0,Poor
253105,DL005,2019-03-07 02:00:00,137.25,233.75,4.03,44.5,26.95,32.02,0.5,23.02,12.6,,,,261.0,Poor
253106,DL005,2019-03-07 03:00:00,179.75,256.75,4.5,45.9,28.0,34.6,,29.5,8.7,,,,263.0,Poor
253107,DL005,2019-03-07 04:00:00,184.25,288.25,14.4,46.88,36.67,33.12,0.7,32.9,2.42,,,,269.0,Poor
253108,DL005,2019-03-07 05:00:00,175.5,295.75,14.3,42.97,34.53,31.85,0.7,29.02,1.83,,,,275.0,Poor
253109,DL005,2019-03-07 06:00:00,183.0,283.5,38.92,36.2,51.08,29.6,0.8,29.9,1.33,,,,282.0,Poor
253110,DL005,2019-03-07 07:00:00,189.0,323.75,64.75,44.17,76.4,34.2,0.72,25.9,3.23,,,,286.0,Poor
253111,DL005,2019-03-07 08:00:00,213.5,341.5,75.65,48.88,87.65,41.85,0.75,29.75,2.33,,,,293.0,Poor
253112,DL005,2019-03-07 09:00:00,259.5,392.5,31.23,60.05,57.42,49.3,0.72,58.42,8.72,,,,302.0,Very Poor
253113,DL005,2019-03-07 10:00:00,314.25,426.0,10.08,39.9,29.33,43.83,0.7,48.95,35.2,,,,308.0,Very Poor
253114,DL005,2019-03-07 11:00:00,202.0,274.75,3.55,12.75,9.82,30.35,0.53,34.2,80.88,,,,312.0,Very Poor
253115,DL005,2019-03-07 12:00:00,79.75,116.75,1.62,6.93,5.03,28.3,0.5,29.18,113.4,,,,312.0,Very Poor
253116,DL005,2019-03-07 13:00:00,52.5,85.25,1.38,5.6,4.07,28.0,0.45,26.95,118.42,,,,312.0,Very Poor
253117,DL005,2019-03-07 14:00:00,46.25,81.75,1.1,6.2,4.17,26.9,0.4,26.98,125.25,,,,312.0,Very Poor
253118,DL005,2019-03-07 15:00:00,49.0,77.75,1.1,8.3,5.35,26.8,0.3,22.67,128.1,,,,312.0,Very Poor
253119,DL005,2019-03-07 16:00:00,47.5,80.5,1.23,11.18,6.95,25.82,0.4,21.55,131.73,,,,313.0,Very Poor
253120,DL005,2019-03-07 17:00:00,49.25,93.5,1.65,13.97,8.8,24.0,0.38,20.05,115.38,,,,314.0,Very Poor
253121,DL005,2019-03-07 18:00:00,49.5,113.25,1.65,21.77,12.88,24.77,0.4,20.85,92.65,,,,314.0,Very Poor
253122,DL005,2019-03-07 19:00:00,80.5,171.25,1.47,42.22,23.73,25.77,0.68,24.62,56.92,,,,315.0,Very Poor
253123,DL005,2019-03-07 20:00:00,103.5,265.5,3.08,76.15,43.03,26.4,1.02,28.2,16.52,,,,316.0,Very Poor
253124,DL005,2019-03-07 21:00:00,125.25,354.0,1.9,41.2,23.47,28.95,0.88,31.38,51.08,,,,315.0,Very Poor
253125,DL005,2019-03-07 22:00:00,131.0,348.75,2.17,50.08,28.38,28.82,0.77,28.02,27.23,,,,315.0,Very Poor
253126,DL005,2019-03-07 23:00:00,126.25,341.25,1.92,49.12,27.68,30.27,0.5,31.82,25.88,,,,314.0,Very Poor
253127,DL005,2019-03-08 00:00:00,124.25,279.0,4.12,52.95,31.48,29.98,0.43,28.33,22.23,,,,312.0,Very Poor
253128,DL005,2019-03-08 01:00:00,144.25,315.0,35.15,56.3,58.62,34.7,0.75,19.98,2.0,,,,312.0,Very Poor
253129,DL005,2019-03-08 02:00:00,169.5,446.5,48.15,51.7,66.8,32.08,0.62,19.68,3.4,,,,313.0,Very Poor
253130,DL005,2019-03-08 03:00:00,145.0,320.5,13.3,37.2,30.6,29.6,,23.1,2.47,,,,312.0,Very Poor
253131,DL005,2019-03-08 04:00:00,113.75,201.75,5.08,27.18,18.6,29.82,0.62,25.62,18.0,,,,309.0,Very Poor
253132,DL005,2019-03-08 05:00:00,100.0,164.25,2.5,26.17,15.97,28.18,0.62,27.2,12.85,,,,307.0,Very Poor
253133,DL005,2019-03-08 06:00:00,130.75,202.75,3.78,32.6,20.45,31.47,0.7,30.8,5.9,,,,305.0,Very Poor
253134,DL005,2019-03-08 07:00:00,158.0,260.25,21.6,45.3,41.88,36.67,0.62,30.25,3.1,,,,304.0,Very Poor
253135,DL005,2019-03-08 08:00:00,194.0,358.0,53.58,51.2,70.95,45.38,1.02,26.52,2.75,,,,304.0,Very Poor
253136,DL005,2019-03-08 09:00:00,246.5,490.0,22.17,48.9,44.4,47.05,0.9,39.35,11.9,,,,303.0,Very Poor
253137,DL005,2019-03-08 10:00:00,246.5,396.5,5.17,17.6,13.6,45.2,0.6,53.55,35.55,,,,301.0,Very Poor
253138,DL005,2019-03-08 11:00:00,165.25,235.25,3.58,17.85,12.43,41.05,0.65,48.98,61.4,,,,300.0,Poor
253139,DL005,2019-03-08 12:00:00,107.75,165.25,1.88,7.58,5.55,33.38,0.53,27.77,82.62,,,,301.0,Very Poor
253140,DL005,2019-03-08 13:00:00,54.25,97.75,1.5,5.58,4.18,32.6,0.5,25.7,86.97,,,,301.0,Very Poor
253141,DL005,2019-03-08 14:00:00,44.25,109.5,1.3,7.12,4.88,33.15,0.5,28.52,95.57,,,,301.0,Very Poor
253142,DL005,2019-03-08 15:00:00,57.5,143.75,1.8,11.25,7.45,34.42,0.35,32.2,118.28,,,,301.0,Very Poor
253143,DL005,2019-03-08 16:00:00,58.0,161.75,1.88,14.43,9.18,33.3,0.3,27.85,121.1,,,,301.0,Very Poor
253144,DL005,2019-03-08 17:00:00,56.5,171.75,1.62,16.8,10.33,31.43,0.3,23.77,127.62,,,,302.0,Very Poor
253145,DL005,2019-03-08 18:00:00,60.25,206.25,1.43,21.23,12.48,28.9,0.3,21.52,108.18,,,,302.0,Very Poor
253146,DL005,2019-03-08 19:00:00,65.0,274.75,1.75,38.25,21.8,29.9,2.5,27.05,78.55,,,,302.0,Very Poor
253147,DL005,2019-03-08 20:00:00,95.0,378.5,1.45,41.17,23.08,32.0,2.95,33.95,60.27,,,,301.0,Very Poor
253148,DL005,2019-03-08 21:00:00,120.75,372.0,1.73,48.0,26.92,34.83,3.05,32.02,35.98,,,,301.0,Very Poor
253149,DL005,2019-03-08 22:00:00,119.75,341.75,2.12,38.93,22.45,34.7,0.8,29.65,22.43,,,,301.0,Very Poor
253150,DL005,2019-03-08 23:00:00,119.0,276.25,1.45,32.08,18.25,34.55,0.5,32.7,24.55,,,,301.0,Very Poor
253151,DL005,2019-03-09 00:00:00,96.0,214.75,1.62,34.48,19.7,37.38,0.35,30.0,25.32,,,,298.0,Poor
253152,DL005,2019-03-09 01:00:00,110.5,207.0,1.68,38.25,21.73,34.97,0.3,30.05,21.48,,,,294.0,Poor
253153,DL005,2019-03-09 02:00:00,116.25,207.0,2.05,37.1,21.43,35.83,0.28,29.7,13.7,,,,286.0,Poor
253154,DL005,2019-03-09 03:00:00,107.5,205.5,5.6,31.5,21.3,32.8,,22.5,5.12,,,,281.0,Poor
253155,DL005,2019-03-09 04:00:00,99.0,173.25,5.45,29.27,20.03,31.82,0.7,20.2,4.15,,,,279.0,Poor
253156,DL005,2019-03-09 05:00:00,106.25,173.75,4.78,27.42,18.48,33.62,0.7,23.92,3.83,,,,280.0,Poor
253157,DL005,2019-03-09 06:00:00,113.75,186.25,9.3,29.15,23.07,35.27,0.7,28.52,2.08,,,,277.0,Poor
253158,DL005,2019-03-09 07:00:00,134.75,211.25,13.12,28.68,25.95,39.58,0.67,31.95,1.4,,,,274.0,Poor
253159,DL005,2019-03-09 08:00:00,168.75,263.25,24.07,31.52,36.45,43.73,0.67,35.4,1.85,,,,271.0,Poor
253160,DL005,2019-03-09 09:00:00,183.75,308.25,22.98,36.35,38.18,42.15,0.62,42.4,6.75,,,,262.0,Poor
253161,DL005,2019-03-09 10:00:00,161.5,275.0,7.53,23.57,18.65,36.6,0.55,25.9,29.9,,,,250.0,Poor
253162,DL005,2019-03-09 11:00:00,78.0,171.0,3.2,11.1,8.53,33.58,0.47,22.15,61.22,,,,238.0,Poor
253163,DL005,2019-03-09 12:00:00,48.5,131.5,1.48,5.6,4.22,29.83,0.57,22.43,82.15,,,,230.0,Poor
253164,DL005,2019-03-09 13:00:00,47.25,114.5,1.58,4.17,3.53,30.3,0.5,22.95,87.85,,,,229.0,Poor
253165,DL005,2019-03-09 14:00:00,37.5,123.25,1.32,4.35,3.35,30.48,0.43,24.58,90.78,,,,228.0,Poor
253166,DL005,2019-03-09 15:00:00,32.0,122.75,1.58,5.25,4.07,30.9,0.4,21.75,90.1,,,,224.0,Poor
253167,DL005,2019-03-09 16:00:00,27.25,109.5,1.58,7.58,5.35,31.45,0.3,18.6,90.7,,,,220.0,Poor
253168,DL005,2019-03-09 17:00:00,23.5,109.25,1.25,9.75,6.2,31.02,0.3,17.2,92.55,,,,216.0,Poor
253169,DL005,2019-03-09 18:00:00,30.0,115.0,1.47,13.35,8.32,31.0,0.35,17.82,84.45,,,,211.0,Poor
253170,DL005,2019-03-09 19:00:00,37.5,124.25,1.4,28.12,16.1,30.68,0.48,19.35,52.95,,,,208.0,Poor
253171,DL005,2019-03-09 20:00:00,47.25,135.25,1.27,28.98,16.5,27.6,0.67,24.8,42.77,,,,201.0,Poor
253172,DL005,2019-03-09 21:00:00,73.75,152.0,1.93,36.75,21.1,29.65,0.85,32.23,25.43,,,,194.0,Moderate
253173,DL005,2019-03-09 22:00:00,111.75,201.5,3.27,49.45,28.98,32.35,0.75,36.32,10.38,,,,193.0,Moderate
253174,DL005,2019-03-09 23:00:00,139.75,238.75,2.9,42.6,25.0,36.47,0.6,38.12,20.1,,,,196.0,Moderate
253175,DL005,2019-03-10 00:00:00,164.25,243.5,1.75,37.9,21.6,37.65,0.4,33.28,22.75,,,,206.0,Poor
253176,DL005,2019-03-10 01:00:00,148.0,214.75,2.2,40.88,23.55,36.15,0.43,28.77,13.95,,,,211.0,Poor
253177,DL005,2019-03-10 02:00:00,164.25,243.5,6.9,39.75,26.77,35.23,0.38,29.7,11.1,,,,217.0,Poor
253178,DL005,2019-03-10 03:00:00,,,,,,,,,,,,,216.0,Poor
253179,DL005,2019-03-10 04:00:00,148.75,253.75,7.73,32.98,23.82,31.1,0.7,30.98,5.9,,,,223.0,Poor
253180,DL005,2019-03-10 05:00:00,143.75,255.0,2.52,28.4,17.18,29.2,0.7,33.67,13.15,,,,228.0,Poor
253181,DL005,2019-03-10 06:00:00,143.75,235.5,1.95,28.07,16.52,30.22,0.78,35.83,13.38,,,,233.0,Poor
253182,DL005,2019-03-10 07:00:00,155.0,245.5,2.4,29.38,17.55,31.58,0.7,34.97,11.75,,,,236.0,Poor
253183,DL005,2019-03-10 08:00:00,167.5,283.75,12.22,39.2,30.8,36.77,0.8,42.42,9.32,,,,235.0,Poor
253184,DL005,2019-03-10 09:00:00,200.0,333.5,6.5,26.35,19.32,36.05,0.65,40.0,28.62,,,,238.0,Poor
253185,DL005,2019-03-10 10:00:00,162.75,263.5,3.95,21.05,14.43,30.62,0.57,27.93,63.78,,,,238.0,Poor
253186,DL005,2019-03-10 11:00:00,87.5,175.75,2.25,10.7,7.58,27.45,0.5,24.15,89.45,,,,239.0,Poor
253187,DL005,2019-03-10 12:00:00,58.25,119.25,1.55,6.42,4.68,23.05,0.5,25.3,109.72,,,,241.0,Poor
253188,DL005,2019-03-10 13:00:00,45.75,102.5,1.65,4.9,3.9,22.6,0.5,25.9,119.12,,,,241.0,Poor
253189,DL005,2019-03-10 14:00:00,39.25,88.5,1.15,3.3,2.72,21.9,0.47,25.15,120.4,,,,241.0,Poor
253190,DL005,2019-03-10 15:00:00,30.0,68.75,1.1,3.42,2.77,21.1,0.4,23.6,121.07,,,,241.0,Poor
253191,DL005,2019-03-10 16:00:00,28.5,66.75,1.23,6.22,4.3,22.23,0.2,21.98,123.65,,,,241.0,Poor
253192,DL005,2019-03-10 17:00:00,32.25,63.25,1.35,7.53,5.1,22.55,0.18,19.9,128.57,,,,242.0,Poor
253193,DL005,2019-03-10 18:00:00,31.0,70.25,1.6,10.7,7.0,23.27,0.18,19.3,117.85,,,,242.0,Poor
253194,DL005,2019-03-10 19:00:00,38.5,116.0,2.0,47.53,26.9,23.23,0.38,19.65,56.95,,,,242.0,Poor
253195,DL005,2019-03-10 20:00:00,64.75,228.75,3.4,56.88,33.02,25.6,0.7,25.17,39.12,,103.4,,245.0,Poor
253196,DL005,2019-03-10 21:00:00,103.0,323.25,1.48,39.57,22.3,25.1,0.7,31.32,55.12,,102.35,,249.0,Poor
253197,DL005,2019-03-10 22:00:00,103.0,347.5,4.57,69.7,40.8,23.55,0.9,26.32,9.93,,,,248.0,Poor
253198,DL005,2019-03-10 23:00:00,104.0,403.75,9.25,71.47,45.55,26.15,0.8,23.3,2.7,,,,243.0,Poor
253199,DL005,2019-03-11 00:00:00,112.75,328.5,31.12,73.15,64.3,28.48,0.75,25.58,1.2,,,,235.0,Poor
253200,DL005,2019-03-11 01:00:00,130.5,305.75,31.75,69.9,63.08,30.3,0.6,29.12,1.33,,,,233.0,Poor
253201,DL005,2019-03-11 02:00:00,134.25,283.25,34.75,66.62,63.7,31.5,0.5,27.9,1.75,,,,228.0,Poor
253202,DL005,2019-03-11 03:00:00,135.25,256.0,2.5,40.5,23.6,30.4,,32.5,7.5,,,,233.0,Poor
253203,DL005,2019-03-11 04:00:00,123.5,213.25,2.78,44.38,25.88,28.88,0.9,33.15,10.35,,,,230.0,Poor
253204,DL005,2019-03-11 05:00:00,138.25,234.5,3.15,51.52,29.85,28.5,1.1,35.47,13.05,,,,229.0,Poor
253205,DL005,2019-03-11 06:00:00,124.0,235.5,1.88,29.82,17.38,27.57,0.95,28.8,37.23,,,,226.0,Poor
253206,DL005,2019-03-11 07:00:00,97.5,192.75,1.5,24.2,14.1,27.88,0.93,26.7,37.6,,,,218.0,Poor
253207,DL005,2019-03-11 08:00:00,104.0,209.0,2.8,29.73,18.1,33.98,0.85,24.25,38.5,,,,210.0,Poor
253208,DL005,2019-03-11 09:00:00,121.5,243.5,6.2,42.88,27.9,37.58,0.9,29.83,47.83,,,,199.0,Moderate
253209,DL005,2019-03-11 10:00:00,114.25,325.25,5.83,39.67,25.8,35.65,0.55,26.05,84.4,,,,192.0,Moderate
253210,DL005,2019-03-11 11:00:00,66.75,389.5,3.8,31.3,19.72,33.3,0.53,21.88,108.05,,,,189.0,Moderate
253211,DL005,2019-03-11 12:00:00,57.5,380.5,2.9,17.18,11.48,27.52,0.6,25.32,126.88,,,,189.0,Moderate
253212,DL005,2019-03-11 13:00:00,58.25,381.5,1.88,14.88,9.43,28.18,0.67,24.4,129.88,,,,193.0,Moderate
253213,DL005,2019-03-11 14:00:00,56.0,308.25,1.73,10.53,7.03,29.88,0.6,24.05,131.15,,,,199.0,Moderate
253214,DL005,2019-03-11 15:00:00,54.75,266.75,1.65,7.97,5.58,30.82,0.57,23.48,132.68,,,,207.0,Poor
253215,DL005,2019-03-11 16:00:00,52.25,219.5,1.57,12.32,7.9,35.62,0.68,22.23,137.78,,,,214.0,Poor
253216,DL005,2019-03-11 17:00:00,55.25,209.0,1.43,15.1,9.2,36.38,0.5,20.9,140.1,,,,220.0,Poor
253217,DL005,2019-03-11 18:00:00,54.0,186.0,1.45,21.85,12.83,36.8,0.53,20.8,108.22,,,,224.0,Poor
253218,DL005,2019-03-11 19:00:00,58.25,162.25,1.52,24.15,14.1,39.68,0.6,21.62,91.0,,,,226.0,Poor
253219,DL005,2019-03-11 20:00:00,69.25,164.75,2.5,55.6,31.62,35.9,1.0,25.55,39.2,,150.3,,224.0,Poor
253220,DL005,2019-03-11 21:00:00,99.5,272.75,3.65,69.42,39.77,37.53,1.27,25.95,14.0,,,,222.0,Poor
253221,DL005,2019-03-11 22:00:00,124.0,312.25,2.48,37.52,21.83,39.95,0.83,26.3,38.23,,125.5,,220.0,Poor
253222,DL005,2019-03-11 23:00:00,116.25,220.0,1.5,30.25,17.27,38.65,0.8,25.45,27.45,,,,214.0,Poor
253223,DL005,2019-03-12 00:00:00,103.5,177.0,1.4,23.7,13.75,43.05,0.65,24.35,19.1,,,,212.0,Poor
253224,DL005,2019-03-12 01:00:00,107.5,189.75,1.65,23.47,13.85,46.38,0.5,27.88,13.92,,,,209.0,Poor
253225,DL005,2019-03-12 02:00:00,97.75,190.0,1.8,26.05,15.3,40.73,0.4,25.15,15.25,,,,204.0,Poor
253226,DL005,2019-03-12 03:00:00,70.5,125.5,1.7,23.5,13.9,39.2,,21.4,22.77,,,,195.0,Moderate
253227,DL005,2019-03-12 04:00:00,65.25,115.75,1.62,18.85,11.3,31.6,0.55,24.55,26.73,,,,192.0,Moderate
253228,DL005,2019-03-12 05:00:00,72.0,126.0,1.6,17.75,10.78,29.77,0.7,25.1,22.3,,,,189.0,Moderate
253229,DL005,2019-03-12 06:00:00,72.5,120.0,1.67,16.77,10.27,30.57,0.75,27.6,21.73,,,,186.0,Moderate
253230,DL005,2019-03-12 07:00:00,73.5,118.5,1.55,18.88,11.3,31.7,0.75,27.3,21.0,,,,184.0,Moderate
253231,DL005,2019-03-12 08:00:00,77.5,149.25,5.32,31.05,20.88,37.5,0.75,25.23,15.2,,,,182.0,Moderate
253232,DL005,2019-03-12 09:00:00,86.25,165.5,6.1,22.88,17.18,37.88,0.65,26.73,32.1,,,,180.0,Moderate
253233,DL005,2019-03-12 10:00:00,68.5,139.75,6.15,21.45,16.43,38.6,0.7,25.62,35.73,,,,175.0,Moderate
253234,DL005,2019-03-12 11:00:00,86.75,143.0,4.2,17.92,12.93,40.82,0.7,27.55,65.45,,,,168.0,Moderate
253235,DL005,2019-03-12 12:00:00,85.75,155.75,2.55,12.95,8.95,37.15,0.7,29.82,99.55,,,,162.0,Moderate
253236,DL005,2019-03-12 13:00:00,63.5,155.75,1.9,6.7,5.1,33.4,0.8,14.6,115.25,,294.3,,160.0,Moderate
253237,DL005,2019-03-12 14:00:00,48.0,138.25,1.35,4.72,3.58,30.15,0.62,14.47,106.15,,285.2,,159.0,Moderate
253238,DL005,2019-03-12 15:00:00,32.0,114.25,1.73,5.9,4.53,27.73,0.65,15.1,107.07,,,,155.0,Moderate
253239,DL005,2019-03-12 16:00:00,32.0,137.75,1.38,13.2,8.18,31.12,0.68,17.05,97.62,,,,153.0,Moderate
253240,DL005,2019-03-12 17:00:00,40.75,135.25,1.95,18.25,11.3,34.3,0.75,13.28,70.8,,,,151.0,Moderate
253241,DL005,2019-03-12 18:00:00,43.75,139.0,2.05,24.08,14.48,35.52,0.9,16.85,56.8,,,,149.0,Moderate
253242,DL005,2019-03-12 19:00:00,59.75,200.0,1.65,31.2,17.95,36.77,1.08,22.45,38.92,,,,149.0,Moderate
253243,DL005,2019-03-12 20:00:00,79.25,207.25,2.38,38.35,22.38,34.9,1.23,20.93,34.35,,,,151.0,Moderate
253244,DL005,2019-03-12 21:00:00,98.0,240.25,1.77,26.32,15.43,33.33,1.42,24.15,45.2,,,,151.0,Moderate
253245,DL005,2019-03-12 22:00:00,102.5,264.0,1.12,20.3,11.75,32.22,0.97,19.48,49.35,,,,148.0,Moderate
253246,DL005,2019-03-12 23:00:00,89.0,234.25,1.23,22.7,13.05,32.6,1.0,20.5,43.85,,,,144.0,Moderate
253247,DL005,2019-03-13 00:00:00,99.25,253.75,1.05,24.05,13.62,35.07,0.57,22.18,39.67,,,,143.0,Moderate
253248,DL005,2019-03-13 01:00:00,126.75,295.0,1.4,29.23,16.73,35.8,0.4,27.48,33.53,,,,146.0,Moderate
253249,DL005,2019-03-13 02:00:00,117.0,250.0,1.17,25.07,14.32,33.77,0.28,16.35,40.0,,,,149.0,Moderate
253250,DL005,2019-03-13 03:00:00,74.0,174.0,1.27,16.38,9.5,31.88,0.2,12.95,54.18,,,,149.0,Moderate
253251,DL005,2019-03-13 04:00:00,67.0,177.0,1.43,19.77,11.7,29.3,0.85,13.38,37.15,,,,151.0,Moderate
253252,DL005,2019-03-13 05:00:00,67.0,175.0,1.23,20.88,12.1,27.35,1.15,15.45,32.6,,,,152.0,Moderate
253253,DL005,2019-03-13 06:00:00,72.0,164.0,3.15,31.82,19.52,28.55,1.27,15.35,8.85,,,,154.0,Moderate
253254,DL005,2019-03-13 07:00:00,75.0,195.0,15.7,37.17,32.52,29.7,1.45,18.95,4.18,,,,156.0,Moderate
253255,DL005,2019-03-13 08:00:00,117.0,250.0,35.22,43.75,52.38,35.8,1.62,19.42,2.12,,,,158.0,Moderate
253256,DL005,2019-03-13 09:00:00,141.0,293.0,15.07,44.33,35.88,38.92,1.4,36.43,13.32,,,,162.0,Moderate
253257,DL005,2019-03-13 10:00:00,134.0,322.0,7.83,39.5,27.38,37.35,0.83,49.52,33.92,,,,171.0,Moderate
253258,DL005,2019-03-13 11:00:00,117.0,323.0,5.07,34.12,22.3,37.05,0.7,24.83,51.3,,,,175.0,Moderate
253259,DL005,2019-03-13 12:00:00,108.0,333.0,3.2,21.45,14.0,33.98,0.65,16.25,68.42,,,,178.0,Moderate
253260,DL005,2019-03-13 13:00:00,85.0,282.0,3.0,23.93,15.2,32.65,0.85,19.2,78.65,,,,181.0,Moderate
253261,DL005,2019-03-13 14:00:00,86.0,291.0,2.28,22.9,14.05,32.67,0.85,18.5,81.2,,,,187.0,Moderate
253262,DL005,2019-03-13 15:00:00,68.0,235.0,2.85,26.05,16.2,35.08,1.0,18.9,111.2,,,,192.0,Moderate
253263,DL005,2019-03-13 16:00:00,116.0,311.0,2.27,23.52,14.4,36.0,0.5,17.7,128.68,,,,203.0,Poor
253264,DL005,2019-03-13 17:00:00,84.0,280.0,1.88,28.2,16.52,37.1,0.3,17.7,123.12,,,,209.0,Poor
253265,DL005,2019-03-13 18:00:00,86.0,276.0,1.93,33.75,19.55,33.65,0.33,17.93,75.28,,,,215.0,Poor
253266,DL005,2019-03-13 19:00:00,57.0,268.0,2.02,53.0,29.85,35.35,0.65,17.1,37.48,,,,215.0,Poor
253267,DL005,2019-03-13 20:00:00,75.0,373.0,10.8,83.45,53.2,36.85,1.42,18.03,8.05,,,,214.0,Poor
253268,DL005,2019-03-13 21:00:00,129.0,470.0,129.3,80.78,149.32,45.0,3.5,18.95,2.83,,173.8,,220.0,Poor
253269,DL005,2019-03-13 22:00:00,283.0,884.0,5.08,57.75,34.88,38.0,1.83,20.22,8.05,,169.43,,246.0,Poor
253270,DL005,2019-03-13 23:00:00,149.0,399.0,5.72,64.85,39.15,40.12,1.77,22.7,4.28,,,,253.0,Poor
253271,DL005,2019-03-14 00:00:00,179.0,399.0,24.6,62.88,53.57,40.77,1.55,21.38,4.08,,,,263.0,Poor
253272,DL005,2019-03-14 01:00:00,183.0,411.0,29.6,53.88,52.77,46.5,1.4,11.5,2.25,,,,271.0,Poor
253273,DL005,2019-03-14 02:00:00,189.0,383.0,26.45,46.88,46.58,45.75,1.18,8.77,2.3,,,,281.0,Poor
253274,DL005,2019-03-14 03:00:00,151.0,296.0,29.8,38.2,44.6,46.4,,7.7,1.7,,,,291.0,Poor
253275,DL005,2019-03-14 04:00:00,135.0,257.0,25.5,37.9,40.97,42.83,1.27,8.92,2.58,,,,300.0,Poor
253276,DL005,2019-03-14 05:00:00,152.0,276.0,19.52,28.85,31.22,38.0,1.62,9.25,3.9,,,,303.0,Very Poor
253277,DL005,2019-03-14 06:00:00,135.0,248.0,27.07,26.5,36.15,39.88,1.75,11.1,3.55,,,,305.0,Very Poor
253278,DL005,2019-03-14 07:00:00,155.0,285.0,53.23,24.88,56.8,41.03,2.02,10.95,2.85,,,,308.0,Very Poor
253279,DL005,2019-03-14 08:00:00,182.0,326.0,39.7,36.92,52.05,45.27,1.98,14.35,3.23,,,,310.0,Very Poor
253280,DL005,2019-03-14 09:00:00,200.0,338.0,24.57,54.33,48.83,53.42,1.77,24.6,8.12,,,,311.0,Very Poor
253281,DL005,2019-03-14 10:00:00,212.0,405.0,13.65,59.1,42.58,54.25,1.75,23.98,20.62,,,,314.0,Very Poor
253282,DL005,2019-03-14 11:00:00,217.0,434.0,9.12,54.1,36.3,55.67,1.5,24.98,32.8,,,,317.0,Very Poor
253283,DL005,2019-03-14 12:00:00,188.0,445.0,4.3,23.7,16.1,52.88,1.18,18.12,35.67,,111.3,,320.0,Very Poor
253284,DL005,2019-03-14 13:00:00,112.0,291.0,3.25,10.3,8.1,40.85,1.15,13.97,45.2,,,,321.0,Very Poor
253285,DL005,2019-03-14 14:00:00,78.0,186.0,2.38,7.03,5.67,43.45,1.0,12.4,58.1,,,,320.0,Very Poor
253286,DL005,2019-03-14 15:00:00,38.0,167.0,1.55,6.47,4.7,40.1,0.88,11.2,64.43,,,,319.0,Very Poor
253287,DL005,2019-03-14 16:00:00,25.0,95.0,1.65,9.57,6.45,39.77,0.42,11.55,59.67,,,,316.0,Very Poor
253288,DL005,2019-03-14 17:00:00,31.0,88.0,2.0,18.65,11.55,46.05,0.23,11.1,50.88,,,,315.0,Very Poor
253289,DL005,2019-03-14 18:00:00,34.0,84.0,1.95,25.62,15.23,45.02,0.28,10.8,48.73,,,,313.0,Very Poor
253290,DL005,2019-03-14 19:00:00,50.0,121.0,1.57,26.82,15.55,44.85,0.25,11.17,52.18,,101.2,,313.0,Very Poor
253291,DL005,2019-03-14 20:00:00,70.0,152.0,1.55,34.92,19.88,40.7,0.47,11.62,35.2,,141.97,,313.0,Very Poor
253292,DL005,2019-03-14 21:00:00,81.0,199.0,6.67,46.33,30.08,33.9,0.95,10.35,7.92,,137.4,,311.0,Very Poor
253293,DL005,2019-03-14 22:00:00,66.0,152.0,31.38,43.05,48.5,33.45,1.42,10.5,1.7,,,,304.0,Very Poor
253294,DL005,2019-03-14 23:00:00,88.0,195.0,66.47,31.88,71.05,35.35,1.77,9.07,2.5,,,,302.0,Very Poor
253295,DL005,2019-03-15 00:00:00,111.0,277.0,35.38,30.2,45.08,36.35,1.12,9.95,1.53,,,,300.0,Poor
253296,DL005,2019-03-15 01:00:00,90.0,175.0,19.17,33.23,33.3,40.3,0.8,11.18,1.88,,,,288.0,Poor
253297,DL005,2019-03-15 02:00:00,117.0,190.0,9.03,32.0,24.38,40.52,0.6,9.0,4.9,,,,278.0,Poor
253298,DL005,2019-03-15 03:00:00,134.0,199.0,18.0,35.6,33.6,42.7,,11.7,2.3,,,,275.0,Poor
253299,DL005,2019-03-15 04:00:00,117.0,191.0,22.68,31.05,34.7,42.3,1.08,13.68,2.38,,,,273.0,Poor
253300,DL005,2019-03-15 05:00:00,202.0,327.0,20.28,27.18,31.0,38.4,1.33,20.7,2.17,,,,280.0,Poor
253301,DL005,2019-03-15 06:00:00,197.0,329.0,21.75,18.85,27.7,34.62,1.35,17.3,1.3,,,,288.0,Poor
253302,DL005,2019-03-15 07:00:00,139.0,232.0,24.57,16.98,29.07,32.6,1.48,12.72,1.43,,,,286.0,Poor
253303,DL005,2019-03-15 08:00:00,90.0,157.0,21.25,17.55,26.68,32.52,1.52,13.55,2.83,,,,273.0,Poor
253304,DL005,2019-03-15 09:00:00,125.0,197.0,14.72,27.23,26.53,39.9,1.3,18.25,9.53,,,,263.0,Poor
253305,DL005,2019-03-15 10:00:00,143.0,212.0,6.03,23.3,17.27,40.33,0.83,24.8,27.65,,,,253.0,Poor
253306,DL005,2019-03-15 11:00:00,112.0,174.0,2.67,13.75,9.48,37.55,0.65,20.98,48.2,,,,239.0,Poor
253307,DL005,2019-03-15 12:00:00,63.0,140.0,2.07,9.65,6.8,34.75,0.6,18.77,68.65,,,,221.0,Poor
253308,DL005,2019-03-15 13:00:00,62.0,,1.57,6.5,4.75,30.32,0.88,21.12,83.57,,,,214.0,Poor
253309,DL005,2019-03-15 14:00:00,48.0,,1.5,4.03,3.33,29.2,0.75,15.1,83.15,,,,210.0,Poor
253310,DL005,2019-03-15 15:00:00,36.0,,1.45,2.35,2.45,27.52,0.72,15.9,81.22,,,,210.0,Poor
253311,DL005,2019-03-15 16:00:00,34.0,,1.32,3.17,2.75,27.77,0.57,14.45,76.25,,,,211.0,Poor
253312,DL005,2019-03-15 17:00:00,29.0,,1.07,6.85,4.53,31.45,0.28,14.88,76.1,,,,211.0,Poor
253313,DL005,2019-03-15 18:00:00,38.0,,1.55,13.4,8.4,31.88,0.25,9.05,68.95,,,,211.0,Poor
253314,DL005,2019-03-15 19:00:00,41.0,,1.92,35.33,20.4,31.57,0.45,12.72,33.65,,,,210.0,Poor
253315,DL005,2019-03-15 20:00:00,45.0,,9.55,60.6,40.02,33.08,0.93,14.65,4.5,,,,207.0,Poor
253316,DL005,2019-03-15 21:00:00,95.0,,15.38,57.27,43.0,33.17,1.48,17.35,3.1,,,,209.0,Poor
253317,DL005,2019-03-15 22:00:00,139.0,,5.92,47.88,30.3,31.78,1.2,19.38,9.35,,,,219.0,Poor
253318,DL005,2019-03-15 23:00:00,122.0,,9.28,45.23,31.55,29.53,1.3,18.35,5.25,,,,223.0,Poor
253319,DL005,2019-03-16 00:00:00,118.0,,7.62,30.7,22.55,31.45,1.05,16.27,9.68,,,,224.0,Poor
253320,DL005,2019-03-16 01:00:00,101.0,,2.08,23.8,14.35,34.5,0.55,19.82,14.8,,,,226.0,Poor
253321,DL005,2019-03-16 02:00:00,139.0,,1.68,21.35,12.72,34.75,0.32,11.8,19.8,,,,229.0,Poor
253322,DL005,2019-03-16 03:00:00,116.0,,1.0,19.9,11.4,31.6,,11.5,21.35,,,,227.0,Poor
253323,DL005,2019-03-16 04:00:00,101.0,,1.93,20.35,12.43,31.7,0.78,16.5,19.23,,,,224.0,Poor
253324,DL005,2019-03-16 05:00:00,113.0,,1.6,18.2,10.97,28.12,1.2,16.05,17.53,,,,212.0,Poor
253325,DL005,2019-03-16 06:00:00,122.0,,1.97,20.25,12.4,26.25,1.42,13.65,17.6,,,,202.0,Poor
253326,DL005,2019-03-16 07:00:00,110.0,,1.62,23.85,14.03,26.75,3.6,17.23,28.25,,,,198.0,Moderate
253327,DL005,2019-03-16 08:00:00,129.0,,3.8,29.73,18.93,27.22,5.9,21.82,24.98,,,,203.0,Poor
253328,DL005,2019-03-16 09:00:00,152.0,,3.9,24.0,15.95,31.23,5.62,28.18,35.17,,,,207.0,Poor
253329,DL005,2019-03-16 10:00:00,158.0,,2.92,17.12,11.5,31.6,0.8,15.77,56.7,,,,209.0,Poor
253330,DL005,2019-03-16 11:00:00,118.0,,2.23,14.15,9.32,29.0,0.62,16.67,84.25,,,,210.0,Poor
253331,DL005,2019-03-16 12:00:00,80.0,,1.88,11.55,7.7,27.32,0.55,15.93,94.95,,,,212.0,Poor
253332,DL005,2019-03-16 13:00:00,59.0,,1.68,9.38,6.35,23.65,0.75,13.82,97.58,,,,212.0,Poor
253333,DL005,2019-03-16 14:00:00,62.0,,1.7,8.3,5.8,21.52,0.9,13.32,102.8,,,,213.0,Poor
253334,DL005,2019-03-16 15:00:00,47.0,,1.2,6.85,4.62,20.88,0.8,15.12,108.95,,,,215.0,Poor
253335,DL005,2019-03-16 16:00:00,34.0,,2.23,9.35,6.88,19.93,0.45,11.88,102.45,,,,215.0,Poor
253336,DL005,2019-03-16 17:00:00,42.0,,8.6,22.62,19.2,22.3,0.3,12.0,90.78,,,,217.0,Poor
253337,DL005,2019-03-16 18:00:00,36.0,,2.52,31.55,18.85,23.18,,10.48,64.88,,,,217.0,Poor
253338,DL005,2019-03-16 19:00:00,45.0,,2.28,47.05,26.82,24.77,0.17,12.57,36.7,,,,217.0,Poor
253339,DL005,2019-03-16 20:00:00,56.0,,4.0,65.0,37.85,27.25,0.45,13.52,15.47,,,,219.0,Poor
253340,DL005,2019-03-16 21:00:00,101.0,,2.95,49.67,28.85,26.83,0.93,17.25,26.35,,,,219.0,Poor
253341,DL005,2019-03-16 22:00:00,128.0,,1.48,21.45,12.6,25.38,0.93,17.88,56.0,,,,218.0,Poor
253342,DL005,2019-03-16 23:00:00,90.0,,2.2,30.42,17.98,23.95,0.95,14.38,33.7,,,,213.0,Poor
253343,DL005,2019-03-17 00:00:00,83.0,,15.48,49.5,38.95,26.02,1.15,11.55,3.08,,,,209.0,Poor
253344,DL005,2019-03-17 01:00:00,92.0,,9.57,46.15,32.33,28.38,0.82,17.83,8.08,,,,207.0,Poor
253345,DL005,2019-03-17 02:00:00,136.0,,1.2,21.9,12.62,32.68,0.32,29.05,45.85,,,,207.0,Poor
253346,DL005,2019-03-17 03:00:00,162.0,,3.4,40.3,24.2,33.8,,20.7,18.9,,,,213.0,Poor
253347,DL005,2019-03-17 04:00:00,169.0,,6.03,37.17,24.7,32.15,1.15,24.55,4.8,,,,223.0,Poor
253348,DL005,2019-03-17 05:00:00,185.0,,3.5,34.4,21.12,29.6,1.52,28.07,5.82,,,,233.0,Poor
253349,DL005,2019-03-17 06:00:00,221.0,,11.82,37.8,29.75,29.35,1.9,24.2,2.22,,,,247.0,Poor
253350,DL005,2019-03-17 07:00:00,217.0,,14.62,36.83,31.52,29.52,2.1,25.73,2.17,,,,261.0,Poor
253351,DL005,2019-03-17 08:00:00,201.0,,17.25,36.1,33.27,33.2,2.15,27.82,5.65,,,,271.0,Poor
253352,DL005,2019-03-17 09:00:00,235.0,,8.97,30.4,23.5,37.42,1.88,48.85,18.2,,,,283.0,Poor
253353,DL005,2019-03-17 10:00:00,279.0,,3.68,18.8,13.0,32.17,0.8,23.02,44.72,,,,300.0,Poor
253354,DL005,2019-03-17 11:00:00,119.0,,1.95,12.18,8.05,28.98,0.55,19.7,77.12,,,,300.0,Poor
253355,DL005,2019-03-17 12:00:00,73.0,,1.73,9.38,6.43,26.05,0.38,17.38,93.9,,,,299.0,Poor
253356,DL005,2019-03-17 13:00:00,52.0,,1.6,6.88,4.97,23.23,0.55,15.45,100.47,,,,298.0,Poor
253357,DL005,2019-03-17 14:00:00,34.0,,1.45,5.0,3.85,20.9,0.8,15.53,103.85,,,,294.0,Poor
253358,DL005,2019-03-17 15:00:00,36.0,,1.35,4.4,3.45,20.62,0.8,15.68,108.15,,,,292.0,Poor
253359,DL005,2019-03-17 16:00:00,38.25,,1.12,4.08,3.12,21.05,0.45,15.03,108.55,,,,293.0,Poor
253360,DL005,2019-03-17 17:00:00,35.75,,1.05,6.28,4.2,22.7,0.15,15.38,110.22,,,,292.0,Poor
253361,DL005,2019-03-17 18:00:00,36.25,,1.45,14.12,8.7,24.73,,11.05,98.75,,,,292.0,Poor
253362,DL005,2019-03-17 19:00:00,44.0,,1.68,41.03,23.15,24.27,0.2,12.7,55.0,,,,292.0,Poor
253363,DL005,2019-03-17 20:00:00,64.0,,1.92,67.05,37.3,26.38,0.53,16.05,25.92,,,,293.0,Poor
253364,DL005,2019-03-17 21:00:00,103.75,,1.85,54.55,30.4,30.17,0.93,24.52,35.7,,105.85,,294.0,Poor
253365,DL005,2019-03-17 22:00:00,143.0,,1.45,22.6,13.22,27.15,1.17,20.9,67.9,,144.85,,296.0,Poor
253366,DL005,2019-03-17 23:00:00,125.75,,1.25,21.08,12.25,28.47,1.2,19.2,64.35,,,,300.0,Poor
253367,DL005,2019-03-18 00:00:00,139.25,,1.1,31.05,17.4,26.98,1.32,14.6,37.98,,,,302.0,Very Poor
253368,DL005,2019-03-18 01:00:00,111.25,,1.65,29.38,17.0,28.83,0.88,16.23,31.65,,,,303.0,Very Poor
253369,DL005,2019-03-18 02:00:00,105.0,,1.8,34.67,19.9,33.08,0.67,17.1,12.7,,,,302.0,Very Poor
253370,DL005,2019-03-18 03:00:00,159.25,,5.9,45.4,29.0,39.1,,18.9,11.03,,,,301.0,Very Poor
253371,DL005,2019-03-18 04:00:00,167.0,,4.6,41.12,25.62,35.73,1.3,16.95,6.12,,,,301.0,Very Poor
253372,DL005,2019-03-18 05:00:00,162.25,,8.07,39.92,27.8,31.95,1.5,15.6,5.03,,,,301.0,Very Poor
253373,DL005,2019-03-18 06:00:00,164.5,,21.35,35.52,36.5,30.75,1.95,16.23,3.08,,,,295.0,Poor
253374,DL005,2019-03-18 07:00:00,163.25,,31.63,40.95,47.55,30.85,2.33,17.25,2.8,,,,288.0,Poor
253375,DL005,2019-03-18 08:00:00,192.0,,32.75,45.55,50.9,38.4,2.65,35.75,4.97,,,,286.0,Poor
253376,DL005,2019-03-18 09:00:00,259.0,,6.33,30.65,21.48,41.5,2.12,59.67,23.25,,,,290.0,Poor
253377,DL005,2019-03-18 10:00:00,262.25,,4.62,22.58,15.8,38.88,1.0,31.65,47.8,,,,287.0,Poor
253378,DL005,2019-03-18 11:00:00,161.5,,2.1,13.73,9.08,32.67,0.55,21.15,84.15,,,,293.0,Poor
253379,DL005,2019-03-18 12:00:00,91.75,,1.45,9.73,6.38,29.02,0.43,17.68,100.9,,,,296.0,Poor
253380,DL005,2019-03-18 13:00:00,61.5,,1.1,8.12,5.22,25.75,0.4,16.95,111.43,,,,297.0,Poor
253381,DL005,2019-03-18 14:00:00,45.0,,1.53,5.53,4.17,22.9,0.78,15.6,111.38,,,,299.0,Poor
253382,DL005,2019-03-18 15:00:00,45.5,,1.5,5.93,4.38,22.85,0.8,15.1,119.7,,,,300.0,Poor
253383,DL005,2019-03-18 16:00:00,46.5,,1.38,6.6,4.6,22.7,0.5,13.83,118.75,,,,300.0,Poor
253384,DL005,2019-03-18 17:00:00,45.75,,1.07,9.75,6.05,23.75,0.25,14.05,110.17,,,,301.0,Very Poor
253385,DL005,2019-03-18 18:00:00,48.0,,1.52,23.73,13.88,26.35,0.1,12.38,80.72,,,,301.0,Very Poor
253386,DL005,2019-03-18 19:00:00,55.75,,1.85,49.3,27.7,28.2,0.35,12.38,38.75,,,,301.0,Very Poor
253387,DL005,2019-03-18 20:00:00,87.25,,1.98,68.8,38.2,31.62,0.57,15.43,20.9,,,,302.0,Very Poor
253388,DL005,2019-03-18 21:00:00,118.75,,2.77,65.05,36.83,32.0,0.9,17.85,22.57,,139.9,,303.0,Very Poor
253389,DL005,2019-03-18 22:00:00,150.75,,24.62,58.9,51.17,30.1,2.0,22.25,19.15,,131.9,,303.0,Very Poor
253390,DL005,2019-03-18 23:00:00,183.25,,62.52,64.83,85.33,31.0,2.38,19.88,2.25,,119.35,,305.0,Very Poor
253391,DL005,2019-03-19 00:00:00,177.75,,6.95,59.02,37.17,31.4,1.8,20.0,4.23,,,,306.0,Very Poor
253392,DL005,2019-03-19 01:00:00,178.25,,3.85,42.18,25.55,31.93,1.5,30.62,14.98,,,,308.0,Very Poor
253393,DL005,2019-03-19 02:00:00,162.75,,3.38,45.85,27.15,34.9,1.15,22.98,7.3,,,,310.0,Very Poor
253394,DL005,2019-03-19 03:00:00,187.25,,7.0,45.9,30.2,38.7,,22.5,4.78,,,,311.0,Very Poor
253395,DL005,2019-03-19 04:00:00,202.0,,10.6,43.55,31.68,38.4,1.5,23.0,2.92,,,,312.0,Very Poor
253396,DL005,2019-03-19 05:00:00,231.75,,11.93,40.35,31.18,36.95,1.55,21.0,3.45,,,,314.0,Very Poor
253397,DL005,2019-03-19 06:00:00,217.0,,6.9,40.12,27.0,33.1,1.9,20.62,4.0,,,,316.0,Very Poor
253398,DL005,2019-03-19 07:00:00,204.25,,20.72,41.6,39.02,31.02,2.15,21.58,2.6,,,,317.0,Very Poor
253399,DL005,2019-03-19 08:00:00,216.75,,32.58,53.08,54.8,34.05,2.33,25.75,3.83,,,,318.0,Very Poor
253400,DL005,2019-03-19 09:00:00,249.5,,28.88,61.4,56.27,38.52,2.38,35.55,10.68,,,,318.0,Very Poor
253401,DL005,2019-03-19 10:00:00,271.0,,8.03,32.58,23.8,40.55,0.85,34.33,40.6,,,,318.0,Very Poor
253402,DL005,2019-03-19 11:00:00,174.5,,2.9,21.48,13.77,34.75,0.5,27.1,82.97,,,,318.0,Very Poor
253403,DL005,2019-03-19 12:00:00,101.25,,1.85,14.95,9.45,31.8,0.28,23.35,105.33,,,,319.0,Very Poor
253404,DL005,2019-03-19 13:00:00,72.75,,1.32,10.97,6.92,29.35,0.15,19.67,104.62,,,,319.0,Very Poor
253405,DL005,2019-03-19 14:00:00,63.25,,1.48,6.88,4.9,25.9,0.38,19.85,105.15,,,,320.0,Very Poor
253406,DL005,2019-03-19 15:00:00,52.25,,1.25,5.25,3.83,24.05,0.4,15.97,99.58,,,,320.0,Very Poor
253407,DL005,2019-03-19 16:00:00,41.75,,1.35,5.72,4.15,23.45,0.45,14.68,96.88,,,,320.0,Very Poor
253408,DL005,2019-03-19 17:00:00,36.25,,1.08,7.2,4.7,24.18,0.4,16.62,106.8,,,,319.0,Very Poor
253409,DL005,2019-03-19 18:00:00,44.0,,1.15,14.95,8.9,26.58,0.18,15.45,102.4,,,,319.0,Very Poor
253410,DL005,2019-03-19 19:00:00,61.25,,1.18,33.03,18.52,27.43,0.4,18.28,60.67,,128.9,,319.0,Very Poor
253411,DL005,2019-03-19 20:00:00,79.25,,5.72,65.53,39.55,27.8,0.9,16.2,12.95,,166.18,,319.0,Very Poor
253412,DL005,2019-03-19 21:00:00,86.75,,7.65,63.88,39.05,28.43,1.0,15.52,15.65,,,,318.0,Very Poor
253413,DL005,2019-03-19 22:00:00,93.5,,17.75,60.7,46.82,26.73,1.95,18.23,15.75,,,,316.0,Very Poor
253414,DL005,2019-03-19 23:00:00,110.0,,54.85,67.6,80.73,28.57,3.02,19.55,3.7,,,,314.0,Very Poor
253415,DL005,2019-03-20 00:00:00,123.75,,95.68,74.0,117.32,29.27,3.88,21.9,5.92,,,,312.0,Very Poor
253416,DL005,2019-03-20 01:00:00,147.0,,95.05,70.42,114.93,32.28,3.75,22.77,22.32,,,,311.0,Very Poor
253417,DL005,2019-03-20 02:00:00,195.5,,56.6,63.57,80.0,40.17,2.77,30.82,6.15,,,,312.0,Very Poor
253418,DL005,2019-03-20 03:00:00,266.25,,53.9,68.5,80.4,45.5,,38.3,4.62,,,,315.0,Very Poor
253419,DL005,2019-03-20 04:00:00,306.5,,40.35,65.07,67.65,39.67,2.3,31.42,8.25,,,,318.0,Very Poor
253420,DL005,2019-03-20 05:00:00,325.75,,31.9,63.2,59.6,35.83,2.1,24.8,20.45,,,,321.0,Very Poor
253421,DL005,2019-03-20 06:00:00,181.75,,41.77,70.28,71.42,34.12,2.3,25.12,66.12,,,,320.0,Very Poor
253422,DL005,2019-03-20 07:00:00,151.0,,30.45,76.47,65.5,32.7,2.3,20.77,24.3,,,,318.0,Very Poor
253423,DL005,2019-03-20 08:00:00,130.5,,11.18,59.83,40.92,33.78,2.2,18.85,10.4,,,,316.0,Very Poor
253424,DL005,2019-03-20 09:00:00,119.0,,10.35,52.45,36.35,33.52,2.1,22.42,22.12,,,,311.0,Very Poor
253425,DL005,2019-03-20 10:00:00,97.0,,5.65,29.47,20.3,36.67,0.7,13.97,60.45,,,,306.0,Very Poor
253426,DL005,2019-03-20 11:00:00,61.75,,2.98,18.77,12.43,35.45,0.3,13.35,79.38,,,,302.0,Very Poor
253427,DL005,2019-03-20 12:00:00,45.75,,2.3,16.57,10.7,37.58,0.23,14.43,92.55,,,,300.0,Poor
253428,DL005,2019-03-20 13:00:00,47.5,,1.93,14.2,9.15,41.47,0.23,15.03,118.15,,,,298.0,Poor
253429,DL005,2019-03-20 14:00:00,53.25,,1.8,8.05,5.73,32.92,0.45,14.35,125.9,,,,297.0,Poor
253430,DL005,2019-03-20 15:00:00,46.0,,1.07,5.38,3.75,32.8,0.43,16.38,110.73,,,,296.0,Poor
253431,DL005,2019-03-20 16:00:00,38.75,,1.5,5.12,3.92,31.27,0.5,12.75,92.95,,,,296.0,Poor
253432,DL005,2019-03-20 17:00:00,35.75,,1.6,8.28,5.7,35.9,0.72,19.0,100.8,,,,295.0,Poor
253433,DL005,2019-03-20 18:00:00,44.0,,1.27,11.97,7.4,39.92,0.65,16.8,103.97,,,,295.0,Poor
253434,DL005,2019-03-20 19:00:00,64.5,,1.1,16.43,9.65,44.3,0.67,19.18,89.9,,,,296.0,Poor
253435,DL005,2019-03-20 20:00:00,81.5,,1.25,26.82,15.3,46.05,1.0,19.5,59.38,,,,296.0,Poor
253436,DL005,2019-03-20 21:00:00,113.5,,1.4,35.75,20.18,47.15,1.23,19.45,44.25,,,,300.0,Poor
253437,DL005,2019-03-20 22:00:00,132.5,,1.85,40.38,22.98,43.83,2.02,22.43,,,,,301.0,Very Poor
253438,DL005,2019-03-20 23:00:00,160.25,,1.72,40.52,22.95,43.38,2.25,21.45,,,,,303.0,Very Poor
253439,DL005,2019-03-21 00:00:00,162.75,,1.8,38.65,22.0,43.3,2.02,17.23,11.4,,,,304.0,Very Poor
253440,DL005,2019-03-21 01:00:00,161.0,,1.9,28.82,16.9,47.47,2.1,21.95,13.78,,,,305.0,Very Poor
253441,DL005,2019-03-21 02:00:00,186.0,,1.5,22.9,13.43,53.27,1.55,18.3,16.35,,,,304.0,Very Poor
253442,DL005,2019-03-21 03:00:00,162.0,,2.3,37.4,21.8,59.6,,17.5,12.27,,,,301.0,Very Poor
253443,DL005,2019-03-21 04:00:00,165.75,,1.93,33.3,19.25,53.52,1.62,16.4,4.7,,,,284.0,Poor
253444,DL005,2019-03-21 05:00:00,178.75,,2.52,27.75,16.83,53.55,1.8,19.05,18.95,,,,264.0,Poor
253445,DL005,2019-03-21 06:00:00,185.0,,1.65,21.3,12.65,48.73,2.05,27.02,11.5,,,,264.0,Poor
253446,DL005,2019-03-21 07:00:00,185.5,,2.58,20.32,12.9,44.3,2.27,16.07,3.92,,,,269.0,Poor
253447,DL005,2019-03-21 08:00:00,175.0,,4.43,16.75,12.5,42.85,2.23,16.33,5.43,,,,275.0,Poor
253448,DL005,2019-03-21 09:00:00,161.25,,3.6,16.5,11.75,42.67,2.23,21.02,15.28,,,,281.0,Poor
253449,DL005,2019-03-21 10:00:00,143.5,,2.58,14.67,9.88,45.83,1.07,20.5,40.15,,,,288.0,Poor
253450,DL005,2019-03-21 11:00:00,122.0,,1.8,11.42,7.55,44.92,0.6,18.1,75.53,,,,296.0,Poor
253451,DL005,2019-03-21 12:00:00,82.75,,1.9,7.68,5.6,42.0,0.43,16.5,79.9,,,,300.0,Poor
253452,DL005,2019-03-21 13:00:00,57.75,,1.53,6.0,4.45,41.55,0.17,14.02,82.52,,,,301.0,Very Poor
253453,DL005,2019-03-21 14:00:00,37.0,,1.48,4.1,3.38,34.1,0.42,13.1,94.55,,,,300.0,Poor
253454,DL005,2019-03-21 15:00:00,32.75,,1.2,1.0,1.52,34.1,0.62,15.02,99.12,,,,299.0,Poor
253455,DL005,2019-03-21 16:00:00,38.5,,1.35,1.4,1.85,35.08,0.65,15.6,97.9,,,,299.0,Poor
253456,DL005,2019-03-21 17:00:00,39.75,,1.35,0.22,1.2,34.65,0.6,12.45,92.22,,,,299.0,Poor
253457,DL005,2019-03-21 18:00:00,37.75,,1.02,1.45,1.62,38.28,0.38,8.9,78.58,,,,298.0,Poor
253458,DL005,2019-03-21 19:00:00,38.25,,1.42,6.38,4.55,40.83,0.35,11.35,78.88,,,,295.0,Poor
253459,DL005,2019-03-21 20:00:00,55.0,,1.27,11.3,7.05,41.25,0.55,17.73,69.88,,,,291.0,Poor
253460,DL005,2019-03-21 21:00:00,68.75,,1.35,13.03,8.02,41.7,0.7,19.83,55.5,,,,285.0,Poor
253461,DL005,2019-03-21 22:00:00,71.25,,1.17,11.18,6.9,38.05,1.15,15.22,39.83,,,,276.0,Poor
253462,DL005,2019-03-21 23:00:00,62.75,,1.4,9.32,6.08,32.95,1.35,17.8,35.55,,,,263.0,Poor
253463,DL005,2019-03-22 00:00:00,57.0,,1.02,3.1,2.47,30.6,1.23,13.95,56.15,,,,248.0,Poor
253464,DL005,2019-03-22 01:00:00,41.5,,1.0,1.05,1.4,29.9,1.17,13.65,61.1,,,,231.0,Poor
253465,DL005,2019-03-22 02:00:00,37.75,,0.97,1.1,1.1,31.52,0.8,12.1,59.2,,,,211.0,Poor
253466,DL005,2019-03-22 03:00:00,32.25,,1.2,5.6,4.0,32.6,,11.1,61.5,,,,193.0,Moderate
253467,DL005,2019-03-22 04:00:00,33.25,,1.02,4.2,3.07,30.72,0.5,10.93,60.73,,,,174.0,Moderate
253468,DL005,2019-03-22 05:00:00,26.0,,1.3,3.72,3.05,30.25,0.5,13.12,64.6,,,,153.0,Moderate
253469,DL005,2019-03-22 06:00:00,29.25,,1.07,6.72,4.45,28.55,0.8,11.5,47.4,,,,131.0,Moderate
253470,DL005,2019-03-22 07:00:00,41.75,,1.48,13.0,8.12,26.88,1.35,13.47,27.85,,,,111.0,Moderate
253471,DL005,2019-03-22 08:00:00,89.0,,3.33,16.4,11.45,30.17,1.58,20.43,21.23,,,,100.0,Satisfactory
253472,DL005,2019-03-22 09:00:00,113.75,,3.15,9.95,7.85,29.33,1.52,18.98,43.15,,,,96.0,Satisfactory
253473,DL005,2019-03-22 10:00:00,70.5,,1.98,5.82,4.67,28.55,0.35,11.93,71.03,,,,91.0,Satisfactory
253474,DL005,2019-03-22 11:00:00,38.75,,1.48,5.45,4.1,29.88,,11.98,83.2,,,,86.0,Satisfactory
253475,DL005,2019-03-22 12:00:00,30.5,,1.5,6.35,4.6,28.33,,13.35,92.67,,,,93.0,Satisfactory
253476,DL005,2019-03-22 13:00:00,33.0,,1.77,5.88,4.53,27.6,,12.03,94.8,,,,95.0,Satisfactory
253477,DL005,2019-03-22 14:00:00,26.25,,1.45,4.9,3.8,24.12,,10.38,101.33,,,,102.0,Moderate
253478,DL005,2019-03-22 15:00:00,22.75,,1.38,2.75,2.62,20.43,,9.8,103.17,,,,105.0,Moderate
253479,DL005,2019-03-22 16:00:00,19.0,,1.45,2.3,2.4,20.33,0.2,9.6,106.88,,,,110.0,Moderate
253480,DL005,2019-03-22 17:00:00,19.0,,1.55,4.17,3.5,21.43,0.32,12.7,108.47,,,,112.0,Moderate
253481,DL005,2019-03-22 18:00:00,17.0,,1.17,7.9,5.15,23.45,0.15,11.75,96.3,,,,112.0,Moderate
253482,DL005,2019-03-22 19:00:00,21.75,,1.23,20.23,11.78,27.45,,13.23,72.38,,,,112.0,Moderate
253483,DL005,2019-03-22 20:00:00,47.25,,1.62,32.62,18.68,30.2,0.23,18.85,44.27,,,,112.0,Moderate
253484,DL005,2019-03-22 21:00:00,83.5,,2.5,56.0,31.83,31.18,0.5,19.32,17.65,,,,112.0,Moderate
253485,DL005,2019-03-22 22:00:00,100.0,,4.22,54.62,32.55,31.8,0.97,23.05,12.8,,,,112.0,Moderate
253486,DL005,2019-03-22 23:00:00,128.25,,5.52,44.57,28.2,30.62,1.43,21.2,9.78,,,,112.0,Moderate
253487,DL005,2019-03-23 00:00:00,142.5,,3.08,33.88,20.52,31.83,1.38,25.1,17.05,,,,112.0,Moderate
253488,DL005,2019-03-23 01:00:00,173.5,,1.78,23.8,14.1,31.07,1.3,21.48,26.05,,,,96.0,Satisfactory
253489,DL005,2019-03-23 02:00:00,162.25,,1.1,19.75,11.43,30.7,1.0,20.73,30.45,,,,108.0,Moderate
253490,DL005,2019-03-23 03:00:00,122.75,,1.3,26.0,14.9,32.8,,25.5,24.35,,,,121.0,Moderate
253491,DL005,2019-03-23 04:00:00,91.75,,1.62,27.73,16.1,30.97,0.67,24.5,15.98,,,,129.0,Moderate
253492,DL005,2019-03-23 05:00:00,97.75,,1.73,24.1,14.22,30.1,0.57,22.4,17.8,,,,139.0,Moderate
253493,DL005,2019-03-23 06:00:00,130.0,,2.23,25.77,15.55,29.93,0.72,22.6,18.05,,,,153.0,Moderate
253494,DL005,2019-03-23 07:00:00,159.25,,2.6,25.35,15.6,27.15,1.15,22.1,20.35,,,,169.0,Moderate
253495,DL005,2019-03-23 08:00:00,134.5,,3.0,18.12,12.07,25.52,1.33,23.15,27.65,,,,176.0,Moderate
253496,DL005,2019-03-23 09:00:00,140.5,,3.97,18.17,12.93,27.57,1.52,22.32,39.2,,,,179.0,Moderate
253497,DL005,2019-03-23 10:00:00,174.75,,2.65,12.72,8.95,26.85,0.22,20.8,73.17,,,,194.0,Moderate
253498,DL005,2019-03-23 11:00:00,92.0,,1.88,11.0,7.38,28.68,,17.48,93.97,,,,201.0,Poor
253499,DL005,2019-03-23 12:00:00,57.5,,1.55,9.35,6.22,27.3,,16.02,101.3,,,,205.0,Poor
253500,DL005,2019-03-23 13:00:00,43.0,,1.7,8.6,5.97,25.57,,14.83,99.43,,,,206.0,Poor
253501,DL005,2019-03-23 14:00:00,39.5,,1.55,7.38,5.22,24.05,,14.55,103.62,,,,208.0,Poor
253502,DL005,2019-03-23 15:00:00,36.0,,1.35,5.25,3.88,21.52,,14.55,103.75,,,,210.0,Poor
253503,DL005,2019-03-23 16:00:00,29.5,,1.55,3.77,3.3,20.32,0.35,12.3,99.02,,,,212.0,Poor
253504,DL005,2019-03-23 17:00:00,28.5,,1.62,5.95,4.47,20.75,0.4,11.53,99.97,,,,213.0,Poor
253505,DL005,2019-03-23 18:00:00,31.5,,1.55,10.35,6.77,22.4,0.23,13.43,89.15,,,,215.0,Poor
253506,DL005,2019-03-23 19:00:00,36.75,,1.3,24.45,14.05,26.85,0.1,13.35,62.62,,,,217.0,Poor
253507,DL005,2019-03-23 20:00:00,48.0,,1.38,38.4,21.55,29.25,0.23,18.68,41.12,,,,217.0,Poor
253508,DL005,2019-03-23 21:00:00,79.25,,1.88,37.22,21.32,31.23,0.38,20.1,35.4,,,,217.0,Poor
253509,DL005,2019-03-23 22:00:00,87.0,,1.65,31.48,18.08,30.35,0.62,19.82,35.52,,,,215.0,Poor
253510,DL005,2019-03-23 23:00:00,71.25,,1.62,17.67,10.75,26.5,0.97,20.25,51.97,,,,207.0,Poor
253511,DL005,2019-03-24 00:00:00,67.25,,1.27,11.53,7.17,24.3,1.0,17.6,63.95,,,,196.0,Moderate
253512,DL005,2019-03-24 01:00:00,63.0,,0.9,5.78,3.77,23.7,0.93,16.48,63.1,,,,181.0,Moderate
253513,DL005,2019-03-24 02:00:00,59.0,,1.3,6.45,4.47,23.73,0.62,13.97,46.65,,,,167.0,Moderate
253514,DL005,2019-03-24 03:00:00,38.75,,1.7,17.7,10.8,26.8,,12.0,39.85,,,,155.0,Moderate
253515,DL005,2019-03-24 04:00:00,42.25,,1.05,15.25,9.0,25.25,0.38,11.82,38.07,,,,148.0,Moderate
253516,DL005,2019-03-24 05:00:00,50.0,,1.3,18.15,10.72,24.57,0.5,15.82,28.43,,,,142.0,Moderate
253517,DL005,2019-03-24 06:00:00,67.75,,1.75,21.2,12.68,25.2,0.65,17.52,18.35,,,,133.0,Moderate
253518,DL005,2019-03-24 07:00:00,85.0,,3.0,23.05,14.7,23.65,1.3,26.42,13.85,,,,123.0,Moderate
253519,DL005,2019-03-24 08:00:00,127.0,,4.9,20.15,14.7,24.6,1.45,25.6,15.98,,,,122.0,Moderate
253520,DL005,2019-03-24 09:00:00,132.0,,7.12,19.22,16.05,26.6,1.62,29.15,23.55,,,,120.0,Moderate
253521,DL005,2019-03-24 10:00:00,141.0,,4.28,11.4,9.55,25.65,0.43,18.0,43.4,,,,116.0,Moderate
253522,DL005,2019-03-24 11:00:00,83.0,,2.35,10.7,7.62,29.25,0.1,16.4,63.32,,,,114.0,Moderate
253523,DL005,2019-03-24 12:00:00,74.0,,1.85,9.72,6.7,29.73,,15.35,81.22,,,,117.0,Moderate
253524,DL005,2019-03-24 13:00:00,55.0,,1.62,8.2,5.67,26.52,,12.65,83.5,,,,118.0,Moderate
253525,DL005,2019-03-24 14:00:00,30.0,,2.0,8.5,6.15,25.88,,11.78,82.3,,,,117.0,Moderate
253526,DL005,2019-03-24 15:00:00,33.0,,1.8,5.0,4.1,21.8,0.15,12.38,89.58,,,,117.0,Moderate
253527,DL005,2019-03-24 16:00:00,35.0,,1.27,3.43,2.88,21.18,0.2,12.8,88.72,,,,117.0,Moderate
253528,DL005,2019-03-24 17:00:00,27.0,,1.38,3.8,3.15,22.27,0.3,13.42,77.28,,,,117.0,Moderate
253529,DL005,2019-03-24 18:00:00,29.0,,1.32,7.3,4.95,23.95,0.35,13.93,63.95,,,,117.0,Moderate
253530,DL005,2019-03-24 19:00:00,42.0,,1.6,15.8,9.75,28.23,0.15,11.97,48.33,,108.42,,118.0,Moderate
253531,DL005,2019-03-24 20:00:00,45.0,,1.48,14.28,8.85,31.77,0.15,12.8,47.62,,,,117.0,Moderate
253532,DL005,2019-03-24 21:00:00,51.0,,1.38,13.35,8.23,31.68,0.2,12.05,40.73,,,,113.0,Moderate
253533,DL005,2019-03-24 22:00:00,47.0,,1.52,25.38,14.72,31.5,0.68,12.12,22.02,,,,108.0,Moderate
253534,DL005,2019-03-24 23:00:00,56.0,,5.32,30.4,20.38,28.0,1.18,14.65,10.47,,,,106.0,Moderate
253535,DL005,2019-03-25 00:00:00,89.0,,5.72,30.42,20.88,27.32,1.32,16.38,3.85,,,,109.0,Moderate
253536,DL005,2019-03-25 01:00:00,92.0,,2.55,21.32,13.45,28.0,1.4,19.82,7.72,,,,113.0,Moderate
253537,DL005,2019-03-25 02:00:00,112.0,,1.55,14.68,9.0,28.73,1.18,24.67,12.7,,,,120.0,Moderate
253538,DL005,2019-03-25 03:00:00,105.0,,2.0,22.6,13.7,37.7,,21.3,4.93,,,,129.0,Moderate
253539,DL005,2019-03-25 04:00:00,101.0,,2.8,23.9,15.0,36.62,0.7,21.75,4.6,,,,137.0,Moderate
253540,DL005,2019-03-25 05:00:00,127.0,,2.25,18.68,11.75,32.7,0.7,21.25,7.7,,,,148.0,Moderate
253541,DL005,2019-03-25 06:00:00,112.0,,2.27,14.42,9.55,31.98,0.72,19.75,8.83,,,,154.0,Moderate
253542,DL005,2019-03-25 07:00:00,106.0,,3.9,14.05,10.68,29.15,1.15,20.2,6.67,,,,157.0,Moderate
253543,DL005,2019-03-25 08:00:00,110.0,,4.62,13.35,10.9,28.0,1.55,21.12,8.05,,,,155.0,Moderate
253544,DL005,2019-03-25 09:00:00,123.0,,4.53,13.5,10.82,27.9,1.58,18.38,13.25,,,,153.0,Moderate
253545,DL005,2019-03-25 10:00:00,110.0,,4.15,10.88,9.18,28.8,0.75,20.85,21.77,,,,149.0,Moderate
253546,DL005,2019-03-25 11:00:00,102.0,,2.67,9.18,7.07,33.27,0.25,19.67,39.65,,,,152.0,Moderate
253547,DL005,2019-03-25 12:00:00,83.0,,1.95,8.1,5.9,34.23,,18.35,59.72,,,,153.0,Moderate
253548,DL005,2019-03-25 13:00:00,67.0,140.0,1.78,7.8,5.6,31.43,,17.07,72.6,,,,155.0,Moderate
253549,DL005,2019-03-25 14:00:00,55.0,,1.95,3.33,3.35,27.73,,14.0,73.95,,,,158.0,Moderate
253550,DL005,2019-03-25 15:00:00,,,1.73,1.38,2.17,23.52,,13.62,86.88,,,,165.0,Moderate
253551,DL005,2019-03-25 16:00:00,24.0,156.0,1.55,4.1,3.48,24.65,,12.28,83.4,,,,163.0,Moderate
253552,DL005,2019-03-25 17:00:00,42.0,169.0,1.6,5.12,4.05,24.38,0.53,10.55,77.0,,,,165.0,Moderate
253553,DL005,2019-03-25 18:00:00,40.0,229.5,1.2,7.47,4.97,26.22,0.93,11.2,75.8,,,,167.0,Moderate
253554,DL005,2019-03-25 19:00:00,52.0,200.0,1.25,16.6,9.85,27.73,1.0,12.6,61.43,,116.6,,168.0,Moderate
253555,DL005,2019-03-25 20:00:00,59.25,216.25,1.52,28.75,16.55,30.23,1.0,16.5,41.3,,142.33,,170.0,Moderate
253556,DL005,2019-03-25 21:00:00,83.5,269.0,2.42,36.8,21.65,30.35,0.93,18.92,26.92,,104.2,,175.0,Moderate
253557,DL005,2019-03-25 22:00:00,88.25,230.5,3.95,42.62,25.85,30.43,0.65,15.25,10.77,,,,181.0,Moderate
253558,DL005,2019-03-25 23:00:00,84.0,160.5,2.65,35.25,20.92,28.85,0.43,12.07,12.62,,,,185.0,Moderate
253559,DL005,2019-03-26 00:00:00,103.75,173.0,3.4,34.7,21.25,28.68,0.25,20.35,9.03,,,,187.0,Moderate
253560,DL005,2019-03-26 01:00:00,142.5,218.25,2.52,27.42,16.65,29.42,0.23,28.9,8.52,,,,195.0,Moderate
253561,DL005,2019-03-26 02:00:00,185.25,253.75,2.65,25.43,15.7,30.0,0.1,29.55,11.6,,,,205.0,Poor
253562,DL005,2019-03-26 03:00:00,178.25,253.25,2.5,24.5,15.1,40.0,,24.0,10.33,,,,216.0,Poor
253563,DL005,2019-03-26 04:00:00,199.25,272.25,2.12,20.07,12.45,39.88,0.72,22.85,11.52,,,,230.0,Poor
253564,DL005,2019-03-26 05:00:00,215.75,294.5,2.23,21.28,13.15,36.95,0.6,22.35,8.3,,,,243.0,Poor
253565,DL005,2019-03-26 06:00:00,184.25,271.5,2.98,23.35,14.88,34.6,0.55,19.27,6.8,,,,253.0,Poor
253566,DL005,2019-03-26 07:00:00,167.75,257.25,6.83,27.45,20.18,33.08,0.5,21.0,4.32,,,,262.0,Poor
253567,DL005,2019-03-26 08:00:00,180.0,272.75,8.85,23.55,19.73,29.95,0.5,25.48,9.82,,,,272.0,Poor
253568,DL005,2019-03-26 09:00:00,179.0,263.25,4.25,13.03,10.4,29.2,0.38,27.05,29.97,,,,281.0,Poor
253569,DL005,2019-03-26 10:00:00,149.5,220.5,2.83,11.38,8.35,28.07,0.67,20.1,56.95,,,,286.0,Poor
253570,DL005,2019-03-26 11:00:00,89.25,168.5,1.55,9.57,6.38,28.7,0.55,14.5,84.42,,,,284.0,Poor
253571,DL005,2019-03-26 12:00:00,61.25,165.75,1.73,12.48,8.03,30.35,0.53,12.03,102.92,,,,281.0,Poor
253572,DL005,2019-03-26 13:00:00,45.0,177.75,1.58,12.5,7.97,26.98,0.45,9.73,113.78,,,,278.0,Poor
253573,DL005,2019-03-26 14:00:00,38.25,155.75,1.4,11.5,7.25,24.32,0.5,9.48,112.93,,,,276.0,Poor
253574,DL005,2019-03-26 15:00:00,35.25,112.75,1.55,10.45,6.82,21.6,0.65,11.18,119.17,,,,265.0,Poor
253575,DL005,2019-03-26 16:00:00,31.5,120.0,1.3,7.15,4.88,20.33,0.2,11.97,116.57,,,,266.0,Poor
253576,DL005,2019-03-26 17:00:00,26.5,114.5,1.27,7.92,5.27,20.05,0.32,12.53,113.68,,,,264.0,Poor
253577,DL005,2019-03-26 18:00:00,29.25,115.0,1.45,14.05,8.65,21.07,0.48,14.95,103.22,,,,262.0,Poor
253578,DL005,2019-03-26 19:00:00,43.25,150.0,1.08,35.18,19.62,23.18,0.68,12.78,58.57,,,,261.0,Poor
253579,DL005,2019-03-26 20:00:00,53.25,190.5,1.7,60.73,33.65,26.8,0.93,12.35,23.97,,,,260.0,Poor
253580,DL005,2019-03-26 21:00:00,91.75,230.75,5.65,66.17,39.55,30.12,1.17,22.77,12.95,,,,261.0,Poor
253581,DL005,2019-03-26 22:00:00,151.0,300.0,40.3,64.78,67.2,31.23,1.7,18.05,2.8,,,,270.0,Poor
253582,DL005,2019-03-26 23:00:00,149.5,341.0,47.05,63.42,72.47,31.25,1.45,19.05,1.62,,,,279.0,Poor
253583,DL005,2019-03-27 00:00:00,148.75,309.0,7.65,48.3,31.9,30.75,1.02,23.55,9.35,,,,285.0,Poor
253584,DL005,2019-03-27 01:00:00,149.25,252.0,1.93,23.42,13.97,25.7,0.8,23.33,50.3,,,,286.0,Poor
253585,DL005,2019-03-27 02:00:00,117.25,178.5,1.1,19.38,11.2,24.92,0.78,23.23,43.85,,,,277.0,Poor
253586,DL005,2019-03-27 03:00:00,120.75,176.5,1.0,22.7,12.9,29.9,,21.8,46.0,,,,269.0,Poor
253587,DL005,2019-03-27 04:00:00,130.0,188.0,1.42,29.12,16.65,28.68,0.5,20.65,34.9,,,,259.0,Poor
253588,DL005,2019-03-27 05:00:00,140.25,208.5,1.65,36.07,20.6,27.12,0.55,23.77,27.92,,,,249.0,Poor
253589,DL005,2019-03-27 06:00:00,171.75,246.0,2.35,39.15,22.78,28.53,0.62,29.38,20.0,,,,247.0,Poor
253590,DL005,2019-03-27 07:00:00,228.0,320.75,17.82,51.62,42.0,33.17,0.95,37.83,3.62,,,,255.0,Poor
253591,DL005,2019-03-27 08:00:00,317.75,453.75,23.2,44.98,42.85,33.68,1.12,45.33,7.58,,,,275.0,Poor
253592,DL005,2019-03-27 09:00:00,314.75,471.25,12.23,32.75,27.43,30.3,0.93,37.47,32.1,,,,293.0,Poor
253593,DL005,2019-03-27 10:00:00,200.5,335.25,4.03,20.45,14.12,26.52,0.75,27.18,72.7,,,,300.0,Poor
253594,DL005,2019-03-27 11:00:00,108.75,205.75,2.05,13.75,9.0,26.12,0.53,18.57,100.4,,,,301.0,Very Poor
253595,DL005,2019-03-27 12:00:00,67.0,149.0,1.43,12.12,7.62,27.05,0.35,12.28,119.68,,,,301.0,Very Poor
253596,DL005,2019-03-27 13:00:00,50.25,128.25,1.62,12.03,7.72,25.38,0.28,10.93,132.77,,,,301.0,Very Poor
253597,DL005,2019-03-27 14:00:00,44.25,130.25,1.62,12.22,7.83,22.95,0.25,8.8,135.47,,,,301.0,Very Poor
253598,DL005,2019-03-27 15:00:00,40.25,113.25,1.48,12.62,7.95,20.62,0.2,9.3,127.7,,,,301.0,Very Poor
253599,DL005,2019-03-27 16:00:00,33.5,132.0,1.1,7.83,5.05,17.77,0.3,11.28,124.95,,,,302.0,Very Poor
253600,DL005,2019-03-27 17:00:00,30.5,124.25,1.17,10.45,6.55,19.35,0.38,11.73,112.12,,,,302.0,Very Poor
253601,DL005,2019-03-27 18:00:00,37.5,110.25,1.6,18.83,11.35,20.0,0.65,12.03,86.55,,,,302.0,Very Poor
253602,DL005,2019-03-27 19:00:00,51.25,160.5,2.02,58.0,32.5,22.02,1.12,13.07,31.25,,,,302.0,Very Poor
253603,DL005,2019-03-27 20:00:00,82.75,264.25,29.9,90.62,72.4,27.35,1.95,13.78,1.77,,,,303.0,Very Poor
253604,DL005,2019-03-27 21:00:00,126.5,378.5,48.08,79.45,81.2,32.05,2.03,18.18,4.18,,,,304.0,Very Poor
253605,DL005,2019-03-27 22:00:00,158.25,410.75,65.7,81.28,96.85,31.1,2.23,21.45,1.4,,,,304.0,Very Poor
253606,DL005,2019-03-27 23:00:00,207.5,500.0,31.0,62.18,58.25,36.0,2.33,20.35,11.85,,,,306.0,Very Poor
253607,DL005,2019-03-28 00:00:00,213.25,552.25,6.43,36.85,25.0,26.48,1.47,31.62,34.25,,,,308.0,Very Poor
253608,DL005,2019-03-28 01:00:00,198.0,326.5,21.88,52.45,45.67,28.3,1.72,19.3,2.25,,,,310.0,Very Poor
253609,DL005,2019-03-28 02:00:00,185.0,301.5,26.15,48.85,47.3,26.12,2.95,20.1,3.8,,,,312.0,Very Poor
253610,DL005,2019-03-28 03:00:00,172.25,283.25,14.3,57.4,42.2,38.7,,26.6,1.95,,,,314.0,Very Poor
253611,DL005,2019-03-28 04:00:00,222.75,330.0,13.6,56.72,41.25,35.48,1.48,24.8,1.62,,,,317.0,Very Poor
253612,DL005,2019-03-28 05:00:00,236.5,353.5,36.58,59.47,61.4,34.15,2.22,24.68,1.52,,,,320.0,Very Poor
253613,DL005,2019-03-28 06:00:00,305.5,461.75,58.8,55.1,77.25,38.0,2.9,29.13,2.1,,,,324.0,Very Poor
253614,DL005,2019-03-28 07:00:00,375.75,551.75,74.95,49.25,87.27,42.9,3.95,51.77,2.5,,,,329.0,Very Poor
253615,DL005,2019-03-28 08:00:00,454.25,664.0,57.8,60.98,79.48,42.97,4.62,74.65,4.95,,,,333.0,Very Poor
253616,DL005,2019-03-28 09:00:00,460.75,668.75,17.25,56.47,44.08,37.1,4.78,59.2,22.55,,,,338.0,Very Poor
253617,DL005,2019-03-28 10:00:00,289.75,438.75,,,,30.72,1.38,32.17,74.83,,,,341.0,Very Poor
253618,DL005,2019-03-28 11:00:00,141.25,234.5,1.7,12.8,8.2,29.5,4.1,21.42,124.43,,,,342.0,Very Poor
253619,DL005,2019-03-28 12:00:00,94.25,195.5,1.52,11.2,7.2,30.95,4.35,17.35,152.43,,,,343.0,Very Poor
253620,DL005,2019-03-28 13:00:00,89.75,176.75,1.38,10.57,6.78,31.25,4.65,20.38,155.35,,,,344.0,Very Poor
253621,DL005,2019-03-28 14:00:00,68.0,148.25,1.28,8.82,5.72,29.05,5.0,18.43,151.77,,,,345.0,Very Poor
253622,DL005,2019-03-28 15:00:00,51.75,112.0,1.25,7.78,5.15,27.93,5.95,13.7,159.23,,,,345.0,Very Poor
253623,DL005,2019-03-28 16:00:00,56.0,124.75,1.4,5.25,3.95,24.15,,16.5,155.33,,,,346.0,Very Poor
253624,DL005,2019-03-28 17:00:00,51.0,148.75,1.25,5.32,3.85,22.77,0.2,16.25,139.62,,,,346.0,Very Poor
253625,DL005,2019-03-28 18:00:00,45.75,158.25,1.3,10.9,6.88,22.75,0.33,14.32,107.85,,,,347.0,Very Poor
253626,DL005,2019-03-28 19:00:00,51.25,195.75,1.98,59.03,33.08,22.98,0.62,13.95,38.77,,,,347.0,Very Poor
253627,DL005,2019-03-28 20:00:00,77.0,370.25,12.88,94.15,60.55,30.62,1.6,14.45,5.5,,217.5,,347.0,Very Poor
253628,DL005,2019-03-28 21:00:00,135.25,509.0,3.65,71.07,40.77,34.32,1.62,19.68,13.78,,200.3,,347.0,Very Poor
253629,DL005,2019-03-28 22:00:00,180.25,572.5,71.18,77.38,99.15,35.88,1.98,23.92,3.88,,165.8,,348.0,Very Poor
253630,DL005,2019-03-28 23:00:00,206.25,716.0,133.4,71.97,147.12,33.58,2.1,17.35,1.65,,168.05,,347.0,Very Poor
253631,DL005,2019-03-29 00:00:00,150.5,513.5,70.6,63.27,90.88,31.48,1.45,16.32,1.55,,,,345.0,Very Poor
253632,DL005,2019-03-29 01:00:00,142.5,320.0,15.42,62.95,46.1,32.33,1.27,21.3,3.5,,,,344.0,Very Poor
253633,DL005,2019-03-29 02:00:00,167.75,297.0,6.08,47.67,28.12,30.9,1.42,25.12,7.75,,,,343.0,Very Poor
253634,DL005,2019-03-29 03:00:00,164.5,305.0,7.8,49.9,33.0,37.9,,15.2,3.38,,,,343.0,Very Poor
253635,DL005,2019-03-29 04:00:00,159.25,293.25,31.55,45.98,50.5,37.55,1.52,13.65,2.88,,,,341.0,Very Poor
253636,DL005,2019-03-29 05:00:00,162.5,289.5,34.35,40.73,49.62,36.48,1.15,13.62,3.25,,,,338.0,Very Poor
253637,DL005,2019-03-29 06:00:00,157.0,287.75,48.85,37.52,59.83,40.25,1.23,13.48,2.0,,,,334.0,Very Poor
253638,DL005,2019-03-29 07:00:00,176.5,326.5,62.23,42.55,73.38,43.12,1.67,16.45,2.42,,,,327.0,Very Poor
253639,DL005,2019-03-29 08:00:00,199.25,351.5,66.6,55.23,83.62,41.0,2.18,19.62,4.68,,,,319.0,Very Poor
253640,DL005,2019-03-29 09:00:00,213.0,370.25,10.32,50.35,35.3,39.47,1.7,25.1,26.57,,,,311.0,Very Poor
253641,DL005,2019-03-29 10:00:00,153.75,268.5,4.97,30.0,20.02,43.55,0.75,20.75,80.32,,,,307.0,Very Poor
253642,DL005,2019-03-29 11:00:00,101.25,203.25,2.4,18.85,11.98,43.47,0.7,19.2,121.42,,,,306.0,Very Poor
253643,DL005,2019-03-29 12:00:00,96.25,240.25,1.47,16.12,9.8,46.0,0.52,17.62,158.93,,,,306.0,Very Poor
253644,DL005,2019-03-29 13:00:00,81.5,190.5,1.48,7.83,5.38,47.4,0.6,13.12,136.77,,,,305.0,Very Poor
253645,DL005,2019-03-29 14:00:00,63.25,172.75,1.33,6.83,4.72,47.2,0.7,12.85,133.62,,,,305.0,Very Poor
253646,DL005,2019-03-29 15:00:00,64.75,173.75,1.4,6.45,4.58,48.97,0.65,11.02,108.55,,,,306.0,Very Poor
253647,DL005,2019-03-29 16:00:00,51.25,184.25,1.57,4.15,3.48,38.58,0.2,12.38,102.4,,,,305.0,Very Poor
253648,DL005,2019-03-29 17:00:00,36.0,175.75,1.48,4.45,3.58,36.1,0.78,10.6,94.0,,,,305.0,Very Poor
253649,DL005,2019-03-29 18:00:00,53.5,192.0,1.0,18.5,10.7,42.5,1.0,16.7,97.88,,,,305.0,Very Poor
253650,DL005,2019-03-29 19:00:00,68.75,237.5,1.18,22.18,12.75,40.33,1.05,17.6,66.2,,104.6,,306.0,Very Poor
253651,DL005,2019-03-29 20:00:00,101.0,322.75,1.1,37.88,21.07,45.95,1.38,16.73,38.9,,170.82,,307.0,Very Poor
253652,DL005,2019-03-29 21:00:00,132.25,390.5,1.62,47.48,26.58,54.17,1.58,22.3,24.05,,165.2,,306.0,Very Poor
253653,DL005,2019-03-29 22:00:00,135.25,380.75,1.43,39.58,22.2,50.55,1.38,19.75,29.35,,168.32,,305.0,Very Poor
253654,DL005,2019-03-29 23:00:00,113.5,301.25,1.58,36.17,20.57,50.12,1.5,22.73,34.83,,115.0,,302.0,Very Poor
253655,DL005,2019-03-30 00:00:00,135.5,299.5,1.43,40.45,22.67,41.4,1.5,24.62,19.0,,,,302.0,Very Poor
253656,DL005,2019-03-30 01:00:00,138.5,314.5,5.95,56.98,35.22,39.52,1.75,19.2,49.87,,,,301.0,Very Poor
253657,DL005,2019-03-30 02:00:00,152.0,355.0,15.55,63.0,46.15,41.8,1.73,21.38,,,,,301.0,Very Poor
253658,DL005,2019-03-30 03:00:00,134.0,290.0,27.1,50.7,49.1,52.3,,15.7,3.1,,,,300.0,Poor
253659,DL005,2019-03-30 04:00:00,134.0,290.0,38.55,53.62,59.95,49.5,1.6,16.25,19.12,,,,296.0,Poor
253660,DL005,2019-03-30 05:00:00,128.0,277.0,37.35,54.68,59.53,50.3,1.6,17.15,31.7,,,,292.0,Poor
253661,DL005,2019-03-30 06:00:00,146.0,289.0,65.62,46.72,78.28,51.55,1.65,13.88,27.17,,,,290.0,Poor
253662,DL005,2019-03-30 07:00:00,163.0,361.0,60.6,49.38,75.62,56.83,1.8,14.52,17.18,,,,288.0,Poor
253663,DL005,2019-03-30 08:00:00,202.0,346.0,41.98,59.45,65.88,56.73,2.23,31.48,10.55,,,,289.0,Poor
253664,DL005,2019-03-30 09:00:00,304.0,467.0,12.55,75.55,50.38,60.95,2.15,38.25,26.18,,,,300.0,Poor
253665,DL005,2019-03-30 10:00:00,283.0,397.75,6.07,50.85,31.97,61.2,1.45,27.77,71.5,,,,304.0,Very Poor
253666,DL005,2019-03-30 11:00:00,133.0,250.0,3.45,29.9,18.68,54.08,1.02,25.2,104.05,,,,305.0,Very Poor
253667,DL005,2019-03-30 12:00:00,79.0,167.0,2.0,22.5,13.6,55.1,0.95,21.43,159.18,,,,305.0,Very Poor
253668,DL005,2019-03-30 13:00:00,83.0,183.0,1.55,17.25,10.43,56.73,0.78,18.38,181.98,,,,305.0,Very Poor
253669,DL005,2019-03-30 14:00:00,69.0,180.0,1.15,15.07,8.97,56.78,0.7,14.85,193.0,,,,305.0,Very Poor
253670,DL005,2019-03-30 15:00:00,62.0,196.5,1.43,14.73,8.97,56.5,0.65,13.12,176.88,,,,305.0,Very Poor
253671,DL005,2019-03-30 16:00:00,66.0,189.0,1.27,11.38,7.08,41.4,0.53,13.35,146.43,,,,306.0,Very Poor
253672,DL005,2019-03-30 17:00:00,52.0,204.5,1.05,10.55,6.5,37.02,0.7,17.57,113.88,,,,306.0,Very Poor
253673,DL005,2019-03-30 18:00:00,62.0,269.0,1.23,16.33,9.68,38.05,0.72,16.6,86.92,,,,306.0,Very Poor
253674,DL005,2019-03-30 19:00:00,66.0,307.5,1.12,21.15,12.15,45.85,0.88,18.35,63.8,,,,306.0,Very Poor
253675,DL005,2019-03-30 20:00:00,86.0,341.5,1.27,29.62,16.8,52.27,0.98,22.3,64.65,,,,306.0,Very Poor
253676,DL005,2019-03-30 21:00:00,81.0,319.0,1.25,31.3,17.67,52.83,1.0,19.15,59.62,,,,304.0,Very Poor
253677,DL005,2019-03-30 22:00:00,81.0,283.25,1.3,30.7,17.38,49.83,1.02,16.85,45.45,,,,302.0,Very Poor
253678,DL005,2019-03-30 23:00:00,94.0,276.0,1.4,26.77,15.38,48.23,1.0,18.85,50.75,,,,302.0,Very Poor
253679,DL005,2019-03-31 00:00:00,101.0,245.5,1.48,29.12,16.7,44.58,1.08,21.68,30.07,,,,301.0,Very Poor
253680,DL005,2019-03-31 01:00:00,101.0,238.75,1.35,29.05,16.55,41.62,1.02,24.27,23.67,,,,298.0,Poor
253681,DL005,2019-03-31 02:00:00,162.0,250.5,1.43,24.48,14.2,39.7,0.95,20.3,38.2,,,,299.0,Poor
253682,DL005,2019-03-31 03:00:00,88.0,171.0,1.0,20.1,11.5,48.8,,21.4,35.35,,,,292.0,Poor
253683,DL005,2019-03-31 04:00:00,122.0,207.0,0.68,19.55,10.95,47.65,1.05,21.18,32.08,,,,291.0,Poor
253684,DL005,2019-03-31 05:00:00,100.0,173.75,1.05,18.75,10.85,47.2,0.97,18.58,37.12,,,,287.0,Poor
253685,DL005,2019-03-31 06:00:00,80.0,150.75,1.1,12.77,7.72,45.55,0.8,15.28,47.83,,,,278.0,Poor
253686,DL005,2019-03-31 07:00:00,67.0,142.25,1.42,22.23,12.97,41.78,0.85,14.45,32.3,,,,264.0,Poor
253687,DL005,2019-03-31 08:00:00,67.0,174.75,3.12,25.17,15.93,38.48,0.97,23.02,27.85,,,,246.0,Poor
253688,DL005,2019-03-31 09:00:00,125.0,234.0,3.55,21.05,14.07,36.3,1.0,30.15,47.25,,,,221.0,Poor
253689,DL005,2019-03-31 10:00:00,128.0,237.5,2.33,16.8,10.68,34.75,0.8,22.23,83.1,,,,199.0,Moderate
253690,DL005,2019-03-31 11:00:00,74.0,235.25,1.77,11.73,7.68,32.48,0.62,18.73,108.68,,,,191.0,Moderate
253691,DL005,2019-03-31 12:00:00,47.0,305.0,1.48,10.32,6.73,28.0,0.55,15.95,120.88,,,,187.0,Moderate
253692,DL005,2019-03-31 13:00:00,40.0,404.0,1.43,10.78,6.88,26.33,0.45,11.57,120.03,,,,193.0,Moderate
253693,DL005,2019-03-31 14:00:00,29.0,200.0,1.15,12.12,7.38,24.93,0.4,14.33,132.5,,,,193.0,Moderate
253694,DL005,2019-03-31 15:00:00,25.0,184.0,1.57,12.3,7.85,25.08,0.4,9.95,131.28,,,,193.0,Moderate
253695,DL005,2019-03-31 16:00:00,25.0,251.0,1.5,12.57,7.93,23.6,0.5,10.55,128.55,,,,195.0,Moderate
253696,DL005,2019-03-31 17:00:00,28.0,213.25,1.75,10.62,7.1,21.33,0.53,11.05,122.42,,,,195.0,Moderate
253697,DL005,2019-03-31 18:00:00,22.0,196.0,1.43,14.15,8.95,23.18,0.62,13.95,111.65,,,,193.0,Moderate
253698,DL005,2019-03-31 19:00:00,35.0,163.0,1.28,26.0,14.88,25.7,0.8,15.3,74.75,,,,189.0,Moderate
253699,DL005,2019-03-31 20:00:00,38.0,210.0,1.2,38.67,21.58,29.1,0.97,19.2,47.12,,,,185.0,Moderate
253700,DL005,2019-03-31 21:00:00,73.0,211.0,1.35,41.05,22.92,36.4,1.08,21.92,39.0,,,,182.0,Moderate
253701,DL005,2019-03-31 22:00:00,102.0,238.0,1.5,41.62,23.35,35.27,1.02,18.1,37.33,,,,181.0,Moderate
253702,DL005,2019-03-31 23:00:00,83.0,199.0,1.9,35.62,20.5,36.08,1.0,23.38,38.58,,,,179.0,Moderate
253703,DL005,2019-04-01 00:00:00,123.0,245.0,1.4,19.5,11.5,30.45,0.8,21.27,69.7,,,,179.0,Moderate
253704,DL005,2019-04-01 01:00:00,79.0,172.0,1.43,17.55,10.47,27.85,0.83,23.55,57.43,,,,177.0,Moderate
253705,DL005,2019-04-01 02:00:00,103.0,188.0,0.93,20.45,11.6,28.05,0.85,24.7,41.25,,,,175.0,Moderate
253706,DL005,2019-04-01 03:00:00,114.0,201.0,2.0,23.9,14.3,31.1,,22.0,41.6,,,,176.0,Moderate
253707,DL005,2019-04-01 04:00:00,100.0,186.0,0.9,21.48,12.15,32.0,0.9,30.68,40.73,,,,175.0,Moderate
253708,DL005,2019-04-01 05:00:00,123.0,213.0,1.23,23.65,13.57,32.62,0.93,35.25,35.92,,,,176.0,Moderate
253709,DL005,2019-04-01 06:00:00,107.0,194.0,1.5,30.4,17.4,34.35,0.9,25.12,25.98,,,,178.0,Moderate
253710,DL005,2019-04-01 07:00:00,161.0,266.0,2.62,36.17,21.38,35.23,1.05,30.6,19.05,,,,181.0,Moderate
253711,DL005,2019-04-01 08:00:00,179.0,306.0,5.05,30.7,20.48,33.83,1.1,33.33,28.43,,,,185.0,Moderate
253712,DL005,2019-04-01 09:00:00,186.0,322.0,3.85,22.73,15.2,29.38,1.02,25.5,60.35,,,,187.0,Moderate
253713,DL005,2019-04-01 10:00:00,124.0,262.0,2.23,16.35,10.5,26.0,0.82,22.35,99.85,,,,188.0,Moderate
253714,DL005,2019-04-01 11:00:00,77.0,184.0,1.65,13.05,8.25,23.53,0.65,17.48,121.53,,,,186.0,Moderate
253715,DL005,2019-04-01 12:00:00,46.0,243.0,1.35,10.48,6.7,21.88,0.5,13.8,127.62,,,,185.0,Moderate
253716,DL005,2019-04-01 13:00:00,25.0,169.0,1.35,12.0,7.47,21.23,0.5,10.47,131.95,,,,179.0,Moderate
253717,DL005,2019-04-01 14:00:00,28.0,152.0,1.48,13.75,8.52,21.0,0.5,10.33,139.45,,,,179.0,Moderate
253718,DL005,2019-04-01 15:00:00,24.0,186.0,1.48,14.48,8.9,21.3,0.5,10.45,146.48,,,,178.0,Moderate
253719,DL005,2019-04-01 16:00:00,33.0,199.0,1.6,14.25,8.9,21.0,0.6,7.6,146.7,,,,180.0,Moderate
253720,DL005,2019-04-01 17:00:00,25.0,171.0,1.5,12.08,7.65,18.15,0.6,10.12,139.85,,,,179.0,Moderate
253721,DL005,2019-04-01 18:00:00,29.0,155.0,1.52,15.8,9.65,19.15,0.67,11.38,122.38,,,,180.0,Moderate
253722,DL005,2019-04-01 19:00:00,27.0,140.0,1.3,32.52,18.35,19.83,0.82,13.65,88.85,,,,179.0,Moderate
253723,DL005,2019-04-01 20:00:00,38.0,202.0,1.12,35.33,19.65,23.68,1.0,18.4,88.18,,214.35,,179.0,Moderate
253724,DL005,2019-04-01 21:00:00,77.0,249.0,1.7,68.67,37.02,28.88,1.27,29.82,33.62,,181.75,,180.0,Moderate
253725,DL005,2019-04-01 22:00:00,121.0,282.0,2.95,77.18,43.53,29.83,1.3,21.45,23.75,,,,182.0,Moderate
253726,DL005,2019-04-01 23:00:00,112.0,285.0,1.57,31.42,18.08,29.5,0.98,24.3,92.05,,,,186.0,Moderate
253727,DL005,2019-04-02 00:00:00,105.0,210.0,1.25,31.53,17.78,28.23,0.95,27.05,81.72,,,,184.0,Moderate
253728,DL005,2019-04-02 01:00:00,121.0,235.0,0.82,25.55,14.3,25.73,0.95,33.0,79.9,,,,190.0,Moderate
253729,DL005,2019-04-02 02:00:00,129.0,227.0,1.02,26.57,14.95,27.3,1.02,45.17,55.2,,,,193.0,Moderate
253730,DL005,2019-04-02 03:00:00,186.0,271.0,1.7,40.7,23.0,32.1,,33.8,44.3,,,,203.0,Poor
253731,DL005,2019-04-02 04:00:00,173.0,268.0,4.6,57.88,34.55,32.4,0.97,31.65,13.67,,,,213.0,Poor
253732,DL005,2019-04-02 05:00:00,224.0,344.0,38.4,61.77,64.12,35.7,1.23,34.03,1.52,,,,227.0,Poor
253733,DL005,2019-04-02 06:00:00,260.0,437.0,39.1,59.77,63.78,40.18,1.48,42.48,3.1,,,,249.0,Poor
253734,DL005,2019-04-02 07:00:00,327.0,552.0,24.57,58.22,51.02,41.78,1.75,64.42,7.2,,,,272.0,Poor
253735,DL005,2019-04-02 08:00:00,373.0,702.0,39.15,64.65,66.28,46.62,2.2,67.58,14.4,,,,299.0,Poor
253736,DL005,2019-04-02 09:00:00,440.0,708.0,6.28,41.9,27.35,38.45,1.6,78.3,69.97,,,,308.0,Very Poor
253737,DL005,2019-04-02 10:00:00,260.0,402.5,4.72,39.08,24.62,32.88,1.45,48.65,124.15,,,,312.0,Very Poor
253738,DL005,2019-04-02 11:00:00,193.0,296.75,2.03,20.3,12.45,25.8,0.85,24.1,167.03,,,,316.0,Very Poor
253739,DL005,2019-04-02 12:00:00,88.0,179.5,0.98,13.2,7.78,23.62,0.78,20.1,180.78,,,,317.0,Very Poor
253740,DL005,2019-04-02 13:00:00,68.0,145.0,1.0,14.85,8.72,22.4,0.72,20.85,198.7,,,,319.0,Very Poor
253741,DL005,2019-04-02 14:00:00,68.0,142.75,1.12,17.18,10.05,20.68,0.65,17.02,186.6,,,,320.0,Very Poor
253742,DL005,2019-04-02 15:00:00,53.0,132.0,1.0,17.2,9.85,18.38,0.6,13.57,173.5,,,,321.0,Very Poor
253743,DL005,2019-04-02 16:00:00,40.0,104.5,1.25,17.02,10.05,17.68,0.57,10.22,159.97,,,,321.0,Very Poor
253744,DL005,2019-04-02 17:00:00,28.0,108.0,1.3,13.55,8.27,14.72,0.62,12.5,167.35,,,,321.0,Very Poor
253745,DL005,2019-04-02 18:00:00,38.0,172.25,1.15,16.07,9.5,15.62,0.7,15.4,155.95,,,,321.0,Very Poor
253746,DL005,2019-04-02 19:00:00,39.0,158.0,1.25,26.1,14.88,17.2,0.88,17.45,118.15,,125.05,,322.0,Very Poor
253747,DL005,2019-04-02 20:00:00,56.0,283.0,1.62,56.27,31.2,21.1,1.27,19.02,59.43,,190.45,,322.0,Very Poor
253748,DL005,2019-04-02 21:00:00,85.0,277.0,9.03,103.9,62.65,24.02,1.8,23.1,7.42,,174.25,,323.0,Very Poor
253749,DL005,2019-04-02 22:00:00,121.0,351.5,13.35,87.78,57.55,29.02,1.57,30.57,6.07,,,,323.0,Very Poor
253750,DL005,2019-04-02 23:00:00,193.0,392.0,6.1,77.33,46.08,30.8,1.6,39.92,12.82,,,,325.0,Very Poor
253751,DL005,2019-04-03 00:00:00,240.0,380.25,3.35,49.75,29.2,27.48,1.18,28.38,46.88,,,,330.0,Very Poor
253752,DL005,2019-04-03 01:00:00,140.0,261.0,1.27,22.2,12.8,22.85,0.98,25.88,83.62,,106.0,,330.0,Very Poor
253753,DL005,2019-04-03 02:00:00,117.0,230.0,0.77,18.4,10.43,20.6,0.88,19.55,73.2,,,,330.0,Very Poor
253754,DL005,2019-04-03 03:00:00,78.0,175.25,1.1,41.9,23.1,28.2,,39.1,45.73,,,,326.0,Very Poor
253755,DL005,2019-04-03 04:00:00,173.0,276.5,8.67,61.25,39.62,28.2,1.2,33.23,7.1,,,,326.0,Very Poor
253756,DL005,2019-04-03 05:00:00,215.0,326.0,16.53,63.92,47.48,33.17,1.45,52.0,2.2,,,,326.0,Very Poor
253757,DL005,2019-04-03 06:00:00,294.0,443.0,12.88,61.05,42.97,35.98,1.6,57.2,3.4,,,,327.0,Very Poor
253758,DL005,2019-04-03 07:00:00,320.0,472.0,8.32,55.7,36.9,36.02,1.6,56.42,8.75,,,,327.0,Very Poor
253759,DL005,2019-04-03 08:00:00,287.0,448.0,10.6,56.22,38.5,36.6,1.58,58.95,21.88,,,,324.0,Very Poor
253760,DL005,2019-04-03 09:00:00,279.0,472.0,7.1,43.38,28.9,32.55,1.45,50.12,57.23,,,,319.0,Very Poor
253761,DL005,2019-04-03 10:00:00,197.0,366.0,2.7,21.62,13.7,25.6,0.93,26.52,115.15,,,,317.0,Very Poor
253762,DL005,2019-04-03 11:00:00,108.0,205.0,1.5,15.93,9.72,23.5,0.75,16.45,132.7,,,,314.0,Very Poor
253763,DL005,2019-04-03 12:00:00,69.0,799.0,1.25,12.3,7.55,22.92,0.65,16.4,155.45,,,,314.0,Very Poor
253764,DL005,2019-04-03 13:00:00,50.0,146.0,1.23,12.38,7.6,22.67,0.57,12.7,167.75,,,,313.0,Very Poor
253765,DL005,2019-04-03 14:00:00,44.0,118.0,1.25,13.12,8.0,20.8,0.5,9.75,157.7,,,,312.0,Very Poor
253766,DL005,2019-04-03 15:00:00,29.0,105.0,2.0,14.68,9.5,18.18,0.4,8.35,148.35,,,,312.0,Very Poor
253767,DL005,2019-04-03 16:00:00,23.0,92.0,1.15,15.53,9.2,18.23,0.6,8.73,154.05,,,,311.0,Very Poor
253768,DL005,2019-04-03 17:00:00,31.0,127.0,1.25,11.82,7.33,17.17,0.67,11.27,161.78,,,,311.0,Very Poor
253769,DL005,2019-04-03 18:00:00,31.0,106.0,1.3,24.88,14.35,17.45,0.8,12.55,133.47,,,,311.0,Very Poor
253770,DL005,2019-04-03 19:00:00,36.0,160.0,1.27,48.9,27.0,19.62,1.15,13.78,81.0,,,,311.0,Very Poor
253771,DL005,2019-04-03 20:00:00,53.0,243.0,38.4,114.25,92.28,22.55,2.27,16.98,8.35,,148.3,,311.0,Very Poor
253772,DL005,2019-04-03 21:00:00,136.0,600.0,44.2,126.7,103.53,34.12,2.9,21.3,1.2,,295.0,,312.0,Very Poor
253773,DL005,2019-04-03 22:00:00,190.0,744.0,9.48,96.7,59.2,37.2,2.65,20.9,14.82,,270.2,,315.0,Very Poor
253774,DL005,2019-04-03 23:00:00,207.0,758.0,2.48,67.67,37.93,31.55,1.75,20.5,28.55,,195.35,,315.0,Very Poor
253775,DL005,2019-04-04 00:00:00,156.0,492.0,30.95,88.03,72.05,30.75,2.18,20.02,4.52,,140.45,,312.0,Very Poor
253776,DL005,2019-04-04 01:00:00,179.0,553.0,56.05,93.72,95.6,32.0,2.38,21.58,4.68,,115.75,,314.0,Very Poor
253777,DL005,2019-04-04 02:00:00,185.25,524.0,61.58,79.35,92.28,32.3,2.08,21.55,,,109.15,,318.0,Very Poor
253778,DL005,2019-04-04 03:00:00,160.75,475.25,42.0,61.5,67.0,34.7,,20.3,,,100.85,,334.0,Very Poor
253779,DL005,2019-04-04 04:00:00,142.25,305.0,21.98,74.97,57.8,32.83,1.67,23.82,33.08,,,,335.0,Very Poor
253780,DL005,2019-04-04 05:00:00,158.25,298.0,7.77,66.7,41.48,33.27,1.5,32.95,20.62,,,,334.0,Very Poor
253781,DL005,2019-04-04 06:00:00,185.25,336.75,6.6,62.38,38.58,37.6,1.58,34.7,26.18,,,,328.0,Very Poor
253782,DL005,2019-04-04 07:00:00,212.25,378.25,103.6,55.38,114.35,39.15,2.27,27.93,14.55,,,,324.0,Very Poor
253783,DL005,2019-04-04 08:00:00,230.5,479.5,50.4,84.03,85.85,48.25,2.55,30.47,21.38,,,,325.0,Very Poor
253784,DL005,2019-04-04 09:00:00,259.75,527.5,11.02,78.35,50.48,46.35,2.02,51.2,57.45,,,,328.0,Very Poor
253785,DL005,2019-04-04 10:00:00,234.5,409.25,8.03,96.42,57.73,45.7,1.9,45.62,105.18,,,,330.0,Very Poor
253786,DL005,2019-04-04 11:00:00,182.5,363.5,5.67,74.35,44.2,45.85,1.5,32.42,149.75,,,,339.0,Very Poor
253787,DL005,2019-04-04 12:00:00,104.75,261.75,2.3,44.3,25.45,43.55,1.23,27.5,,,,,311.0,Very Poor
253788,DL005,2019-04-04 13:00:00,80.5,208.25,1.43,28.65,16.35,44.03,1.1,23.02,,,,,314.0,Very Poor
253789,DL005,2019-04-04 14:00:00,74.5,194.5,1.15,21.5,12.35,47.0,0.95,18.4,,,,,318.0,Very Poor
253790,DL005,2019-04-04 15:00:00,71.25,179.25,1.18,15.4,8.97,43.98,0.7,13.93,196.6,,,,322.0,Very Poor
253791,DL005,2019-04-04 16:00:00,50.25,139.0,0.95,15.05,8.62,43.23,0.75,13.55,196.6,,,,324.0,Very Poor
253792,DL005,2019-04-04 17:00:00,54.25,167.75,1.48,16.35,9.88,36.0,0.7,13.6,173.2,,,,326.0,Very Poor
253793,DL005,2019-04-04 18:00:00,53.75,180.5,1.0,20.58,11.78,32.48,0.93,20.2,194.9,,118.4,,330.0,Very Poor
253794,DL005,2019-04-04 19:00:00,80.0,252.5,1.23,34.27,19.23,34.77,1.18,22.0,148.7,,131.6,,335.0,Very Poor
253795,DL005,2019-04-04 20:00:00,96.25,363.25,1.3,58.05,32.03,37.83,1.48,23.85,80.55,,163.93,,341.0,Very Poor
253796,DL005,2019-04-04 21:00:00,125.75,495.5,1.15,56.8,31.15,40.47,1.65,32.9,67.65,,134.3,,336.0,Very Poor
253797,DL005,2019-04-04 22:00:00,144.25,496.5,1.2,48.75,26.93,42.9,1.45,23.57,68.0,,,,323.0,Very Poor
253798,DL005,2019-04-04 23:00:00,132.75,448.25,1.15,60.85,33.33,43.7,1.45,25.82,41.32,,,,315.0,Very Poor
253799,DL005,2019-04-05 00:00:00,150.25,401.75,36.1,80.9,72.62,43.08,1.7,23.38,9.32,,,,315.0,Very Poor
253800,DL005,2019-04-05 01:00:00,179.0,538.0,64.47,73.3,91.35,40.0,1.8,19.68,3.9,,,,315.0,Very Poor
253801,DL005,2019-04-05 02:00:00,183.5,558.0,22.45,61.52,51.2,38.3,1.62,20.25,6.65,,,,315.0,Very Poor
253802,DL005,2019-04-05 03:00:00,190.75,446.75,20.6,56.7,46.9,43.5,,21.6,2.4,,,,316.0,Very Poor
253803,DL005,2019-04-05 04:00:00,197.0,383.75,39.9,55.2,61.68,41.2,1.67,21.8,3.22,,,,318.0,Very Poor
253804,DL005,2019-04-05 05:00:00,191.0,360.25,45.52,49.05,63.17,40.68,1.7,19.82,2.58,,,,319.0,Very Poor
253805,DL005,2019-04-05 06:00:00,195.75,370.25,70.5,49.4,83.75,46.6,1.75,17.0,2.7,,,,319.0,Very Poor
253806,DL005,2019-04-05 07:00:00,246.0,463.25,82.17,54.25,95.88,53.8,2.3,18.32,4.22,,,,320.0,Very Poor
253807,DL005,2019-04-05 08:00:00,350.25,690.75,56.75,102.25,100.62,54.88,2.85,25.7,6.12,,,,326.0,Very Poor
253808,DL005,2019-04-05 09:00:00,330.25,689.0,24.0,147.32,97.85,56.78,2.73,32.3,50.52,,,,334.0,Very Poor
253809,DL005,2019-04-05 10:00:00,270.75,576.25,10.1,104.8,63.95,47.6,1.88,31.43,105.57,,,,343.0,Very Poor
253810,DL005,2019-04-05 11:00:00,156.75,356.0,4.52,58.77,34.95,48.65,1.45,36.52,160.82,,,,343.0,Very Poor
253811,DL005,2019-04-05 12:00:00,112.5,275.0,3.38,68.03,38.92,51.92,1.55,33.03,194.4,,,,343.0,Very Poor
253812,DL005,2019-04-05 13:00:00,103.75,255.25,1.6,40.8,23.05,55.48,1.25,27.73,,,,,346.0,Very Poor
253813,DL005,2019-04-05 14:00:00,93.0,228.75,1.08,35.4,19.7,61.92,1.2,25.77,,,,,348.0,Very Poor
253814,DL005,2019-04-05 15:00:00,95.5,246.75,1.15,24.53,14.0,61.58,0.93,21.2,,,,,351.0,Very Poor
253815,DL005,2019-04-05 16:00:00,78.5,236.5,1.2,17.0,10.03,57.65,0.78,15.12,157.73,,,,356.0,Very Poor
253816,DL005,2019-04-05 17:00:00,54.0,190.0,1.5,14.38,8.9,46.58,0.62,11.55,121.95,,,,357.0,Very Poor
253817,DL005,2019-04-05 18:00:00,41.75,177.0,1.43,15.45,9.38,37.08,0.85,16.02,119.88,,138.25,,357.0,Very Poor
253818,DL005,2019-04-05 19:00:00,53.25,246.5,1.23,30.32,17.18,36.9,0.95,14.73,75.68,,123.83,,357.0,Very Poor
253819,DL005,2019-04-05 20:00:00,85.5,393.25,39.17,89.65,79.25,43.98,2.03,16.52,16.05,,201.43,,359.0,Very Poor
253820,DL005,2019-04-05 21:00:00,143.75,555.75,48.17,87.58,85.6,43.05,2.05,18.35,1.38,,142.2,,362.0,Very Poor
253821,DL005,2019-04-05 22:00:00,132.0,461.5,54.3,80.53,87.22,51.5,2.27,21.18,2.12,,103.9,,360.0,Very Poor
253822,DL005,2019-04-05 23:00:00,182.5,435.25,37.08,67.85,66.47,50.3,1.85,35.67,3.0,,,,359.0,Very Poor
253823,DL005,2019-04-06 00:00:00,185.5,370.25,2.75,41.05,24.03,50.6,1.38,39.78,24.07,,,,358.0,Very Poor
253824,DL005,2019-04-06 01:00:00,175.5,331.75,2.12,36.78,21.27,47.77,1.45,26.25,18.45,,,,347.0,Very Poor
253825,DL005,2019-04-06 02:00:00,180.5,389.0,10.55,47.53,33.77,40.42,1.42,21.62,5.05,,,,338.0,Very Poor
253826,DL005,2019-04-06 03:00:00,159.75,420.5,3.6,45.1,26.9,44.4,,17.4,5.38,,,,337.0,Very Poor
253827,DL005,2019-04-06 04:00:00,152.5,394.0,3.52,42.95,25.73,40.92,1.2,19.5,4.83,,,,337.0,Very Poor
253828,DL005,2019-04-06 05:00:00,168.5,375.5,5.75,38.05,24.93,37.95,1.17,27.68,6.65,,,,338.0,Very Poor
253829,DL005,2019-04-06 06:00:00,170.0,374.0,3.27,40.95,24.48,46.67,1.17,23.25,7.03,,,,338.0,Very Poor
253830,DL005,2019-04-06 07:00:00,173.25,436.5,11.58,51.33,36.83,42.38,1.25,21.62,7.28,,,,337.0,Very Poor
253831,DL005,2019-04-06 08:00:00,153.75,443.25,9.45,48.85,33.7,42.1,1.35,27.25,12.88,,,,324.0,Very Poor
253832,DL005,2019-04-06 09:00:00,151.25,390.0,6.5,47.05,30.35,44.25,1.55,27.1,39.27,,,,313.0,Very Poor
253833,DL005,2019-04-06 10:00:00,164.75,400.0,4.38,54.2,32.38,41.48,1.8,28.8,83.53,,,,309.0,Very Poor
253834,DL005,2019-04-06 11:00:00,152.75,399.0,2.83,38.62,22.85,43.25,1.32,24.17,137.5,,,,309.0,Very Poor
253835,DL005,2019-04-06 12:00:00,106.25,392.75,1.5,23.4,13.7,42.45,1.05,19.9,181.25,,,,309.0,Very Poor
253836,DL005,2019-04-06 13:00:00,89.25,395.75,1.08,15.33,9.1,37.83,0.8,16.48,144.28,,,,315.0,Very Poor
253837,DL005,2019-04-06 14:00:00,72.0,340.25,1.7,12.17,7.9,38.2,0.75,13.2,122.6,,,,321.0,Very Poor
253838,DL005,2019-04-06 15:00:00,67.0,294.5,1.23,10.8,6.75,38.45,0.6,10.05,107.52,,,,323.0,Very Poor
253839,DL005,2019-04-06 16:00:00,51.75,266.25,1.4,12.75,7.92,39.12,0.6,8.5,112.5,,,,325.0,Very Poor
253840,DL005,2019-04-06 17:00:00,48.5,242.0,1.33,13.7,8.38,38.8,0.6,8.3,107.65,,,,327.0,Very Poor
253841,DL005,2019-04-06 18:00:00,42.75,228.75,1.3,12.47,7.67,30.57,0.7,10.1,93.67,,,,330.0,Very Poor
253842,DL005,2019-04-06 19:00:00,54.5,286.25,1.43,24.3,14.1,31.15,0.93,13.15,72.53,,,,332.0,Very Poor
253843,DL005,2019-04-06 20:00:00,78.25,420.75,1.42,38.67,21.75,32.6,1.33,17.07,48.73,,,,334.0,Very Poor
253844,DL005,2019-04-06 21:00:00,99.5,510.75,1.43,67.35,36.97,35.07,1.65,18.35,20.2,,,,331.0,Very Poor
253845,DL005,2019-04-06 22:00:00,128.25,513.5,13.05,83.12,54.85,43.58,1.9,18.9,2.77,,158.15,,334.0,Very Poor
253846,DL005,2019-04-06 23:00:00,137.25,531.0,2.75,65.8,37.33,46.88,1.65,21.93,8.82,,121.85,,339.0,Very Poor
253847,DL005,2019-04-07 00:00:00,144.5,434.5,3.5,59.8,34.75,46.18,1.82,25.23,10.0,,,,342.0,Very Poor
253848,DL005,2019-04-07 01:00:00,182.25,488.75,1.8,51.25,28.77,47.8,1.95,25.38,17.77,,,,350.0,Very Poor
253849,DL005,2019-04-07 02:00:00,204.75,477.5,6.42,58.3,36.25,43.23,1.95,22.95,6.8,,,,355.0,Very Poor
253850,DL005,2019-04-07 03:00:00,189.5,419.0,1.7,50.0,27.9,49.4,,24.1,8.15,,,,355.0,Very Poor
253851,DL005,2019-04-07 04:00:00,193.75,395.75,2.4,41.55,24.1,46.65,1.8,28.35,8.53,,,,355.0,Very Poor
253852,DL005,2019-04-07 05:00:00,204.75,413.0,3.15,47.12,27.62,44.75,1.9,29.6,6.95,,,,357.0,Very Poor
253853,DL005,2019-04-07 06:00:00,224.75,459.0,27.05,67.65,57.95,64.03,2.15,27.95,10.6,,,,361.0,Very Poor
253854,DL005,2019-04-07 07:00:00,257.75,536.0,19.93,57.42,46.75,63.57,2.22,23.5,2.92,,,,367.0,Very Poor
253855,DL005,2019-04-07 08:00:00,263.75,527.5,12.48,53.33,38.5,65.65,2.5,27.55,8.0,,,,371.0,Very Poor
253856,DL005,2019-04-07 09:00:00,288.5,555.75,9.57,62.55,40.98,67.8,2.5,29.8,27.25,,,,380.0,Very Poor
253857,DL005,2019-04-07 10:00:00,231.0,502.75,3.15,35.02,21.15,54.95,1.95,22.57,41.28,,,,385.0,Very Poor
253858,DL005,2019-04-07 11:00:00,184.25,440.75,2.45,32.1,19.07,61.77,2.08,24.45,46.22,,,,387.0,Very Poor
253859,DL005,2019-04-07 12:00:00,192.25,489.0,2.27,27.82,16.65,63.65,1.83,21.75,62.0,,,,392.0,Very Poor
253860,DL005,2019-04-07 13:00:00,170.0,491.0,1.9,28.38,16.65,62.78,1.7,20.5,94.8,,,,397.0,Very Poor
253861,DL005,2019-04-07 14:00:00,140.0,419.75,1.35,23.98,13.88,80.97,1.55,17.43,103.88,,,,401.0,Severe
253862,DL005,2019-04-07 15:00:00,116.75,372.5,1.7,23.2,13.75,89.38,1.38,15.05,106.88,,,,405.0,Severe
253863,DL005,2019-04-07 16:00:00,96.75,353.0,1.55,21.2,12.53,91.2,1.23,12.1,109.72,,114.3,,410.0,Severe
253864,DL005,2019-04-07 17:00:00,81.0,324.75,1.35,20.88,12.18,88.53,1.17,10.73,111.15,,,,414.0,Severe
253865,DL005,2019-04-07 18:00:00,72.25,299.75,1.57,22.95,13.48,58.9,1.22,12.0,79.62,,,,418.0,Severe
253866,DL005,2019-04-07 19:00:00,73.25,313.25,1.4,26.0,14.98,56.17,1.38,16.2,38.58,,,,419.0,Severe
253867,DL005,2019-04-07 20:00:00,76.75,297.25,1.32,23.15,13.38,58.18,1.38,17.02,26.55,,,,413.0,Severe
253868,DL005,2019-04-07 21:00:00,186.75,283.0,1.25,11.95,7.35,59.4,0.78,14.93,36.33,,,,401.0,Severe
253869,DL005,2019-04-07 22:00:00,451.0,,0.95,12.2,7.25,62.1,0.7,11.57,34.48,,,,396.0,Very Poor
253870,DL005,2019-04-07 23:00:00,275.25,556.0,1.23,23.18,13.35,58.15,0.75,10.38,43.65,,,,398.0,Very Poor
253871,DL005,2019-04-08 00:00:00,103.25,483.5,1.48,30.15,17.23,52.45,0.72,9.18,38.4,,,,400.0,Very Poor
253872,DL005,2019-04-08 01:00:00,68.0,286.75,1.62,31.3,18.02,52.98,0.8,9.43,25.43,,,,389.0,Very Poor
253873,DL005,2019-04-08 02:00:00,96.25,389.5,1.67,29.58,17.1,43.8,0.8,10.95,20.95,,,,385.0,Very Poor
253874,DL005,2019-04-08 03:00:00,129.75,504.25,2.8,37.8,22.4,51.0,,14.5,17.25,,,,389.0,Very Poor
253875,DL005,2019-04-08 04:00:00,130.5,448.0,2.42,43.8,25.3,45.53,0.9,15.95,17.05,,,,392.0,Very Poor
253876,DL005,2019-04-08 05:00:00,103.5,318.0,5.15,49.27,30.4,43.95,0.93,14.7,26.0,,,,387.0,Very Poor
253877,DL005,2019-04-08 06:00:00,91.0,261.5,40.3,47.23,58.08,52.8,1.08,13.62,28.68,,,,376.0,Very Poor
253878,DL005,2019-04-08 07:00:00,98.25,308.5,43.73,45.55,59.75,55.55,1.08,11.73,18.0,,,,364.0,Very Poor
253879,DL005,2019-04-08 08:00:00,114.5,366.0,36.7,52.67,58.0,54.35,1.2,13.38,16.98,,,,355.0,Very Poor
253880,DL005,2019-04-08 09:00:00,128.75,377.5,17.02,55.7,43.55,58.2,1.15,17.42,19.73,,,,345.0,Very Poor
253881,DL005,2019-04-08 10:00:00,133.25,405.5,13.95,72.68,50.08,51.6,1.4,18.4,33.02,,,,340.0,Very Poor
253882,DL005,2019-04-08 11:00:00,112.5,454.5,9.1,59.88,39.28,47.92,1.2,15.97,58.03,,,,341.0,Very Poor
253883,DL005,2019-04-08 12:00:00,105.75,480.75,4.53,38.5,24.15,48.62,0.97,14.38,98.05,,,,340.0,Very Poor
253884,DL005,2019-04-08 13:00:00,85.75,415.25,1.68,19.75,11.9,47.45,0.85,14.5,142.67,,,,336.0,Very Poor
253885,DL005,2019-04-08 14:00:00,67.5,348.75,1.02,13.85,8.17,47.53,0.72,13.4,148.83,,,,332.0,Very Poor
253886,DL005,2019-04-08 15:00:00,50.0,270.0,1.25,14.6,9.07,50.42,0.62,10.3,158.78,,,,327.0,Very Poor
253887,DL005,2019-04-08 16:00:00,51.0,309.75,1.27,21.02,12.22,52.7,0.8,8.65,137.72,,,,325.0,Very Poor
253888,DL005,2019-04-08 17:00:00,66.75,448.25,1.73,23.95,14.12,61.03,1.02,10.23,82.75,,,,331.0,Very Poor
253889,DL005,2019-04-08 18:00:00,70.25,385.75,1.85,20.12,12.23,59.5,0.93,11.4,84.12,,,,336.0,Very Poor
253890,DL005,2019-04-08 19:00:00,49.75,265.75,0.85,24.12,13.55,46.6,1.05,13.22,68.48,,,,333.0,Very Poor
253891,DL005,2019-04-08 20:00:00,70.0,284.0,1.95,43.95,25.0,46.52,1.38,17.15,37.25,,,,333.0,Very Poor
253892,DL005,2019-04-08 21:00:00,101.75,343.25,1.68,36.95,20.98,46.33,1.35,21.88,29.32,,,,336.0,Very Poor
253893,DL005,2019-04-08 22:00:00,96.25,298.75,1.55,41.03,23.1,47.28,1.38,22.35,22.15,,,,332.0,Very Poor
253894,DL005,2019-04-08 23:00:00,121.75,318.5,2.1,46.52,26.5,48.92,1.48,21.12,14.05,,,,319.0,Very Poor
253895,DL005,2019-04-09 00:00:00,141.25,356.5,3.4,54.33,31.7,47.77,1.67,24.07,5.8,,,,313.0,Very Poor
253896,DL005,2019-04-09 01:00:00,175.0,364.5,3.48,52.6,30.8,47.62,1.9,31.53,6.7,,,,317.0,Very Poor
253897,DL005,2019-04-09 02:00:00,195.75,345.0,5.32,49.05,30.43,46.6,1.8,32.95,5.7,,,,315.0,Very Poor
253898,DL005,2019-04-09 03:00:00,177.0,309.0,,,,,,,2.53,,,,304.0,Very Poor
253899,DL005,2019-04-09 04:00:00,183.0,322.0,,,,,,,2.75,,,,298.0,Poor
253900,DL005,2019-04-09 05:00:00,163.0,300.0,,,,,,,4.88,,,,297.0,Poor
253901,DL005,2019-04-09 06:00:00,144.0,246.0,,,,,,,4.0,,,,297.0,Poor
253902,DL005,2019-04-09 07:00:00,164.0,299.0,,,,,,,4.68,,,,296.0,Poor
253903,DL005,2019-04-09 08:00:00,205.0,364.0,,,,,,,14.1,,,,297.0,Poor
253904,DL005,2019-04-09 09:00:00,246.0,449.0,,,,,,,25.93,,,,303.0,Very Poor
253905,DL005,2019-04-09 10:00:00,152.0,332.0,,,,,,,53.45,,,,304.0,Very Poor
253906,DL005,2019-04-09 11:00:00,78.0,223.0,6.2,78.15,46.65,16.95,1.2,18.9,103.8,,,,303.0,Very Poor
253907,DL005,2019-04-09 12:00:00,77.0,243.0,4.03,57.23,33.75,16.75,1.07,17.62,144.75,,,,302.0,Very Poor
253908,DL005,2019-04-09 13:00:00,74.5,238.75,1.88,39.25,22.43,14.8,0.97,19.25,183.3,,,,301.0,Very Poor
253909,DL005,2019-04-09 14:00:00,67.75,222.75,1.2,31.48,17.7,13.7,0.83,19.72,,,,,301.0,Very Poor
253910,DL005,2019-04-09 15:00:00,72.5,224.0,1.07,28.65,16.12,14.0,0.93,18.5,,,,,302.0,Very Poor
253911,DL005,2019-04-09 16:00:00,77.25,256.5,0.95,25.12,14.15,13.97,0.83,15.43,,,,,303.0,Very Poor
253912,DL005,2019-04-09 17:00:00,67.0,260.5,1.33,28.62,16.27,16.08,0.85,14.25,164.05,,,,303.0,Very Poor
253913,DL005,2019-04-09 18:00:00,61.75,281.75,1.52,27.43,15.82,18.17,0.85,15.32,145.58,,,,303.0,Very Poor
253914,DL005,2019-04-09 19:00:00,68.25,317.5,1.38,35.17,19.77,19.7,1.1,15.7,108.03,,,,303.0,Very Poor
253915,DL005,2019-04-09 20:00:00,116.25,490.75,1.15,80.6,43.8,27.95,2.05,16.68,34.62,,,,305.0,Very Poor
253916,DL005,2019-04-09 21:00:00,214.0,817.0,11.25,115.3,70.42,29.42,3.0,19.75,8.85,,158.25,,308.0,Very Poor
253917,DL005,2019-04-09 22:00:00,185.25,751.0,9.2,109.85,65.85,32.23,2.38,20.07,7.03,,237.12,,311.0,Very Poor
253918,DL005,2019-04-09 23:00:00,171.0,728.25,44.1,109.55,93.7,37.2,2.65,17.55,3.23,,230.28,,318.0,Very Poor
253919,DL005,2019-04-10 00:00:00,167.25,622.0,25.05,95.33,71.12,39.35,2.08,15.27,3.45,,190.53,,332.0,Very Poor
253920,DL005,2019-04-10 01:00:00,163.25,489.0,12.1,81.68,53.2,36.88,1.88,18.3,5.0,,,,338.0,Very Poor
253921,DL005,2019-04-10 02:00:00,187.5,428.5,37.27,71.95,68.5,37.58,2.0,19.62,7.25,,113.3,,342.0,Very Poor
253922,DL005,2019-04-10 03:00:00,193.75,420.75,44.5,58.5,67.5,40.9,,17.2,4.15,,154.15,,348.0,Very Poor
253923,DL005,2019-04-10 04:00:00,190.25,414.5,9.77,58.6,39.2,39.0,1.88,21.55,4.33,,137.05,,353.0,Very Poor
253924,DL005,2019-04-10 05:00:00,193.75,383.5,4.85,54.77,33.1,37.27,1.85,20.7,3.55,,,,357.0,Very Poor
253925,DL005,2019-04-10 06:00:00,212.75,420.0,11.7,61.67,42.88,45.48,1.77,35.42,5.7,,,,367.0,Very Poor
253926,DL005,2019-04-10 07:00:00,252.75,423.5,13.07,62.8,43.88,53.92,1.7,48.98,8.93,,,,373.0,Very Poor
253927,DL005,2019-04-10 08:00:00,241.75,400.75,3.75,39.1,23.85,49.35,1.35,29.02,24.95,,,,375.0,Very Poor
253928,DL005,2019-04-10 09:00:00,138.0,278.0,3.55,33.85,20.9,58.47,1.23,26.9,51.35,,,,366.0,Very Poor
253929,DL005,2019-04-10 10:00:00,125.25,278.5,3.73,36.67,22.57,61.35,1.05,23.98,76.95,,,,363.0,Very Poor
253930,DL005,2019-04-10 11:00:00,92.0,245.0,2.25,26.8,16.08,53.5,1.0,23.2,128.62,,,,364.0,Very Poor
253931,DL005,2019-04-10 12:00:00,70.25,209.75,5.2,9.5,9.3,56.15,,,,,,,363.0,Very Poor
253932,DL005,2019-04-10 13:00:00,38.5,91.25,1.3,7.1,4.9,37.1,0.8,15.4,110.93,,,,355.0,Very Poor
253933,DL005,2019-04-10 14:00:00,31.0,93.0,0.3,8.7,4.9,49.5,0.1,16.58,115.57,,,,348.0,Very Poor
253934,DL005,2019-04-10 15:00:00,31.0,135.0,,,,,0.53,15.2,113.97,,,,344.0,Very Poor
253935,DL005,2019-04-10 16:00:00,32.25,137.5,,,,,0.23,12.82,119.97,,,,337.0,Very Poor
253936,DL005,2019-04-10 17:00:00,34.75,126.0,0.3,11.9,6.55,46.95,0.1,11.88,111.03,,,,330.0,Very Poor
253937,DL005,2019-04-10 18:00:00,32.0,156.75,,,,,,12.5,103.4,,,,324.0,Very Poor
253938,DL005,2019-04-10 19:00:00,38.0,201.0,0.73,56.95,31.02,35.58,0.1,14.18,41.73,,115.5,,318.0,Very Poor
253939,DL005,2019-04-10 20:00:00,52.75,282.5,0.9,66.15,35.88,38.33,0.15,18.38,18.2,,,,307.0,Very Poor
253940,DL005,2019-04-10 21:00:00,98.75,335.5,4.15,72.72,42.02,46.85,0.35,26.35,9.85,,,,303.0,Very Poor
253941,DL005,2019-04-10 22:00:00,163.0,374.5,1.4,32.25,18.2,43.4,0.77,29.68,56.6,,,,302.0,Very Poor
253942,DL005,2019-04-10 23:00:00,90.75,258.5,,,,,0.53,20.72,63.83,,,,299.0,Poor
253943,DL005,2019-04-11 00:00:00,71.0,216.75,,,,,0.45,20.38,63.33,,,,285.0,Poor
253944,DL005,2019-04-11 01:00:00,68.5,198.0,,,,,0.4,28.65,51.12,,,,272.0,Poor
253945,DL005,2019-04-11 02:00:00,75.5,182.0,,,,,0.47,50.52,25.35,,,,257.0,Poor
253946,DL005,2019-04-11 03:00:00,84.75,178.5,,,,,,31.5,19.1,,,,242.0,Poor
253947,DL005,2019-04-11 04:00:00,68.0,158.0,0.35,34.2,18.45,38.25,0.65,35.67,15.28,,,,225.0,Poor
253948,DL005,2019-04-11 05:00:00,81.75,184.0,7.12,40.03,27.07,35.55,0.78,31.2,4.78,,,,209.0,Poor
253949,DL005,2019-04-11 06:00:00,77.25,183.5,8.4,42.18,29.3,37.88,0.78,28.6,4.25,,,,190.0,Moderate
253950,DL005,2019-04-11 07:00:00,81.5,194.75,8.05,47.73,31.93,45.88,1.05,29.28,5.17,,,,175.0,Moderate
253951,DL005,2019-04-11 08:00:00,108.75,295.25,11.75,46.75,34.42,48.97,1.42,34.75,12.72,,,,172.0,Moderate
253952,DL005,2019-04-11 09:00:00,124.5,290.0,2.85,29.88,18.25,46.33,1.12,42.45,34.8,,,,172.0,Moderate
253953,DL005,2019-04-11 10:00:00,106.25,205.5,1.38,20.95,12.25,50.52,0.67,57.42,72.6,,,,170.0,Moderate
253954,DL005,2019-04-11 11:00:00,110.25,213.0,0.62,13.05,7.47,44.43,0.53,43.0,109.0,,,,169.0,Moderate
253955,DL005,2019-04-11 12:00:00,81.75,193.75,0.3,12.18,6.72,42.85,0.53,39.05,122.58,,,,169.0,Moderate
253956,DL005,2019-04-11 13:00:00,70.0,212.5,0.2,7.3,4.0,37.2,0.5,31.4,118.47,,,,172.0,Moderate
253957,DL005,2019-04-11 14:00:00,53.25,200.25,0.23,7.85,4.38,35.5,0.5,34.8,132.82,,,,175.0,Moderate
253958,DL005,2019-04-11 15:00:00,51.75,202.75,,,,,0.55,46.0,161.9,,,,191.0,Moderate
253959,DL005,2019-04-11 16:00:00,58.5,189.25,,,,,0.1,25.53,136.15,,,,191.0,Moderate
253960,DL005,2019-04-11 17:00:00,42.5,162.25,,,,,0.12,21.88,112.55,,,,191.0,Moderate
253961,DL005,2019-04-11 18:00:00,36.5,178.75,0.2,20.8,11.3,32.4,0.23,22.48,95.0,,115.5,,191.0,Moderate
253962,DL005,2019-04-11 19:00:00,45.25,231.0,0.53,23.23,12.77,30.0,0.4,25.12,76.05,,139.55,,191.0,Moderate
253963,DL005,2019-04-11 20:00:00,62.25,300.0,0.3,45.4,24.4,29.4,0.55,25.82,44.08,,142.85,,191.0,Moderate
253964,DL005,2019-04-11 21:00:00,82.0,317.5,0.3,43.55,23.4,29.45,1.32,32.65,39.2,,211.75,,191.0,Moderate
253965,DL005,2019-04-11 22:00:00,101.25,348.25,0.2,39.6,21.2,32.3,0.65,33.32,38.38,,169.05,,191.0,Moderate
253966,DL005,2019-04-11 23:00:00,105.0,290.5,,,,,0.82,40.5,44.32,,,,181.0,Moderate
253967,DL005,2019-04-12 00:00:00,132.0,302.0,,,,,0.8,35.48,44.35,,,,184.0,Moderate
253968,DL005,2019-04-12 01:00:00,91.25,257.0,0.25,32.85,17.7,32.0,0.62,34.73,43.62,,,,185.0,Moderate
253969,DL005,2019-04-12 02:00:00,71.0,212.25,0.3,35.2,18.9,36.1,0.7,38.3,41.35,,,,186.0,Moderate
253970,DL005,2019-04-12 03:00:00,84.75,183.0,0.4,32.4,17.6,33.9,,34.7,24.07,,,,186.0,Moderate
253971,DL005,2019-04-12 04:00:00,99.75,222.5,0.3,31.5,17.0,32.9,0.5,37.78,36.78,,,,188.0,Moderate
253972,DL005,2019-04-12 05:00:00,92.5,353.5,,,,,0.45,33.42,74.62,,,,193.0,Moderate
253973,DL005,2019-04-12 06:00:00,65.5,348.5,,,,,0.53,29.32,76.9,,,,197.0,Moderate
253974,DL005,2019-04-12 07:00:00,68.5,435.5,,,,,0.67,25.82,64.1,,,,206.0,Poor
253975,DL005,2019-04-12 08:00:00,59.0,327.25,,,,,0.75,23.8,54.38,,,,207.0,Poor
253976,DL005,2019-04-12 09:00:00,48.25,254.5,1.07,28.15,15.9,43.8,1.05,22.75,40.17,,,,206.0,Poor
253977,DL005,2019-04-12 10:00:00,60.25,257.25,2.25,21.5,13.25,44.7,0.5,30.27,60.28,,,,208.0,Poor
253978,DL005,2019-04-12 11:00:00,60.5,315.25,1.52,19.85,11.8,41.03,0.62,32.27,87.85,,,,212.0,Poor
253979,DL005,2019-04-12 12:00:00,68.25,325.25,1.28,24.73,14.2,41.33,0.82,32.15,107.35,,,,218.0,Poor
253980,DL005,2019-04-12 13:00:00,64.75,255.25,1.0,19.57,11.2,38.57,0.88,29.6,125.7,,,,220.0,Poor
253981,DL005,2019-04-12 14:00:00,47.5,189.0,0.68,15.48,8.75,34.65,0.95,28.3,133.43,,,,219.0,Poor
253982,DL005,2019-04-12 15:00:00,34.5,143.0,0.45,17.58,9.75,34.78,0.97,27.38,135.0,,,,217.0,Poor
253983,DL005,2019-04-12 16:00:00,38.0,156.25,0.47,16.25,9.03,36.3,0.4,25.48,139.95,,,,215.0,Poor
253984,DL005,2019-04-12 17:00:00,40.75,173.75,0.83,18.02,10.28,34.92,0.47,22.93,112.45,,,,216.0,Poor
253985,DL005,2019-04-12 18:00:00,31.5,157.5,0.78,22.8,12.78,33.67,0.57,21.75,104.22,,,,215.0,Poor
253986,DL005,2019-04-12 19:00:00,36.0,163.0,0.95,33.12,18.38,30.7,1.0,24.15,75.52,,,,212.0,Poor
253987,DL005,2019-04-12 20:00:00,52.0,219.5,0.53,48.38,26.23,29.43,1.17,29.77,51.27,,,,209.0,Poor
253988,DL005,2019-04-12 21:00:00,77.25,253.5,0.3,41.67,22.4,30.7,1.27,35.07,59.42,,139.57,,206.0,Poor
253989,DL005,2019-04-12 22:00:00,85.5,267.25,0.5,33.47,18.2,30.88,0.68,31.52,62.92,,136.5,,203.0,Poor
253990,DL005,2019-04-12 23:00:00,74.25,240.75,0.28,37.58,20.23,33.62,0.75,33.17,50.95,,,,201.0,Poor
253991,DL005,2019-04-13 00:00:00,82.25,272.25,5.62,55.88,34.35,35.9,0.75,32.02,30.65,,,,200.0,Moderate
253992,DL005,2019-04-13 01:00:00,88.0,273.5,0.7,48.88,26.58,33.6,0.75,33.92,34.62,,,,200.0,Moderate
253993,DL005,2019-04-13 02:00:00,94.5,225.0,0.28,51.05,27.38,31.98,0.75,35.95,26.15,,,,200.0,Moderate
253994,DL005,2019-04-13 03:00:00,92.25,201.75,0.8,51.3,27.9,31.6,,39.6,25.62,,,,201.0,Poor
253995,DL005,2019-04-13 04:00:00,89.0,182.75,1.48,51.85,28.8,32.58,0.53,43.52,17.3,,,,200.0,Moderate
253996,DL005,2019-04-13 05:00:00,107.5,196.5,5.95,52.35,32.73,29.53,2.18,36.88,5.47,,,,195.0,Moderate
253997,DL005,2019-04-13 06:00:00,85.0,176.0,1.63,41.02,23.15,28.65,2.18,35.97,29.15,,,,191.0,Moderate
253998,DL005,2019-04-13 07:00:00,77.0,169.25,19.95,50.9,43.45,37.05,2.5,34.42,8.85,,,,183.0,Moderate
253999,DL005,2019-04-13 08:00:00,117.0,248.5,16.0,52.15,40.9,43.48,2.73,39.55,15.12,,,,181.0,Moderate
254000,DL005,2019-04-13 09:00:00,143.75,266.5,5.05,40.88,25.82,44.45,2.65,54.92,54.58,,,,181.0,Moderate
254001,DL005,2019-04-13 10:00:00,117.5,254.0,1.78,23.22,13.78,40.22,0.42,31.6,88.6,,,,181.0,Moderate
254002,DL005,2019-04-13 11:00:00,61.25,346.5,1.02,15.8,9.25,36.62,0.82,25.0,89.8,,,,182.0,Moderate
254003,DL005,2019-04-13 12:00:00,42.25,430.0,0.65,14.43,8.2,34.65,0.88,27.2,104.07,,,,185.0,Moderate
254004,DL005,2019-04-13 13:00:00,44.75,343.0,0.42,14.15,7.85,34.8,0.93,27.15,104.88,,,,187.0,Moderate
254005,DL005,2019-04-13 14:00:00,39.0,262.25,0.5,12.68,7.1,34.62,1.05,26.23,104.42,,,,190.0,Moderate
254006,DL005,2019-04-13 15:00:00,31.5,175.5,0.45,13.02,7.3,32.88,1.07,24.3,101.55,,,,190.0,Moderate
254007,DL005,2019-04-13 16:00:00,27.25,160.75,0.57,14.93,8.45,33.33,0.3,23.4,109.75,,,,191.0,Moderate
254008,DL005,2019-04-13 17:00:00,28.5,186.0,1.0,16.0,9.4,33.72,0.4,22.32,107.43,,,,191.0,Moderate
254009,DL005,2019-04-13 18:00:00,28.5,214.0,0.57,18.95,10.55,33.2,0.42,22.38,101.38,,,,192.0,Moderate
254010,DL005,2019-04-13 19:00:00,26.5,199.0,0.72,22.8,12.75,31.9,0.8,25.25,87.62,,,,193.0,Moderate
254011,DL005,2019-04-13 20:00:00,40.25,215.75,0.38,28.93,15.68,29.95,0.9,32.88,73.38,,,,193.0,Moderate
254012,DL005,2019-04-13 21:00:00,55.75,258.25,0.5,29.57,16.12,28.35,0.9,29.95,59.62,,,,193.0,Moderate
254013,DL005,2019-04-13 22:00:00,49.75,236.0,0.47,31.75,17.28,29.85,0.65,38.83,48.88,,,,193.0,Moderate
254014,DL005,2019-04-13 23:00:00,56.0,215.75,,,,,0.5,31.6,56.78,,,,192.0,Moderate
254015,DL005,2019-04-14 00:00:00,41.0,139.0,0.43,27.65,15.05,30.88,0.5,24.73,46.92,,,,188.0,Moderate
254016,DL005,2019-04-14 01:00:00,62.25,136.0,0.65,30.25,16.6,33.83,0.65,42.05,42.82,,,,184.0,Moderate
254017,DL005,2019-04-14 02:00:00,102.75,177.5,0.35,23.9,13.0,32.25,0.72,37.75,46.3,,,,183.0,Moderate
254018,DL005,2019-04-14 03:00:00,72.5,131.5,1.0,21.1,12.0,30.3,,28.6,47.62,,,,181.0,Moderate
254019,DL005,2019-04-14 04:00:00,56.75,106.25,0.4,22.48,12.25,28.75,0.32,34.02,40.62,,,,179.0,Moderate
254020,DL005,2019-04-14 05:00:00,55.75,100.25,0.5,17.6,9.78,25.67,0.3,32.92,42.75,,,,176.0,Moderate
254021,DL005,2019-04-14 06:00:00,47.5,83.75,0.45,21.32,11.7,28.35,0.42,32.45,29.7,,,,174.0,Moderate
254022,DL005,2019-04-14 07:00:00,57.5,108.5,1.8,31.35,18.12,31.8,0.7,33.3,14.5,,,,172.0,Moderate
254023,DL005,2019-04-14 08:00:00,104.25,189.25,6.78,43.05,28.72,40.88,1.0,41.35,17.95,,,,170.0,Moderate
254024,DL005,2019-04-14 09:00:00,168.5,290.75,2.83,24.82,15.5,35.92,0.83,33.85,45.93,,,,171.0,Moderate
254025,DL005,2019-04-14 10:00:00,78.5,238.25,1.07,19.35,11.18,32.1,0.43,26.85,65.2,,,,171.0,Moderate
254026,DL005,2019-04-14 11:00:00,44.25,255.25,0.9,16.58,9.57,29.75,0.78,25.67,78.18,,,,168.0,Moderate
254027,DL005,2019-04-14 12:00:00,35.25,233.75,0.8,13.85,8.02,26.82,0.88,28.38,90.2,,,,163.0,Moderate
254028,DL005,2019-04-14 13:00:00,32.0,154.75,0.3,14.05,7.75,26.2,1.08,28.42,97.08,,,,157.0,Moderate
254029,DL005,2019-04-14 14:00:00,29.5,144.0,0.5,12.95,7.3,26.3,1.25,28.15,98.97,,,,154.0,Moderate
254030,DL005,2019-04-14 15:00:00,30.75,147.75,0.42,12.32,6.85,25.43,1.45,27.52,102.5,,,,153.0,Moderate
254031,DL005,2019-04-14 16:00:00,32.25,185.25,0.3,14.7,8.0,26.6,0.38,24.8,104.7,,,,154.0,Moderate
254032,DL005,2019-04-14 17:00:00,39.25,248.75,0.2,18.7,10.1,26.8,0.57,23.15,99.5,,,,156.0,Moderate
254033,DL005,2019-04-14 18:00:00,39.0,272.25,0.68,21.98,12.25,25.8,0.78,22.3,92.05,,,,157.0,Moderate
254034,DL005,2019-04-14 19:00:00,39.0,262.75,1.15,33.2,18.6,25.75,1.35,24.4,64.45,,,,159.0,Moderate
254035,DL005,2019-04-14 20:00:00,52.75,341.0,1.2,60.5,33.15,24.9,1.65,29.32,23.88,,,,163.0,Moderate
254036,DL005,2019-04-14 21:00:00,67.75,335.5,1.08,41.05,22.67,26.88,1.68,30.85,45.5,,,,165.0,Moderate
254037,DL005,2019-04-14 22:00:00,67.75,303.5,0.9,28.27,15.8,24.88,0.53,32.1,55.77,,,,167.0,Moderate
254038,DL005,2019-04-14 23:00:00,65.0,285.0,0.85,36.95,20.38,27.18,0.8,41.25,37.48,,,,169.0,Moderate
254039,DL005,2019-04-15 00:00:00,75.25,282.75,0.73,39.02,21.35,29.6,0.9,44.38,38.9,,,,173.0,Moderate
254040,DL005,2019-04-15 01:00:00,68.0,246.75,0.67,31.4,17.22,29.68,0.97,55.97,54.65,,,,176.0,Moderate
254041,DL005,2019-04-15 02:00:00,61.75,182.75,0.62,33.1,18.1,29.48,1.02,54.05,48.35,,,,176.0,Moderate
254042,DL005,2019-04-15 03:00:00,61.25,170.5,0.3,40.3,21.7,29.4,,37.8,37.92,,,,177.0,Moderate
254043,DL005,2019-04-15 04:00:00,61.25,165.25,0.8,32.8,18.1,28.1,0.32,38.75,41.18,,,,179.0,Moderate
254044,DL005,2019-04-15 05:00:00,55.75,161.25,0.5,21.9,12.05,24.0,0.25,33.2,45.0,,,,180.0,Moderate
254045,DL005,2019-04-15 06:00:00,45.75,125.0,0.72,24.2,13.47,24.27,0.5,32.77,36.38,,,,181.0,Moderate
254046,DL005,2019-04-15 07:00:00,50.25,125.0,2.8,40.7,23.98,28.82,0.93,32.8,15.3,,,,182.0,Moderate
254047,DL005,2019-04-15 08:00:00,93.25,193.25,4.97,38.88,24.77,40.83,1.15,52.23,23.95,,,,182.0,Moderate
254048,DL005,2019-04-15 09:00:00,159.75,281.25,3.8,35.67,22.08,38.93,1.02,52.9,48.35,,,,182.0,Moderate
254049,DL005,2019-04-15 10:00:00,97.5,245.5,2.95,30.05,18.38,31.93,0.47,44.12,69.08,,,,182.0,Moderate
254050,DL005,2019-04-15 11:00:00,47.0,222.75,1.45,20.4,12.03,29.4,1.05,27.58,84.15,,,,181.0,Moderate
254051,DL005,2019-04-15 12:00:00,44.25,235.25,0.8,15.73,9.05,24.55,1.1,27.0,82.15,,,,181.0,Moderate
254052,DL005,2019-04-15 13:00:00,43.25,215.0,0.97,14.35,8.38,22.68,1.35,26.88,86.47,,,,183.0,Moderate
254053,DL005,2019-04-15 14:00:00,37.0,187.0,0.47,13.8,7.72,22.35,1.58,26.9,96.4,,,,184.0,Moderate
254054,DL005,2019-04-15 15:00:00,34.0,157.0,0.55,12.6,7.12,21.93,1.85,20.5,102.45,,,,184.0,Moderate
254055,DL005,2019-04-15 16:00:00,29.5,165.0,0.83,15.45,8.88,22.77,0.1,18.48,103.93,,,,184.0,Moderate
254056,DL005,2019-04-15 17:00:00,30.5,156.5,0.65,18.7,10.47,26.73,0.68,16.62,94.38,,,,181.0,Moderate
254057,DL005,2019-04-15 18:00:00,23.25,140.0,0.47,22.08,12.1,26.35,0.88,17.02,98.35,,,,177.0,Moderate
254058,DL005,2019-04-15 19:00:00,35.25,151.0,0.57,30.7,16.8,25.75,1.47,27.75,75.88,,,,174.0,Moderate
254059,DL005,2019-04-15 20:00:00,48.75,205.75,1.2,55.9,30.7,23.95,2.02,38.88,36.73,,,,171.0,Moderate
254060,DL005,2019-04-15 21:00:00,78.75,303.0,23.05,80.68,62.15,26.35,2.47,37.53,13.3,,,,170.0,Moderate
254061,DL005,2019-04-15 22:00:00,118.25,438.25,55.7,84.67,90.05,29.5,1.93,52.88,3.78,,,,173.0,Moderate
254062,DL005,2019-04-15 23:00:00,160.75,610.75,141.93,82.35,159.22,34.23,6.98,42.88,4.03,,,,182.0,Moderate
254063,DL005,2019-04-16 00:00:00,196.25,708.5,22.65,76.6,59.2,41.42,6.25,46.33,4.5,,128.7,,194.0,Moderate
254064,DL005,2019-04-16 01:00:00,202.25,509.0,2.12,21.6,13.12,30.3,5.1,22.22,42.27,,121.1,,202.0,Poor
254065,DL005,2019-04-16 02:00:00,175.5,669.0,0.68,14.05,8.07,26.43,5.17,18.83,65.9,,,,223.0,Poor
254066,DL005,2019-04-16 03:00:00,43.5,576.75,0.2,13.7,7.5,26.2,,17.8,67.5,,,,239.0,Poor
254067,DL005,2019-04-16 04:00:00,30.0,268.75,0.33,12.2,6.78,24.4,,19.67,68.03,,,,244.0,Poor
254068,DL005,2019-04-16 05:00:00,30.0,165.0,0.35,12.15,6.75,21.5,0.2,19.48,60.02,,,,244.0,Poor
254069,DL005,2019-04-16 06:00:00,30.0,125.25,0.43,12.18,6.83,20.38,0.1,20.0,54.85,,,,244.0,Poor
254070,DL005,2019-04-16 07:00:00,31.25,94.25,0.3,15.4,8.45,23.65,0.17,20.7,48.45,,,,243.0,Poor
254071,DL005,2019-04-16 08:00:00,38.25,93.0,1.45,33.5,18.98,29.67,0.35,19.98,30.82,,,,238.0,Poor
254072,DL005,2019-04-16 09:00:00,44.5,98.25,1.53,26.17,15.2,29.17,0.5,18.17,42.4,,,,231.0,Poor
254073,DL005,2019-04-16 10:00:00,35.5,81.25,1.47,19.12,11.35,29.32,0.23,16.9,46.55,,,,224.0,Poor
254074,DL005,2019-04-16 11:00:00,37.75,92.5,1.72,18.25,11.15,28.8,1.05,17.73,56.1,,,,219.0,Poor
254075,DL005,2019-04-16 12:00:00,32.75,104.5,1.32,17.82,10.57,28.27,1.35,21.1,69.72,,,,213.0,Poor
254076,DL005,2019-04-16 13:00:00,36.75,127.25,1.05,18.32,10.62,26.08,1.55,23.0,82.65,,,,209.0,Poor
254077,DL005,2019-04-16 14:00:00,33.25,131.75,1.2,23.68,13.6,25.88,1.95,23.4,99.38,,,,207.0,Poor
254078,DL005,2019-04-16 15:00:00,35.0,143.25,1.7,33.38,19.1,26.15,2.25,23.3,111.47,,,,207.0,Poor
254079,DL005,2019-04-16 16:00:00,38.75,151.25,1.8,37.42,21.35,26.7,,23.3,113.7,,,,206.0,Poor
254080,DL005,2019-04-16 17:00:00,41.0,173.25,1.02,35.45,19.7,30.2,0.2,19.7,126.23,,,,207.0,Poor
254081,DL005,2019-04-16 18:00:00,44.75,187.5,0.68,40.05,21.8,30.95,0.25,19.02,101.65,,,,209.0,Poor
254082,DL005,2019-04-16 19:00:00,52.25,203.0,0.73,25.08,13.93,29.92,1.2,16.02,65.6,,,,211.0,Poor
254083,DL005,2019-04-16 20:00:00,38.25,114.75,1.3,37.7,21.1,27.83,1.08,20.2,35.85,,,,207.0,Poor
254084,DL005,2019-04-16 21:00:00,27.5,92.5,0.68,19.43,10.85,25.55,0.82,19.82,63.77,,,,199.0,Moderate
254085,DL005,2019-04-16 22:00:00,19.75,146.5,0.52,19.62,10.88,23.67,0.15,18.1,65.98,,,,191.0,Moderate
254086,DL005,2019-04-16 23:00:00,17.25,150.75,0.57,15.8,8.88,21.65,0.35,19.0,75.38,,,,178.0,Moderate
254087,DL005,2019-04-17 00:00:00,13.5,144.5,,,,,0.45,16.23,79.75,,,,162.0,Moderate
254088,DL005,2019-04-17 01:00:00,17.75,114.0,0.5,16.73,9.27,23.65,0.3,17.6,70.12,,,,151.0,Moderate
254089,DL005,2019-04-17 02:00:00,14.75,60.0,0.35,18.43,10.1,21.15,0.32,17.67,74.2,,,,134.0,Moderate
254090,DL005,2019-04-17 03:00:00,8.25,22.25,1.0,19.2,11.0,27.0,,17.6,67.6,,,,119.0,Moderate
254091,DL005,2019-04-17 04:00:00,13.0,19.0,0.75,17.62,9.98,24.45,1.6,22.1,46.47,,,,112.0,Moderate
254092,DL005,2019-04-17 05:00:00,27.5,36.75,0.65,22.65,12.58,23.88,1.4,25.17,33.0,,,,109.0,Moderate
254093,DL005,2019-04-17 06:00:00,37.25,72.5,1.05,24.22,13.75,24.95,1.57,27.1,27.67,,,,107.0,Moderate
254094,DL005,2019-04-17 07:00:00,50.0,84.0,1.1,25.82,14.62,29.0,1.8,28.88,17.77,,,,107.0,Moderate
254095,DL005,2019-04-17 08:00:00,71.0,121.5,3.12,29.95,18.48,33.05,1.8,26.9,23.77,,,,108.0,Moderate
254096,DL005,2019-04-17 09:00:00,72.0,128.25,2.83,27.88,17.12,32.0,1.85,25.25,53.15,,,,108.0,Moderate
254097,DL005,2019-04-17 10:00:00,46.0,85.5,3.1,29.27,18.1,31.45,1.2,26.43,70.07,,,,109.0,Moderate
254098,DL005,2019-04-17 11:00:00,37.25,94.25,2.12,25.55,15.35,28.75,1.12,22.12,81.85,,,,109.0,Moderate
254099,DL005,2019-04-17 12:00:00,30.0,83.75,1.6,22.02,13.02,28.8,2.2,24.02,87.05,,,,108.0,Moderate
254100,DL005,2019-04-17 13:00:00,33.25,95.5,1.6,20.32,12.12,27.23,2.23,23.2,87.93,,,,107.0,Moderate
254101,DL005,2019-04-17 14:00:00,31.0,92.75,1.43,16.77,10.1,25.35,2.25,22.38,100.93,,,,106.0,Moderate
254102,DL005,2019-04-17 15:00:00,22.5,78.75,0.95,15.68,9.1,25.05,2.5,23.28,109.45,,,,114.0,Moderate
254103,DL005,2019-04-17 16:00:00,25.75,83.0,0.52,19.48,10.8,27.7,0.2,21.93,115.53,,,,123.0,Moderate
254104,DL005,2019-04-17 17:00:00,32.0,131.25,0.47,21.42,11.78,27.85,0.1,19.27,101.15,,,,123.0,Moderate
254105,DL005,2019-04-17 18:00:00,33.5,161.5,0.55,20.48,11.35,29.15,,17.75,65.05,,,,123.0,Moderate
254106,DL005,2019-04-17 19:00:00,30.25,37.0,0.62,25.73,14.18,29.25,,18.27,54.0,,,,123.0,Moderate
254107,DL005,2019-04-17 20:00:00,34.0,45.5,1.05,28.95,16.23,28.6,0.95,21.38,50.4,,,,123.0,Moderate
254108,DL005,2019-04-17 21:00:00,35.5,49.75,0.73,40.23,22.0,26.23,0.72,21.95,36.38,,,,123.0,Moderate
254109,DL005,2019-04-17 22:00:00,37.0,63.25,0.6,41.97,22.83,23.48,0.65,22.57,46.53,,,,123.0,Moderate
254110,DL005,2019-04-17 23:00:00,28.25,53.25,0.65,41.78,22.77,23.8,0.68,23.22,34.4,,,,123.0,Moderate
254111,DL005,2019-04-18 00:00:00,41.75,73.5,0.65,37.8,20.62,28.65,0.62,24.85,25.23,,,,102.0,Moderate
254112,DL005,2019-04-18 01:00:00,75.75,114.5,0.9,26.02,14.57,31.68,0.5,21.2,24.73,,,,79.0,Satisfactory
254113,DL005,2019-04-18 02:00:00,61.25,89.0,0.77,23.32,13.05,30.95,0.47,19.15,22.95,,,,80.0,Satisfactory
254114,DL005,2019-04-18 03:00:00,55.0,87.75,1.3,21.3,12.4,30.7,,19.0,25.85,,,,83.0,Satisfactory
254115,DL005,2019-04-18 04:00:00,48.75,79.75,0.78,20.23,11.4,28.8,0.93,21.85,26.75,,,,85.0,Satisfactory
254116,DL005,2019-04-18 05:00:00,39.0,65.5,0.5,19.85,10.95,24.77,0.72,22.32,25.32,,,,86.0,Satisfactory
254117,DL005,2019-04-18 06:00:00,39.5,63.0,0.8,20.65,11.62,23.45,0.85,22.77,27.32,,,,86.0,Satisfactory
254118,DL005,2019-04-18 07:00:00,41.75,69.0,1.12,22.22,12.75,25.48,1.02,22.8,29.73,,,,85.0,Satisfactory
254119,DL005,2019-04-18 08:00:00,41.75,65.0,1.5,17.95,10.78,27.98,0.88,22.42,37.55,,,,83.0,Satisfactory
254120,DL005,2019-04-18 09:00:00,39.0,62.25,3.6,23.7,15.53,31.55,0.85,21.07,41.0,,,,80.0,Satisfactory
254121,DL005,2019-04-18 10:00:00,50.25,93.75,5.95,37.62,24.85,31.5,,21.35,61.3,,,,81.0,Satisfactory
254122,DL005,2019-04-18 11:00:00,40.0,95.5,2.83,29.0,17.68,29.25,0.3,19.6,97.22,,,,97.0,Satisfactory
254123,DL005,2019-04-18 12:00:00,18.0,63.5,1.4,21.3,12.5,28.3,,18.9,75.1,,,,97.0,Satisfactory
254124,DL005,2019-04-18 13:00:00,25.0,54.5,0.55,17.48,9.72,26.2,,21.58,113.5,,,,120.0,Moderate
254125,DL005,2019-04-18 14:00:00,27.75,57.25,0.8,15.25,8.78,24.4,1.57,21.83,135.9,,,,153.0,Moderate
254126,DL005,2019-04-18 15:00:00,27.25,54.25,0.55,13.5,7.62,23.55,3.1,22.18,134.9,,,,153.0,Moderate
254127,DL005,2019-04-18 16:00:00,30.75,63.75,0.97,14.75,8.68,23.7,0.65,21.8,129.32,,,,153.0,Moderate
254128,DL005,2019-04-18 17:00:00,36.25,70.0,0.8,15.2,8.72,24.65,0.8,19.05,124.28,,,,153.0,Moderate
254129,DL005,2019-04-18 18:00:00,29.25,64.75,0.53,17.32,9.45,24.9,1.06,18.18,117.33,,,,153.0,Moderate
254130,DL005,2019-04-18 19:00:00,32.25,73.0,0.38,27.28,14.77,22.8,0.55,18.6,99.5,,,,153.0,Moderate
254131,DL005,2019-04-18 20:00:00,40.5,117.0,0.8,59.17,32.85,26.48,3.6,21.05,47.98,,,,153.0,Moderate
254132,DL005,2019-04-18 21:00:00,73.5,196.25,0.85,51.43,28.05,25.75,3.42,25.97,50.1,,,,153.0,Moderate
254133,DL005,2019-04-18 22:00:00,83.5,211.0,0.7,37.38,20.42,25.38,1.98,28.85,58.47,,,,151.0,Moderate
254134,DL005,2019-04-18 23:00:00,106.75,245.5,1.52,53.0,29.45,26.38,5.03,30.68,27.8,,,,143.0,Moderate
254135,DL005,2019-04-19 00:00:00,114.5,227.5,4.92,63.22,37.65,26.4,5.67,25.33,10.57,,,,146.0,Moderate
254136,DL005,2019-04-19 01:00:00,89.75,171.5,5.62,64.88,39.12,29.7,7.22,21.1,6.67,,,,165.0,Moderate
254137,DL005,2019-04-19 02:00:00,137.75,225.75,9.78,64.12,42.08,33.05,7.53,28.43,7.6,,,,169.0,Moderate
254138,DL005,2019-04-19 03:00:00,166.0,276.5,1.4,40.1,22.5,33.5,,31.7,14.8,,,,169.0,Moderate
254139,DL005,2019-04-19 04:00:00,144.5,224.5,0.78,34.65,19.07,31.0,0.95,30.08,28.47,,,,169.0,Moderate
254140,DL005,2019-04-19 05:00:00,87.0,140.5,1.38,38.03,21.32,26.25,2.75,28.05,19.8,,,,169.0,Moderate
254141,DL005,2019-04-19 06:00:00,108.5,170.25,7.03,47.05,30.82,32.15,4.08,36.52,6.52,,,,169.0,Moderate
254142,DL005,2019-04-19 07:00:00,194.5,308.75,15.62,46.55,37.5,37.95,6.15,48.23,5.83,,,,169.0,Moderate
254143,DL005,2019-04-19 08:00:00,195.5,319.0,7.93,33.77,24.27,39.1,2.38,50.17,25.12,,,,169.0,Moderate
254144,DL005,2019-04-19 09:00:00,146.75,242.25,2.75,26.68,16.45,34.0,0.01,30.25,51.47,,,,179.0,Moderate
254145,DL005,2019-04-19 10:00:00,74.5,142.25,1.3,21.48,12.5,28.38,2.35,21.42,82.45,,,,182.0,Moderate
254146,DL005,2019-04-19 11:00:00,39.0,98.25,0.85,18.05,10.3,26.77,4.8,21.35,102.62,,,,182.0,Moderate
254147,DL005,2019-04-19 12:00:00,34.0,84.0,0.9,15.38,8.95,25.53,,19.55,111.45,,,,184.0,Moderate
254148,DL005,2019-04-19 13:00:00,25.5,64.25,0.52,14.35,8.07,24.93,0.8,21.88,115.4,,,,184.0,Moderate
254149,DL005,2019-04-19 14:00:00,20.75,59.5,0.4,14.25,7.9,26.47,,18.8,119.18,,,,183.0,Moderate
254150,DL005,2019-04-19 15:00:00,29.25,61.75,0.72,14.32,8.25,25.43,,19.45,126.03,,,,183.0,Moderate
254151,DL005,2019-04-19 16:00:00,29.25,62.5,0.6,14.52,8.22,23.83,,18.77,129.18,,,,183.0,Moderate
254152,DL005,2019-04-19 17:00:00,27.75,60.25,0.45,15.72,8.78,23.05,,17.33,131.18,,,,182.0,Moderate
254153,DL005,2019-04-19 18:00:00,32.25,73.0,0.38,19.82,10.85,24.2,,16.25,124.12,,,,182.0,Moderate
254154,DL005,2019-04-19 19:00:00,38.0,94.75,0.33,27.2,14.73,23.85,,20.2,105.55,,,,183.0,Moderate
254155,DL005,2019-04-19 20:00:00,41.5,120.5,0.45,49.58,26.85,25.7,,65.05,65.75,,,,183.0,Moderate
254156,DL005,2019-04-19 21:00:00,72.0,185.0,2.33,76.15,42.42,29.32,,62.95,23.55,,,,183.0,Moderate
254157,DL005,2019-04-19 22:00:00,116.75,257.25,1.93,72.58,40.17,33.35,,43.25,22.3,,,,188.0,Moderate
254158,DL005,2019-04-19 23:00:00,158.75,297.5,5.02,79.47,46.38,35.98,,48.58,13.9,,,,195.0,Moderate
254159,DL005,2019-04-20 00:00:00,181.5,328.5,3.05,69.75,39.58,38.6,,47.12,13.6,,,,204.0,Poor
254160,DL005,2019-04-20 01:00:00,202.5,313.5,1.25,61.77,33.92,41.9,,52.25,21.2,,,,220.0,Poor
254161,DL005,2019-04-20 02:00:00,236.5,328.75,2.4,64.8,36.35,43.25,,50.2,21.3,,,,234.0,Poor
254162,DL005,2019-04-20 03:00:00,214.25,323.25,2.3,63.6,35.6,40.8,,48.9,16.73,,,,240.0,Poor
254163,DL005,2019-04-20 04:00:00,205.75,295.75,1.88,58.4,32.62,40.3,,43.05,14.8,,,,249.0,Poor
254164,DL005,2019-04-20 05:00:00,204.75,310.5,2.9,58.12,33.27,39.75,,45.45,10.3,,,,265.0,Poor
254165,DL005,2019-04-20 06:00:00,201.5,312.25,9.28,59.08,38.98,37.55,,49.15,5.55,,,,278.0,Poor
254166,DL005,2019-04-20 07:00:00,194.0,313.0,12.65,58.85,41.62,38.05,,50.33,7.47,,,,278.0,Poor
254167,DL005,2019-04-20 08:00:00,206.0,329.0,7.8,46.33,31.0,40.77,,71.47,27.6,,,,280.0,Poor
254168,DL005,2019-04-20 09:00:00,228.0,344.0,3.73,38.05,23.3,38.9,,68.85,65.75,,,,291.0,Poor
254169,DL005,2019-04-20 10:00:00,189.0,273.0,2.33,32.62,19.23,31.05,,41.47,108.15,,,,302.0,Very Poor
254170,DL005,2019-04-20 11:00:00,117.0,213.0,0.77,21.32,12.0,23.25,,26.1,133.9,,,,304.0,Very Poor
254171,DL005,2019-04-20 12:00:00,38.0,125.0,0.72,18.67,10.53,20.77,,22.33,137.23,,,,304.0,Very Poor
254172,DL005,2019-04-20 13:00:00,40.0,72.0,0.75,16.9,9.62,19.9,,26.3,130.18,,,,305.0,Very Poor
254173,DL005,2019-04-20 14:00:00,36.0,67.0,0.43,16.08,8.93,20.82,,25.45,157.9,,,,305.0,Very Poor
254174,DL005,2019-04-20 15:00:00,42.0,95.0,0.82,17.45,10.0,21.25,,23.68,137.57,,,,306.0,Very Poor
254175,DL005,2019-04-20 16:00:00,40.0,84.0,0.62,16.4,9.22,19.98,,22.35,159.0,,,,306.0,Very Poor
254176,DL005,2019-04-20 17:00:00,42.0,86.0,0.38,18.15,9.8,17.88,,19.75,137.95,,,,306.0,Very Poor
254177,DL005,2019-04-20 18:00:00,42.0,94.0,0.4,19.27,10.57,18.33,,19.1,148.45,,,,307.0,Very Poor
254178,DL005,2019-04-20 19:00:00,42.0,112.0,1.0,32.45,18.02,18.47,,18.12,136.72,,,,307.0,Very Poor
254179,DL005,2019-04-20 20:00:00,52.0,155.0,2.88,68.85,38.83,18.27,,21.85,77.6,,139.9,,307.0,Very Poor
254180,DL005,2019-04-20 21:00:00,63.0,207.5,15.9,110.05,70.9,23.82,,33.45,18.9,,122.5,,307.0,Very Poor
254181,DL005,2019-04-20 22:00:00,107.0,278.0,49.9,105.67,96.6,27.27,,31.98,8.3,,,,307.0,Very Poor
254182,DL005,2019-04-20 23:00:00,142.0,392.5,108.88,102.43,143.32,29.2,,28.25,2.35,,128.28,,306.0,Very Poor
254183,DL005,2019-04-21 00:00:00,151.25,435.75,45.3,95.75,88.03,30.33,,30.9,3.33,,152.35,,305.0,Very Poor
254184,DL005,2019-04-21 01:00:00,165.0,326.0,11.48,78.25,50.95,29.93,,34.17,12.25,,145.32,,304.0,Very Poor
254185,DL005,2019-04-21 02:00:00,198.75,328.0,1.57,54.12,30.07,35.15,,42.85,23.25,,127.7,,303.0,Very Poor
254186,DL005,2019-04-21 03:00:00,209.25,318.5,3.6,63.2,36.9,33.3,,37.7,13.1,,120.8,,302.0,Very Poor
254187,DL005,2019-04-21 04:00:00,202.25,320.75,6.75,68.83,42.08,34.57,,37.42,9.9,,,,302.0,Very Poor
254188,DL005,2019-04-21 05:00:00,194.0,310.5,2.95,61.95,35.2,34.28,,38.95,9.7,,,,302.0,Very Poor
254189,DL005,2019-04-21 06:00:00,223.25,359.75,41.62,66.08,69.03,37.57,,40.08,3.9,,,,303.0,Very Poor
254190,DL005,2019-04-21 07:00:00,260.0,459.5,62.3,75.75,90.9,41.9,,41.6,5.17,,,,305.0,Very Poor
254191,DL005,2019-04-21 08:00:00,287.75,485.5,32.6,85.78,72.22,50.12,,50.47,14.6,,,,307.0,Very Poor
254192,DL005,2019-04-21 09:00:00,343.5,545.75,6.73,59.12,36.95,52.3,,111.9,78.8,,,,311.0,Very Poor
254193,DL005,2019-04-21 10:00:00,285.0,452.75,2.62,29.9,18.02,29.68,,39.6,127.15,,,,314.0,Very Poor
254194,DL005,2019-04-21 11:00:00,104.25,196.75,1.42,21.65,12.68,25.5,,28.9,145.7,,,,314.0,Very Poor
254195,DL005,2019-04-21 12:00:00,75.0,151.0,1.25,16.15,9.62,22.82,,23.98,146.0,,,,315.0,Very Poor
254196,DL005,2019-04-21 13:00:00,38.75,104.5,1.52,13.7,8.52,20.8,,22.1,138.08,,,,315.0,Very Poor
254197,DL005,2019-04-21 14:00:00,34.75,97.75,1.02,13.52,8.03,20.62,,23.27,133.5,,,,315.0,Very Poor
254198,DL005,2019-04-21 15:00:00,33.25,96.5,1.35,13.7,8.4,20.7,,22.95,133.43,,,,315.0,Very Poor
254199,DL005,2019-04-21 16:00:00,30.25,120.5,1.1,14.0,8.35,20.68,,22.1,132.53,,,,314.0,Very Poor
254200,DL005,2019-04-21 17:00:00,28.5,142.0,0.88,15.25,8.82,18.65,,18.75,134.1,,,,314.0,Very Poor
254201,DL005,2019-04-21 18:00:00,31.25,137.25,1.15,18.3,10.68,18.62,,18.83,134.3,,,,314.0,Very Poor
254202,DL005,2019-04-21 19:00:00,37.25,152.75,1.27,31.15,17.6,18.95,,19.0,109.47,,,,313.0,Very Poor
254203,DL005,2019-04-21 20:00:00,49.75,239.0,1.77,73.35,40.53,19.97,,22.23,50.63,,,,313.0,Very Poor
254204,DL005,2019-04-21 21:00:00,76.5,333.5,46.88,110.25,96.7,22.88,,25.35,6.83,,210.0,,314.0,Very Poor
254205,DL005,2019-04-21 22:00:00,115.0,430.0,63.75,103.07,106.8,28.73,,27.12,5.3,,213.05,,314.0,Very Poor
254206,DL005,2019-04-21 23:00:00,146.5,498.5,3.12,81.88,46.1,29.72,,32.62,17.68,,350.85,,314.0,Very Poor
254207,DL005,2019-04-22 00:00:00,157.5,438.0,2.55,72.0,40.4,31.3,,32.62,25.35,,348.45,,314.0,Very Poor
254208,DL005,2019-04-22 01:00:00,169.25,407.0,1.7,68.58,37.88,30.75,,33.58,20.75,,259.88,,314.0,Very Poor
254209,DL005,2019-04-22 02:00:00,146.0,359.0,24.35,75.25,67.72,29.3,,30.38,,,234.07,,313.0,Very Poor
254210,DL005,2019-04-22 03:00:00,149.0,338.0,17.0,71.5,52.0,33.3,,31.0,,,371.67,,311.0,Very Poor
254211,DL005,2019-04-22 04:00:00,153.0,345.0,25.08,67.8,56.83,33.02,,28.57,0.65,,212.57,,309.0,Very Poor
254212,DL005,2019-04-22 05:00:00,169.0,361.0,34.4,70.57,65.35,33.2,,33.97,2.2,,199.73,,308.0,Very Poor
254213,DL005,2019-04-22 06:00:00,169.0,393.0,14.72,64.85,46.58,36.5,,45.07,3.1,,148.4,,307.0,Very Poor
254214,DL005,2019-04-22 07:00:00,190.0,377.0,10.2,63.9,42.3,39.2,,46.77,5.2,,,,304.0,Very Poor
254215,DL005,2019-04-22 08:00:00,223.0,464.0,8.88,54.07,36.0,42.92,,65.82,19.7,,,,302.0,Very Poor
254216,DL005,2019-04-22 09:00:00,243.0,454.0,4.35,45.88,27.93,45.35,,62.9,60.6,,,,296.0,Poor
254217,DL005,2019-04-22 10:00:00,205.0,393.0,2.75,32.42,19.48,46.83,,44.92,134.57,,,,285.0,Poor
254218,DL005,2019-04-22 11:00:00,133.0,262.0,1.62,22.43,13.28,45.33,,27.4,140.7,,,,289.0,Poor
254219,DL005,2019-04-22 12:00:00,52.5,129.5,1.2,17.32,9.98,44.65,,20.65,164.6,,,,286.0,Poor
254220,DL005,2019-04-22 13:00:00,41.75,128.25,1.6,14.47,9.0,39.4,,23.35,175.65,,,,287.0,Poor
254221,DL005,2019-04-22 14:00:00,48.75,116.75,0.8,13.38,7.75,34.12,0.95,27.5,159.68,,,,289.0,Poor
254222,DL005,2019-04-22 15:00:00,42.25,138.0,1.25,12.43,7.6,31.95,1.08,71.75,146.45,,,,290.0,Poor
254223,DL005,2019-04-22 16:00:00,34.0,153.0,1.2,13.32,8.05,30.98,0.5,14.53,144.85,,,,290.0,Poor
254224,DL005,2019-04-22 17:00:00,35.25,164.75,1.1,15.8,9.3,30.35,0.4,12.5,150.05,,119.5,,291.0,Poor
254225,DL005,2019-04-22 18:00:00,39.5,174.25,1.32,20.62,12.05,32.5,0.4,13.23,145.45,,155.4,,292.0,Poor
254226,DL005,2019-04-22 19:00:00,42.25,192.0,1.2,35.85,20.05,32.42,0.55,13.72,112.15,,,,293.0,Poor
254227,DL005,2019-04-22 20:00:00,57.0,285.5,3.23,102.8,57.45,30.52,1.18,15.25,33.85,,,,294.0,Poor
254228,DL005,2019-04-22 21:00:00,98.5,519.75,61.0,120.38,113.88,33.68,2.45,17.55,5.33,,,,297.0,Poor
254229,DL005,2019-04-22 22:00:00,132.25,730.0,6.8,104.83,61.27,35.88,1.9,26.18,9.3,,211.5,,300.0,Poor
254230,DL005,2019-04-22 23:00:00,154.0,615.0,43.0,100.72,88.52,32.97,1.85,28.08,2.73,,302.32,,300.0,Poor
254231,DL005,2019-04-23 00:00:00,153.75,517.5,28.35,89.32,70.65,40.67,1.35,36.48,3.55,,112.1,,300.0,Poor
254232,DL005,2019-04-23 01:00:00,189.0,470.25,3.12,68.68,39.02,44.92,1.05,47.5,14.25,,,,301.0,Very Poor
254233,DL005,2019-04-23 02:00:00,213.5,444.5,1.62,60.05,33.52,43.72,0.97,40.35,19.55,,,,303.0,Very Poor
254234,DL005,2019-04-23 03:00:00,200.0,414.0,1.4,50.7,28.1,41.3,,,18.18,,,,304.0,Very Poor
254235,DL005,2019-04-23 04:00:00,179.5,369.0,1.93,50.62,28.48,40.23,0.88,31.65,17.2,,112.6,,305.0,Very Poor
254236,DL005,2019-04-23 05:00:00,172.5,363.25,19.65,62.05,48.92,35.85,1.27,28.1,4.4,,,,305.0,Very Poor
254237,DL005,2019-04-23 06:00:00,174.25,385.25,16.95,56.6,44.08,37.2,1.33,25.88,5.58,,,,306.0,Very Poor
254238,DL005,2019-04-23 07:00:00,176.75,430.0,15.22,68.5,48.8,37.6,1.45,30.35,6.93,,,,305.0,Very Poor
254239,DL005,2019-04-23 08:00:00,187.5,470.75,54.7,83.0,88.5,44.53,1.93,35.55,10.32,,104.8,,304.0,Very Poor
254240,DL005,2019-04-23 09:00:00,204.0,497.25,8.4,68.55,43.3,44.77,1.4,38.4,60.88,,,,303.0,Very Poor
254241,DL005,2019-04-23 10:00:00,206.25,427.25,3.52,56.42,32.9,50.82,1.07,36.08,155.95,,,,303.0,Very Poor
254242,DL005,2019-04-23 11:00:00,177.25,369.25,1.55,23.0,13.52,37.38,0.43,22.23,162.93,,,,305.0,Very Poor
254243,DL005,2019-04-23 12:00:00,64.5,178.5,1.5,16.95,10.1,35.88,0.32,18.85,150.8,,,,308.0,Very Poor
254244,DL005,2019-04-23 13:00:00,45.0,156.0,1.33,14.88,8.97,35.42,0.6,18.73,148.72,,,,309.0,Very Poor
254245,DL005,2019-04-23 14:00:00,35.75,139.25,1.4,13.32,8.25,28.3,0.65,22.35,162.75,,,,311.0,Very Poor
254246,DL005,2019-04-23 15:00:00,35.75,143.75,1.0,12.62,7.52,26.2,0.7,18.38,153.12,,,,311.0,Very Poor
254247,DL005,2019-04-23 16:00:00,38.5,146.0,1.02,12.85,7.7,26.62,0.53,15.8,137.03,,,,311.0,Very Poor
254248,DL005,2019-04-23 17:00:00,40.5,161.0,0.93,15.83,9.18,25.75,0.38,15.28,134.2,,,,310.0,Very Poor
254249,DL005,2019-04-23 18:00:00,43.0,213.0,1.45,23.55,13.73,29.85,0.3,15.22,125.5,,245.3,,312.0,Very Poor
254250,DL005,2019-04-23 19:00:00,49.25,241.25,1.4,40.2,22.5,31.82,0.45,14.58,92.65,,111.9,,315.0,Very Poor
254251,DL005,2019-04-23 20:00:00,64.0,281.75,2.85,90.95,50.42,30.82,0.98,15.53,40.45,,,,315.0,Very Poor
254252,DL005,2019-04-23 21:00:00,90.25,427.5,11.8,98.1,61.8,36.48,1.75,19.3,30.65,,405.0,,310.0,Very Poor
254253,DL005,2019-04-23 22:00:00,122.0,641.5,1.45,54.45,30.12,33.35,1.1,28.62,66.95,,119.5,,305.0,Very Poor
254254,DL005,2019-04-23 23:00:00,121.0,492.75,1.4,55.77,30.78,33.98,1.38,25.12,38.62,,,,303.0,Very Poor
254255,DL005,2019-04-24 00:00:00,138.5,525.25,1.77,65.75,36.42,35.35,1.38,23.73,22.88,,,,303.0,Very Poor
254256,DL005,2019-04-24 01:00:00,140.25,453.0,1.85,75.38,41.58,36.22,1.2,22.95,33.53,,,,301.0,Very Poor
254257,DL005,2019-04-24 02:00:00,116.25,319.5,1.67,86.62,47.45,38.02,0.8,19.98,23.1,,,,294.0,Poor
254258,DL005,2019-04-24 03:00:00,97.0,251.25,1.6,74.9,41.1,44.7,,,22.38,,,,287.0,Poor
254259,DL005,2019-04-24 04:00:00,100.75,260.25,1.72,72.15,39.77,41.0,1.0,19.1,19.0,,,,282.0,Poor
254260,DL005,2019-04-24 05:00:00,104.0,287.0,1.88,65.72,36.5,36.85,1.2,18.4,38.23,,,,279.0,Poor
254261,DL005,2019-04-24 06:00:00,106.5,280.25,2.33,74.35,41.48,37.55,1.25,19.1,18.3,,,,275.0,Poor
254262,DL005,2019-04-24 07:00:00,106.25,328.5,4.4,73.77,42.83,38.67,1.33,20.02,13.62,,,,270.0,Poor
254263,DL005,2019-04-24 08:00:00,113.75,353.25,6.03,68.62,41.4,44.8,1.48,21.88,22.6,,,,266.0,Poor
254264,DL005,2019-04-24 09:00:00,136.0,392.5,4.45,53.5,32.12,50.1,1.62,29.02,39.95,,,,261.0,Poor
254265,DL005,2019-04-24 10:00:00,152.25,432.25,3.33,47.48,27.95,48.47,1.08,23.85,87.03,,,,261.0,Poor
254266,DL005,2019-04-24 11:00:00,118.5,395.0,2.73,45.8,26.57,56.75,0.8,20.6,133.62,,,,263.0,Poor
254267,DL005,2019-04-24 12:00:00,,,1.9,35.88,20.62,56.45,0.8,18.55,170.82,,,,268.0,Poor
254268,DL005,2019-04-24 13:00:00,85.0,315.0,1.72,26.35,15.43,51.53,0.98,19.8,,,,,275.0,Poor
254269,DL005,2019-04-24 14:00:00,85.0,308.25,1.5,22.38,13.15,45.03,1.1,20.18,,,,,283.0,Poor
254270,DL005,2019-04-24 15:00:00,75.5,272.75,1.18,17.25,10.1,38.92,0.95,18.75,180.5,,,,288.0,Poor
254271,DL005,2019-04-24 16:00:00,48.25,249.0,1.55,14.8,9.15,36.73,0.48,15.3,132.5,,,,293.0,Poor
254272,DL005,2019-04-24 17:00:00,50.75,290.0,1.45,15.5,9.43,31.95,0.4,14.35,120.5,,,,298.0,Poor
254273,DL005,2019-04-24 18:00:00,45.25,219.25,1.12,19.68,11.32,29.1,0.28,12.38,106.68,,,,299.0,Poor
254274,DL005,2019-04-24 19:00:00,56.25,279.5,1.03,43.12,23.88,34.83,0.82,16.77,114.83,,180.8,,300.0,Poor
254275,DL005,2019-04-24 20:00:00,114.5,454.5,1.45,64.75,35.62,41.98,1.15,21.23,93.83,,230.65,,310.0,Very Poor
254276,DL005,2019-04-24 21:00:00,146.25,555.5,1.55,62.25,34.4,48.0,1.5,23.5,65.75,,241.7,,317.0,Very Poor
254277,DL005,2019-04-24 22:00:00,154.75,559.75,1.58,49.75,27.75,46.62,1.33,26.52,52.98,,162.32,,312.0,Very Poor
254278,DL005,2019-04-24 23:00:00,154.75,574.25,1.75,49.23,27.57,46.55,1.4,28.25,36.88,,,,317.0,Very Poor
254279,DL005,2019-04-25 00:00:00,154.75,629.0,1.45,27.98,16.07,44.75,0.88,22.35,60.35,,,,322.0,Very Poor
254280,DL005,2019-04-25 01:00:00,126.0,471.25,1.27,36.2,20.35,46.08,0.95,22.02,42.62,,,,323.0,Very Poor
254281,DL005,2019-04-25 02:00:00,137.5,395.5,1.43,33.62,19.05,46.85,0.8,20.08,52.45,,,,327.0,Very Poor
254282,DL005,2019-04-25 03:00:00,127.0,370.75,0.7,29.9,16.5,57.2,,,44.53,,,,334.0,Very Poor
254283,DL005,2019-04-25 04:00:00,130.25,360.0,1.35,32.17,18.22,52.5,1.27,22.38,26.65,,,,339.0,Very Poor
254284,DL005,2019-04-25 05:00:00,141.5,352.0,1.68,40.42,22.85,51.25,1.42,21.9,21.0,,,,343.0,Very Poor
254285,DL005,2019-04-25 06:00:00,135.0,344.25,1.57,40.62,22.85,52.6,1.3,19.1,24.48,,,,346.0,Very Poor
254286,DL005,2019-04-25 07:00:00,98.75,285.0,1.35,33.23,18.75,48.12,1.2,17.23,37.0,,,,344.0,Very Poor
254287,DL005,2019-04-25 08:00:00,89.0,289.0,2.12,40.55,23.35,50.95,1.3,16.6,43.4,,,,340.0,Very Poor
254288,DL005,2019-04-25 09:00:00,89.0,302.25,2.67,37.48,22.1,50.33,1.3,16.8,64.38,,,,336.0,Very Poor
254289,DL005,2019-04-25 10:00:00,88.0,302.75,2.2,32.75,19.23,51.5,0.95,15.68,89.7,,,,329.0,Very Poor
254290,DL005,2019-04-25 11:00:00,85.75,295.75,2.17,32.23,18.92,63.4,0.93,15.97,128.62,,,,323.0,Very Poor
254291,DL005,2019-04-25 12:00:00,92.5,318.25,1.68,35.48,20.2,65.75,1.1,16.93,187.35,,,,320.0,Very Poor
254292,DL005,2019-04-25 13:00:00,105.75,361.25,1.55,40.78,22.93,66.38,1.27,18.35,,,,,323.0,Very Poor
254293,DL005,2019-04-25 14:00:00,103.5,362.75,1.67,34.28,19.6,54.27,1.3,18.2,,,,,326.0,Very Poor
254294,DL005,2019-04-25 15:00:00,96.5,372.5,1.55,27.83,16.08,49.67,1.1,17.92,,,,,331.0,Very Poor
254295,DL005,2019-04-25 16:00:00,83.5,367.0,1.35,18.9,11.12,45.1,0.75,17.33,189.9,,,,337.0,Very Poor
254296,DL005,2019-04-25 17:00:00,74.5,374.25,1.42,27.15,15.57,44.25,0.85,18.42,144.95,,153.6,,341.0,Very Poor
254297,DL005,2019-04-25 18:00:00,91.25,569.5,1.22,25.0,14.3,40.15,0.62,16.52,132.43,,125.3,,360.0,Very Poor
254298,DL005,2019-04-25 19:00:00,73.5,375.0,1.15,25.77,14.65,49.52,0.48,16.35,97.28,,128.95,,365.0,Very Poor
254299,DL005,2019-04-25 20:00:00,68.0,441.25,1.27,26.27,15.0,46.58,0.55,14.88,82.28,,109.5,,364.0,Very Poor
254300,DL005,2019-04-25 21:00:00,54.75,267.25,1.18,31.6,17.82,42.0,0.55,13.83,67.2,,118.6,,349.0,Very Poor
254301,DL005,2019-04-25 22:00:00,52.5,262.75,1.47,33.17,18.8,36.1,0.85,16.55,55.2,,,,334.0,Very Poor
254302,DL005,2019-04-25 23:00:00,57.5,273.75,1.25,33.85,19.05,31.43,0.9,19.3,50.7,,,,318.0,Very Poor
254303,DL005,2019-04-26 00:00:00,60.0,233.0,1.3,35.33,19.88,30.27,0.93,19.32,37.95,,,,298.0,Poor
254304,DL005,2019-04-26 01:00:00,69.75,206.5,3.95,63.85,37.15,31.52,1.0,19.32,12.32,,,,287.0,Poor
254305,DL005,2019-04-26 02:00:00,96.0,247.75,2.0,55.58,31.12,36.45,0.8,28.9,12.95,,,,281.0,Poor
254306,DL005,2019-04-26 03:00:00,119.25,259.75,2.2,49.0,27.8,44.0,,,19.5,,106.1,,276.0,Poor
254307,DL005,2019-04-26 04:00:00,131.75,256.5,3.88,51.83,30.78,39.95,1.08,29.25,9.55,,,,272.0,Poor
254308,DL005,2019-04-26 05:00:00,125.0,246.75,6.45,53.27,33.78,35.35,1.18,26.8,5.22,,,,267.0,Poor
254309,DL005,2019-04-26 06:00:00,142.0,278.5,11.55,53.73,38.0,38.12,1.48,32.33,6.38,,,,265.0,Poor
254310,DL005,2019-04-26 07:00:00,166.25,324.5,25.4,51.67,48.15,37.98,1.57,30.8,4.72,,,,266.0,Poor
254311,DL005,2019-04-26 08:00:00,179.5,371.75,27.65,69.55,59.52,41.3,1.83,36.02,8.88,,,,270.0,Poor
254312,DL005,2019-04-26 09:00:00,201.5,393.0,7.52,48.55,31.97,41.27,1.45,36.6,49.7,,,,273.0,Poor
254313,DL005,2019-04-26 10:00:00,141.75,338.0,2.67,32.3,19.32,38.95,0.8,32.88,111.55,,,,275.0,Poor
254314,DL005,2019-04-26 11:00:00,101.75,322.75,1.78,25.02,14.78,40.85,0.67,32.98,166.3,,,,276.0,Poor
254315,DL005,2019-04-26 12:00:00,89.5,296.25,1.57,17.75,10.72,36.12,0.67,23.07,169.12,,,,275.0,Poor
254316,DL005,2019-04-26 13:00:00,54.5,238.25,1.4,13.5,8.3,33.27,0.57,17.35,144.27,,,,270.0,Poor
254317,DL005,2019-04-26 14:00:00,49.75,224.25,1.3,12.12,7.55,30.93,0.7,15.03,117.32,,,,264.0,Poor
254318,DL005,2019-04-26 15:00:00,41.0,247.75,0.95,11.7,7.0,27.62,0.6,14.47,115.15,,,,259.0,Poor
254319,DL005,2019-04-26 16:00:00,45.5,238.75,1.55,12.05,7.67,26.2,0.4,14.47,113.95,,,,254.0,Poor
254320,DL005,2019-04-26 17:00:00,49.0,259.25,1.53,13.6,8.48,23.8,0.45,13.45,113.68,,,,249.0,Poor
254321,DL005,2019-04-26 18:00:00,46.5,281.0,1.18,19.4,11.28,22.0,0.35,12.98,106.2,,,,237.0,Poor
254322,DL005,2019-04-26 19:00:00,51.25,266.5,1.4,36.48,20.55,25.6,0.45,12.93,77.55,,,,232.0,Poor
254323,DL005,2019-04-26 20:00:00,68.5,318.25,2.58,81.95,45.7,24.45,0.85,17.2,27.12,,,,227.0,Poor
254324,DL005,2019-04-26 21:00:00,98.75,458.75,19.7,99.67,69.1,29.2,1.32,23.6,6.5,,,,235.0,Poor
254325,DL005,2019-04-26 22:00:00,126.0,524.25,13.72,86.0,56.83,29.3,1.6,29.85,6.0,,,,246.0,Poor
254326,DL005,2019-04-26 23:00:00,137.5,553.75,10.05,78.33,49.88,28.2,1.4,36.15,5.35,,,,258.0,Poor
254327,DL005,2019-04-27 00:00:00,141.5,508.75,5.17,66.65,39.73,28.75,1.23,32.5,14.67,,,,269.0,Poor
254328,DL005,2019-04-27 01:00:00,147.0,496.25,1.55,34.0,19.27,27.4,0.97,26.77,46.88,,,,281.0,Poor
254329,DL005,2019-04-27 02:00:00,104.75,404.25,0.85,23.8,13.38,24.85,0.78,17.8,53.35,,102.1,,288.0,Poor
254330,DL005,2019-04-27 03:00:00,77.5,335.75,1.3,31.2,17.7,29.9,,,51.68,,,,291.0,Poor
254331,DL005,2019-04-27 04:00:00,80.5,311.0,1.45,32.08,18.25,28.57,0.67,29.73,47.3,,,,293.0,Poor
254332,DL005,2019-04-27 05:00:00,82.25,281.0,1.18,31.75,17.82,24.62,0.53,26.48,51.77,,,,295.0,Poor
254333,DL005,2019-04-27 06:00:00,74.0,245.0,1.35,36.77,20.68,26.75,0.9,33.53,38.0,,,,293.0,Poor
254334,DL005,2019-04-27 07:00:00,89.0,263.0,6.17,58.98,37.0,26.95,1.02,35.98,14.07,,,,291.0,Poor
254335,DL005,2019-04-27 08:00:00,117.0,306.0,6.47,43.58,28.48,32.42,1.12,41.02,34.25,,,,288.0,Poor
254336,DL005,2019-04-27 09:00:00,164.0,393.0,2.88,25.5,15.95,27.57,0.83,24.42,79.78,,,,288.0,Poor
254337,DL005,2019-04-27 10:00:00,75.0,260.0,2.55,21.62,13.62,26.3,0.5,18.4,105.3,,,,285.0,Poor
254338,DL005,2019-04-27 11:00:00,55.0,321.0,2.33,17.02,10.93,26.52,0.32,14.57,118.05,,,,285.0,Poor
254339,DL005,2019-04-27 12:00:00,57.0,360.0,2.1,16.73,10.65,24.48,0.3,13.3,125.7,,,,287.0,Poor
254340,DL005,2019-04-27 13:00:00,57.0,407.0,2.33,16.12,10.28,21.17,0.3,12.53,128.05,,,,294.0,Poor
254341,DL005,2019-04-27 14:00:00,70.0,609.0,1.57,14.43,8.95,20.73,0.55,12.35,125.72,,,,313.0,Very Poor
254342,DL005,2019-04-27 15:00:00,88.0,879.0,1.3,11.2,7.03,17.77,0.6,12.62,123.22,,,,346.0,Very Poor
254343,DL005,2019-04-27 16:00:00,74.0,508.0,1.43,11.8,7.4,17.6,0.4,13.1,124.03,,,,360.0,Very Poor
254344,DL005,2019-04-27 17:00:00,62.0,577.0,1.73,11.47,7.62,16.73,0.47,12.93,127.55,,,,376.0,Very Poor
254345,DL005,2019-04-27 18:00:00,63.0,366.0,1.12,14.32,8.52,16.85,0.5,13.43,123.58,,,,381.0,Very Poor
254346,DL005,2019-04-27 19:00:00,52.0,301.0,1.02,21.73,12.4,18.47,0.53,13.15,108.17,,,,383.0,Very Poor
254347,DL005,2019-04-27 20:00:00,59.0,311.0,1.48,52.9,29.35,21.9,0.88,14.0,54.5,,,,382.0,Very Poor
254348,DL005,2019-04-27 21:00:00,102.0,389.0,2.15,70.5,39.22,25.02,1.08,19.8,26.58,,,,379.0,Very Poor
254349,DL005,2019-04-27 22:00:00,123.0,469.0,2.65,72.25,40.55,24.15,1.08,24.32,19.2,,,,376.0,Very Poor
254350,DL005,2019-04-27 23:00:00,107.0,458.0,1.25,52.35,28.83,21.6,0.93,22.7,35.68,,,,371.0,Very Poor
254351,DL005,2019-04-28 00:00:00,89.0,416.0,1.42,44.62,24.9,20.12,0.88,26.05,48.4,,,,366.0,Very Poor
254352,DL005,2019-04-28 01:00:00,99.0,454.0,1.38,23.58,13.67,20.0,0.65,24.92,83.15,,,,364.0,Very Poor
254353,DL005,2019-04-28 02:00:00,89.0,407.0,0.9,16.8,9.72,19.32,0.5,16.38,88.65,,,,364.0,Very Poor
254354,DL005,2019-04-28 03:00:00,59.0,295.0,1.2,17.8,10.4,20.7,,,85.6,,,,362.0,Very Poor
254355,DL005,2019-04-28 04:00:00,56.0,259.0,1.35,20.5,12.0,19.98,0.5,15.17,71.62,,,,359.0,Very Poor
254356,DL005,2019-04-28 05:00:00,59.0,248.0,1.4,29.17,16.67,18.93,0.5,18.95,52.62,,,,357.0,Very Poor
254357,DL005,2019-04-28 06:00:00,61.0,259.0,1.57,33.92,19.33,19.67,0.68,18.98,41.1,,,,358.0,Very Poor
254358,DL005,2019-04-28 07:00:00,73.0,268.0,2.95,41.83,24.67,24.15,0.93,28.85,26.98,,,,358.0,Very Poor
254359,DL005,2019-04-28 08:00:00,147.0,404.0,4.15,35.78,22.4,29.92,1.0,36.52,43.75,,,,363.0,Very Poor
254360,DL005,2019-04-28 09:00:00,162.0,494.0,2.42,24.9,15.2,25.43,0.8,26.35,92.55,,,,369.0,Very Poor
254361,DL005,2019-04-28 10:00:00,94.0,312.0,1.88,19.32,11.82,24.6,0.57,21.35,119.95,,,,371.0,Very Poor
254362,DL005,2019-04-28 11:00:00,81.0,321.0,1.6,15.92,9.8,22.27,0.38,15.03,121.47,,,,371.0,Very Poor
254363,DL005,2019-04-28 12:00:00,61.0,343.0,1.67,14.35,9.03,19.1,0.3,11.7,122.75,,,,371.0,Very Poor
254364,DL005,2019-04-28 13:00:00,56.0,370.0,1.55,14.57,9.1,15.28,0.3,10.93,119.35,,,,369.0,Very Poor
254365,DL005,2019-04-28 14:00:00,46.0,345.0,1.38,13.7,8.43,14.68,0.48,10.57,111.33,,,,355.0,Very Poor
254366,DL005,2019-04-28 15:00:00,48.0,361.0,1.3,11.95,7.43,13.77,0.5,12.12,114.97,,,,328.0,Very Poor
254367,DL005,2019-04-28 16:00:00,51.0,326.0,1.28,11.12,6.92,13.98,0.38,12.0,116.83,,,,318.0,Very Poor
254368,DL005,2019-04-28 17:00:00,46.0,305.0,1.18,11.48,7.07,14.02,0.4,12.38,121.25,,,,304.0,Very Poor
254369,DL005,2019-04-28 18:00:00,47.0,255.0,1.23,14.82,8.9,13.7,0.5,12.28,115.45,,,,299.0,Poor
254370,DL005,2019-04-28 19:00:00,47.0,238.0,1.27,33.58,18.9,16.52,0.72,12.53,85.67,,172.95,,296.0,Poor
254371,DL005,2019-04-28 20:00:00,58.0,317.0,1.3,40.5,22.6,19.33,0.88,13.08,69.62,,296.38,,296.0,Poor
254372,DL005,2019-04-28 21:00:00,95.0,354.0,2.58,79.75,44.47,22.38,1.35,14.97,22.2,,281.0,,295.0,Poor
254373,DL005,2019-04-28 22:00:00,132.0,458.0,26.8,85.95,67.33,24.7,1.48,24.43,5.18,,132.3,,294.0,Poor
254374,DL005,2019-04-28 23:00:00,151.0,574.0,11.2,74.67,48.88,25.3,1.27,38.95,3.9,,,,299.0,Poor
254375,DL005,2019-04-29 00:00:00,171.0,537.0,3.1,51.08,29.75,24.4,1.0,33.78,,,,,305.0,Very Poor
254376,DL005,2019-04-29 01:00:00,155.0,484.0,1.05,39.05,21.62,21.85,0.95,25.27,,,,,307.0,Very Poor
254377,DL005,2019-04-29 02:00:00,111.0,387.0,0.8,22.1,12.4,19.52,0.65,18.25,,,,,306.0,Very Poor
254378,DL005,2019-04-29 03:00:00,69.0,301.0,1.4,20.5,12.0,21.4,,,,,,,306.0,Very Poor
254379,DL005,2019-04-29 04:00:00,68.0,299.0,1.07,23.2,13.2,21.45,0.6,17.4,,,,,308.0,Very Poor
254380,DL005,2019-04-29 05:00:00,72.0,268.0,1.57,38.55,21.8,21.4,0.65,21.85,,,,,309.0,Very Poor
254381,DL005,2019-04-29 06:00:00,91.0,287.0,1.8,43.88,24.82,28.98,1.1,57.6,,,,,311.0,Very Poor
254382,DL005,2019-04-29 07:00:00,201.0,440.0,3.83,51.1,30.3,30.93,1.1,55.95,27.75,,,,320.0,Very Poor
254383,DL005,2019-04-29 08:00:00,186.0,444.0,5.8,47.62,30.05,31.52,1.05,50.45,39.6,,,,322.0,Very Poor
254384,DL005,2019-04-29 09:00:00,164.5,460.75,4.17,37.83,23.52,30.25,0.88,39.53,78.95,,,,320.0,Very Poor
254385,DL005,2019-04-29 10:00:00,120.0,341.25,2.07,25.8,15.4,25.02,0.62,26.8,119.5,,,,322.0,Very Poor
254386,DL005,2019-04-29 11:00:00,75.0,264.25,1.55,14.93,9.2,20.23,0.47,16.6,127.88,,,,319.0,Very Poor
254387,DL005,2019-04-29 12:00:00,55.75,206.0,1.52,13.62,8.48,18.85,0.4,13.27,127.82,,,,312.0,Very Poor
254388,DL005,2019-04-29 13:00:00,50.5,186.5,1.3,14.07,8.52,16.38,0.4,11.9,137.43,,,,302.0,Very Poor
254389,DL005,2019-04-29 14:00:00,44.25,179.5,1.52,13.65,8.5,15.6,0.5,11.47,137.85,,,,295.0,Poor
254390,DL005,2019-04-29 15:00:00,40.5,200.25,1.58,13.45,8.43,14.68,0.62,12.65,144.22,,,,288.0,Poor
254391,DL005,2019-04-29 16:00:00,45.25,197.25,1.55,12.42,7.85,14.57,0.45,12.62,143.43,,,,283.0,Poor
254392,DL005,2019-04-29 17:00:00,46.25,179.75,1.27,14.28,8.65,14.77,0.53,12.32,140.12,,,,277.0,Poor
254393,DL005,2019-04-29 18:00:00,48.5,197.0,1.55,18.3,11.0,14.85,0.62,12.6,129.82,,,,275.0,Poor
254394,DL005,2019-04-29 19:00:00,55.75,240.25,1.32,34.48,19.38,16.6,0.82,12.53,94.28,,,,275.0,Poor
254395,DL005,2019-04-29 20:00:00,74.25,321.75,1.02,67.55,36.78,20.88,1.25,17.48,49.58,,293.85,,275.0,Poor
254396,DL005,2019-04-29 21:00:00,118.0,447.5,2.0,89.22,49.1,23.4,1.52,20.45,31.92,,355.98,,279.0,Poor
254397,DL005,2019-04-29 22:00:00,158.75,522.5,1.92,72.03,39.83,24.75,1.55,31.18,32.85,,246.3,,282.0,Poor
254398,DL005,2019-04-29 23:00:00,160.5,502.75,12.12,94.65,60.27,25.05,1.65,30.35,8.47,,160.6,,279.0,Poor
254399,DL005,2019-04-30 00:00:00,150.0,500.75,15.7,93.15,62.38,25.23,1.52,28.98,6.8,,188.03,,277.0,Poor
254400,DL005,2019-04-30 01:00:00,150.0,444.5,2.3,66.4,37.2,25.08,1.45,40.67,25.7,,163.75,,276.0,Poor
254401,DL005,2019-04-30 02:00:00,146.5,357.0,1.73,65.1,36.08,26.23,1.42,33.45,22.05,,134.7,,275.0,Poor
254402,DL005,2019-04-30 03:00:00,136.5,314.75,1.1,49.5,27.2,28.8,,,33.75,,153.55,,275.0,Poor
254403,DL005,2019-04-30 04:00:00,136.0,287.0,1.1,47.98,26.43,28.25,1.08,32.33,36.97,,130.3,,275.0,Poor
254404,DL005,2019-04-30 05:00:00,133.5,293.5,0.95,53.3,29.1,27.27,1.02,35.33,25.17,,,,276.0,Poor
254405,DL005,2019-04-30 06:00:00,147.0,319.0,5.83,62.67,38.82,28.9,1.15,33.88,13.28,,,,277.0,Poor
254406,DL005,2019-04-30 07:00:00,157.5,362.75,45.52,80.75,80.03,30.85,1.43,30.1,7.65,,,,274.0,Poor
254407,DL005,2019-04-30 08:00:00,162.5,432.25,30.32,104.08,80.08,32.88,1.5,30.3,30.3,,,,273.0,Poor
254408,DL005,2019-04-30 09:00:00,166.5,427.0,12.78,106.5,67.08,35.35,1.65,33.42,90.9,,,,272.0,Poor
254409,DL005,2019-04-30 10:00:00,162.5,468.5,4.67,68.53,40.28,30.85,1.27,29.67,163.75,,,,277.0,Poor
254410,DL005,2019-04-30 11:00:00,134.25,424.5,2.35,54.8,31.08,32.67,1.18,32.65,,,,,284.0,Poor
254411,DL005,2019-04-30 12:00:00,139.5,388.0,1.25,42.35,23.57,32.8,0.97,23.93,,,,,291.0,Poor
254412,DL005,2019-04-30 13:00:00,94.5,346.75,1.8,37.3,21.27,31.75,0.75,18.72,,,,,298.0,Poor
254413,DL005,2019-04-30 14:00:00,78.75,364.75,1.55,25.65,14.9,30.38,0.62,14.8,,,,,307.0,Very Poor
254414,DL005,2019-04-30 15:00:00,70.0,318.0,1.45,17.58,10.55,26.12,0.72,14.98,,,,,313.0,Very Poor
254415,DL005,2019-04-30 16:00:00,61.75,267.75,1.35,13.98,8.55,22.05,0.5,15.18,180.32,,,,317.0,Very Poor
254416,DL005,2019-04-30 17:00:00,55.75,225.5,1.15,12.8,7.92,21.85,0.5,15.12,171.72,,,,319.0,Very Poor
254417,DL005,2019-04-30 18:00:00,56.25,263.5,1.22,13.55,8.22,21.27,0.48,14.0,135.5,,,,323.0,Very Poor
254418,DL005,2019-04-30 19:00:00,54.75,422.25,0.75,18.85,10.62,21.1,0.5,12.55,122.4,,,,332.0,Very Poor
254419,DL005,2019-04-30 20:00:00,71.5,317.75,7.25,50.7,32.95,22.52,0.9,11.72,77.82,,,,332.0,Very Poor
254420,DL005,2019-04-30 21:00:00,102.0,314.75,1.7,31.2,18.0,27.15,0.8,14.45,138.85,,,,325.0,Very Poor
254421,DL005,2019-04-30 22:00:00,135.75,389.75,0.98,30.68,17.1,29.15,1.05,16.08,128.88,,,,318.0,Very Poor
254422,DL005,2019-04-30 23:00:00,111.75,405.25,1.18,43.75,24.3,27.98,1.35,17.15,84.22,,,,313.0,Very Poor
254423,DL005,2019-05-01 00:00:00,119.5,482.75,48.75,110.48,98.57,30.82,1.77,17.88,6.3,,,,312.0,Very Poor
254424,DL005,2019-05-01 01:00:00,134.25,570.75,1.52,46.62,26.02,30.73,1.07,23.6,74.6,,,,319.0,Very Poor
254425,DL005,2019-05-01 02:00:00,129.0,457.75,1.18,43.67,24.25,37.2,1.0,28.38,81.55,,,,324.0,Very Poor
254426,DL005,2019-05-01 03:00:00,125.25,338.5,1.5,27.4,15.8,34.4,,,80.4,,,,325.0,Very Poor
254427,DL005,2019-05-01 04:00:00,118.75,324.25,1.35,29.65,16.88,33.58,1.0,30.35,68.82,,,,327.0,Very Poor
254428,DL005,2019-05-01 05:00:00,133.75,347.75,1.2,32.32,18.18,32.45,1.0,32.53,52.08,,,,330.0,Very Poor
254429,DL005,2019-05-01 06:00:00,131.75,340.25,1.47,38.08,21.47,33.38,0.8,30.48,49.5,,,,331.0,Very Poor
254430,DL005,2019-05-01 07:00:00,116.25,313.5,2.2,41.25,23.7,33.67,0.9,26.07,51.93,,,,329.0,Very Poor
254431,DL005,2019-05-01 08:00:00,104.0,267.5,3.48,43.8,26.1,31.88,1.05,22.55,54.2,,,,320.0,Very Poor
254432,DL005,2019-05-01 09:00:00,94.75,278.0,2.97,34.78,20.93,31.32,0.95,26.7,89.88,,,,312.0,Very Poor
254433,DL005,2019-05-01 10:00:00,108.0,312.25,2.6,31.02,18.62,35.73,1.0,30.53,131.38,,,,304.0,Very Poor
254434,DL005,2019-05-01 11:00:00,122.5,346.75,1.85,25.6,15.12,34.83,0.93,27.67,177.52,,,,300.0,Poor
254435,DL005,2019-05-01 12:00:00,121.5,389.75,1.42,27.15,15.62,35.97,0.9,26.32,,,115.65,,300.0,Poor
254436,DL005,2019-05-01 13:00:00,122.0,394.5,1.45,21.65,12.68,36.23,0.97,16.9,,,135.0,,303.0,Very Poor
254437,DL005,2019-05-01 14:00:00,112.75,352.75,1.2,16.38,9.73,35.4,0.8,12.7,194.6,,,,302.0,Very Poor
254438,DL005,2019-05-01 15:00:00,89.25,297.5,1.52,12.9,8.08,30.75,0.9,10.88,174.2,,,,301.0,Very Poor
254439,DL005,2019-05-01 16:00:00,70.75,235.75,1.0,10.57,6.45,25.1,0.5,9.7,191.25,,,,300.0,Poor
254440,DL005,2019-05-01 17:00:00,57.25,189.75,0.93,13.1,7.75,22.88,0.55,8.52,180.43,,,,298.0,Poor
254441,DL005,2019-05-01 18:00:00,56.5,198.5,1.22,22.08,12.93,22.05,0.68,8.68,164.85,,,,295.0,Poor
254442,DL005,2019-05-01 19:00:00,63.75,243.5,1.35,50.3,27.9,23.5,0.95,9.62,118.35,,154.9,,288.0,Poor
254443,DL005,2019-05-01 20:00:00,84.5,351.25,24.98,115.35,81.85,28.8,1.62,8.7,32.03,,146.7,,289.0,Poor
254444,DL005,2019-05-01 21:00:00,131.75,607.25,28.23,135.75,95.2,29.17,2.2,15.55,5.57,,,,302.0,Very Poor
254445,DL005,2019-05-01 22:00:00,161.0,851.0,23.55,123.4,84.85,32.23,2.12,14.32,4.65,,140.52,,326.0,Very Poor
254446,DL005,2019-05-01 23:00:00,154.25,720.25,52.2,106.5,99.08,30.25,2.18,21.05,4.78,,108.95,,342.0,Very Poor
254447,DL005,2019-05-02 00:00:00,153.75,482.25,16.23,81.8,56.75,33.12,1.55,27.0,8.25,,110.85,,342.0,Very Poor
254448,DL005,2019-05-02 01:00:00,189.25,510.0,2.6,56.0,31.9,34.1,1.48,24.07,27.65,,,,339.0,Very Poor
254449,DL005,2019-05-02 02:00:00,177.75,570.5,1.1,32.98,18.45,32.0,1.27,22.1,56.3,,,,345.0,Very Poor
254450,DL005,2019-05-02 03:00:00,103.5,406.0,0.6,17.8,9.9,34.3,,,66.47,,,,348.0,Very Poor
254451,DL005,2019-05-02 04:00:00,66.5,236.0,1.02,19.5,11.2,32.12,0.55,14.88,69.9,,,,344.0,Very Poor
254452,DL005,2019-05-02 05:00:00,51.75,168.75,1.0,23.9,13.55,29.5,0.55,15.0,65.6,,,,335.0,Very Poor
254453,DL005,2019-05-02 06:00:00,56.5,182.5,1.12,25.4,14.45,29.38,0.53,18.7,71.15,,,,326.0,Very Poor
254454,DL005,2019-05-02 07:00:00,54.25,200.75,1.58,27.88,16.1,30.0,0.78,13.88,72.4,,,,320.0,Very Poor
254455,DL005,2019-05-02 08:00:00,52.75,181.75,1.98,23.9,14.3,27.82,0.8,13.88,82.88,,,,316.0,Very Poor
254456,DL005,2019-05-02 09:00:00,55.5,210.25,1.82,18.95,11.57,26.7,0.75,18.35,98.98,,,,312.0,Very Poor
254457,DL005,2019-05-02 10:00:00,58.0,293.0,1.75,16.12,10.2,27.4,0.6,12.88,112.68,,,,311.0,Very Poor
254458,DL005,2019-05-02 11:00:00,65.25,374.75,1.28,15.35,9.22,28.52,0.72,11.75,133.92,,,,313.0,Very Poor
254459,DL005,2019-05-02 12:00:00,79.75,419.5,1.25,17.85,10.53,32.12,0.75,11.38,151.88,,,,314.0,Very Poor
254460,DL005,2019-05-02 13:00:00,86.25,421.75,1.43,20.27,11.95,37.27,0.75,11.75,151.58,,,,316.0,Very Poor
254461,DL005,2019-05-02 14:00:00,90.25,451.75,1.18,17.38,10.25,41.98,0.72,10.15,157.15,,,,321.0,Very Poor
254462,DL005,2019-05-02 15:00:00,88.5,437.75,1.5,16.12,9.8,44.02,0.95,9.25,161.73,,,,328.0,Very Poor
254463,DL005,2019-05-02 16:00:00,79.25,386.5,1.35,15.7,9.43,37.98,0.78,11.03,164.38,,,,336.0,Very Poor
254464,DL005,2019-05-02 17:00:00,73.75,372.0,1.1,16.6,9.72,37.07,0.75,11.65,172.3,,,,346.0,Very Poor
254465,DL005,2019-05-02 18:00:00,74.0,360.75,1.48,23.93,13.9,37.12,0.83,10.9,144.65,,,,354.0,Very Poor
254466,DL005,2019-05-02 19:00:00,78.0,490.0,1.0,20.48,11.72,33.6,0.45,8.7,133.93,,,,367.0,Very Poor
254467,DL005,2019-05-02 20:00:00,73.25,631.75,1.3,22.43,12.97,32.88,0.43,7.62,114.83,,,,382.0,Very Poor
254468,DL005,2019-05-02 21:00:00,50.75,155.75,1.3,30.58,17.32,32.45,0.5,8.7,81.48,,147.97,,358.0,Very Poor
254469,DL005,2019-05-02 22:00:00,54.5,151.75,1.15,41.83,23.12,31.47,0.78,9.6,77.53,,128.4,,322.0,Very Poor
254470,DL005,2019-05-02 23:00:00,54.5,143.5,1.57,25.32,14.75,32.48,0.8,9.97,95.58,,104.5,,293.0,Poor
254471,DL005,2019-05-03 00:00:00,39.0,112.25,1.23,14.7,8.85,28.82,0.83,10.2,103.45,,,,278.0,Poor
254472,DL005,2019-05-03 01:00:00,36.75,86.0,1.33,14.72,8.9,27.62,0.88,12.75,89.22,,,,260.0,Poor
254473,DL005,2019-05-03 02:00:00,45.5,81.0,0.77,15.5,8.9,27.7,0.9,12.97,77.35,,,,240.0,Poor
254474,DL005,2019-05-03 03:00:00,38.25,66.75,1.6,17.6,10.6,31.3,,,77.17,,,,226.0,Poor
254475,DL005,2019-05-03 04:00:00,39.25,69.25,0.93,18.0,10.35,31.07,0.55,9.0,76.95,,,,219.0,Poor
254476,DL005,2019-05-03 05:00:00,42.5,73.25,1.18,19.47,11.3,28.82,0.5,11.43,74.3,,,,215.0,Poor
254477,DL005,2019-05-03 06:00:00,50.25,89.25,1.27,21.95,12.7,28.8,0.5,14.43,67.43,,,,211.0,Poor
254478,DL005,2019-05-03 07:00:00,62.5,136.75,2.1,40.6,23.32,35.1,0.82,17.3,47.83,,,,208.0,Poor
254479,DL005,2019-05-03 08:00:00,99.25,223.0,4.0,45.12,27.25,34.45,1.08,22.0,41.33,,,,210.0,Poor
254480,DL005,2019-05-03 09:00:00,98.25,210.25,3.45,27.82,17.6,30.48,0.93,19.65,68.03,,,,210.0,Poor
254481,DL005,2019-05-03 10:00:00,79.0,173.25,2.92,21.38,13.73,30.0,0.75,16.1,97.5,,,,205.0,Poor
254482,DL005,2019-05-03 11:00:00,76.5,170.75,1.7,15.32,9.52,30.02,0.62,12.15,136.22,,,,198.0,Moderate
254483,DL005,2019-05-03 12:00:00,34.75,152.0,1.25,14.35,8.68,28.3,0.5,9.22,154.9,,,,190.0,Moderate
254484,DL005,2019-05-03 13:00:00,41.5,171.25,1.3,13.93,8.45,27.65,0.47,7.67,170.9,,,,207.0,Poor
254485,DL005,2019-05-03 14:00:00,44.25,205.5,1.07,12.4,7.47,26.52,0.5,7.62,188.75,,,,252.0,Poor
254486,DL005,2019-05-03 15:00:00,39.0,137.5,1.12,12.72,7.6,26.3,0.65,8.6,191.4,,,,258.0,Poor
254487,DL005,2019-05-03 16:00:00,39.5,143.75,1.73,14.28,9.05,24.65,0.4,8.57,186.07,,,,258.0,Poor
254488,DL005,2019-05-03 17:00:00,41.25,145.5,1.6,15.32,9.47,23.85,0.5,8.97,180.23,,,,258.0,Poor
254489,DL005,2019-05-03 18:00:00,46.0,184.5,1.3,24.12,13.9,24.75,0.55,9.93,171.85,,158.53,,258.0,Poor
254490,DL005,2019-05-03 19:00:00,61.0,285.25,1.05,31.6,17.7,25.2,0.6,9.93,145.57,,191.15,,258.0,Poor
254491,DL005,2019-05-03 20:00:00,64.0,321.25,0.97,35.82,19.82,26.1,0.5,7.38,117.5,,101.5,,258.0,Poor
254492,DL005,2019-05-03 21:00:00,47.0,141.0,1.48,48.35,26.92,27.8,0.68,5.9,78.62,,,,258.0,Poor
254493,DL005,2019-05-03 22:00:00,52.25,189.75,17.03,87.15,60.2,27.98,1.58,7.33,25.73,,,,258.0,Poor
254494,DL005,2019-05-03 23:00:00,62.25,240.5,29.8,92.7,73.7,29.12,1.55,9.38,12.75,,,,245.0,Poor
254495,DL005,2019-05-04 00:00:00,85.25,248.5,9.43,76.25,48.15,32.05,1.45,16.53,13.78,,,,231.0,Poor
254496,DL005,2019-05-04 01:00:00,144.25,255.25,1.82,41.7,23.65,38.05,1.27,33.35,50.3,,,,210.0,Poor
254497,DL005,2019-05-04 02:00:00,187.25,277.5,1.25,34.17,19.2,33.12,1.1,26.2,53.55,,,,167.0,Moderate
254498,DL005,2019-05-04 03:00:00,144.5,221.75,1.0,26.3,14.8,35.6,,,66.28,,,,157.0,Moderate
254499,DL005,2019-05-04 04:00:00,148.25,240.0,1.52,27.2,15.72,33.5,0.9,31.43,77.92,,,,162.0,Moderate
254500,DL005,2019-05-04 05:00:00,146.25,238.25,1.28,31.65,17.88,31.17,0.8,36.67,67.55,,,,167.0,Moderate
254501,DL005,2019-05-04 06:00:00,151.75,236.25,1.35,43.35,24.18,32.62,0.8,29.2,40.27,,,,177.0,Moderate
254502,DL005,2019-05-04 07:00:00,167.75,275.75,2.7,49.9,28.73,35.2,1.0,35.55,37.62,,,,192.0,Moderate
254503,DL005,2019-05-04 08:00:00,186.25,308.75,4.6,40.83,25.38,40.02,1.2,37.62,50.62,,,,204.0,Poor
254504,DL005,2019-05-04 09:00:00,204.0,354.0,2.55,26.8,16.35,31.45,0.9,30.2,108.07,,,,219.0,Poor
254505,DL005,2019-05-04 10:00:00,122.0,250.0,1.98,23.0,13.82,27.12,0.7,22.1,146.9,,,,225.0,Poor
254506,DL005,2019-05-04 11:00:00,91.25,223.25,2.55,33.1,19.7,27.93,0.75,25.1,168.38,,,,227.0,Poor
254507,DL005,2019-05-04 12:00:00,119.25,270.5,1.28,15.22,9.15,18.0,0.43,7.53,149.9,,,,238.0,Poor
254508,DL005,2019-05-04 13:00:00,47.5,193.25,1.15,13.45,8.05,16.52,0.4,6.38,153.12,,,,239.0,Poor
254509,DL005,2019-05-04 14:00:00,46.0,191.0,1.52,15.57,9.48,16.32,0.53,6.1,149.85,,,,239.0,Poor
254510,DL005,2019-05-04 15:00:00,,,,,,,,,,,,,249.0,Poor
254511,DL005,2019-05-04 16:00:00,,,,,,,,,,,,,258.0,Poor
254512,DL005,2019-05-04 17:00:00,,,,,,,,,,,,,269.0,Poor
254513,DL005,2019-05-04 18:00:00,,,,,,,,,,,,,280.0,Poor
254514,DL005,2019-05-04 19:00:00,,,,,,,,,,,,,289.0,Poor
254515,DL005,2019-05-04 20:00:00,,,,,,,,,,,,,299.0,Poor
254516,DL005,2019-05-04 21:00:00,,,,,,,,,,,,,303.0,Very Poor
254517,DL005,2019-05-04 22:00:00,,,,,,,,,,,,,306.0,Very Poor
254518,DL005,2019-05-04 23:00:00,,,,,,,,,,,,,251.0,Satisfactory
254519,DL005,2019-05-05 00:00:00,,,,,,,,,,,,,251.0,Satisfactory
254520,DL005,2019-05-05 01:00:00,,,,,,,,,,,,,251.0,Satisfactory
254521,DL005,2019-05-05 02:00:00,,,,,,,,,,,,,251.0,Satisfactory
254522,DL005,2019-05-05 03:00:00,,,,,,,,,,,,,251.0,Satisfactory
254523,DL005,2019-05-05 04:00:00,,,,,,,,,,,,,251.0,Satisfactory
254524,DL005,2019-05-05 05:00:00,,,,,,,,,,,,,251.0,Satisfactory
254525,DL005,2019-05-05 06:00:00,,,,,,,,,,,,,251.0,Satisfactory
254526,DL005,2019-05-05 07:00:00,,,,,,,,,,,,,251.0,Satisfactory
254527,DL005,2019-05-05 08:00:00,,,,,,,,,,,,,251.0,Satisfactory
254528,DL005,2019-05-05 09:00:00,,,,,,,,,,,,,251.0,Satisfactory
254529,DL005,2019-05-05 10:00:00,,,,,,,,,,,,,251.0,Satisfactory
254530,DL005,2019-05-05 11:00:00,86.0,227.0,1.4,18.1,10.8,17.9,0.6,11.1,177.6,,,,251.0,Satisfactory
254531,DL005,2019-05-05 12:00:00,77.0,214.75,0.98,15.57,9.18,15.62,0.55,9.38,170.9,,,,251.0,Satisfactory
254532,DL005,2019-05-05 13:00:00,48.0,184.5,1.3,15.25,9.1,13.65,0.53,6.97,160.98,,,,251.0,Satisfactory
254533,DL005,2019-05-05 14:00:00,43.5,218.75,1.4,14.9,9.07,12.7,0.53,6.07,162.32,,,,251.0,Satisfactory
254534,DL005,2019-05-05 15:00:00,47.0,251.25,1.33,15.2,9.18,12.75,0.65,6.38,169.65,,108.7,,251.0,Satisfactory
254535,DL005,2019-05-05 16:00:00,46.25,212.25,1.32,14.25,8.62,13.4,0.62,7.62,183.7,,,,251.0,Satisfactory
254536,DL005,2019-05-05 17:00:00,53.5,198.5,1.05,13.8,8.18,14.03,0.65,8.62,188.27,,,,251.0,Satisfactory
254537,DL005,2019-05-05 18:00:00,54.5,191.75,1.02,15.68,9.2,14.35,0.7,9.72,172.9,,,,251.0,Satisfactory
254538,DL005,2019-05-05 19:00:00,57.0,194.0,1.05,36.33,20.17,15.38,1.05,11.07,114.88,,,,251.0,Satisfactory
254539,DL005,2019-05-05 20:00:00,85.0,236.5,2.5,90.72,50.3,20.08,1.73,13.45,36.4,,,,251.0,Satisfactory
254540,DL005,2019-05-05 21:00:00,135.0,363.25,34.47,112.0,87.58,21.7,1.9,16.45,7.02,,,,251.0,Satisfactory
254541,DL005,2019-05-05 22:00:00,151.25,387.0,51.72,105.52,98.5,26.93,2.2,26.25,6.27,,,,251.0,Satisfactory
254542,DL005,2019-05-05 23:00:00,196.0,507.0,27.45,101.97,76.62,31.32,2.38,23.3,4.45,,168.2,,251.0,Satisfactory
254543,DL005,2019-05-06 00:00:00,235.75,611.75,77.85,93.9,113.3,29.05,2.4,20.23,6.12,,152.0,,251.0,Satisfactory
254544,DL005,2019-05-06 01:00:00,233.0,544.25,96.33,85.38,124.25,32.42,2.5,24.48,7.17,,154.38,,251.0,Satisfactory
254545,DL005,2019-05-06 02:00:00,250.0,507.5,11.85,81.8,53.15,34.55,1.95,35.35,5.55,,115.7,,275.0,Poor
254546,DL005,2019-05-06 03:00:00,286.5,464.25,24.2,78.5,61.7,43.1,,,5.08,,,,302.0,Very Poor
254547,DL005,2019-05-06 04:00:00,353.75,554.75,16.5,78.3,55.1,41.55,1.88,40.88,5.07,,,,312.0,Very Poor
254548,DL005,2019-05-06 05:00:00,365.5,536.25,36.2,77.65,71.03,38.32,1.8,37.5,4.85,,,,321.0,Very Poor
254549,DL005,2019-05-06 06:00:00,384.5,571.25,43.4,75.08,75.33,41.02,1.93,52.15,5.43,,,,330.0,Very Poor
254550,DL005,2019-05-06 07:00:00,420.25,618.0,40.22,82.8,76.85,44.75,2.15,73.05,6.58,,,,340.0,Very Poor
254551,DL005,2019-05-06 08:00:00,434.5,688.25,26.32,92.48,70.65,45.45,2.08,61.33,16.25,,,,349.0,Very Poor
254552,DL005,2019-05-06 09:00:00,346.25,620.0,5.7,51.68,32.3,31.52,1.48,47.05,87.47,,,,357.0,Very Poor
254553,DL005,2019-05-06 10:00:00,224.25,451.25,1.85,37.22,21.3,27.15,1.23,25.38,171.4,,,,360.0,Very Poor
254554,DL005,2019-05-06 11:00:00,192.0,409.5,1.23,29.65,16.77,24.05,1.05,18.38,,,,,370.0,Very Poor
254555,DL005,2019-05-06 12:00:00,142.5,330.5,1.08,20.77,11.95,18.6,0.7,11.6,192.4,,,,376.0,Very Poor
254556,DL005,2019-05-06 13:00:00,117.75,284.25,1.2,19.2,11.2,13.45,0.53,7.78,179.22,,,,381.0,Very Poor
254557,DL005,2019-05-06 14:00:00,77.25,261.75,1.18,18.55,10.82,10.32,0.55,5.75,170.65,,,,383.0,Very Poor
254558,DL005,2019-05-06 15:00:00,57.5,226.5,1.35,16.25,9.77,10.45,0.6,5.05,178.65,,,,382.0,Very Poor
254559,DL005,2019-05-06 16:00:00,57.5,229.5,1.42,17.12,10.27,12.27,0.6,8.22,188.5,,,,383.0,Very Poor
254560,DL005,2019-05-06 17:00:00,55.5,172.0,0.93,18.15,10.45,12.57,0.7,9.27,185.95,,,,381.0,Very Poor
254561,DL005,2019-05-06 18:00:00,62.75,175.5,1.45,21.08,12.4,12.42,0.75,9.65,168.28,,,,380.0,Very Poor
254562,DL005,2019-05-06 19:00:00,70.5,206.25,1.43,60.73,33.45,14.67,1.18,13.9,94.38,,,,381.0,Very Poor
254563,DL005,2019-05-06 20:00:00,108.25,321.75,1.85,107.07,58.42,18.52,1.68,17.65,28.52,,,,386.0,Very Poor
254564,DL005,2019-05-06 21:00:00,157.5,422.5,2.15,83.92,46.3,20.33,1.83,30.52,48.48,,269.75,,389.0,Very Poor
254565,DL005,2019-05-06 22:00:00,222.5,511.5,69.58,132.38,127.25,26.6,2.62,25.85,4.1,,282.3,,395.0,Very Poor
254566,DL005,2019-05-06 23:00:00,313.5,615.0,91.1,119.6,137.4,30.3,2.58,23.05,3.82,,176.4,,401.0,Severe
254567,DL005,2019-05-07 00:00:00,319.5,555.5,23.5,103.6,74.28,29.25,2.0,39.62,4.3,,145.77,,398.0,Very Poor
254568,DL005,2019-05-07 01:00:00,265.0,442.5,73.95,93.67,109.92,33.15,2.18,33.35,4.25,,153.85,,392.0,Very Poor
254569,DL005,2019-05-07 02:00:00,279.75,476.0,48.1,84.38,84.08,36.08,2.2,24.88,4.65,,111.6,,391.0,Very Poor
254570,DL005,2019-05-07 03:00:00,301.0,480.75,64.3,94.0,102.5,45.1,,,4.62,,,,392.0,Very Poor
254571,DL005,2019-05-07 04:00:00,357.5,530.5,52.6,84.93,88.03,46.17,2.08,48.12,4.33,,119.4,,390.0,Very Poor
254572,DL005,2019-05-07 05:00:00,422.0,623.75,57.6,82.38,90.8,47.45,2.18,51.58,4.5,,125.38,,395.0,Very Poor
254573,DL005,2019-05-07 06:00:00,458.5,659.5,46.08,82.72,81.58,44.8,2.18,64.95,4.67,,,,400.0,Very Poor
254574,DL005,2019-05-07 07:00:00,475.25,662.25,75.15,91.5,110.1,52.12,2.5,60.2,5.15,,,,402.0,Severe
254575,DL005,2019-05-07 08:00:00,500.25,720.0,46.7,114.85,98.92,50.33,2.38,55.5,15.0,,,,404.0,Severe
254576,DL005,2019-05-07 09:00:00,385.75,650.0,9.5,65.0,42.3,33.45,1.38,43.98,66.38,,,,405.0,Severe
254577,DL005,2019-05-07 10:00:00,192.5,421.25,2.28,23.75,14.52,21.68,0.65,13.0,95.2,,,,404.0,Severe
254578,DL005,2019-05-07 11:00:00,83.0,366.25,1.52,16.98,10.38,19.88,0.57,8.4,105.47,,,,401.0,Severe
254579,DL005,2019-05-07 12:00:00,83.75,379.25,1.38,16.88,10.1,19.77,0.62,8.9,124.7,,,,404.0,Severe
254580,DL005,2019-05-07 13:00:00,84.5,409.75,1.38,16.92,10.12,18.67,0.4,7.15,118.8,,,,410.0,Severe
254581,DL005,2019-05-07 14:00:00,80.75,419.25,1.1,15.47,9.27,18.48,0.3,5.67,112.03,,,,419.0,Severe
254582,DL005,2019-05-07 15:00:00,92.5,464.25,1.12,15.2,8.97,17.88,0.4,5.9,118.82,,,,431.0,Severe
254583,DL005,2019-05-07 16:00:00,117.5,582.75,1.27,16.85,9.9,16.75,0.7,6.67,120.25,,,,449.0,Severe
254584,DL005,2019-05-07 17:00:00,97.75,517.75,1.25,15.47,9.25,12.85,0.62,7.38,110.35,,,,467.0,Severe
254585,DL005,2019-05-07 18:00:00,68.25,350.75,1.05,18.3,10.62,11.53,0.75,7.83,112.17,,,,477.0,Severe
254586,DL005,2019-05-07 19:00:00,63.25,287.75,1.5,48.38,27.0,11.03,1.03,9.43,72.78,,,,481.0,Severe
254587,DL005,2019-05-07 20:00:00,75.75,298.75,12.03,107.72,67.05,14.55,1.68,12.47,10.18,,,,480.0,Severe
254588,DL005,2019-05-07 21:00:00,139.0,402.0,24.02,127.75,87.57,20.18,2.23,20.08,3.6,,177.4,,478.0,Severe
254589,DL005,2019-05-07 22:00:00,221.0,458.25,44.62,111.75,95.7,24.8,2.35,22.77,3.88,,,,476.0,Severe
254590,DL005,2019-05-07 23:00:00,234.5,475.5,55.9,102.92,99.65,30.32,2.55,31.58,4.78,,181.3,,468.0,Severe
254591,DL005,2019-05-08 00:00:00,310.25,652.75,96.8,99.47,131.9,33.18,2.7,31.48,6.22,,247.3,,474.0,Severe
254592,DL005,2019-05-08 01:00:00,373.0,678.75,63.12,93.9,101.1,39.38,2.27,32.23,5.5,,149.88,,486.0,Severe
254593,DL005,2019-05-08 02:00:00,394.5,657.0,73.68,81.75,103.62,37.77,2.38,27.8,5.8,,124.75,,495.0,Severe
254594,DL005,2019-05-08 03:00:00,361.75,640.0,48.3,72.0,77.5,41.5,,,6.55,,130.93,,504.0,Severe
254595,DL005,2019-05-08 04:00:00,368.5,608.75,51.88,79.0,84.28,40.38,2.02,30.93,6.0,,117.5,,508.0,Severe
254596,DL005,2019-05-08 05:00:00,393.25,608.0,35.0,83.08,72.65,43.83,2.08,62.98,4.93,,,,507.0,Severe
254597,DL005,2019-05-08 06:00:00,476.0,690.0,55.42,80.78,88.12,47.95,2.45,71.22,5.45,,,,508.0,Severe
254598,DL005,2019-05-08 07:00:00,547.25,762.25,51.77,93.77,92.05,52.8,2.52,65.2,6.05,,,,514.0,Severe
254599,DL005,2019-05-08 08:00:00,542.75,799.25,12.55,83.3,54.42,47.67,2.12,47.88,28.92,,,,518.0,Severe
254600,DL005,2019-05-08 09:00:00,393.75,673.25,2.42,24.18,14.88,21.6,0.78,13.92,78.03,,,,519.0,Severe
254601,DL005,2019-05-08 10:00:00,124.5,413.25,1.67,22.02,13.07,20.25,0.62,11.68,92.17,,,,519.0,Severe
254602,DL005,2019-05-08 11:00:00,112.25,509.5,1.07,19.8,11.43,20.42,0.78,11.8,139.65,,,,526.0,Severe
254603,DL005,2019-05-08 12:00:00,118.25,461.0,1.0,19.15,11.0,20.48,0.75,11.17,155.8,,,,530.0,Severe
254604,DL005,2019-05-08 13:00:00,128.25,511.0,1.02,17.18,10.0,18.58,0.65,9.93,159.15,,,,536.0,Severe
254605,DL005,2019-05-08 14:00:00,137.5,479.0,1.0,15.5,9.07,17.52,0.5,7.12,150.88,,,,539.0,Severe
254606,DL005,2019-05-08 15:00:00,124.25,340.25,1.1,14.8,8.8,16.12,0.5,6.05,144.75,,,,532.0,Severe
254607,DL005,2019-05-08 16:00:00,85.25,269.25,1.38,13.8,8.47,14.52,0.48,6.33,137.07,,,,516.0,Severe
254608,DL005,2019-05-08 17:00:00,73.0,274.5,1.3,13.95,8.45,13.7,0.57,7.62,130.05,,,,503.0,Severe
254609,DL005,2019-05-08 18:00:00,68.5,256.0,1.3,15.85,9.53,13.6,0.55,8.35,118.65,,,,498.0,Severe
254610,DL005,2019-05-08 19:00:00,68.75,253.0,1.3,24.45,14.05,14.68,0.75,10.82,89.75,,,,496.0,Severe
254611,DL005,2019-05-08 20:00:00,91.75,299.0,1.5,50.42,28.0,16.77,1.12,12.95,49.42,,,,496.0,Severe
254612,DL005,2019-05-08 21:00:00,134.5,377.25,31.0,90.38,73.33,23.98,2.02,16.52,4.18,,,,495.0,Severe
254613,DL005,2019-05-08 22:00:00,206.0,534.25,13.68,92.45,60.38,31.78,1.98,31.7,4.5,,192.7,,499.0,Severe
254614,DL005,2019-05-08 23:00:00,282.75,621.0,6.57,72.72,44.05,33.9,1.77,33.6,20.5,,135.0,,507.0,Severe
254615,DL005,2019-05-09 00:00:00,309.0,700.75,5.82,76.93,45.62,31.35,1.7,33.15,28.93,,164.0,,509.0,Severe
254616,DL005,2019-05-09 01:00:00,306.75,511.0,14.9,89.9,60.35,36.85,2.02,39.58,6.17,,133.12,,500.0,Severe
254617,DL005,2019-05-09 02:00:00,388.0,602.25,15.35,88.4,59.5,43.55,2.35,48.18,5.0,,,,498.0,Severe
254618,DL005,2019-05-09 03:00:00,471.75,683.0,12.7,72.3,48.8,37.9,,,3.48,,,,500.0,Severe
254619,DL005,2019-05-09 04:00:00,410.25,664.0,23.73,70.22,56.7,40.05,1.9,49.4,3.73,,,,503.0,Severe
254620,DL005,2019-05-09 05:00:00,368.75,610.25,5.17,65.92,39.3,34.08,1.58,45.98,6.33,,,,503.0,Severe
254621,DL005,2019-05-09 06:00:00,285.5,551.5,4.1,55.48,32.83,28.6,1.2,30.82,6.43,,,,496.0,Severe
254622,DL005,2019-05-09 07:00:00,227.0,670.0,6.65,48.42,31.15,25.48,1.0,34.12,8.07,,,,491.0,Severe
254623,DL005,2019-05-09 08:00:00,190.0,594.0,5.67,35.08,23.33,21.95,0.88,31.82,24.35,,,,480.0,Severe
254624,DL005,2019-05-09 09:00:00,121.0,365.0,2.02,22.17,13.43,17.95,0.72,10.18,60.98,,,,464.0,Severe
254625,DL005,2019-05-09 10:00:00,113.0,506.0,1.07,18.85,10.93,19.15,0.65,8.6,83.55,,,,469.0,Severe
254626,DL005,2019-05-09 11:00:00,123.0,471.0,1.58,18.7,11.2,19.3,0.72,9.6,106.25,,,,467.0,Severe
254627,DL005,2019-05-09 12:00:00,130.0,498.0,1.7,16.7,10.22,19.4,0.7,8.65,132.57,,,,469.0,Severe
254628,DL005,2019-05-09 13:00:00,121.0,542.0,0.8,16.25,9.3,18.7,0.65,8.3,158.07,,,,470.0,Severe
254629,DL005,2019-05-09 14:00:00,127.0,508.0,0.85,15.22,8.8,17.85,0.53,7.1,174.47,,,,472.0,Severe
254630,DL005,2019-05-09 15:00:00,84.0,364.0,1.18,15.95,9.42,15.25,0.55,6.78,186.68,,,,473.0,Severe
254631,DL005,2019-05-09 16:00:00,74.0,249.0,0.88,17.32,9.9,15.17,0.62,7.93,199.1,,,,472.0,Severe
254632,DL005,2019-05-09 17:00:00,79.0,185.0,1.35,18.02,10.7,15.12,0.85,9.88,,,,,467.0,Severe
254633,DL005,2019-05-09 18:00:00,83.0,210.0,1.0,23.12,13.15,15.23,0.83,11.3,183.43,,,,465.0,Severe
254634,DL005,2019-05-09 19:00:00,84.0,244.0,1.0,47.3,26.02,16.18,1.1,12.58,128.4,,,,465.0,Severe
254635,DL005,2019-05-09 20:00:00,91.0,302.0,1.07,71.42,38.95,18.48,1.55,34.65,69.08,,,,465.0,Severe
254636,DL005,2019-05-09 21:00:00,134.0,361.0,24.55,106.47,76.5,23.55,2.42,73.03,14.4,,,,464.0,Severe
254637,DL005,2019-05-09 22:00:00,217.0,552.0,40.98,107.23,90.55,30.35,2.55,87.32,5.12,,,,465.0,Severe
254638,DL005,2019-05-09 23:00:00,287.0,620.0,50.83,97.08,93.1,35.17,2.4,62.9,4.0,,,,465.0,Severe
254639,DL005,2019-05-10 00:00:00,327.0,702.0,24.15,96.57,71.03,41.58,2.3,63.9,3.8,,,,465.0,Severe
254640,DL005,2019-05-10 01:00:00,409.0,742.0,4.4,73.25,42.52,33.45,1.8,39.12,7.38,,,,477.0,Severe
254641,DL005,2019-05-10 02:00:00,315.0,576.0,1.55,49.12,27.38,26.05,1.43,26.55,27.15,,,,476.0,Severe
254642,DL005,2019-05-10 03:00:00,227.0,554.0,1.3,30.4,17.3,22.6,,,40.42,,,,469.0,Severe
254643,DL005,2019-05-10 04:00:00,183.0,516.0,0.8,24.43,13.68,20.98,0.85,19.77,54.12,,,,461.0,Severe
254644,DL005,2019-05-10 05:00:00,124.0,423.0,1.02,34.5,19.2,20.12,0.9,27.07,28.23,,,,451.0,Severe
254645,DL005,2019-05-10 06:00:00,147.0,361.0,1.73,37.85,21.55,20.55,0.8,23.2,21.32,,,,441.0,Severe
254646,DL005,2019-05-10 07:00:00,147.0,348.0,3.6,33.83,20.98,18.42,0.73,20.3,23.75,,,,425.0,Severe
254647,DL005,2019-05-10 08:00:00,108.0,333.0,2.25,26.45,15.9,16.62,0.65,13.12,41.9,,,,411.0,Severe
254648,DL005,2019-05-10 09:00:00,100.0,349.0,1.93,22.93,13.77,16.8,0.85,13.43,79.35,,,,410.0,Severe
254649,DL005,2019-05-10 10:00:00,102.0,318.0,1.62,21.65,12.85,17.57,0.75,12.95,123.08,,,,400.0,Very Poor
254650,DL005,2019-05-10 11:00:00,107.0,305.0,1.08,19.93,11.47,17.57,0.72,11.82,158.25,,,,392.0,Very Poor
254651,DL005,2019-05-10 12:00:00,95.0,269.0,1.15,15.5,9.32,16.9,0.62,10.4,154.05,,,,380.0,Very Poor
254652,DL005,2019-05-10 13:00:00,72.0,241.0,1.15,14.05,8.45,15.72,0.53,9.68,145.88,,,,364.0,Very Poor
254653,DL005,2019-05-10 14:00:00,52.0,207.0,0.97,13.25,7.75,15.28,0.5,8.88,146.88,,,,348.0,Very Poor
254654,DL005,2019-05-10 15:00:00,59.0,206.0,1.28,13.3,8.1,13.95,0.5,8.0,137.25,,,,340.0,Very Poor
254655,DL005,2019-05-10 16:00:00,70.0,237.0,1.2,12.77,7.78,12.95,0.4,7.57,129.18,,,,340.0,Very Poor
254656,DL005,2019-05-10 17:00:00,59.0,174.0,1.1,12.45,7.53,12.33,0.57,7.25,129.62,,,,339.0,Very Poor
254657,DL005,2019-05-10 18:00:00,48.0,180.0,0.98,17.68,10.15,12.07,0.53,8.57,120.28,,,,338.0,Very Poor
254658,DL005,2019-05-10 19:00:00,55.0,183.0,2.33,42.33,24.4,16.5,1.07,10.02,70.62,,,,334.0,Very Poor
254659,DL005,2019-05-10 20:00:00,215.0,,1.58,24.48,14.28,18.5,0.85,10.1,70.45,,,,338.0,Very Poor
254660,DL005,2019-05-10 21:00:00,116.0,520.0,0.65,21.27,11.82,13.45,0.65,8.68,94.25,,,,347.0,Very Poor
254661,DL005,2019-05-10 22:00:00,133.0,763.0,0.82,28.12,15.62,14.38,0.53,6.95,76.47,,,,359.0,Very Poor
254662,DL005,2019-05-10 23:00:00,432.0,161.0,1.02,17.8,10.28,17.72,0.57,8.22,81.95,,,,334.0,Very Poor
254663,DL005,2019-05-11 00:00:00,80.0,179.0,0.98,18.62,10.7,17.05,0.6,9.32,81.62,,,,318.0,Very Poor
254664,DL005,2019-05-11 01:00:00,79.0,140.0,0.85,29.02,16.12,17.9,0.83,14.93,56.03,,,,308.0,Very Poor
254665,DL005,2019-05-11 02:00:00,91.0,189.0,0.95,24.95,14.05,17.35,0.88,13.32,44.4,,,,301.0,Very Poor
254666,DL005,2019-05-11 03:00:00,84.0,228.0,1.3,23.1,13.4,17.7,,,51.3,,,,283.0,Poor
254667,DL005,2019-05-11 04:00:00,88.0,201.0,1.58,41.25,23.25,19.12,0.75,11.03,24.82,,,,270.0,Poor
254668,DL005,2019-05-11 05:00:00,94.0,191.0,4.08,61.25,36.03,30.68,1.3,16.73,8.82,,,,266.0,Poor
254669,DL005,2019-05-11 06:00:00,197.0,311.0,9.38,53.65,36.33,30.42,1.05,19.45,4.93,,,,273.0,Poor
254670,DL005,2019-05-11 07:00:00,222.0,335.0,10.27,49.22,34.33,39.12,1.3,44.0,8.3,,,,283.0,Poor
254671,DL005,2019-05-11 08:00:00,360.0,511.0,3.65,36.92,22.62,36.58,1.1,35.88,38.45,,,,304.0,Very Poor
254672,DL005,2019-05-11 09:00:00,245.0,368.0,2.38,30.57,18.2,30.5,1.15,27.1,88.43,,,,309.0,Very Poor
254673,DL005,2019-05-11 10:00:00,160.0,280.0,1.22,29.45,16.62,27.7,0.85,23.3,138.8,,,,311.0,Very Poor
254674,DL005,2019-05-11 11:00:00,146.0,300.0,1.08,20.3,11.68,23.75,0.75,19.58,152.38,,,,312.0,Very Poor
254675,DL005,2019-05-11 12:00:00,95.0,207.0,1.03,15.12,8.88,20.98,0.6,12.88,138.38,,,,312.0,Very Poor
254676,DL005,2019-05-11 13:00:00,70.0,219.0,1.12,12.9,7.78,20.3,0.5,10.7,142.88,,,,312.0,Very Poor
254677,DL005,2019-05-11 14:00:00,59.0,185.0,1.1,12.7,7.65,20.23,0.5,10.35,157.43,,,,312.0,Very Poor
254678,DL005,2019-05-11 15:00:00,64.75,180.25,1.25,12.57,7.7,19.58,0.4,8.8,153.83,,,,312.0,Very Poor
254679,DL005,2019-05-11 16:00:00,59.75,173.75,1.38,11.77,7.38,18.75,0.5,7.65,155.38,,,,312.0,Very Poor
254680,DL005,2019-05-11 17:00:00,58.0,213.0,1.27,13.93,8.45,18.95,0.73,8.25,167.38,,,,312.0,Very Poor
254681,DL005,2019-05-11 18:00:00,67.25,265.75,1.1,16.7,9.8,18.73,0.8,9.85,172.4,,,,313.0,Very Poor
254682,DL005,2019-05-11 19:00:00,88.0,326.25,1.12,21.25,12.23,20.77,1.08,11.35,164.38,,,,314.0,Very Poor
254683,DL005,2019-05-11 20:00:00,125.25,447.5,1.1,32.33,18.05,22.85,1.35,13.3,129.62,,,,311.0,Very Poor
254684,DL005,2019-05-11 21:00:00,141.25,389.75,0.97,42.17,23.22,25.0,1.48,13.25,108.2,,,,312.0,Very Poor
254685,DL005,2019-05-11 22:00:00,166.25,397.0,1.23,39.55,22.02,29.55,1.47,17.1,110.77,,,,313.0,Very Poor
254686,DL005,2019-05-11 23:00:00,214.75,455.75,1.05,53.7,29.43,32.02,1.5,16.3,71.62,,,,306.0,Very Poor
254687,DL005,2019-05-12 00:00:00,251.0,457.75,1.23,65.92,36.02,39.42,1.7,27.05,36.03,,,,311.0,Very Poor
254688,DL005,2019-05-12 01:00:00,331.5,544.75,1.3,50.6,28.0,41.42,1.68,29.93,40.88,,,,319.0,Very Poor
254689,DL005,2019-05-12 02:00:00,318.5,505.0,1.18,35.65,19.93,37.38,1.62,31.65,58.75,,,,326.0,Very Poor
254690,DL005,2019-05-12 03:00:00,322.5,501.5,1.7,43.4,24.4,43.3,,,40.92,,,,334.0,Very Poor
254691,DL005,2019-05-12 04:00:00,360.25,552.5,1.25,43.35,24.05,43.52,1.73,36.65,31.23,,,,343.0,Very Poor
254692,DL005,2019-05-12 05:00:00,363.25,616.25,1.3,38.52,21.58,41.05,1.52,30.45,36.0,,,,351.0,Very Poor
254693,DL005,2019-05-12 06:00:00,330.75,740.0,1.3,22.1,12.8,23.45,0.75,17.75,50.58,,,,356.0,Very Poor
254694,DL005,2019-05-12 07:00:00,306.75,,1.2,21.07,12.18,22.9,0.5,15.9,44.03,,,,358.0,Very Poor
254695,DL005,2019-05-12 08:00:00,345.75,,1.52,19.82,11.75,23.07,0.43,13.45,51.43,,,,358.0,Very Poor
254696,DL005,2019-05-12 09:00:00,335.75,,1.68,16.88,10.32,22.95,0.55,9.9,69.7,,,,361.0,Very Poor
254697,DL005,2019-05-12 10:00:00,281.0,,1.15,12.85,7.78,21.1,0.3,9.18,88.78,,,,365.0,Very Poor
254698,DL005,2019-05-12 11:00:00,213.25,,1.17,11.8,7.25,21.1,0.32,7.8,106.15,,,,367.0,Very Poor
254699,DL005,2019-05-12 12:00:00,162.25,742.0,0.98,11.62,6.97,21.0,0.43,8.32,126.03,,,,383.0,Very Poor
254700,DL005,2019-05-12 13:00:00,143.5,700.25,1.93,21.2,12.8,26.23,0.75,12.57,155.38,,,,415.0,Severe
254701,DL005,2019-05-12 14:00:00,158.25,514.75,1.27,13.55,8.25,22.7,0.47,12.93,184.12,,,,436.0,Severe
254702,DL005,2019-05-12 15:00:00,102.25,312.75,1.0,12.5,7.43,23.32,0.45,10.25,188.45,,,,445.0,Severe
254703,DL005,2019-05-12 16:00:00,87.5,254.5,0.82,13.65,7.9,23.18,0.72,10.07,194.48,,,,450.0,Severe
254704,DL005,2019-05-12 17:00:00,93.5,269.0,0.6,13.18,7.53,22.1,0.88,9.2,189.27,,,,454.0,Severe
254705,DL005,2019-05-12 18:00:00,92.25,265.75,1.1,15.25,8.88,20.95,0.97,10.23,192.4,,,,454.0,Severe
254706,DL005,2019-05-12 19:00:00,111.25,283.0,1.4,28.65,16.4,23.8,1.17,11.6,168.77,,,,451.0,Severe
254707,DL005,2019-05-12 20:00:00,148.75,325.25,0.95,48.53,26.65,26.83,1.55,11.9,99.15,,,,443.0,Severe
254708,DL005,2019-05-12 21:00:00,186.0,376.75,1.02,62.38,34.08,31.58,1.93,18.2,68.6,,,,442.0,Severe
254709,DL005,2019-05-12 22:00:00,217.5,399.75,1.47,85.5,46.58,36.05,1.8,24.35,34.38,,,,443.0,Severe
254710,DL005,2019-05-12 23:00:00,249.25,434.25,3.92,88.12,50.1,38.1,2.1,25.83,13.38,,,,441.0,Severe
254711,DL005,2019-05-13 00:00:00,307.75,515.25,3.77,79.95,45.75,49.95,2.2,37.03,11.65,,,,445.0,Severe
254712,DL005,2019-05-13 01:00:00,390.25,583.75,2.33,63.1,35.4,46.77,2.02,34.95,24.9,,,,448.0,Severe
254713,DL005,2019-05-13 02:00:00,325.0,487.0,1.23,50.98,28.1,35.32,1.5,35.48,33.35,,,,446.0,Severe
254714,DL005,2019-05-13 03:00:00,220.0,368.75,2.0,57.6,32.4,33.5,,,17.93,,,,438.0,Severe
254715,DL005,2019-05-13 04:00:00,247.0,386.0,2.95,60.08,34.38,39.4,1.77,26.1,8.8,,,,427.0,Severe
254716,DL005,2019-05-13 05:00:00,316.25,464.75,5.22,63.28,37.97,43.75,2.0,30.32,5.45,,,,417.0,Severe
254717,DL005,2019-05-13 06:00:00,356.25,508.75,20.0,71.18,54.12,38.58,1.92,37.62,3.97,,,,401.0,Severe
254718,DL005,2019-05-13 07:00:00,348.75,515.75,23.48,73.1,58.05,41.25,2.0,30.73,5.82,,,,407.0,Severe
254719,DL005,2019-05-13 08:00:00,404.0,596.5,10.05,78.97,50.23,55.33,2.17,53.3,18.98,,,,416.0,Severe
254720,DL005,2019-05-13 09:00:00,452.5,657.75,3.73,54.8,32.22,46.72,1.75,54.88,80.45,,,,429.0,Severe
254721,DL005,2019-05-13 10:00:00,360.0,570.5,1.65,50.17,28.02,42.73,1.67,51.73,152.28,,,,435.0,Severe
254722,DL005,2019-05-13 11:00:00,326.75,550.75,1.35,42.83,23.85,38.62,1.4,38.85,190.1,,,,440.0,Severe
254723,DL005,2019-05-13 12:00:00,249.0,440.75,1.25,37.23,20.82,35.35,1.15,34.88,,,,,424.0,Severe
254724,DL005,2019-05-13 13:00:00,181.75,348.25,1.18,19.45,11.32,28.12,0.7,18.1,,,,,406.0,Severe
254725,DL005,2019-05-13 14:00:00,106.25,233.5,1.15,15.22,9.05,26.38,0.6,15.3,,,,,396.0,Very Poor
254726,DL005,2019-05-13 15:00:00,103.75,202.75,1.12,16.05,9.55,28.05,0.53,13.72,,,,,396.0,Very Poor
254727,DL005,2019-05-13 16:00:00,94.0,206.5,1.32,25.8,14.83,27.02,0.8,11.53,180.6,,,,396.0,Very Poor
254728,DL005,2019-05-13 17:00:00,91.25,221.0,1.02,19.73,11.35,26.08,0.93,13.95,197.03,,,,396.0,Very Poor
254729,DL005,2019-05-13 18:00:00,84.25,296.25,1.25,20.52,11.9,24.35,1.02,13.38,173.07,,,,396.0,Very Poor
254730,DL005,2019-05-13 19:00:00,80.0,448.75,1.12,23.5,13.4,21.48,0.95,9.55,108.47,,,,395.0,Very Poor
254731,DL005,2019-05-13 20:00:00,55.0,424.25,1.15,32.5,18.2,21.95,1.05,8.85,85.7,,,,396.0,Very Poor
254732,DL005,2019-05-13 21:00:00,51.0,198.75,1.23,26.83,15.22,23.75,0.88,8.68,85.03,,,,388.0,Very Poor
254733,DL005,2019-05-13 22:00:00,49.25,182.25,1.35,16.25,9.8,25.07,0.57,8.93,66.47,,,,382.0,Very Poor
254734,DL005,2019-05-13 23:00:00,50.75,125.25,1.27,13.8,8.38,25.7,0.47,7.5,87.75,,,,376.0,Very Poor
254735,DL005,2019-05-14 00:00:00,45.5,67.5,0.82,14.15,8.22,27.7,0.5,8.3,90.0,,,,368.0,Very Poor
254736,DL005,2019-05-14 01:00:00,47.25,62.5,1.08,14.18,8.43,27.77,0.55,7.8,89.93,,,,357.0,Very Poor
254737,DL005,2019-05-14 02:00:00,39.5,61.25,1.22,13.57,8.22,26.12,0.72,7.38,76.25,,,,347.0,Very Poor
254738,DL005,2019-05-14 03:00:00,42.75,61.75,0.8,20.6,11.6,29.6,,,61.35,,,,342.0,Very Poor
254739,DL005,2019-05-14 04:00:00,48.0,61.0,0.98,22.62,12.85,29.65,0.7,10.4,49.78,,,,335.0,Very Poor
254740,DL005,2019-05-14 05:00:00,95.75,121.5,1.65,25.88,15.12,30.15,0.7,12.95,35.62,,,,328.0,Very Poor
254741,DL005,2019-05-14 06:00:00,92.5,123.5,1.7,32.65,18.8,27.88,0.65,10.58,25.0,,,,320.0,Very Poor
254742,DL005,2019-05-14 07:00:00,71.75,113.75,3.35,43.95,26.12,32.4,0.75,10.3,17.88,,,,311.0,Very Poor
254743,DL005,2019-05-14 08:00:00,91.5,139.75,3.47,30.62,19.07,37.12,0.72,13.8,37.83,,,,301.0,Very Poor
254744,DL005,2019-05-14 09:00:00,96.75,144.25,2.28,24.5,14.9,37.4,0.5,13.88,58.8,,,,255.0,Poor
254745,DL005,2019-05-14 10:00:00,56.75,101.5,2.38,20.25,12.72,34.78,0.78,12.78,77.62,,,,213.0,Poor
254746,DL005,2019-05-14 11:00:00,38.0,84.0,1.9,16.3,10.22,31.8,0.8,10.95,94.62,,,,173.0,Moderate
254747,DL005,2019-05-14 12:00:00,35.75,72.75,1.43,12.78,7.95,30.05,0.8,8.72,109.65,,,,147.0,Moderate
254748,DL005,2019-05-14 13:00:00,29.25,76.0,1.1,10.68,6.55,30.48,0.85,8.4,121.95,,,,140.0,Moderate
254749,DL005,2019-05-14 14:00:00,32.25,84.0,1.38,11.27,7.12,30.67,0.75,8.47,139.32,,,,158.0,Moderate
254750,DL005,2019-05-14 15:00:00,38.75,97.25,1.3,12.48,7.62,36.5,0.6,7.0,138.35,,,,158.0,Moderate
254751,DL005,2019-05-14 16:00:00,37.5,91.75,1.4,12.42,7.78,37.17,0.47,6.22,152.45,,,,177.0,Moderate
254752,DL005,2019-05-14 17:00:00,38.5,96.25,1.43,14.4,8.8,36.35,0.55,6.55,166.05,,,,197.0,Moderate
254753,DL005,2019-05-14 18:00:00,46.25,119.0,1.38,14.97,9.12,33.08,0.9,7.88,170.7,,,,207.0,Poor
254754,DL005,2019-05-14 19:00:00,49.75,155.25,0.93,20.2,11.47,30.5,0.95,10.1,174.38,,141.3,,216.0,Poor
254755,DL005,2019-05-14 20:00:00,64.25,210.75,1.05,28.27,15.9,31.45,1.15,12.03,159.55,,216.07,,216.0,Poor
254756,DL005,2019-05-14 21:00:00,84.75,240.25,1.15,39.1,21.77,32.17,1.27,12.43,114.65,,315.48,,216.0,Poor
254757,DL005,2019-05-14 22:00:00,93.25,260.25,1.18,88.95,48.2,32.25,1.2,11.55,43.45,,200.18,,216.0,Poor
254758,DL005,2019-05-14 23:00:00,116.0,339.5,1.4,83.03,45.28,39.9,1.38,12.85,35.62,,110.85,,216.0,Poor
254759,DL005,2019-05-15 00:00:00,152.75,379.0,1.23,65.05,35.25,42.8,1.15,19.67,55.7,,111.4,,216.0,Poor
254760,DL005,2019-05-15 01:00:00,146.25,292.75,1.72,63.33,35.1,41.9,1.12,16.07,35.35,,,,216.0,Poor
254761,DL005,2019-05-15 02:00:00,150.75,261.5,2.38,75.38,42.02,40.8,1.42,21.7,14.25,,,,216.0,Poor
254762,DL005,2019-05-15 03:00:00,161.75,278.25,15.0,97.9,64.2,41.8,,,6.1,,,,188.0,Moderate
254763,DL005,2019-05-15 04:00:00,157.5,293.0,5.35,79.35,46.6,40.67,1.35,20.98,11.85,,,,175.0,Moderate
254764,DL005,2019-05-15 05:00:00,148.25,257.75,2.5,75.85,42.38,36.8,1.3,25.48,12.52,,,,182.0,Moderate
254765,DL005,2019-05-15 06:00:00,155.0,272.75,5.5,70.2,41.8,34.65,1.25,24.08,23.9,,,,191.0,Moderate
254766,DL005,2019-05-15 07:00:00,171.75,315.5,28.85,79.48,65.83,43.23,1.62,20.98,41.73,,,,205.0,Poor
254767,DL005,2019-05-15 08:00:00,180.75,374.5,18.82,62.4,48.5,43.47,1.3,13.85,32.12,,,,217.0,Poor
254768,DL005,2019-05-15 09:00:00,120.0,226.0,1.18,16.8,9.93,42.58,0.5,9.75,22.25,,,,220.0,Poor
254769,DL005,2019-05-15 10:00:00,65.0,101.25,1.5,18.12,10.88,47.25,0.98,8.2,32.08,,,,221.0,Poor
254770,DL005,2019-05-15 11:00:00,62.5,107.75,1.65,18.95,11.4,42.98,0.9,8.82,36.1,,147.8,,225.0,Poor
254771,DL005,2019-05-15 12:00:00,62.5,110.75,3.05,24.23,15.38,48.62,1.0,9.8,43.38,,153.2,,229.0,Poor
254772,DL005,2019-05-15 13:00:00,54.75,92.75,2.5,15.3,10.2,51.0,0.97,9.6,48.62,,,,232.0,Poor
254773,DL005,2019-05-15 14:00:00,43.5,82.5,2.17,16.6,10.55,53.67,0.78,10.0,69.1,,,,234.0,Poor
254774,DL005,2019-05-15 15:00:00,36.75,73.5,1.55,16.25,9.93,67.72,0.7,9.22,92.67,,,,233.0,Poor
254775,DL005,2019-05-15 16:00:00,32.0,78.75,1.67,20.07,12.05,63.28,0.6,8.15,116.88,,,,233.0,Poor
254776,DL005,2019-05-15 17:00:00,39.5,88.5,2.0,25.88,15.43,61.4,0.7,8.85,132.28,,,,233.0,Poor
254777,DL005,2019-05-15 18:00:00,45.75,114.5,2.22,37.05,21.52,55.75,1.23,11.05,149.48,,,,233.0,Poor
254778,DL005,2019-05-15 19:00:00,54.0,151.25,2.03,56.6,31.7,44.9,1.52,12.35,92.42,,,,233.0,Poor
254779,DL005,2019-05-15 20:00:00,68.5,246.25,1.55,72.58,39.85,45.15,1.77,12.9,53.38,,231.05,,234.0,Poor
254780,DL005,2019-05-15 21:00:00,86.0,298.75,2.45,90.75,50.28,46.75,1.98,11.18,16.55,,259.6,,234.0,Poor
254781,DL005,2019-05-15 22:00:00,93.0,305.0,7.57,108.08,63.72,45.8,1.48,9.97,37.45,,,,234.0,Poor
254782,DL005,2019-05-15 23:00:00,113.25,301.75,11.35,101.45,63.25,57.42,1.93,15.53,68.65,,107.3,,234.0,Poor
254783,DL005,2019-05-16 00:00:00,143.0,351.25,39.7,109.4,90.58,61.45,2.62,18.62,32.7,,120.9,,232.0,Poor
254784,DL005,2019-05-16 01:00:00,165.5,393.0,38.73,103.55,86.65,62.1,2.6,18.95,105.17,,107.4,,235.0,Poor
254785,DL005,2019-05-16 02:00:00,193.75,399.0,38.0,99.77,84.12,65.38,2.25,20.23,50.45,,144.68,,241.0,Poor
254786,DL005,2019-05-16 03:00:00,190.0,374.0,2.2,38.4,22.2,59.3,,,22.05,,134.45,,245.0,Poor
254787,DL005,2019-05-16 04:00:00,129.0,219.5,4.22,60.08,35.33,52.8,1.15,13.03,15.38,,103.07,,241.0,Poor
254788,DL005,2019-05-16 05:00:00,144.75,252.5,6.15,53.18,33.3,47.95,1.17,14.4,13.48,,,,240.0,Poor
254789,DL005,2019-05-16 06:00:00,166.5,338.0,1.65,13.12,8.38,47.88,0.43,13.72,34.15,,,,242.0,Poor
254790,DL005,2019-05-16 07:00:00,120.0,278.0,1.12,15.12,8.85,60.17,0.4,9.2,48.9,,,,235.0,Poor
254791,DL005,2019-05-16 08:00:00,43.5,234.75,1.27,16.95,10.07,57.58,0.5,7.97,48.77,,,,216.0,Poor
254792,DL005,2019-05-16 09:00:00,31.5,101.25,2.25,22.8,13.98,56.8,0.6,8.6,40.5,,,,203.0,Poor
254793,DL005,2019-05-16 10:00:00,37.25,96.75,3.27,28.05,17.58,58.75,0.9,9.77,46.95,,,,200.0,Moderate
254794,DL005,2019-05-16 11:00:00,42.5,120.0,4.75,46.62,28.72,48.67,1.25,10.43,41.8,,,,197.0,Moderate
254795,DL005,2019-05-16 12:00:00,47.25,125.25,3.73,41.02,24.8,48.75,1.17,11.02,78.53,,,,195.0,Moderate
254796,DL005,2019-05-16 13:00:00,45.75,105.0,2.1,22.25,13.5,49.8,0.83,10.65,103.1,,,,193.0,Moderate
254797,DL005,2019-05-16 14:00:00,57.0,96.25,1.47,21.2,12.5,50.23,0.93,12.35,132.5,,,,195.0,Moderate
254798,DL005,2019-05-16 15:00:00,94.75,132.75,1.55,18.35,11.03,47.98,0.7,11.05,115.22,,,,203.0,Poor
254799,DL005,2019-05-16 16:00:00,43.5,84.75,1.95,16.05,10.12,47.53,0.53,7.83,118.57,,,,205.0,Poor
254800,DL005,2019-05-16 17:00:00,38.75,112.75,1.77,17.08,10.52,43.12,0.6,7.8,115.83,,,,205.0,Poor
254801,DL005,2019-05-16 18:00:00,45.5,133.0,1.62,18.17,10.98,42.42,0.85,7.03,106.5,,,,205.0,Poor
254802,DL005,2019-05-16 19:00:00,43.5,133.25,1.62,27.15,15.72,39.45,0.88,7.6,91.45,,,,203.0,Poor
254803,DL005,2019-05-16 20:00:00,57.5,198.0,8.62,85.57,52.38,38.32,1.4,9.45,36.67,,,,202.0,Poor
254804,DL005,2019-05-16 21:00:00,94.5,328.0,8.22,111.25,65.85,42.7,1.93,14.43,12.78,,,,203.0,Poor
254805,DL005,2019-05-16 22:00:00,151.75,443.0,25.42,111.75,80.22,45.85,2.1,17.03,4.58,,,,211.0,Poor
254806,DL005,2019-05-16 23:00:00,169.0,612.75,50.7,101.17,94.9,51.05,2.17,14.68,4.65,,,,219.0,Poor
254807,DL005,2019-05-17 00:00:00,195.0,592.5,48.73,95.25,90.22,58.02,1.92,18.82,9.07,,100.2,,226.0,Poor
254808,DL005,2019-05-17 01:00:00,241.25,557.25,78.9,90.6,112.55,54.25,2.12,19.32,8.73,,126.3,,237.0,Poor
254809,DL005,2019-05-17 02:00:00,227.75,533.25,90.65,85.53,110.2,56.35,2.4,15.32,12.45,,147.25,,241.0,Poor
254810,DL005,2019-05-17 03:00:00,225.25,536.5,4.3,83.7,48.0,53.5,,,7.4,,124.1,,246.0,Poor
254811,DL005,2019-05-17 04:00:00,201.25,409.0,11.58,86.4,55.38,48.77,1.6,25.83,6.6,,,,256.0,Poor
254812,DL005,2019-05-17 05:00:00,189.75,409.0,18.05,88.98,62.0,47.73,1.58,25.0,4.67,,,,263.0,Poor
254813,DL005,2019-05-17 06:00:00,224.5,526.25,3.82,39.08,23.88,45.73,0.95,27.42,15.73,,,,271.0,Poor
254814,DL005,2019-05-17 07:00:00,167.25,635.0,1.58,20.4,12.18,43.95,0.43,13.28,29.25,,,,277.0,Poor
254815,DL005,2019-05-17 08:00:00,167.75,,1.98,23.95,14.32,49.2,0.47,11.22,29.9,,,,294.0,Poor
254816,DL005,2019-05-17 09:00:00,171.0,948.0,2.47,21.62,13.5,50.8,0.5,9.88,43.1,,,,303.0,Very Poor
254817,DL005,2019-05-17 10:00:00,127.25,886.25,2.15,18.38,11.53,54.12,0.88,10.7,64.9,,,,333.0,Very Poor
254818,DL005,2019-05-17 11:00:00,117.25,647.75,1.73,15.45,9.65,45.2,0.88,10.82,94.1,,,,362.0,Very Poor
254819,DL005,2019-05-17 12:00:00,96.5,462.75,1.8,15.32,9.6,46.28,0.88,10.1,114.88,,,,380.0,Very Poor
254820,DL005,2019-05-17 13:00:00,73.5,344.25,1.83,14.75,9.38,46.62,0.9,9.75,127.45,,,,393.0,Very Poor
254821,DL005,2019-05-17 14:00:00,58.75,202.75,1.5,13.4,8.38,41.35,0.85,9.95,131.93,,,,399.0,Very Poor
254822,DL005,2019-05-17 15:00:00,44.25,170.5,1.25,13.18,8.03,40.42,0.72,9.22,121.5,,,,401.0,Severe
254823,DL005,2019-05-17 16:00:00,39.75,175.75,1.25,17.15,10.12,43.65,0.57,8.07,74.08,,,,406.0,Severe
254824,DL005,2019-05-17 17:00:00,41.0,114.5,1.52,20.35,12.05,40.65,0.62,8.68,67.28,,153.07,,406.0,Severe
254825,DL005,2019-05-17 18:00:00,39.0,90.0,2.8,31.67,19.15,43.65,0.85,9.38,53.9,,,,404.0,Severe
254826,DL005,2019-05-17 19:00:00,43.0,105.75,2.22,32.5,19.07,40.85,0.95,11.28,64.08,,233.53,,402.0,Severe
254827,DL005,2019-05-17 20:00:00,43.25,111.5,1.8,27.38,16.05,35.08,1.0,9.6,62.48,,147.18,,397.0,Very Poor
254828,DL005,2019-05-17 21:00:00,37.25,89.5,1.2,27.7,15.75,34.55,1.02,9.43,55.28,,,,384.0,Very Poor
254829,DL005,2019-05-17 22:00:00,41.75,89.25,1.38,17.6,10.52,35.25,0.5,8.18,65.72,,,,365.0,Very Poor
254830,DL005,2019-05-17 23:00:00,32.25,114.75,1.35,14.68,8.93,32.5,0.45,7.33,51.52,,,,338.0,Very Poor
254831,DL005,2019-05-18 00:00:00,24.0,48.25,1.07,20.22,11.65,35.7,0.5,7.5,35.58,,,,309.0,Very Poor
254832,DL005,2019-05-18 01:00:00,28.5,54.75,0.95,11.57,6.95,37.25,0.45,6.97,47.17,,,,285.0,Poor
254833,DL005,2019-05-18 02:00:00,35.0,47.75,1.57,15.38,9.48,42.45,0.65,6.97,39.8,,,,264.0,Poor
254834,DL005,2019-05-18 03:00:00,49.25,77.0,1.1,19.1,11.0,48.0,,,34.17,,,,244.0,Poor
254835,DL005,2019-05-18 04:00:00,67.5,135.5,1.43,16.95,10.15,41.3,0.6,6.75,28.12,,,,232.0,Poor
254836,DL005,2019-05-18 05:00:00,47.25,117.25,1.52,24.27,14.2,34.6,0.7,7.0,15.22,,,,219.0,Poor
254837,DL005,2019-05-18 06:00:00,48.0,110.25,1.65,28.1,16.27,33.43,,6.7,11.7,,,,201.0,Poor
254838,DL005,2019-05-18 07:00:00,69.0,146.25,2.9,32.7,19.77,39.47,,8.72,11.55,,,,187.0,Moderate
254839,DL005,2019-05-18 08:00:00,118.75,196.25,2.8,20.62,13.27,49.6,,17.48,22.4,,,,186.0,Moderate
254840,DL005,2019-05-18 09:00:00,133.75,183.75,3.37,21.1,13.92,46.2,,13.55,43.33,,,,165.0,Moderate
254841,DL005,2019-05-18 10:00:00,50.75,76.25,2.68,17.55,11.52,50.17,,12.18,60.12,,,,142.0,Moderate
254842,DL005,2019-05-18 11:00:00,33.5,61.75,2.58,18.52,11.97,46.25,0.5,11.22,75.72,,,,126.0,Moderate
254843,DL005,2019-05-18 12:00:00,26.0,65.0,2.12,17.25,10.88,42.48,0.65,12.43,90.2,,,,115.0,Moderate
254844,DL005,2019-05-18 13:00:00,45.0,77.75,1.7,14.97,9.35,40.7,0.7,11.73,98.8,,,,107.0,Moderate
254845,DL005,2019-05-18 14:00:00,47.5,80.25,1.7,13.7,,41.8,0.7,11.2,124.7,,,,136.0,Moderate
254846,DL005,2019-05-18 15:00:00,44.75,83.0,0.62,12.65,7.25,46.7,0.7,8.98,108.3,,,,136.0,Moderate
254847,DL005,2019-05-18 16:00:00,40.5,86.0,0.7,10.85,6.35,39.85,0.65,8.45,113.45,,,,136.0,Moderate
254848,DL005,2019-05-18 17:00:00,37.5,78.0,0.53,9.7,5.55,45.3,0.7,8.18,115.8,,,,136.0,Moderate
254849,DL005,2019-05-18 18:00:00,35.0,85.0,0.35,11.4,6.35,46.8,0.78,8.38,116.1,,,,136.0,Moderate
254850,DL005,2019-05-18 19:00:00,42.5,99.0,0.68,14.18,8.1,38.5,1.07,8.18,99.67,,,,136.0,Moderate
254851,DL005,2019-05-18 20:00:00,54.5,116.25,0.5,31.43,17.12,37.5,1.15,9.62,66.83,,,,136.0,Moderate
254852,DL005,2019-05-18 21:00:00,74.5,147.5,0.6,43.97,23.88,37.22,1.38,9.38,42.45,,,,136.0,Moderate
254853,DL005,2019-05-18 22:00:00,77.25,149.25,0.42,44.2,23.88,40.65,1.08,19.8,33.98,,,,124.0,Moderate
254854,DL005,2019-05-18 23:00:00,117.75,185.75,0.7,39.65,21.65,42.97,0.95,23.4,32.83,,,,124.0,Moderate
254855,DL005,2019-05-19 00:00:00,143.25,212.75,1.03,52.17,28.52,51.58,1.0,25.65,17.38,,,,124.0,Moderate
254856,DL005,2019-05-19 01:00:00,135.75,212.75,0.9,42.88,23.55,52.38,0.95,27.55,22.4,,,,124.0,Moderate
254857,DL005,2019-05-19 02:00:00,148.0,206.25,0.55,35.2,19.18,53.3,0.85,28.35,28.85,,,,134.0,Moderate
254858,DL005,2019-05-19 03:00:00,146.75,206.25,0.6,40.2,21.8,49.6,,,22.2,,,,148.0,Moderate
254859,DL005,2019-05-19 04:00:00,134.0,202.75,0.48,31.3,17.07,43.7,0.9,17.58,25.38,,,,157.0,Moderate
254860,DL005,2019-05-19 05:00:00,134.5,206.0,0.83,39.17,21.52,38.8,0.9,21.77,17.98,,,,169.0,Moderate
254861,DL005,2019-05-19 06:00:00,137.75,228.25,0.85,33.42,18.47,35.88,0.93,26.15,21.07,,,,182.0,Moderate
254862,DL005,2019-05-19 07:00:00,146.5,234.0,2.25,36.9,21.45,38.27,0.9,25.7,17.3,,,,192.0,Moderate
254863,DL005,2019-05-19 08:00:00,157.75,238.0,2.52,28.27,17.1,47.6,0.85,25.9,32.3,,,,198.0,Moderate
254864,DL005,2019-05-19 09:00:00,148.25,218.75,1.5,21.12,12.45,48.05,0.75,21.12,80.0,,,,200.0,Moderate
254865,DL005,2019-05-19 10:00:00,105.0,171.0,0.8,17.05,9.68,46.73,0.8,15.93,111.8,,,,207.0,Poor
254866,DL005,2019-05-19 11:00:00,77.75,143.75,0.85,15.1,8.75,41.5,1.1,12.78,138.75,,,,214.0,Poor
254867,DL005,2019-05-19 12:00:00,66.75,132.5,0.9,12.88,7.6,34.98,0.95,11.33,158.53,,,,219.0,Poor
254868,DL005,2019-05-19 13:00:00,61.75,128.0,0.75,12.72,7.38,32.88,0.97,9.25,170.12,,,,222.0,Poor
254869,DL005,2019-05-19 14:00:00,57.25,122.75,0.45,11.85,6.68,32.8,0.97,8.97,187.5,,,,249.0,Poor
254870,DL005,2019-05-19 15:00:00,55.0,107.0,0.38,11.77,6.6,30.35,0.83,8.43,188.32,,,,251.0,Poor
254871,DL005,2019-05-19 16:00:00,53.0,109.75,0.38,12.05,6.78,30.58,0.6,9.2,191.15,,,,258.0,Poor
254872,DL005,2019-05-19 17:00:00,47.25,116.5,0.47,13.0,7.3,30.43,0.6,8.47,188.35,,,,258.0,Poor
254873,DL005,2019-05-19 18:00:00,46.0,108.0,0.5,14.32,7.4,27.6,0.6,8.55,175.4,,,,258.0,Poor
254874,DL005,2019-05-19 19:00:00,39.0,100.25,0.57,19.4,10.85,24.4,0.9,8.07,139.93,,,,258.0,Poor
254875,DL005,2019-05-19 20:00:00,42.75,124.25,0.32,40.9,22.02,23.68,1.1,14.0,83.8,,,,258.0,Poor
254876,DL005,2019-05-19 21:00:00,90.0,207.25,9.97,90.85,56.48,33.35,1.8,32.67,15.95,,,,258.0,Poor
254877,DL005,2019-05-19 22:00:00,173.75,364.25,27.27,92.97,71.85,34.83,1.88,26.95,3.1,,,,258.0,Poor
254878,DL005,2019-05-19 23:00:00,188.0,398.5,26.12,86.75,67.33,35.25,1.65,33.77,4.7,,,,258.0,Poor
254879,DL005,2019-05-20 00:00:00,199.5,385.75,2.1,59.85,33.58,35.85,1.12,24.88,35.65,,,,260.0,Poor
254880,DL005,2019-05-20 01:00:00,181.25,298.25,2.25,57.2,32.23,35.88,0.98,22.88,43.02,,,,266.0,Poor
254881,DL005,2019-05-20 02:00:00,182.25,308.0,1.1,49.82,27.42,35.92,0.93,21.27,13.3,,142.82,,271.0,Poor
254882,DL005,2019-05-20 03:00:00,175.25,259.5,7.8,65.7,41.3,34.9,,,18.1,,,,275.0,Poor
254883,DL005,2019-05-20 04:00:00,185.25,280.75,5.9,63.28,38.58,36.75,1.12,20.73,6.9,,104.5,,282.0,Poor
254884,DL005,2019-05-20 05:00:00,204.75,295.25,12.97,63.12,44.2,36.58,1.17,20.97,4.2,,,,292.0,Poor
254885,DL005,2019-05-20 06:00:00,219.5,310.25,4.65,67.9,39.88,37.73,1.23,25.6,5.38,,,,301.0,Very Poor
254886,DL005,2019-05-20 07:00:00,239.75,330.5,4.35,61.07,35.97,35.65,1.07,32.28,18.55,,,,304.0,Very Poor
254887,DL005,2019-05-20 08:00:00,193.5,274.0,3.3,43.9,26.02,38.72,1.0,31.1,39.17,,,,305.0,Very Poor
254888,DL005,2019-05-20 09:00:00,202.0,303.75,1.97,31.12,18.18,39.8,0.93,29.2,76.68,,,,307.0,Very Poor
254889,DL005,2019-05-20 10:00:00,163.75,277.75,1.28,24.52,14.1,37.85,1.0,23.75,128.4,,,,308.0,Very Poor
254890,DL005,2019-05-20 11:00:00,110.0,212.75,0.9,17.77,10.2,33.15,1.05,15.47,166.7,,,,310.0,Very Poor
254891,DL005,2019-05-20 12:00:00,67.25,162.0,0.68,12.38,7.12,26.65,0.9,11.45,172.3,,,,310.0,Very Poor
254892,DL005,2019-05-20 13:00:00,38.5,151.75,0.52,11.4,6.5,23.6,0.88,9.4,160.98,,,,309.0,Very Poor
254893,DL005,2019-05-20 14:00:00,40.5,136.5,0.42,11.53,6.47,24.15,1.0,9.43,162.55,,,,308.0,Very Poor
254894,DL005,2019-05-20 15:00:00,41.75,132.0,0.75,12.53,7.3,23.8,0.93,8.93,158.07,,,,308.0,Very Poor
254895,DL005,2019-05-20 16:00:00,39.25,136.0,0.65,12.22,7.03,21.1,0.53,8.35,147.55,,,,307.0,Very Poor
254896,DL005,2019-05-20 17:00:00,32.75,118.75,0.48,11.43,6.47,19.4,0.5,7.92,142.28,,,,307.0,Very Poor
254897,DL005,2019-05-20 18:00:00,31.75,116.5,,,,,0.5,7.2,148.25,,,,306.0,Very Poor
254898,DL005,2019-05-20 19:00:00,39.75,134.25,0.9,30.17,16.77,20.77,0.85,8.0,111.97,,,,306.0,Very Poor
254899,DL005,2019-05-20 20:00:00,49.25,172.75,1.93,62.25,36.45,20.67,1.25,11.05,41.7,,,,307.0,Very Poor
254900,DL005,2019-05-20 21:00:00,79.25,256.5,5.47,87.3,50.9,21.0,1.52,13.4,8.68,,,,306.0,Very Poor
254901,DL005,2019-05-20 22:00:00,82.75,265.0,4.45,64.9,38.15,24.8,1.25,23.05,13.82,,,,303.0,Very Poor
254902,DL005,2019-05-20 23:00:00,104.25,242.25,5.43,63.75,38.4,25.88,1.08,26.9,14.0,,,,301.0,Very Poor
254903,DL005,2019-05-21 00:00:00,118.75,278.75,22.15,67.8,54.08,28.45,1.05,34.58,8.9,,,,292.0,Poor
254904,DL005,2019-05-21 01:00:00,128.0,279.25,1.45,44.35,24.75,28.17,0.88,32.52,27.8,,,,285.0,Poor
254905,DL005,2019-05-21 02:00:00,141.5,238.5,2.65,48.95,28.17,31.48,0.9,25.48,8.85,,,,279.0,Poor
254906,DL005,2019-05-21 03:00:00,146.75,263.25,2.4,48.8,27.9,30.4,,,13.72,,,,275.0,Poor
254907,DL005,2019-05-21 04:00:00,146.75,250.25,2.28,44.47,25.53,29.57,1.12,27.8,12.23,,,,270.0,Poor
254908,DL005,2019-05-21 05:00:00,145.0,249.0,4.35,49.2,29.73,30.05,1.12,33.52,6.15,,,,261.0,Poor
254909,DL005,2019-05-21 06:00:00,165.0,273.75,6.42,50.77,32.0,32.0,1.25,37.35,5.28,,,,254.0,Poor
254910,DL005,2019-05-21 07:00:00,186.0,317.0,16.95,53.12,42.15,33.98,1.35,38.82,6.05,,,,246.0,Poor
254911,DL005,2019-05-21 08:00:00,204.0,333.5,7.55,48.6,32.05,36.33,1.23,30.5,25.38,,,,248.0,Poor
254912,DL005,2019-05-21 09:00:00,186.25,319.25,2.85,37.08,22.05,33.18,0.98,27.1,88.53,,,,246.0,Poor
254913,DL005,2019-05-21 10:00:00,121.75,244.25,1.77,30.8,17.77,30.88,0.93,24.93,129.9,,,,240.0,Poor
254914,DL005,2019-05-21 11:00:00,84.0,177.25,1.78,25.38,14.98,28.57,0.95,15.93,160.8,,,,236.0,Poor
254915,DL005,2019-05-21 12:00:00,67.0,149.25,1.5,15.88,9.7,22.0,0.88,12.05,175.6,,,,236.0,Poor
254916,DL005,2019-05-21 13:00:00,51.5,155.0,1.28,14.42,8.73,21.05,0.9,10.68,186.57,,,,246.0,Poor
254917,DL005,2019-05-21 14:00:00,49.0,133.0,1.25,12.85,7.85,19.62,0.8,9.47,179.53,,,,246.0,Poor
254918,DL005,2019-05-21 15:00:00,44.25,124.25,1.35,12.2,7.6,18.68,0.8,8.95,161.95,,,,246.0,Poor
254919,DL005,2019-05-21 16:00:00,38.0,109.5,1.6,11.52,7.42,17.77,0.43,5.85,153.0,,,,246.0,Poor
254920,DL005,2019-05-21 17:00:00,36.75,128.25,2.47,20.6,13.05,18.65,0.5,5.38,138.53,,,,246.0,Poor
254921,DL005,2019-05-21 18:00:00,41.75,155.5,1.08,17.62,10.25,18.43,0.55,5.2,140.53,,,,246.0,Poor
254922,DL005,2019-05-21 19:00:00,41.25,133.75,1.27,24.9,14.28,18.2,0.77,5.35,112.25,,,,246.0,Poor
254923,DL005,2019-05-21 20:00:00,46.0,141.75,1.2,28.85,16.27,19.15,0.9,8.5,98.58,,,,246.0,Poor
254924,DL005,2019-05-21 21:00:00,64.5,196.75,1.5,46.52,25.95,21.38,1.32,11.03,56.82,,,,239.0,Poor
254925,DL005,2019-05-21 22:00:00,73.5,201.5,1.43,27.62,15.88,18.95,0.72,10.0,73.75,,,,238.0,Poor
254926,DL005,2019-05-21 23:00:00,46.0,134.0,8.45,51.3,34.03,18.4,0.75,10.52,32.95,,,,230.0,Poor
254927,DL005,2019-05-22 00:00:00,65.0,188.5,9.95,58.5,39.17,24.55,0.7,16.5,15.43,,,,222.0,Poor
254928,DL005,2019-05-22 01:00:00,98.0,229.0,4.85,56.4,33.95,29.8,0.78,26.55,15.12,,,,218.0,Poor
254929,DL005,2019-05-22 02:00:00,135.75,257.25,2.17,46.75,26.75,33.85,0.75,40.1,24.75,,,,217.0,Poor
254930,DL005,2019-05-22 03:00:00,138.75,231.5,2.2,31.7,18.7,32.3,,,26.12,,,,216.0,Poor
254931,DL005,2019-05-22 04:00:00,118.5,204.75,1.48,27.32,15.72,27.45,0.95,18.02,41.12,,,,212.0,Poor
254932,DL005,2019-05-22 05:00:00,82.5,151.0,1.25,27.25,15.5,24.33,0.93,19.77,29.07,,,,203.0,Poor
254933,DL005,2019-05-22 06:00:00,101.5,177.75,5.17,46.9,29.2,25.18,1.1,20.32,7.58,,,,195.0,Moderate
254934,DL005,2019-05-22 07:00:00,131.5,244.0,14.75,54.52,41.05,28.73,1.27,21.65,4.78,,,,187.0,Moderate
254935,DL005,2019-05-22 08:00:00,174.0,310.75,8.53,46.5,31.65,33.25,1.15,33.07,19.18,,,,183.0,Moderate
254936,DL005,2019-05-22 09:00:00,154.75,279.0,3.78,28.95,18.47,30.55,0.72,18.15,44.58,,,,179.0,Moderate
254937,DL005,2019-05-22 10:00:00,76.0,186.75,2.95,24.7,15.53,31.68,0.7,15.5,62.8,,,,172.0,Moderate
254938,DL005,2019-05-22 11:00:00,67.5,229.75,2.23,25.38,15.35,30.68,0.9,14.72,63.23,,,,170.0,Moderate
254939,DL005,2019-05-22 12:00:00,71.75,270.5,2.48,23.75,14.65,27.68,1.05,15.48,73.12,,,,171.0,Moderate
254940,DL005,2019-05-22 13:00:00,78.5,270.0,1.8,20.03,12.15,25.6,1.0,15.55,111.25,,,,174.0,Moderate
254941,DL005,2019-05-22 14:00:00,72.0,268.75,1.48,17.55,10.53,23.9,0.93,14.15,124.12,,,,178.0,Moderate
254942,DL005,2019-05-22 15:00:00,60.5,229.75,1.25,13.28,8.0,23.03,0.8,10.65,134.82,,,,180.0,Moderate
254943,DL005,2019-05-22 16:00:00,44.5,159.25,1.4,13.43,8.28,23.43,0.47,10.35,129.72,,,,181.0,Moderate
254944,DL005,2019-05-22 17:00:00,47.0,182.25,1.42,14.85,9.1,25.73,0.45,9.95,133.35,,,,182.0,Moderate
254945,DL005,2019-05-22 18:00:00,47.25,166.0,1.48,16.0,9.7,24.0,0.47,8.6,121.33,,,,183.0,Moderate
254946,DL005,2019-05-22 19:00:00,39.5,136.0,1.5,29.62,17.0,21.9,0.62,8.33,93.25,,,,183.0,Moderate
254947,DL005,2019-05-22 20:00:00,42.75,156.0,2.25,66.03,36.95,19.2,1.0,12.78,41.77,,,,182.0,Moderate
254948,DL005,2019-05-22 21:00:00,64.0,238.75,32.77,98.65,79.38,23.43,1.9,14.82,5.65,,,,182.0,Moderate
254949,DL005,2019-05-22 22:00:00,112.25,387.75,68.2,102.95,111.1,23.27,2.5,16.62,1.6,,160.45,,187.0,Moderate
254950,DL005,2019-05-22 23:00:00,117.75,393.25,44.3,87.45,82.67,25.77,2.05,17.25,2.85,,118.2,,197.0,Moderate
254951,DL005,2019-05-23 00:00:00,127.25,379.0,18.0,85.9,60.35,25.98,1.23,24.15,2.62,,,,206.0,Poor
254952,DL005,2019-05-23 01:00:00,120.0,301.5,47.33,80.72,81.38,30.82,1.4,20.58,2.08,,114.5,,209.0,Poor
254953,DL005,2019-05-23 02:00:00,152.0,362.75,11.67,74.33,49.08,35.12,1.18,34.43,10.1,,112.1,,211.0,Poor
254954,DL005,2019-05-23 03:00:00,188.0,345.5,2.1,52.6,29.6,37.4,,,14.95,,,,218.0,Poor
254955,DL005,2019-05-23 04:00:00,192.75,316.75,2.3,55.0,31.02,34.17,1.33,31.0,15.95,,,,229.0,Poor
254956,DL005,2019-05-23 05:00:00,186.25,304.5,2.65,55.2,31.55,32.45,1.33,33.68,13.98,,,,243.0,Poor
254957,DL005,2019-05-23 06:00:00,211.75,341.75,13.47,66.35,46.33,32.3,1.5,30.02,5.88,,,,258.0,Poor
254958,DL005,2019-05-23 07:00:00,238.25,409.5,34.38,77.65,69.4,35.28,1.65,31.48,3.33,,,,273.0,Poor
254959,DL005,2019-05-23 08:00:00,263.25,459.0,22.88,85.85,64.38,39.85,1.52,42.98,11.6,,,,285.0,Poor
254960,DL005,2019-05-23 09:00:00,268.5,453.75,6.02,57.35,35.45,38.6,1.35,50.65,46.75,,,,300.0,Poor
254961,DL005,2019-05-23 10:00:00,204.5,362.0,2.83,33.1,19.88,33.42,1.1,24.6,92.05,,,,304.0,Very Poor
254962,DL005,2019-05-23 11:00:00,128.75,286.75,1.72,25.88,15.18,31.45,1.1,18.27,134.0,,,,306.0,Very Poor
254963,DL005,2019-05-23 12:00:00,111.25,252.25,1.27,20.55,12.0,27.95,1.35,18.88,169.72,,,,308.0,Very Poor
254964,DL005,2019-05-23 13:00:00,103.5,225.0,1.7,17.65,10.78,26.17,1.23,18.05,179.93,,,,308.0,Very Poor
254965,DL005,2019-05-23 14:00:00,92.75,201.75,1.3,15.2,9.18,23.9,1.17,15.8,194.3,,,,309.0,Very Poor
254966,DL005,2019-05-23 15:00:00,79.25,186.5,1.25,13.43,8.15,22.95,1.08,13.65,194.4,,,,310.0,Very Poor
254967,DL005,2019-05-23 16:00:00,68.0,161.75,1.32,12.05,7.47,22.85,0.7,13.42,197.8,,,,310.0,Very Poor
254968,DL005,2019-05-23 17:00:00,67.75,163.75,1.27,13.02,7.97,23.62,0.6,12.53,192.15,,,,311.0,Very Poor
254969,DL005,2019-05-23 18:00:00,71.75,195.75,1.3,24.38,14.03,25.3,0.88,15.03,168.8,,121.3,,312.0,Very Poor
254970,DL005,2019-05-23 19:00:00,128.0,336.0,1.25,20.2,11.82,27.2,0.62,10.18,97.8,,136.1,,315.0,Very Poor
254971,DL005,2019-05-23 20:00:00,232.0,356.0,1.27,17.82,10.53,23.98,0.75,7.45,70.42,,,,321.0,Very Poor
254972,DL005,2019-05-23 21:00:00,154.75,46.75,1.48,26.62,15.35,21.57,0.97,7.55,66.05,,105.8,,324.0,Very Poor
254973,DL005,2019-05-23 22:00:00,121.0,65.75,1.48,32.5,18.48,20.88,0.95,8.1,37.3,,164.35,,324.0,Very Poor
254974,DL005,2019-05-23 23:00:00,,65.0,11.1,73.42,47.9,23.32,1.17,8.42,3.37,,,,325.0,Very Poor
254975,DL005,2019-05-24 00:00:00,48.0,117.5,4.45,58.92,34.92,26.53,1.12,8.18,2.83,,101.75,,322.0,Very Poor
254976,DL005,2019-05-24 01:00:00,49.75,87.0,3.92,48.32,28.88,27.95,0.88,7.93,10.68,,,,320.0,Very Poor
254977,DL005,2019-05-24 02:00:00,53.75,89.75,2.33,33.8,19.9,35.8,0.72,7.1,12.5,,,,317.0,Very Poor
254978,DL005,2019-05-24 03:00:00,56.75,99.0,3.1,49.7,29.0,48.3,,,6.42,,,,312.0,Very Poor
254979,DL005,2019-05-24 04:00:00,80.5,133.25,2.75,45.0,26.15,40.48,1.3,8.12,6.08,,,,309.0,Very Poor
254980,DL005,2019-05-24 05:00:00,89.25,144.0,2.62,43.2,25.1,33.85,1.27,12.02,5.18,,,,305.0,Very Poor
254981,DL005,2019-05-24 06:00:00,83.25,140.25,8.78,46.9,32.07,31.27,1.33,12.03,3.92,,,,301.0,Very Poor
254982,DL005,2019-05-24 07:00:00,87.0,156.5,14.43,42.7,34.4,35.92,1.4,10.65,3.62,,,,283.0,Poor
254983,DL005,2019-05-24 08:00:00,97.25,182.5,3.98,34.45,16.92,42.9,0.88,17.12,8.72,,,,259.0,Poor
254984,DL005,2019-05-24 09:00:00,67.0,184.0,2.47,16.62,10.85,60.77,0.7,12.62,24.9,,,,230.0,Poor
254985,DL005,2019-05-24 10:00:00,42.25,212.5,2.65,17.9,11.65,58.55,0.55,12.28,40.3,,,,206.0,Poor
254986,DL005,2019-05-24 11:00:00,29.5,219.25,2.38,15.95,10.45,58.58,0.5,8.23,52.23,,100.7,,192.0,Moderate
254987,DL005,2019-05-24 12:00:00,26.0,203.0,2.32,18.38,11.65,54.6,0.82,8.25,62.7,,152.53,,180.0,Moderate
254988,DL005,2019-05-24 13:00:00,29.5,124.25,2.25,17.88,11.35,43.55,0.8,10.3,60.62,,121.3,,169.0,Moderate
254989,DL005,2019-05-24 14:00:00,29.25,87.75,2.73,21.75,13.78,42.18,0.9,10.32,46.35,,137.12,,160.0,Moderate
254990,DL005,2019-05-24 15:00:00,26.25,68.25,3.0,20.38,12.85,43.15,0.9,9.68,57.42,,110.4,,152.0,Moderate
254991,DL005,2019-05-24 16:00:00,33.25,73.25,2.12,16.38,10.52,43.08,0.5,10.35,63.15,,125.55,,147.0,Moderate
254992,DL005,2019-05-24 17:00:00,34.25,65.0,1.88,17.05,10.55,55.8,0.32,10.32,71.65,,,,142.0,Moderate
254993,DL005,2019-05-24 18:00:00,33.5,56.75,1.7,16.5,10.15,62.62,0.3,9.5,75.67,,,,137.0,Moderate
254994,DL005,2019-05-24 19:00:00,28.75,63.5,1.5,21.95,12.92,55.75,0.43,8.05,63.18,,,,122.0,Moderate
254995,DL005,2019-05-24 20:00:00,57.25,86.25,1.65,39.68,22.48,48.88,0.82,8.28,36.38,,,,110.0,Moderate
254996,DL005,2019-05-24 21:00:00,118.75,127.25,2.17,57.8,32.48,39.83,1.18,9.38,15.0,,,,113.0,Moderate
254997,DL005,2019-05-24 22:00:00,74.5,167.25,4.02,63.82,37.3,36.7,1.25,9.45,12.78,,,,115.0,Moderate
254998,DL005,2019-05-24 23:00:00,195.0,177.0,4.12,60.2,35.4,42.38,1.1,11.57,6.95,,,,118.0,Moderate
254999,DL005,2019-05-25 00:00:00,188.75,187.75,1.85,45.03,25.48,43.5,0.72,13.25,13.32,,,,124.0,Moderate
255000,DL005,2019-05-25 01:00:00,17.5,136.25,1.6,33.03,18.9,50.92,0.6,12.32,19.12,,,,122.0,Moderate
255001,DL005,2019-05-25 02:00:00,45.5,143.0,1.55,30.65,17.52,56.88,0.65,12.78,12.9,,,,123.0,Moderate
255002,DL005,2019-05-25 03:00:00,136.5,182.75,2.1,21.7,13.3,57.1,,,16.27,,,,129.0,Moderate
255003,DL005,2019-05-25 04:00:00,171.0,150.25,1.8,19.15,11.65,48.33,0.93,13.72,29.2,,,,142.0,Moderate
255004,DL005,2019-05-25 05:00:00,,100.5,1.35,14.9,9.03,35.38,0.9,12.53,39.9,,,,139.0,Moderate
255005,DL005,2019-05-25 06:00:00,108.0,104.75,1.4,13.22,8.15,30.8,0.9,10.12,55.55,,,,143.0,Moderate
255006,DL005,2019-05-25 07:00:00,108.0,113.0,1.88,21.12,12.75,35.65,0.93,10.2,43.95,,,,146.0,Moderate
255007,DL005,2019-05-25 08:00:00,97.0,,2.3,21.52,13.32,35.65,0.85,17.08,51.92,,,,146.0,Moderate
255008,DL005,2019-05-25 09:00:00,117.5,,2.5,18.8,12.03,36.75,0.75,13.1,63.95,,,,153.0,Moderate
255009,DL005,2019-05-25 10:00:00,191.0,,2.02,16.77,10.55,38.77,0.65,11.95,86.95,,,,175.0,Moderate
255010,DL005,2019-05-25 11:00:00,227.0,,2.05,15.9,10.15,38.1,0.5,10.85,108.17,,,,203.0,Poor
255011,DL005,2019-05-25 12:00:00,47.0,,2.0,14.3,9.25,36.03,0.7,9.32,119.2,,,,207.0,Poor
255012,DL005,2019-05-25 13:00:00,41.0,92.0,1.78,13.3,8.55,30.23,0.65,8.95,131.38,,,,208.0,Poor
255013,DL005,2019-05-25 14:00:00,23.25,94.75,1.67,12.53,8.02,26.97,0.75,8.3,132.68,,,,207.0,Poor
255014,DL005,2019-05-25 15:00:00,25.25,101.5,1.6,12.25,7.83,25.8,0.8,7.55,127.75,,,,207.0,Poor
255015,DL005,2019-05-25 16:00:00,28.75,95.75,1.55,11.65,7.5,24.45,0.45,7.15,129.23,,,,207.0,Poor
255016,DL005,2019-05-25 17:00:00,23.25,91.5,1.55,11.92,7.65,25.62,0.4,6.67,126.27,,,,205.0,Poor
255017,DL005,2019-05-25 18:00:00,11.75,88.75,1.42,12.97,8.07,27.8,0.4,6.58,127.42,,,,202.0,Poor
255018,DL005,2019-05-25 19:00:00,21.25,89.25,1.23,16.5,9.75,27.53,0.4,7.15,119.62,,,,201.0,Poor
255019,DL005,2019-05-25 20:00:00,26.5,105.0,1.73,23.7,14.0,26.98,0.75,8.38,93.4,,,,196.0,Moderate
255020,DL005,2019-05-25 21:00:00,40.5,122.75,1.25,37.65,21.05,25.85,0.9,9.9,59.7,,,,185.0,Moderate
255021,DL005,2019-05-25 22:00:00,73.75,158.75,1.23,45.7,25.32,26.3,1.2,11.78,50.48,,,,185.0,Moderate
255022,DL005,2019-05-25 23:00:00,93.0,192.25,1.4,45.95,25.57,29.43,1.08,20.62,55.15,,,,170.0,Moderate
255023,DL005,2019-05-26 00:00:00,96.75,187.75,1.15,24.17,13.8,27.95,0.73,18.98,89.67,,,,157.0,Moderate
255024,DL005,2019-05-26 01:00:00,64.5,134.5,1.1,18.4,10.65,27.9,0.6,11.75,93.97,,,,163.0,Moderate
255025,DL005,2019-05-26 02:00:00,69.0,129.25,1.3,18.23,10.77,30.73,0.7,11.93,86.95,,,,167.0,Moderate
255026,DL005,2019-05-26 03:00:00,70.25,132.0,1.2,25.2,14.4,32.8,,,77.17,,,,157.0,Moderate
255027,DL005,2019-05-26 04:00:00,74.75,142.5,1.17,28.15,15.97,29.27,0.88,19.12,58.25,,,,143.0,Moderate
255028,DL005,2019-05-26 05:00:00,79.75,128.75,1.27,27.4,15.57,24.9,1.05,12.55,49.38,,,,144.0,Moderate
255029,DL005,2019-05-26 06:00:00,103.5,149.75,1.35,31.12,17.65,26.9,1.12,26.65,41.85,,,,144.0,Moderate
255030,DL005,2019-05-26 07:00:00,159.75,228.5,2.7,39.53,23.2,32.5,1.23,36.05,31.9,,,,151.0,Moderate
255031,DL005,2019-05-26 08:00:00,184.0,266.5,3.2,34.92,21.17,36.75,1.18,34.5,58.83,,,,163.0,Moderate
255032,DL005,2019-05-26 09:00:00,149.25,232.25,1.83,24.7,14.65,31.38,0.83,20.07,107.85,,,,167.0,Moderate
255033,DL005,2019-05-26 10:00:00,80.0,141.0,1.7,18.52,11.28,29.8,0.65,12.3,132.18,,,,152.0,Moderate
255034,DL005,2019-05-26 11:00:00,48.0,106.25,1.45,15.12,9.27,28.42,0.53,9.25,137.6,,,,155.0,Moderate
255035,DL005,2019-05-26 12:00:00,40.0,96.5,1.8,15.1,9.52,26.15,0.65,7.33,139.85,,,,159.0,Moderate
255036,DL005,2019-05-26 13:00:00,32.5,83.0,1.48,14.02,8.62,20.8,0.75,7.95,151.47,,,,176.0,Moderate
255037,DL005,2019-05-26 14:00:00,27.0,81.75,1.48,13.45,8.35,18.68,0.72,7.12,160.53,,,,189.0,Moderate
255038,DL005,2019-05-26 15:00:00,24.25,85.5,1.5,13.28,8.3,18.73,0.8,7.12,164.72,,,,195.0,Moderate
255039,DL005,2019-05-26 16:00:00,26.25,105.25,1.0,12.5,7.45,18.38,0.45,7.62,160.25,,,,195.0,Moderate
255040,DL005,2019-05-26 17:00:00,34.0,107.5,1.7,19.77,11.88,20.48,0.68,9.52,146.05,,,,195.0,Moderate
255041,DL005,2019-05-26 18:00:00,45.0,136.0,1.75,20.47,12.28,21.12,0.5,8.07,134.28,,,,195.0,Moderate
255042,DL005,2019-05-26 19:00:00,41.25,127.75,1.23,24.65,14.15,19.23,0.35,6.12,123.22,,,,195.0,Moderate
255043,DL005,2019-05-26 20:00:00,41.0,141.0,1.45,40.77,22.93,18.67,0.72,7.28,82.07,,,,195.0,Moderate
255044,DL005,2019-05-26 21:00:00,54.5,194.75,1.38,43.1,24.02,19.75,0.93,16.73,79.3,,237.6,,195.0,Moderate
255045,DL005,2019-05-26 22:00:00,71.5,237.0,1.23,37.27,20.83,18.55,0.88,12.57,80.75,,252.65,,195.0,Moderate
255046,DL005,2019-05-26 23:00:00,55.75,174.75,1.48,30.75,17.6,18.52,0.83,10.5,84.5,,123.0,,189.0,Moderate
255047,DL005,2019-05-27 00:00:00,58.0,164.75,1.02,23.83,13.5,17.92,0.7,10.57,100.15,,158.15,,168.0,Moderate
255048,DL005,2019-05-27 01:00:00,60.5,151.0,1.12,20.73,11.93,19.23,0.6,13.8,109.12,,139.1,,150.0,Moderate
255049,DL005,2019-05-27 02:00:00,67.0,138.25,1.3,20.15,11.78,22.17,0.5,12.32,102.55,,134.15,,134.0,Moderate
255050,DL005,2019-05-27 03:00:00,62.0,131.25,1.4,26.3,15.1,25.2,,,79.35,,113.5,,132.0,Moderate
255051,DL005,2019-05-27 04:00:00,65.5,129.75,1.25,31.38,17.7,25.6,0.85,20.07,61.88,,,,132.0,Moderate
255052,DL005,2019-05-27 05:00:00,115.0,202.5,1.5,40.12,22.57,28.35,1.2,26.23,38.9,,,,134.0,Moderate
255053,DL005,2019-05-27 06:00:00,177.0,310.0,1.92,49.57,27.95,28.48,1.35,30.3,25.65,,,,139.0,Moderate
255054,DL005,2019-05-27 07:00:00,174.0,316.25,3.98,51.48,30.62,29.35,1.4,31.08,25.07,,,,141.0,Moderate
255055,DL005,2019-05-27 08:00:00,171.5,299.25,5.2,46.77,29.1,30.8,1.38,30.25,45.1,,,,141.0,Moderate
255056,DL005,2019-05-27 09:00:00,155.5,284.5,2.7,32.55,19.5,29.2,1.07,30.27,96.92,,,,143.0,Moderate
255057,DL005,2019-05-27 10:00:00,117.5,222.25,1.88,24.48,14.55,30.18,0.83,17.77,150.72,,,,175.0,Moderate
255058,DL005,2019-05-27 11:00:00,75.25,167.0,1.33,19.08,11.23,29.85,0.72,17.4,185.15,,,,243.0,Poor
255059,DL005,2019-05-27 12:00:00,56.0,135.5,1.55,14.07,8.73,26.25,0.6,9.77,174.43,,,,243.0,Poor
255060,DL005,2019-05-27 13:00:00,36.5,108.5,1.35,13.0,8.0,20.55,0.7,7.18,150.58,,,,243.0,Poor
255061,DL005,2019-05-27 14:00:00,23.5,99.5,1.32,12.53,7.8,17.5,0.62,6.5,151.07,,,,243.0,Poor
255062,DL005,2019-05-27 15:00:00,23.75,106.75,1.52,11.6,7.4,16.3,0.7,6.95,153.78,,,,243.0,Poor
255063,DL005,2019-05-27 16:00:00,21.25,95.25,1.05,12.98,7.75,14.15,0.38,8.27,160.9,,,,243.0,Poor
255064,DL005,2019-05-27 17:00:00,24.75,116.0,1.55,15.43,9.47,14.0,0.3,9.2,155.57,,,,243.0,Poor
255065,DL005,2019-05-27 18:00:00,27.75,127.0,1.58,21.98,12.98,14.32,0.38,8.93,143.23,,,,243.0,Poor
255066,DL005,2019-05-27 19:00:00,38.0,158.75,1.27,28.02,15.98,13.75,0.43,7.53,121.52,,,,216.0,Poor
255067,DL005,2019-05-27 20:00:00,38.25,153.0,1.1,64.45,35.15,15.93,0.85,9.68,65.03,,,,190.0,Moderate
255068,DL005,2019-05-27 21:00:00,52.75,222.5,1.45,57.17,31.1,16.67,1.1,11.6,66.1,,196.55,,190.0,Moderate
255069,DL005,2019-05-27 22:00:00,67.25,210.0,1.1,66.25,36.17,17.1,1.15,9.6,50.83,,154.75,,190.0,Moderate
255070,DL005,2019-05-27 23:00:00,68.5,215.25,1.62,61.2,33.85,17.52,1.05,9.53,47.67,,127.3,,190.0,Moderate
255071,DL005,2019-05-28 00:00:00,73.5,197.25,2.8,76.9,43.2,18.0,1.08,10.68,20.3,,128.93,,182.0,Moderate
255072,DL005,2019-05-28 01:00:00,86.75,207.25,4.3,68.03,39.67,18.38,1.05,14.1,25.78,,116.6,,164.0,Moderate
255073,DL005,2019-05-28 02:00:00,100.75,214.75,1.65,50.45,28.17,20.2,1.0,17.62,19.95,,,,157.0,Moderate
255074,DL005,2019-05-28 03:00:00,118.0,208.0,,,,,,,17.4,,,,165.0,Moderate
255075,DL005,2019-05-28 04:00:00,,,,,,,,,,,,,167.0,Moderate
255076,DL005,2019-05-28 05:00:00,,,,,,,,,,,,,162.0,Moderate
255077,DL005,2019-05-28 06:00:00,,,,,,,,,,,,,156.0,Moderate
255078,DL005,2019-05-28 07:00:00,,,,,,,,,,,,,152.0,Moderate
255079,DL005,2019-05-28 08:00:00,,,,,,,,,,,,,147.0,Moderate
255080,DL005,2019-05-28 09:00:00,,,,,,,,,,,,,143.0,Moderate
255081,DL005,2019-05-28 10:00:00,,,,,,,,,,,,,141.0,Moderate
255082,DL005,2019-05-28 11:00:00,32.0,111.0,1.4,15.8,9.55,17.7,0.45,6.8,,,,,139.0,Moderate
255083,DL005,2019-05-28 12:00:00,25.0,130.25,1.5,15.0,9.17,17.1,0.62,7.82,159.15,,,,187.0,Moderate
255084,DL005,2019-05-28 13:00:00,28.25,185.25,1.6,14.9,9.22,15.48,0.62,7.43,165.55,,,,196.0,Moderate
255085,DL005,2019-05-28 14:00:00,16.25,104.0,1.7,12.4,7.95,14.5,0.62,6.97,166.7,,,,198.0,Moderate
255086,DL005,2019-05-28 15:00:00,9.25,112.5,1.25,12.53,7.67,15.07,0.6,7.15,166.97,,,,198.0,Moderate
255087,DL005,2019-05-28 16:00:00,22.5,152.25,0.97,12.4,7.43,15.4,0.4,7.45,164.3,,,,198.0,Moderate
255088,DL005,2019-05-28 17:00:00,24.25,155.75,1.3,13.5,8.25,14.62,0.5,8.23,160.23,,,,198.0,Moderate
255089,DL005,2019-05-28 18:00:00,26.0,122.5,1.32,15.43,9.3,14.82,0.5,7.05,157.05,,,,198.0,Moderate
255090,DL005,2019-05-28 19:00:00,29.0,131.5,1.25,22.72,13.07,15.72,0.6,7.45,140.65,,,,198.0,Moderate
255091,DL005,2019-05-28 20:00:00,33.0,143.75,1.3,55.62,30.67,17.23,0.93,9.95,80.2,,,,198.0,Moderate
255092,DL005,2019-05-28 21:00:00,55.75,219.0,3.3,106.85,59.45,19.73,1.53,13.95,24.82,,,,198.0,Moderate
255093,DL005,2019-05-28 22:00:00,91.5,303.75,23.4,101.25,72.75,19.67,1.68,16.9,15.55,,,,198.0,Moderate
255094,DL005,2019-05-28 23:00:00,103.5,322.5,15.95,98.92,65.6,24.35,1.42,21.07,12.68,,,,195.0,Moderate
255095,DL005,2019-05-29 00:00:00,114.0,309.75,33.22,89.05,74.5,27.43,1.27,21.77,3.62,,,,189.0,Moderate
255096,DL005,2019-05-29 01:00:00,141.0,346.75,3.28,62.8,36.03,28.65,1.05,31.75,31.18,,,,184.0,Moderate
255097,DL005,2019-05-29 02:00:00,159.25,276.5,1.32,37.95,21.25,25.18,0.82,29.15,59.7,,,,164.0,Moderate
255098,DL005,2019-05-29 03:00:00,137.5,247.75,1.7,47.7,26.7,31.9,,,37.23,,130.8,,166.0,Moderate
255099,DL005,2019-05-29 04:00:00,157.5,277.75,1.4,46.03,25.58,30.3,1.0,28.35,31.02,,,,169.0,Moderate
255100,DL005,2019-05-29 05:00:00,179.75,294.25,2.25,51.58,29.28,28.98,1.17,28.68,22.12,,,,172.0,Moderate
255101,DL005,2019-05-29 06:00:00,184.75,310.5,2.67,52.85,30.27,28.67,1.12,29.12,21.25,,,,175.0,Moderate
255102,DL005,2019-05-29 07:00:00,180.25,320.25,13.98,75.4,51.45,30.65,1.3,27.8,10.93,,,,179.0,Moderate
255103,DL005,2019-05-29 08:00:00,194.75,348.5,9.65,62.02,40.83,34.35,1.4,34.33,42.0,,,,195.0,Moderate
255104,DL005,2019-05-29 09:00:00,170.0,326.25,2.78,32.33,19.5,27.42,1.12,32.05,110.83,,,,207.0,Poor
255105,DL005,2019-05-29 10:00:00,98.75,216.5,1.58,22.3,13.15,24.7,0.72,16.93,150.85,,,,207.0,Poor
255106,DL005,2019-05-29 11:00:00,69.25,175.25,1.23,19.0,11.12,24.9,0.55,15.43,176.68,,,,222.0,Poor
255107,DL005,2019-05-29 12:00:00,49.75,139.75,1.5,12.85,8.07,22.9,0.4,9.27,175.7,,,,222.0,Poor
255108,DL005,2019-05-29 13:00:00,31.75,92.0,1.27,12.62,7.75,20.12,0.52,8.18,170.43,,,,222.0,Poor
255109,DL005,2019-05-29 14:00:00,26.5,85.75,1.62,12.7,8.12,17.12,0.5,8.28,170.18,,,,222.0,Poor
255110,DL005,2019-05-29 15:00:00,30.75,90.0,1.48,12.53,7.88,16.07,0.55,7.4,169.95,,,,222.0,Poor
255111,DL005,2019-05-29 16:00:00,30.75,109.0,1.23,13.25,8.05,16.1,0.5,6.88,175.82,,,,222.0,Poor
255112,DL005,2019-05-29 17:00:00,33.25,118.75,1.43,13.65,8.45,16.18,0.5,7.32,171.25,,,,223.0,Poor
255113,DL005,2019-05-29 18:00:00,35.5,118.0,0.85,17.55,10.03,15.45,0.53,6.53,163.8,,,,225.0,Poor
255114,DL005,2019-05-29 19:00:00,45.25,146.25,1.55,40.95,23.07,16.9,0.77,8.95,121.55,,,,227.0,Poor
255115,DL005,2019-05-29 20:00:00,69.25,206.25,4.9,94.4,54.12,18.18,1.38,12.0,40.7,,,,232.0,Poor
255116,DL005,2019-05-29 21:00:00,101.5,316.0,23.25,127.62,86.83,19.82,2.25,14.75,4.28,,149.57,,238.0,Poor
255117,DL005,2019-05-29 22:00:00,118.75,362.75,9.23,101.05,61.3,20.32,1.32,14.75,16.4,,223.47,,242.0,Poor
255118,DL005,2019-05-29 23:00:00,97.0,283.5,3.4,48.1,28.17,18.85,0.67,13.62,66.55,,194.2,,241.0,Poor
255119,DL005,2019-05-30 00:00:00,82.75,236.75,12.88,73.03,49.33,22.53,0.98,26.02,14.1,,201.0,,237.0,Poor
255120,DL005,2019-05-30 01:00:00,101.0,291.0,4.1,67.6,39.42,23.77,0.93,46.4,15.55,,,,231.0,Poor
255121,DL005,2019-05-30 02:00:00,136.5,301.5,2.35,58.75,33.12,28.3,0.9,42.6,27.45,,149.9,,228.0,Poor
255122,DL005,2019-05-30 03:00:00,184.25,324.5,2.4,68.9,38.6,35.9,,,18.43,,142.95,,235.0,Poor
255123,DL005,2019-05-30 04:00:00,197.5,338.75,23.6,75.78,59.5,33.67,1.35,25.98,3.05,,137.8,,240.0,Poor
255124,DL005,2019-05-30 05:00:00,203.75,378.75,27.02,74.38,61.58,34.52,1.6,30.65,2.15,,153.07,,244.0,Poor
255125,DL005,2019-05-30 06:00:00,231.25,408.5,22.65,69.28,55.27,35.02,1.73,52.85,3.38,,130.33,,250.0,Poor
255126,DL005,2019-05-30 07:00:00,280.75,494.25,38.8,74.03,71.03,37.85,2.1,55.6,5.28,,,,264.0,Poor
255127,DL005,2019-05-30 08:00:00,295.25,507.75,15.03,75.75,52.48,37.15,2.08,71.92,24.23,,,,278.0,Poor
255128,DL005,2019-05-30 09:00:00,232.75,410.25,3.95,43.42,26.32,30.45,1.5,47.25,89.53,,,,287.0,Poor
255129,DL005,2019-05-30 10:00:00,150.0,290.0,1.95,22.95,13.8,24.3,0.65,12.6,134.57,,,,294.0,Poor
255130,DL005,2019-05-30 11:00:00,60.0,166.75,1.3,14.35,8.7,22.65,0.47,8.68,160.98,,,,292.0,Poor
255131,DL005,2019-05-30 12:00:00,41.25,131.5,1.2,13.0,7.88,20.88,0.43,9.12,161.58,,,,291.0,Poor
255132,DL005,2019-05-30 13:00:00,37.5,133.25,1.12,12.3,7.5,18.27,0.48,6.95,147.62,,,,292.0,Poor
255133,DL005,2019-05-30 14:00:00,31.75,130.0,1.68,12.5,8.0,14.43,0.62,6.38,148.12,,,,293.0,Poor
255134,DL005,2019-05-30 15:00:00,29.75,147.75,1.62,13.23,8.4,14.28,0.57,6.07,141.2,,,,293.0,Poor
255135,DL005,2019-05-30 16:00:00,33.25,157.75,0.9,13.9,8.15,13.45,0.47,7.68,140.55,,,,293.0,Poor
255136,DL005,2019-05-30 17:00:00,28.5,152.75,1.4,14.25,8.75,13.18,0.53,8.5,142.1,,,,292.0,Poor
255137,DL005,2019-05-30 18:00:00,30.0,126.75,1.15,18.3,10.65,13.07,0.5,7.32,134.95,,102.5,,292.0,Poor
255138,DL005,2019-05-30 19:00:00,32.75,150.25,1.15,31.85,17.88,14.38,0.65,7.2,100.3,,122.85,,290.0,Poor
255139,DL005,2019-05-30 20:00:00,48.25,204.25,1.4,79.1,43.17,15.42,1.05,11.22,38.48,,,,287.0,Poor
255140,DL005,2019-05-30 21:00:00,78.0,319.5,49.33,102.75,94.6,16.75,1.95,18.3,3.35,,,,284.0,Poor
255141,DL005,2019-05-30 22:00:00,104.5,436.75,70.3,90.9,105.42,20.1,1.85,17.8,2.35,,,,282.0,Poor
255142,DL005,2019-05-30 23:00:00,115.0,426.75,26.05,78.25,62.77,19.52,1.25,27.6,3.72,,,,284.0,Poor
255143,DL005,2019-05-31 00:00:00,129.5,334.25,43.23,78.8,77.38,22.5,1.18,37.98,2.42,,,,291.0,Poor
255144,DL005,2019-05-31 01:00:00,136.0,335.5,6.95,63.87,39.72,19.67,0.82,26.97,10.73,,,,296.0,Poor
255145,DL005,2019-05-31 02:00:00,99.5,289.75,1.75,45.3,25.5,18.25,0.53,16.38,,,,,290.0,Poor
255146,DL005,2019-05-31 03:00:00,77.25,350.75,1.9,32.1,18.6,20.3,,,21.5,,,,276.0,Poor
255147,DL005,2019-05-31 04:00:00,72.75,402.0,1.65,35.25,20.12,19.73,0.7,14.1,20.23,,,,258.0,Poor
255148,DL005,2019-05-31 05:00:00,85.25,433.5,1.55,32.17,18.38,19.27,0.9,26.2,21.62,,,,242.0,Poor
255149,DL005,2019-05-31 06:00:00,95.0,443.25,3.35,38.75,23.38,19.9,1.02,23.62,9.32,,,,241.0,Poor
255150,DL005,2019-05-31 07:00:00,111.0,446.75,5.45,38.25,24.82,19.12,1.0,26.25,13.78,,,,239.0,Poor
255151,DL005,2019-05-31 08:00:00,107.75,420.0,4.65,32.92,21.3,20.62,1.0,27.32,27.05,,,,235.0,Poor
255152,DL005,2019-05-31 09:00:00,107.0,445.25,2.6,20.35,12.93,18.97,0.8,14.8,54.27,,,,236.0,Poor
255153,DL005,2019-05-31 10:00:00,78.5,428.75,1.97,17.62,11.0,19.4,0.55,12.18,78.95,,,,242.0,Poor
255154,DL005,2019-05-31 11:00:00,73.0,411.0,1.7,16.4,10.1,22.12,0.43,12.55,113.0,,,,252.0,Poor
255155,DL005,2019-05-31 12:00:00,68.25,359.0,1.48,13.57,8.45,21.83,0.4,9.88,148.2,,,,262.0,Poor
255156,DL005,2019-05-31 13:00:00,60.5,286.0,1.0,12.2,7.3,20.27,0.45,8.6,167.83,,,,268.0,Poor
255157,DL005,2019-05-31 14:00:00,52.75,229.5,1.52,11.32,7.28,17.88,0.78,9.68,172.7,,,,272.0,Poor
255158,DL005,2019-05-31 15:00:00,50.5,202.25,1.27,9.72,6.22,15.97,0.7,9.53,175.3,,,,275.0,Poor
255159,DL005,2019-05-31 16:00:00,47.75,202.0,1.5,12.1,7.68,15.15,0.55,11.18,176.3,,109.5,,277.0,Poor
255160,DL005,2019-05-31 17:00:00,56.75,226.5,1.48,13.53,8.43,17.7,0.7,14.65,,,,,280.0,Poor
255161,DL005,2019-05-31 18:00:00,67.5,256.25,1.02,18.12,10.45,18.65,0.65,14.8,191.65,,,,285.0,Poor
255162,DL005,2019-05-31 19:00:00,69.25,274.0,1.2,29.88,16.88,20.08,0.78,13.4,150.65,,,,290.0,Poor
255163,DL005,2019-05-31 20:00:00,77.75,305.0,1.3,53.23,29.3,21.77,1.02,18.75,95.98,,169.15,,294.0,Poor
255164,DL005,2019-05-31 21:00:00,82.25,289.5,15.12,89.32,59.8,20.88,1.6,28.12,18.05,,,,293.0,Poor
255165,DL005,2019-05-31 22:00:00,109.5,340.0,25.6,83.62,65.35,20.62,1.75,35.83,5.15,,,,289.0,Poor
255166,DL005,2019-05-31 23:00:00,112.5,321.5,42.12,77.33,75.42,21.08,1.65,32.25,1.27,,111.9,,285.0,Poor
255167,DL005,2019-06-01 00:00:00,106.0,305.75,78.1,73.12,103.12,22.5,1.77,32.35,1.95,,,,283.0,Poor
255168,DL005,2019-06-01 01:00:00,124.25,361.75,45.03,68.75,73.35,21.48,1.35,35.62,2.93,,,,285.0,Poor
255169,DL005,2019-06-01 02:00:00,118.75,313.25,4.85,67.53,39.8,20.62,1.02,36.77,5.55,,,,286.0,Poor
255170,DL005,2019-06-01 03:00:00,128.5,249.25,2.4,62.1,35.0,26.4,,,4.38,,,,281.0,Poor
255171,DL005,2019-06-01 04:00:00,129.5,243.25,2.4,52.48,29.8,24.6,0.97,24.12,14.05,,,,275.0,Poor
255172,DL005,2019-06-01 05:00:00,116.0,234.5,2.62,46.7,26.98,23.35,0.98,17.43,9.62,,,,266.0,Poor
255173,DL005,2019-06-01 06:00:00,109.25,225.5,15.23,54.58,41.42,23.7,1.27,14.7,2.67,,,,257.0,Poor
255174,DL005,2019-06-01 07:00:00,120.0,272.0,34.65,62.2,61.58,24.07,1.6,15.45,4.72,,,,250.0,Poor
255175,DL005,2019-06-01 08:00:00,130.25,304.0,11.95,65.18,44.55,26.57,1.5,18.08,22.47,,,,245.0,Poor
255176,DL005,2019-06-01 09:00:00,127.5,276.0,6.12,53.62,33.48,27.27,1.5,20.78,71.58,,,,238.0,Poor
255177,DL005,2019-06-01 10:00:00,141.75,326.0,3.3,53.83,31.32,32.85,1.55,18.85,70.8,,,,234.0,Poor
255178,DL005,2019-06-01 11:00:00,155.5,368.5,2.15,49.6,28.1,33.83,1.25,20.82,126.05,,,,232.0,Poor
255179,DL005,2019-06-01 12:00:00,130.0,335.5,1.8,38.77,22.05,34.95,1.12,21.68,186.32,,,,246.0,Poor
255180,DL005,2019-06-01 13:00:00,109.5,306.75,1.6,29.43,16.98,,1.08,19.3,,,,,246.0,Poor
255181,DL005,2019-06-01 14:00:00,96.75,296.5,1.43,28.1,16.12,47.92,1.2,19.1,,,,,250.0,Poor
255182,DL005,2019-06-01 15:00:00,84.25,306.25,1.38,25.48,14.7,37.8,1.32,17.5,,,,,254.0,Poor
255183,DL005,2019-06-01 16:00:00,91.75,253.75,1.6,20.58,12.25,32.18,0.85,15.85,,,,,260.0,Poor
255184,DL005,2019-06-01 17:00:00,82.25,238.75,1.4,19.18,11.32,34.1,0.78,12.97,168.7,,,,264.0,Poor
255185,DL005,2019-06-01 18:00:00,74.25,242.0,1.25,20.27,11.78,37.7,0.62,12.53,148.72,,,,265.0,Poor
255186,DL005,2019-06-01 19:00:00,74.25,243.5,0.95,18.93,10.85,47.98,0.55,12.22,127.22,,,,266.0,Poor
255187,DL005,2019-06-01 20:00:00,74.0,246.5,1.15,24.35,13.85,51.92,0.75,12.1,94.53,,,,265.0,Poor
255188,DL005,2019-06-01 21:00:00,86.75,284.5,1.2,40.6,22.55,51.57,1.12,12.52,58.23,,,,266.0,Poor
255189,DL005,2019-06-01 22:00:00,106.5,325.0,2.02,57.1,32.95,48.58,2.08,11.95,27.7,,,,265.0,Poor
255190,DL005,2019-06-01 23:00:00,110.5,299.5,2.52,62.2,35.08,44.4,2.05,13.23,14.0,,,,265.0,Poor
255191,DL005,2019-06-02 00:00:00,122.0,251.25,1.92,30.55,17.83,45.62,1.65,15.6,11.7,,,,267.0,Poor
255192,DL005,2019-06-02 01:00:00,105.0,163.75,1.8,22.77,13.57,42.42,1.32,12.88,14.32,,,,265.0,Poor
255193,DL005,2019-06-02 02:00:00,94.5,131.75,1.73,23.75,14.05,44.15,1.02,11.5,13.6,,,,261.0,Poor
255194,DL005,2019-06-02 03:00:00,80.0,130.75,3.8,29.2,18.6,63.4,,,27.45,,,,254.0,Poor
255195,DL005,2019-06-02 04:00:00,74.25,131.75,1.85,32.33,18.7,58.28,0.9,15.62,20.5,,,,247.0,Poor
255196,DL005,2019-06-02 05:00:00,68.0,107.5,1.6,28.57,16.5,52.77,0.9,16.95,15.6,,,,240.0,Poor
255197,DL005,2019-06-02 06:00:00,71.0,101.5,1.8,24.75,14.6,54.5,1.22,11.0,15.53,,,,235.0,Poor
255198,DL005,2019-06-02 07:00:00,64.75,109.0,2.0,25.45,15.15,51.6,1.2,10.25,11.02,,,,227.0,Poor
255199,DL005,2019-06-02 08:00:00,75.5,119.5,1.95,20.33,12.38,53.55,1.23,11.1,5.28,,,,220.0,Poor
255200,DL005,2019-06-02 09:00:00,82.0,121.25,2.8,23.93,15.0,56.38,1.3,11.3,9.6,,,,213.0,Poor
255201,DL005,2019-06-02 10:00:00,78.5,117.0,2.85,24.05,15.05,59.38,0.9,11.47,17.85,,,,204.0,Poor
255202,DL005,2019-06-02 11:00:00,76.5,132.0,1.92,22.8,13.73,74.53,0.83,10.75,33.35,,,,193.0,Moderate
255203,DL005,2019-06-02 12:00:00,75.75,143.25,1.92,23.0,13.8,78.65,0.85,11.18,48.03,,,,186.0,Moderate
255204,DL005,2019-06-02 13:00:00,77.0,146.0,1.85,21.25,12.82,80.5,0.8,11.18,74.4,,,,181.0,Moderate
255205,DL005,2019-06-02 14:00:00,73.0,133.75,1.82,20.38,12.3,75.85,1.07,10.75,105.05,,,,178.0,Moderate
255206,DL005,2019-06-02 15:00:00,69.5,131.5,1.5,17.92,10.78,52.4,1.1,10.3,124.0,,,,176.0,Moderate
255207,DL005,2019-06-02 16:00:00,68.25,132.5,1.27,17.1,10.1,47.42,0.95,10.82,143.68,,,,173.0,Moderate
255208,DL005,2019-06-02 17:00:00,70.5,152.25,1.27,16.88,9.95,52.3,0.9,11.88,143.38,,,,171.0,Moderate
255209,DL005,2019-06-02 18:00:00,75.0,166.5,1.5,17.5,10.55,51.62,0.72,11.18,66.0,,,,171.0,Moderate
255210,DL005,2019-06-02 19:00:00,74.25,182.75,1.48,18.72,11.18,56.83,0.67,11.15,46.15,,,,171.0,Moderate
255211,DL005,2019-06-02 20:00:00,73.5,195.75,1.5,21.9,12.88,65.1,0.82,10.57,30.93,,,,171.0,Moderate
255212,DL005,2019-06-02 21:00:00,82.75,215.5,1.52,26.45,15.32,64.62,1.08,11.03,18.75,,,,171.0,Moderate
255213,DL005,2019-06-02 22:00:00,98.25,227.25,2.15,28.1,16.67,62.8,1.83,10.95,8.65,,,,169.0,Moderate
255214,DL005,2019-06-02 23:00:00,107.25,209.5,2.4,27.5,16.57,52.53,1.7,10.85,0.25,,,,169.0,Moderate
255215,DL005,2019-06-03 00:00:00,115.75,189.5,2.35,29.43,17.52,46.45,1.5,11.38,27.25,,,,168.0,Moderate
255216,DL005,2019-06-03 01:00:00,89.0,149.0,2.52,37.6,22.07,47.72,1.3,11.65,45.27,,,,166.0,Moderate
255217,DL005,2019-06-03 02:00:00,72.25,112.25,2.05,35.8,20.7,56.2,,12.38,10.0,,,,163.0,Moderate
255218,DL005,2019-06-03 03:00:00,67.25,108.25,3.8,22.3,14.9,76.0,,,10.35,,,,161.0,Moderate
255219,DL005,2019-06-03 04:00:00,69.5,105.5,2.15,22.18,13.52,65.12,,9.2,7.9,,,,160.0,Moderate
255220,DL005,2019-06-03 05:00:00,75.5,126.25,1.77,23.9,14.15,61.27,,11.57,5.78,,,,161.0,Moderate
255221,DL005,2019-06-03 06:00:00,79.5,174.5,1.75,26.75,15.68,71.05,,12.03,20.05,,,,163.0,Moderate
255222,DL005,2019-06-03 07:00:00,75.75,205.5,2.0,31.97,18.65,56.6,,13.75,56.35,,,,164.0,Moderate
255223,DL005,2019-06-03 08:00:00,69.75,235.75,2.67,28.65,17.38,50.2,,11.95,30.0,,,,163.0,Moderate
255224,DL005,2019-06-03 09:00:00,72.5,280.5,2.73,25.85,15.95,51.02,,11.18,27.6,,,,162.0,Moderate
255225,DL005,2019-06-03 10:00:00,69.75,357.25,2.85,26.35,16.33,53.0,1.9,10.57,25.3,,,,161.0,Moderate
255226,DL005,2019-06-03 11:00:00,60.75,566.25,2.38,26.23,15.88,58.1,1.92,10.5,59.17,,,,162.0,Moderate
255227,DL005,2019-06-03 12:00:00,70.75,581.25,1.95,24.62,14.7,55.08,2.0,8.95,66.3,,,,175.0,Moderate
255228,DL005,2019-06-03 13:00:00,65.5,521.0,2.1,23.23,14.08,58.5,1.9,10.32,87.05,,,,185.0,Moderate
255229,DL005,2019-06-03 14:00:00,61.0,475.5,1.7,22.32,13.25,62.77,2.08,9.6,105.5,,,,194.0,Moderate
255230,DL005,2019-06-03 15:00:00,58.25,447.0,1.98,20.35,12.45,50.75,2.0,9.8,122.33,,,,205.0,Poor
255231,DL005,2019-06-03 16:00:00,50.0,411.75,1.4,20.08,11.82,50.48,1.8,10.05,136.6,,,,217.0,Poor
255232,DL005,2019-06-03 17:00:00,49.25,373.5,1.52,20.5,12.18,50.2,1.85,9.78,139.2,,,,226.0,Poor
255233,DL005,2019-06-03 18:00:00,47.25,330.25,1.9,23.88,14.22,46.77,1.83,9.2,129.8,,,,233.0,Poor
255234,DL005,2019-06-03 19:00:00,47.5,316.5,1.65,28.65,16.57,51.17,1.75,8.25,110.05,,,,238.0,Poor
255235,DL005,2019-06-03 20:00:00,47.0,299.0,1.62,36.9,20.95,56.12,1.88,8.6,85.72,,,,242.0,Poor
255236,DL005,2019-06-03 21:00:00,51.25,298.0,1.15,34.45,19.25,53.83,1.85,10.12,72.2,,,,246.0,Poor
255237,DL005,2019-06-03 22:00:00,53.75,285.5,1.2,26.35,15.0,51.5,2.02,9.38,75.22,,,,248.0,Poor
255238,DL005,2019-06-03 23:00:00,48.5,234.75,1.38,35.2,19.88,42.77,1.9,15.45,76.85,,,,249.0,Poor
255239,DL005,2019-06-04 00:00:00,44.75,229.75,1.7,39.8,22.52,39.52,1.9,20.32,62.7,,,,251.0,Poor
255240,DL005,2019-06-04 01:00:00,53.5,173.5,1.6,33.97,19.32,38.02,1.9,18.9,53.73,,,,252.0,Poor
255241,DL005,2019-06-04 02:00:00,66.25,164.5,1.25,36.2,20.25,37.88,1.83,20.33,130.8,,,,254.0,Poor
255242,DL005,2019-06-04 03:00:00,45.5,118.75,2.5,23.3,14.5,49.5,,,66.6,,,,255.0,Poor
255243,DL005,2019-06-04 04:00:00,47.75,155.0,1.45,20.83,12.28,45.88,1.65,13.12,54.4,,,,257.0,Poor
255244,DL005,2019-06-04 05:00:00,57.25,268.5,1.1,16.2,9.5,39.3,1.7,12.05,59.33,,,,263.0,Poor
255245,DL005,2019-06-04 06:00:00,50.75,141.0,1.5,15.47,9.5,38.95,1.88,11.3,55.02,,,,261.0,Poor
255246,DL005,2019-06-04 07:00:00,49.25,141.75,1.62,17.7,10.75,38.03,1.98,12.0,54.57,,,,259.0,Poor
255247,DL005,2019-06-04 08:00:00,55.0,143.75,2.3,31.45,18.6,35.55,2.02,14.68,72.9,,,,255.0,Poor
255248,DL005,2019-06-04 09:00:00,50.25,153.75,2.93,28.92,17.75,34.02,2.05,14.25,71.47,,,,249.0,Poor
255249,DL005,2019-06-04 10:00:00,45.75,192.75,2.53,23.9,14.75,34.82,1.75,11.08,91.5,,,,243.0,Poor
255250,DL005,2019-06-04 11:00:00,50.25,209.0,2.2,27.05,16.2,39.0,1.65,10.97,119.03,,,,228.0,Poor
255251,DL005,2019-06-04 12:00:00,57.25,203.0,1.6,26.4,15.35,47.4,1.62,9.97,158.82,,,,212.0,Poor
255252,DL005,2019-06-04 13:00:00,57.75,219.75,1.7,23.45,13.85,47.8,1.6,9.07,184.2,,,,240.0,Poor
255253,DL005,2019-06-04 14:00:00,56.0,208.25,1.4,20.65,12.12,46.2,1.7,8.5,192.9,,,,262.0,Poor
255254,DL005,2019-06-04 15:00:00,53.5,190.0,1.68,18.85,11.4,39.8,1.85,8.3,,,,,262.0,Poor
255255,DL005,2019-06-04 16:00:00,53.25,203.0,1.45,17.67,10.55,35.77,1.8,10.43,,,,,262.0,Poor
255256,DL005,2019-06-04 17:00:00,47.25,195.25,1.32,17.62,10.45,33.8,1.85,11.67,,,,,262.0,Poor
255257,DL005,2019-06-04 18:00:00,48.25,193.75,1.23,24.93,14.25,34.57,1.88,11.97,,,,,262.0,Poor
255258,DL005,2019-06-04 19:00:00,59.25,225.5,1.22,33.33,18.75,38.05,1.9,11.9,,,,,262.0,Poor
255259,DL005,2019-06-04 20:00:00,63.75,283.75,1.2,30.8,17.35,43.2,1.83,11.85,116.17,,134.2,,262.0,Poor
255260,DL005,2019-06-04 21:00:00,66.75,273.5,1.52,26.12,15.15,41.8,1.9,11.12,84.97,,,,262.0,Poor
255261,DL005,2019-06-04 22:00:00,71.0,276.75,1.7,26.75,15.62,41.05,2.23,11.62,61.12,,,,167.0,Moderate
255262,DL005,2019-06-04 23:00:00,80.0,281.0,1.93,28.18,16.55,38.72,2.32,11.22,41.5,,,,168.0,Moderate
255263,DL005,2019-06-05 00:00:00,95.0,260.25,2.0,35.65,20.57,37.5,2.62,13.25,20.2,,,,169.0,Moderate
255264,DL005,2019-06-05 01:00:00,114.5,290.75,2.38,44.95,25.85,37.6,2.7,15.32,12.25,,,,172.0,Moderate
255265,DL005,2019-06-05 02:00:00,118.25,289.5,2.45,49.18,28.12,38.35,2.62,16.5,17.3,,,,176.0,Moderate
255266,DL005,2019-06-05 03:00:00,135.25,278.0,5.0,38.5,24.6,55.8,,,10.28,,,,180.0,Moderate
255267,DL005,2019-06-05 04:00:00,190.5,326.75,2.9,41.78,24.6,53.05,2.7,16.42,8.38,,,,185.0,Moderate
255268,DL005,2019-06-05 05:00:00,172.5,311.0,3.4,56.65,32.95,48.08,2.5,17.88,96.82,,,,186.0,Moderate
255269,DL005,2019-06-05 06:00:00,131.0,277.75,2.9,55.08,31.65,44.27,2.27,14.4,37.28,,,,190.0,Moderate
255270,DL005,2019-06-05 07:00:00,105.0,268.75,4.6,52.08,31.42,46.85,2.38,12.0,29.7,,,,193.0,Moderate
255271,DL005,2019-06-05 08:00:00,107.5,280.5,3.98,48.73,29.18,41.05,2.27,13.58,24.0,,,,197.0,Moderate
255272,DL005,2019-06-05 09:00:00,85.5,249.25,3.38,43.2,25.75,39.83,2.38,13.1,46.7,,,,200.0,Moderate
255273,DL005,2019-06-05 10:00:00,105.25,313.0,2.53,33.17,19.7,41.0,2.3,13.95,74.4,,,,204.0,Poor
255274,DL005,2019-06-05 11:00:00,100.75,302.0,2.2,30.25,17.9,42.08,1.95,14.97,146.22,,,,208.0,Poor
255275,DL005,2019-06-05 12:00:00,83.0,258.75,1.42,24.83,14.4,55.85,1.77,13.25,156.47,,,,211.0,Poor
255276,DL005,2019-06-05 13:00:00,74.5,225.25,1.45,19.1,11.38,60.58,1.65,12.8,192.62,,,,262.0,Poor
255277,DL005,2019-06-05 14:00:00,65.75,216.75,1.45,16.3,9.85,59.65,1.6,12.7,194.53,,109.2,,266.0,Poor
255278,DL005,2019-06-05 15:00:00,60.5,208.25,1.5,14.82,9.12,48.25,1.85,13.12,190.9,,,,266.0,Poor
255279,DL005,2019-06-05 16:00:00,55.25,193.0,1.5,14.22,8.77,38.5,1.58,12.93,172.15,,,,266.0,Poor
255280,DL005,2019-06-05 17:00:00,52.25,228.5,1.27,15.9,9.52,37.83,1.6,10.73,136.47,,100.7,,266.0,Poor
255281,DL005,2019-06-05 18:00:00,50.5,241.0,1.45,20.92,12.32,37.35,1.67,9.4,91.12,,130.7,,266.0,Poor
255282,DL005,2019-06-05 19:00:00,53.25,183.0,1.45,26.73,15.38,37.92,1.6,9.85,83.83,,171.48,,266.0,Poor
255283,DL005,2019-06-05 20:00:00,62.25,225.0,1.5,40.65,22.85,55.95,1.85,8.92,46.72,,,,266.0,Poor
255284,DL005,2019-06-05 21:00:00,81.25,295.5,2.25,60.58,34.05,55.7,2.48,7.6,19.82,,,,266.0,Poor
255285,DL005,2019-06-05 22:00:00,92.5,347.5,6.45,101.72,59.35,49.6,3.38,11.12,10.45,,,,257.0,Poor
255286,DL005,2019-06-05 23:00:00,92.0,359.0,2.78,68.55,38.75,42.02,2.62,10.67,23.08,,102.0,,218.0,Poor
255287,DL005,2019-06-06 00:00:00,77.5,367.0,2.02,64.7,36.05,41.8,2.4,11.27,23.35,,,,222.0,Poor
255288,DL005,2019-06-06 01:00:00,76.5,314.75,1.85,36.9,21.15,39.95,2.02,11.65,40.62,,,,223.0,Poor
255289,DL005,2019-06-06 02:00:00,67.75,184.75,1.6,33.73,19.27,37.58,1.95,11.88,43.8,,,,219.0,Poor
255290,DL005,2019-06-06 03:00:00,65.0,163.5,3.1,37.0,22.2,42.4,,,22.35,,,,214.0,Poor
255291,DL005,2019-06-06 04:00:00,69.25,186.5,2.43,37.83,22.05,39.3,1.98,7.15,8.4,,,,208.0,Poor
255292,DL005,2019-06-06 05:00:00,76.75,204.5,3.08,44.85,26.3,36.05,1.95,7.62,7.88,,,,204.0,Poor
255293,DL005,2019-06-06 06:00:00,103.25,247.5,9.28,54.45,36.47,39.32,2.0,9.6,8.53,,,,203.0,Poor
255294,DL005,2019-06-06 07:00:00,155.5,330.0,8.2,52.2,34.48,49.47,2.4,19.17,10.45,,,,205.0,Poor
255295,DL005,2019-06-06 08:00:00,180.25,405.75,6.78,62.4,38.77,48.38,2.55,23.07,22.08,,,,210.0,Poor
255296,DL005,2019-06-06 09:00:00,176.5,414.0,9.45,80.45,50.42,40.75,2.6,23.95,94.3,,,,217.0,Poor
255297,DL005,2019-06-06 10:00:00,105.5,297.5,5.22,65.35,39.02,38.05,1.98,18.95,101.47,,,,217.0,Poor
255298,DL005,2019-06-06 11:00:00,64.0,206.75,2.85,40.7,23.98,39.33,1.62,13.1,139.05,,,,213.0,Poor
255299,DL005,2019-06-06 12:00:00,53.0,182.5,1.52,33.15,18.9,44.33,1.58,12.38,187.2,,,,248.0,Poor
255300,DL005,2019-06-06 13:00:00,53.5,204.75,1.75,27.6,16.1,42.35,1.5,11.05,,,,,248.0,Poor
255301,DL005,2019-06-06 14:00:00,44.75,186.75,1.4,16.95,10.45,39.88,1.4,8.4,191.05,,,,258.0,Poor
255302,DL005,2019-06-06 15:00:00,39.5,184.0,1.47,13.15,8.2,38.02,1.58,8.2,196.0,,,,270.0,Poor
255303,DL005,2019-06-06 16:00:00,37.5,181.5,1.5,10.85,7.0,31.98,1.4,11.18,175.18,,,,270.0,Poor
255304,DL005,2019-06-06 17:00:00,43.5,226.5,1.35,10.77,6.83,29.93,1.3,9.75,166.03,,,,270.0,Poor
255305,DL005,2019-06-06 18:00:00,41.0,252.0,1.35,13.93,8.53,29.82,1.42,9.8,167.4,,,,270.0,Poor
255306,DL005,2019-06-06 19:00:00,59.0,400.25,1.55,22.65,13.3,34.98,1.52,12.03,112.85,,174.45,,270.0,Poor
255307,DL005,2019-06-06 20:00:00,85.5,680.5,1.57,27.5,15.95,33.28,1.4,13.4,88.67,,122.8,,270.0,Poor
255308,DL005,2019-06-06 21:00:00,54.75,250.0,1.43,18.45,10.97,44.67,1.4,10.88,87.82,,144.1,,270.0,Poor
255309,DL005,2019-06-06 22:00:00,46.5,194.5,1.3,15.68,9.45,43.95,1.6,9.03,95.45,,,,270.0,Poor
255310,DL005,2019-06-06 23:00:00,42.0,176.25,1.17,15.25,9.07,37.12,1.85,9.0,96.78,,,,218.0,Poor
255311,DL005,2019-06-07 00:00:00,46.25,134.25,0.93,22.48,12.7,33.6,1.85,14.72,108.55,,,,209.0,Poor
255312,DL005,2019-06-07 01:00:00,56.25,124.25,1.27,54.25,29.95,32.17,1.85,16.68,59.42,,,,201.0,Poor
255313,DL005,2019-06-07 02:00:00,46.25,96.75,1.38,30.93,17.58,32.35,1.8,11.78,70.45,,,,198.0,Moderate
255314,DL005,2019-06-07 03:00:00,39.0,79.0,0.6,19.7,11.0,38.9,,,80.58,,,,196.0,Moderate
255315,DL005,2019-06-07 04:00:00,32.5,65.5,1.12,22.73,13.0,36.88,1.52,8.7,63.52,,,,192.0,Moderate
255316,DL005,2019-06-07 05:00:00,33.5,70.5,1.7,26.15,15.28,33.62,1.52,8.95,48.4,,,,189.0,Moderate
255317,DL005,2019-06-07 06:00:00,42.75,83.75,1.65,42.05,23.73,32.35,1.6,10.57,23.9,,,,184.0,Moderate
255318,DL005,2019-06-07 07:00:00,54.25,131.0,3.58,41.7,25.1,35.88,2.02,12.92,20.85,,,,179.0,Moderate
255319,DL005,2019-06-07 08:00:00,68.75,164.0,4.98,37.62,24.02,33.4,2.02,14.88,42.22,,,,172.0,Moderate
255320,DL005,2019-06-07 09:00:00,62.75,167.25,4.05,31.1,19.85,34.05,2.18,16.25,64.07,,,,165.0,Moderate
255321,DL005,2019-06-07 10:00:00,81.0,207.75,3.05,30.95,18.97,35.58,1.9,16.38,104.42,,,,163.0,Moderate
255322,DL005,2019-06-07 11:00:00,73.25,210.5,2.42,25.88,15.75,34.98,1.73,15.6,156.45,,,,183.0,Moderate
255323,DL005,2019-06-07 12:00:00,67.75,187.0,1.73,21.97,13.12,37.95,1.7,13.6,198.2,,,,276.0,Poor
255324,DL005,2019-06-07 13:00:00,68.25,193.25,1.58,20.2,12.03,41.2,1.65,12.65,,,,,276.0,Poor
255325,DL005,2019-06-07 14:00:00,70.75,195.5,1.4,19.75,11.62,41.65,1.6,12.27,,,,,276.0,Poor
255326,DL005,2019-06-07 15:00:00,65.0,204.25,1.4,22.3,12.97,41.62,1.8,13.25,,,,,276.0,Poor
255327,DL005,2019-06-07 16:00:00,60.75,214.75,1.5,21.25,12.53,36.6,1.52,12.82,,,118.25,,276.0,Poor
255328,DL005,2019-06-07 17:00:00,66.0,206.5,1.33,20.58,12.03,34.72,1.6,13.07,,,173.62,,276.0,Poor
255329,DL005,2019-06-07 18:00:00,63.5,208.0,1.48,22.68,13.25,32.58,1.6,12.2,185.25,,147.7,,276.0,Poor
255330,DL005,2019-06-07 19:00:00,63.5,235.0,1.62,25.7,15.05,33.17,1.57,12.75,169.4,,168.25,,276.0,Poor
255331,DL005,2019-06-07 20:00:00,77.25,257.5,1.27,23.98,13.78,36.45,1.55,9.38,135.9,,,,243.0,Poor
255332,DL005,2019-06-07 21:00:00,54.75,248.75,1.12,28.62,16.15,40.48,1.6,8.93,86.92,,,,243.0,Poor
255333,DL005,2019-06-07 22:00:00,69.0,264.5,1.55,42.02,23.6,40.12,2.27,11.23,49.88,,,,243.0,Poor
255334,DL005,2019-06-07 23:00:00,79.75,270.75,1.6,45.98,25.77,40.92,2.5,11.45,39.02,,,,243.0,Poor
255335,DL005,2019-06-08 00:00:00,85.25,279.75,2.27,57.08,32.2,38.72,2.75,12.5,17.1,,,,243.0,Poor
255336,DL005,2019-06-08 01:00:00,90.75,286.75,4.28,85.97,49.22,37.48,3.0,11.32,14.28,,,,243.0,Poor
255337,DL005,2019-06-08 02:00:00,101.75,263.75,12.6,85.12,55.53,34.58,2.98,10.07,21.45,,,,204.0,Poor
255338,DL005,2019-06-08 03:00:00,91.5,229.5,8.1,70.1,44.1,42.5,,,12.57,,,,168.0,Moderate
255339,DL005,2019-06-08 04:00:00,91.0,218.25,8.4,72.57,45.47,38.65,2.42,6.1,9.57,,,,172.0,Moderate
255340,DL005,2019-06-08 05:00:00,94.75,218.5,10.98,72.03,47.15,41.77,2.32,5.22,7.47,,,,176.0,Moderate
255341,DL005,2019-06-08 06:00:00,98.25,231.75,21.57,74.25,57.1,40.95,2.4,5.07,5.67,,,,180.0,Moderate
255342,DL005,2019-06-08 07:00:00,103.0,267.0,29.42,87.03,70.32,47.95,2.65,6.0,5.9,,,,184.0,Moderate
255343,DL005,2019-06-08 08:00:00,103.5,305.0,7.85,61.72,39.25,44.55,2.45,7.88,11.4,,,,188.0,Moderate
255344,DL005,2019-06-08 09:00:00,90.5,243.75,3.88,47.53,28.45,39.95,2.2,8.42,36.88,,,,190.0,Moderate
255345,DL005,2019-06-08 10:00:00,71.25,194.75,2.4,21.88,13.32,40.6,1.85,9.25,81.48,,,,190.0,Moderate
255346,DL005,2019-06-08 11:00:00,63.75,171.25,1.75,18.07,10.9,52.42,1.77,10.45,131.9,,,,189.0,Moderate
255347,DL005,2019-06-08 12:00:00,59.0,174.0,1.25,14.77,8.95,66.47,1.5,10.4,161.4,,,,190.0,Moderate
255348,DL005,2019-06-08 13:00:00,39.5,146.75,0.93,12.57,7.48,52.55,5.77,9.2,,,,,190.0,Moderate
255349,DL005,2019-06-08 14:00:00,43.25,144.75,0.9,11.05,6.65,49.4,,7.85,135.9,,,,190.0,Moderate
255350,DL005,2019-06-08 15:00:00,41.75,117.5,,,,,,,174.3,,,,216.0,Poor
255351,DL005,2019-06-08 16:00:00,40.5,153.0,,,,,,,162.88,,,,216.0,Poor
255352,DL005,2019-06-08 17:00:00,31.0,209.0,,,,,0.2,7.03,163.7,,,,216.0,Poor
255353,DL005,2019-06-08 18:00:00,33.75,152.25,,,,,,8.38,157.4,,,,216.0,Poor
255354,DL005,2019-06-08 19:00:00,35.0,166.75,,,,,0.7,7.95,132.8,,,,216.0,Poor
255355,DL005,2019-06-08 20:00:00,44.0,228.25,,,,,0.73,8.38,79.78,,,,216.0,Poor
255356,DL005,2019-06-08 21:00:00,58.25,300.25,15.95,113.05,73.2,46.95,1.1,10.72,19.45,,,,216.0,Poor
255357,DL005,2019-06-08 22:00:00,78.5,338.75,9.05,95.1,57.93,45.4,1.73,18.28,9.93,,,,216.0,Poor
255358,DL005,2019-06-08 23:00:00,90.5,335.25,1.43,81.0,44.25,42.75,0.65,26.25,22.1,,,,194.0,Moderate
255359,DL005,2019-06-09 00:00:00,86.5,294.75,1.52,66.6,36.67,37.0,2.45,18.42,21.15,,,,194.0,Moderate
255360,DL005,2019-06-09 01:00:00,94.0,329.75,23.82,68.62,56.02,38.53,1.77,19.18,10.35,,102.8,,184.0,Moderate
255361,DL005,2019-06-09 02:00:00,109.75,307.25,2.58,55.12,31.35,39.35,0.85,24.17,15.5,,,,186.0,Moderate
255362,DL005,2019-06-09 03:00:00,104.25,274.0,0.8,54.5,29.6,45.7,,,11.8,,,,187.0,Moderate
255363,DL005,2019-06-09 04:00:00,105.25,276.75,4.12,53.3,31.7,42.05,1.55,15.8,11.75,,,,188.0,Moderate
255364,DL005,2019-06-09 05:00:00,101.0,261.0,36.6,58.25,60.85,36.12,1.27,16.85,10.85,,,,190.0,Moderate
255365,DL005,2019-06-09 06:00:00,126.75,346.75,40.95,62.25,66.5,43.62,1.05,25.27,12.5,,,,193.0,Moderate
255366,DL005,2019-06-09 07:00:00,202.0,453.75,32.33,73.18,65.25,59.98,1.62,53.57,12.58,,,,198.0,Moderate
255367,DL005,2019-06-09 08:00:00,293.75,561.0,7.97,68.7,42.92,58.52,1.33,77.75,38.28,,,,208.0,Poor
255368,DL005,2019-06-09 09:00:00,250.0,520.0,2.03,43.85,24.98,47.53,0.78,46.7,125.67,,,,219.0,Poor
255369,DL005,2019-06-09 10:00:00,212.75,491.5,1.15,59.03,32.45,51.43,2.32,45.5,176.8,,,,231.0,Poor
255370,DL005,2019-06-09 11:00:00,207.0,500.75,0.6,50.95,27.6,50.78,1.77,41.38,,,,,246.0,Poor
255371,DL005,2019-06-09 12:00:00,151.5,367.75,,,,,0.6,25.75,,,105.8,,258.0,Poor
255372,DL005,2019-06-09 13:00:00,77.25,228.0,,,,,0.35,18.4,,,,,264.0,Poor
255373,DL005,2019-06-09 14:00:00,54.0,158.0,,,,,,14.43,,,,,265.0,Poor
255374,DL005,2019-06-09 15:00:00,44.25,146.25,,,,,,13.85,,,,,265.0,Poor
255375,DL005,2019-06-09 16:00:00,43.0,150.25,,,,,1.38,14.7,,,,,266.0,Poor
255376,DL005,2019-06-09 17:00:00,46.0,156.75,,,,,1.15,14.73,,,123.1,,268.0,Poor
255377,DL005,2019-06-09 18:00:00,47.25,156.75,,,,,1.27,14.72,,,,,270.0,Poor
255378,DL005,2019-06-09 19:00:00,52.0,197.5,,,,,1.38,14.4,176.45,,,,272.0,Poor
255379,DL005,2019-06-09 20:00:00,57.75,248.0,,,,,1.38,13.9,119.4,,257.62,,274.0,Poor
255380,DL005,2019-06-09 21:00:00,68.0,309.5,,,,,1.65,13.53,77.1,,163.1,,275.0,Poor
255381,DL005,2019-06-09 22:00:00,80.75,370.5,,,,,3.17,14.12,43.58,,,,276.0,Poor
255382,DL005,2019-06-09 23:00:00,108.0,460.25,68.9,100.7,109.73,40.85,4.77,15.2,12.45,,,,278.0,Poor
255383,DL005,2019-06-10 00:00:00,127.25,520.0,72.15,95.75,109.78,38.58,4.2,15.07,11.05,,,,284.0,Poor
255384,DL005,2019-06-10 01:00:00,117.25,423.0,34.65,95.65,79.1,34.08,3.7,15.7,10.7,,,,287.0,Poor
255385,DL005,2019-06-10 02:00:00,105.25,343.0,13.07,104.85,66.4,38.33,3.55,16.98,26.45,,101.3,,286.0,Poor
255386,DL005,2019-06-10 03:00:00,107.5,289.25,1.7,88.7,48.6,41.3,,,19.1,,,,287.0,Poor
255387,DL005,2019-06-10 04:00:00,92.5,250.5,1.48,84.22,46.0,37.23,2.17,17.6,16.8,,,,285.0,Poor
255388,DL005,2019-06-10 05:00:00,87.5,237.5,1.12,74.25,40.42,34.08,1.7,19.12,17.18,,,,283.0,Poor
255389,DL005,2019-06-10 06:00:00,87.5,231.0,2.08,69.4,38.55,31.23,1.7,22.62,15.2,,,,278.0,Poor
255390,DL005,2019-06-10 07:00:00,97.0,261.75,26.95,77.88,63.6,34.32,2.28,18.45,12.85,,,,266.0,Poor
255391,DL005,2019-06-10 08:00:00,110.5,332.75,9.97,62.4,41.4,33.3,2.4,18.62,35.7,,,,256.0,Poor
255392,DL005,2019-06-10 09:00:00,109.75,300.0,1.82,32.85,18.95,35.58,2.23,26.7,100.25,,,,247.0,Poor
255393,DL005,2019-06-10 10:00:00,121.0,312.0,0.85,22.8,12.8,35.95,1.8,27.9,161.1,,,,240.0,Poor
255394,DL005,2019-06-10 11:00:00,,,,,,,,,,,,,230.0,Poor
255395,DL005,2019-06-10 12:00:00,45.0,188.0,,,,,1.0,11.5,,,108.4,,223.0,Poor
255396,DL005,2019-06-10 13:00:00,42.75,184.0,,,,,0.83,11.7,199.45,,,,279.0,Poor
255397,DL005,2019-06-10 14:00:00,36.0,177.75,,,,,0.83,10.62,184.78,,,,279.0,Poor
255398,DL005,2019-06-10 15:00:00,34.5,195.5,,,,,0.85,10.07,181.25,,,,279.0,Poor
255399,DL005,2019-06-10 16:00:00,30.25,210.25,0.2,10.2,5.6,27.1,1.3,11.28,180.25,,,,279.0,Poor
255400,DL005,2019-06-10 17:00:00,31.0,240.75,,,,,1.73,13.1,195.35,,,,279.0,Poor
255401,DL005,2019-06-10 18:00:00,32.25,208.5,,,,,1.77,13.43,184.62,,105.2,,279.0,Poor
255402,DL005,2019-06-10 19:00:00,37.25,204.25,,,,,1.95,12.5,151.55,,180.2,,279.0,Poor
255403,DL005,2019-06-10 20:00:00,46.5,251.5,,,,,2.15,13.5,96.53,,253.55,,279.0,Poor
255404,DL005,2019-06-10 21:00:00,69.25,318.25,6.9,90.4,53.7,25.9,2.55,16.2,51.53,,290.82,,268.0,Poor
255405,DL005,2019-06-10 22:00:00,91.25,347.5,5.1,92.65,53.45,31.5,2.45,13.67,35.45,,174.7,,268.0,Poor
255406,DL005,2019-06-10 23:00:00,97.25,344.5,5.15,88.4,51.5,29.27,2.4,12.45,29.2,,214.95,,268.0,Poor
255407,DL005,2019-06-11 00:00:00,91.5,299.25,9.7,75.15,47.85,30.62,2.88,14.15,11.47,,103.6,,268.0,Poor
255408,DL005,2019-06-11 01:00:00,107.5,318.75,41.65,71.17,71.83,29.52,2.85,18.98,10.85,,,,242.0,Poor
255409,DL005,2019-06-11 02:00:00,111.25,341.5,12.28,70.0,47.17,32.88,2.5,28.12,19.65,,,,213.0,Poor
255410,DL005,2019-06-11 03:00:00,119.25,370.75,,,,,,,33.73,,,,216.0,Poor
255411,DL005,2019-06-11 04:00:00,103.25,468.0,0.4,41.6,22.5,33.2,1.6,26.7,27.15,,,,226.0,Poor
255412,DL005,2019-06-11 05:00:00,126.75,601.75,,,,,1.48,46.35,27.88,,,,242.0,Poor
255413,DL005,2019-06-11 06:00:00,136.5,715.0,1.5,40.4,22.7,31.6,1.38,43.38,25.7,,,,263.0,Poor
255414,DL005,2019-06-11 07:00:00,154.25,,3.12,40.25,23.97,31.77,1.38,35.98,23.6,,,,265.0,Poor
255415,DL005,2019-06-11 08:00:00,171.0,,3.12,30.25,18.68,28.85,1.77,29.3,45.23,,,,264.0,Poor
255416,DL005,2019-06-11 09:00:00,190.0,,0.85,22.95,12.95,27.0,1.48,26.45,78.55,,,,265.0,Poor
255417,DL005,2019-06-11 10:00:00,203.0,,0.47,21.52,11.85,27.8,1.35,21.55,98.65,,,,265.0,Poor
255418,DL005,2019-06-11 11:00:00,162.5,939.0,,,,,1.15,16.35,90.85,,,,296.0,Poor
255419,DL005,2019-06-11 12:00:00,113.25,913.5,2.7,11.8,8.5,29.07,1.12,13.62,96.25,,109.9,,341.0,Very Poor
255420,DL005,2019-06-11 13:00:00,102.5,721.0,2.58,7.0,5.83,29.38,0.85,11.38,105.28,,124.78,,374.0,Very Poor
255421,DL005,2019-06-11 14:00:00,61.25,328.0,2.12,4.67,4.23,27.83,0.7,9.27,112.53,,125.3,,384.0,Very Poor
255422,DL005,2019-06-11 15:00:00,39.75,186.25,2.02,3.38,3.5,25.85,0.7,9.53,122.2,,,,383.0,Very Poor
255423,DL005,2019-06-11 16:00:00,36.75,200.5,1.85,4.2,3.75,24.95,1.2,11.3,135.68,,,,382.0,Very Poor
255424,DL005,2019-06-11 17:00:00,39.5,287.75,1.8,4.95,4.1,22.73,1.2,11.93,136.9,,,,385.0,Very Poor
255425,DL005,2019-06-11 18:00:00,40.5,231.0,1.55,5.28,4.07,21.77,1.27,12.07,133.02,,,,387.0,Very Poor
255426,DL005,2019-06-11 19:00:00,37.75,200.0,1.58,15.58,9.53,21.45,1.52,13.62,106.0,,,,386.0,Very Poor
255427,DL005,2019-06-11 20:00:00,38.75,222.0,2.45,39.78,23.42,20.9,1.8,17.12,50.55,,,,385.0,Very Poor
255428,DL005,2019-06-11 21:00:00,59.0,389.25,3.82,56.4,33.12,24.93,2.35,21.6,20.65,,,,389.0,Very Poor
255429,DL005,2019-06-11 22:00:00,80.0,484.25,7.58,68.95,42.92,27.6,2.6,18.4,11.23,,,,398.0,Very Poor
255430,DL005,2019-06-11 23:00:00,93.25,449.0,34.35,61.2,60.62,26.88,2.75,16.48,8.92,,,,404.0,Severe
255431,DL005,2019-06-12 00:00:00,105.25,519.25,39.02,64.03,65.9,24.62,3.55,17.62,12.5,,,,418.0,Severe
255432,DL005,2019-06-12 01:00:00,106.25,525.75,32.75,69.53,63.78,27.25,3.28,17.43,15.63,,108.17,,431.0,Severe
255433,DL005,2019-06-12 02:00:00,105.5,486.5,2.62,38.78,22.75,26.72,1.85,20.98,50.75,,114.9,,440.0,Severe
255434,DL005,2019-06-12 03:00:00,73.75,252.5,2.2,9.6,6.9,31.8,,,70.58,,,,433.0,Severe
255435,DL005,2019-06-12 04:00:00,70.25,208.0,1.6,8.0,5.55,29.32,1.38,13.1,64.8,,,,416.0,Severe
255436,DL005,2019-06-12 05:00:00,54.25,153.0,1.73,6.47,4.88,25.45,0.83,13.6,73.45,,,,388.0,Very Poor
255437,DL005,2019-06-12 06:00:00,33.75,108.0,1.77,10.07,6.85,27.55,0.85,14.03,78.18,,,,350.0,Very Poor
255438,DL005,2019-06-12 07:00:00,42.75,161.0,1.7,9.7,6.55,31.27,0.95,13.9,86.6,,,,337.0,Very Poor
255439,DL005,2019-06-12 08:00:00,43.75,356.5,2.12,5.57,4.72,29.48,1.25,11.35,91.53,,,,335.0,Very Poor
255440,DL005,2019-06-12 09:00:00,38.75,511.5,1.93,3.58,3.5,25.93,1.05,10.98,94.97,,,,343.0,Very Poor
255441,DL005,2019-06-12 10:00:00,38.0,436.5,2.4,7.88,6.15,25.95,1.35,11.8,106.95,,,,345.0,Very Poor
255442,DL005,2019-06-12 11:00:00,45.0,491.0,2.25,8.57,6.4,28.85,1.35,12.27,132.7,,,,322.0,Very Poor
255443,DL005,2019-06-12 12:00:00,40.25,360.25,3.48,20.73,13.85,30.92,1.23,22.83,149.5,,,,295.0,Poor
255444,DL005,2019-06-12 13:00:00,43.5,310.75,2.72,16.93,11.25,34.3,1.08,20.08,160.15,,,,277.0,Poor
255445,DL005,2019-06-12 14:00:00,43.25,245.5,1.8,10.57,7.1,37.6,1.2,13.32,163.4,,,,274.0,Poor
255446,DL005,2019-06-12 15:00:00,47.75,203.5,1.98,8.85,6.3,37.1,1.2,11.88,184.12,,,,275.0,Poor
255447,DL005,2019-06-12 16:00:00,48.75,193.5,1.98,9.75,6.8,39.1,1.67,12.05,198.6,,,,276.0,Poor
255448,DL005,2019-06-12 17:00:00,45.5,175.0,1.75,10.95,7.22,36.45,1.75,12.12,,,,,276.0,Poor
255449,DL005,2019-06-12 18:00:00,46.75,178.75,1.82,15.1,9.55,33.7,1.85,12.95,193.3,,,,276.0,Poor
255450,DL005,2019-06-12 19:00:00,46.5,214.0,2.0,17.52,10.95,31.95,1.93,13.3,178.6,,,,276.0,Poor
255451,DL005,2019-06-12 20:00:00,62.75,232.0,1.88,8.62,6.12,31.72,1.52,11.73,94.93,,,,276.0,Poor
255452,DL005,2019-06-12 21:00:00,88.5,157.0,2.02,12.1,8.1,32.62,1.32,11.05,79.62,,,,276.0,Poor
255453,DL005,2019-06-12 22:00:00,36.5,274.25,1.8,13.4,8.62,41.1,1.23,9.6,72.47,,,,276.0,Poor
255454,DL005,2019-06-12 23:00:00,46.5,543.0,2.05,11.35,7.7,41.15,1.27,9.95,70.95,,,,276.0,Poor
255455,DL005,2019-06-13 00:00:00,44.25,271.0,1.83,17.23,10.62,37.4,1.38,10.85,60.5,,,,263.0,Poor
255456,DL005,2019-06-13 01:00:00,44.0,204.25,1.77,12.7,8.2,33.88,1.48,9.93,57.08,,,,263.0,Poor
255457,DL005,2019-06-13 02:00:00,50.25,198.25,1.88,15.7,9.88,32.4,1.6,11.32,46.35,,,,226.0,Poor
255458,DL005,2019-06-13 03:00:00,50.75,158.25,1.9,20.0,12.2,35.6,,,33.08,,,,214.0,Poor
255459,DL005,2019-06-13 04:00:00,50.75,156.5,1.97,21.23,12.9,33.27,1.2,12.18,23.93,,,,212.0,Poor
255460,DL005,2019-06-13 05:00:00,52.25,166.25,1.8,19.45,11.8,32.98,0.9,15.72,28.67,,,,213.0,Poor
255461,DL005,2019-06-13 06:00:00,50.5,171.75,2.45,33.5,19.8,36.77,1.0,16.1,19.58,,,,215.0,Poor
255462,DL005,2019-06-13 07:00:00,55.75,202.25,4.42,39.95,24.8,38.6,1.18,14.9,18.68,,,,217.0,Poor
255463,DL005,2019-06-13 08:00:00,66.0,225.5,9.77,47.83,33.4,38.3,1.55,13.55,20.35,,,,212.0,Poor
255464,DL005,2019-06-13 09:00:00,61.25,231.25,7.88,41.0,28.25,33.15,1.48,12.78,52.62,,,,200.0,Moderate
255465,DL005,2019-06-13 10:00:00,53.25,221.0,3.92,23.62,15.75,29.93,1.45,13.28,101.18,,,,194.0,Moderate
255466,DL005,2019-06-13 11:00:00,42.25,164.5,2.65,12.2,8.65,30.35,1.25,13.1,108.05,,,,185.0,Moderate
255467,DL005,2019-06-13 12:00:00,35.25,115.0,2.25,4.75,4.4,37.1,1.05,10.3,105.4,,,,178.0,Moderate
255468,DL005,2019-06-13 13:00:00,37.0,99.5,2.25,4.0,3.97,36.0,1.0,11.4,97.58,,,,172.0,Moderate
255469,DL005,2019-06-13 14:00:00,30.75,104.0,2.23,4.53,4.27,34.35,1.0,11.73,110.47,,,,168.0,Moderate
255470,DL005,2019-06-13 15:00:00,32.5,107.25,2.08,4.22,3.95,34.9,1.0,12.02,118.72,,,,166.0,Moderate
255471,DL005,2019-06-13 16:00:00,40.0,147.0,1.85,2.48,2.83,38.75,1.1,9.45,122.12,,,,164.0,Moderate
255472,DL005,2019-06-13 17:00:00,39.5,157.0,2.18,2.98,3.33,32.65,1.33,10.38,115.75,,,,164.0,Moderate
255473,DL005,2019-06-13 18:00:00,39.5,162.75,1.6,2.7,2.75,30.23,1.2,11.15,104.12,,,,163.0,Moderate
255474,DL005,2019-06-13 19:00:00,44.75,180.75,1.97,9.52,6.67,32.15,1.23,11.6,92.38,,,,163.0,Moderate
255475,DL005,2019-06-13 20:00:00,48.0,216.0,1.6,24.52,14.35,35.42,1.38,10.72,68.93,,,,162.0,Moderate
255476,DL005,2019-06-13 21:00:00,60.25,266.0,1.73,29.8,17.28,37.35,1.62,10.85,59.9,,,,165.0,Moderate
255477,DL005,2019-06-13 22:00:00,87.25,352.5,1.88,35.92,20.65,42.35,1.68,14.2,42.12,,,,167.0,Moderate
255478,DL005,2019-06-13 23:00:00,82.25,306.75,2.23,33.42,19.6,42.05,1.42,19.85,21.75,,,,161.0,Moderate
255479,DL005,2019-06-14 00:00:00,78.0,250.75,2.2,28.12,16.8,44.42,1.62,19.05,29.15,,,,160.0,Moderate
255480,DL005,2019-06-14 01:00:00,90.5,238.5,1.82,24.65,14.6,39.15,1.62,19.85,21.12,,,,161.0,Moderate
255481,DL005,2019-06-14 02:00:00,93.0,239.75,2.27,29.68,17.62,38.9,1.48,26.95,19.35,,,,162.0,Moderate
255482,DL005,2019-06-14 03:00:00,89.0,219.25,2.0,14.2,9.2,41.1,,,22.7,,,,164.0,Moderate
255483,DL005,2019-06-14 04:00:00,62.75,154.0,1.98,16.45,10.32,36.78,1.05,20.52,19.25,,,,164.0,Moderate
255484,DL005,2019-06-14 05:00:00,47.75,132.5,2.1,14.62,9.53,31.78,0.9,24.77,18.8,,,,163.0,Moderate
255485,DL005,2019-06-14 06:00:00,52.0,129.5,2.9,21.27,13.68,31.27,1.02,31.15,13.3,,,,162.0,Moderate
255486,DL005,2019-06-14 07:00:00,67.75,166.75,4.85,28.32,18.95,37.8,1.12,18.55,11.0,,,,161.0,Moderate
255487,DL005,2019-06-14 08:00:00,84.25,202.5,3.35,10.9,8.55,38.12,0.95,17.12,26.5,,,,160.0,Moderate
255488,DL005,2019-06-14 09:00:00,45.5,177.5,2.8,8.65,6.92,32.58,1.05,16.02,47.65,,,,159.0,Moderate
255489,DL005,2019-06-14 10:00:00,40.0,188.5,2.7,7.55,6.2,31.5,1.1,15.85,78.2,,,,158.0,Moderate
255490,DL005,2019-06-14 11:00:00,32.0,215.75,1.0,10.55,6.4,32.65,0.4,10.2,118.03,,,,159.0,Moderate
255491,DL005,2019-06-14 12:00:00,44.0,209.25,1.1,4.7,3.4,28.7,0.25,9.32,151.0,,,,175.0,Moderate
255492,DL005,2019-06-14 13:00:00,44.5,206.25,1.73,7.35,5.32,25.77,0.3,7.65,160.1,,,,188.0,Moderate
255493,DL005,2019-06-14 14:00:00,45.5,229.5,1.8,4.92,4.08,21.6,0.1,6.58,165.8,,,,197.0,Moderate
255494,DL005,2019-06-14 15:00:00,44.5,236.5,1.95,6.67,5.12,19.93,0.7,6.55,175.0,,,,218.0,Poor
255495,DL005,2019-06-14 16:00:00,45.0,193.75,1.98,9.02,6.38,18.1,0.9,6.9,184.35,,,,241.0,Poor
255496,DL005,2019-06-14 17:00:00,41.25,199.5,2.27,10.43,7.42,17.6,1.38,8.82,193.95,,,,265.0,Poor
255497,DL005,2019-06-14 18:00:00,37.75,182.25,1.8,14.4,9.15,16.28,1.5,8.3,192.68,,,,265.0,Poor
255498,DL005,2019-06-14 19:00:00,35.5,183.25,1.98,27.9,16.48,16.55,1.52,8.88,167.4,,134.8,,265.0,Poor
255499,DL005,2019-06-14 20:00:00,41.75,204.25,1.67,61.48,34.05,18.02,1.75,10.18,126.57,,153.25,,265.0,Poor
255500,DL005,2019-06-14 21:00:00,53.75,254.0,2.35,130.1,71.05,18.85,2.17,14.58,59.0,,,,265.0,Poor
255501,DL005,2019-06-14 22:00:00,80.5,318.25,30.03,175.03,117.4,19.03,2.88,16.7,15.72,,,,265.0,Poor
255502,DL005,2019-06-14 23:00:00,100.5,363.75,59.75,174.97,142.07,20.32,2.77,20.65,7.62,,,,265.0,Poor
255503,DL005,2019-06-15 00:00:00,103.5,332.75,7.15,122.97,71.25,23.23,1.92,25.93,31.58,,,,265.0,Poor
255504,DL005,2019-06-15 01:00:00,111.5,266.5,2.38,96.95,53.52,24.27,1.93,30.65,42.05,,,,262.0,Poor
255505,DL005,2019-06-15 02:00:00,122.0,276.25,25.8,110.67,79.67,25.85,2.12,25.27,11.85,,,,199.0,Moderate
255506,DL005,2019-06-15 03:00:00,125.25,319.5,2.0,82.8,45.4,29.4,,,30.45,,,,182.0,Moderate
255507,DL005,2019-06-15 04:00:00,140.0,299.75,6.67,112.38,65.17,29.88,1.8,23.35,12.65,,,,186.0,Moderate
255508,DL005,2019-06-15 05:00:00,149.75,306.0,3.4,88.75,50.0,29.15,1.38,27.57,25.95,,,,191.0,Moderate
255509,DL005,2019-06-15 06:00:00,142.25,291.25,7.12,106.62,62.47,30.75,1.52,43.62,15.75,,,,195.0,Moderate
255510,DL005,2019-06-15 07:00:00,174.25,358.25,38.85,110.4,90.38,36.17,1.8,44.82,12.05,,,,201.0,Poor
255511,DL005,2019-06-15 08:00:00,187.25,386.5,8.73,74.05,46.48,34.65,1.67,42.28,44.82,,,,208.0,Poor
255512,DL005,2019-06-15 09:00:00,161.0,361.0,4.75,37.0,23.57,26.0,1.53,22.48,110.8,,,,216.0,Poor
255513,DL005,2019-06-15 10:00:00,132.25,333.5,2.18,13.3,8.85,19.88,1.12,11.0,159.97,,,,222.0,Poor
255514,DL005,2019-06-15 11:00:00,47.5,254.5,1.73,8.65,6.03,20.08,1.08,9.25,182.85,,,,237.0,Poor
255515,DL005,2019-06-15 12:00:00,53.25,275.5,2.12,8.6,6.32,20.58,1.08,9.95,173.35,,,,237.0,Poor
255516,DL005,2019-06-15 13:00:00,56.75,311.0,2.1,5.58,4.65,20.35,0.77,6.3,158.62,,,,237.0,Poor
255517,DL005,2019-06-15 14:00:00,56.75,342.0,1.7,5.85,4.5,21.4,0.6,2.57,146.82,,,,237.0,Poor
255518,DL005,2019-06-15 15:00:00,58.5,385.5,2.0,6.12,4.88,21.88,0.6,1.7,146.05,,,,242.0,Poor
255519,DL005,2019-06-15 16:00:00,55.25,336.0,1.73,6.55,4.88,20.95,0.53,2.7,146.48,,,,248.0,Poor
255520,DL005,2019-06-15 17:00:00,46.5,312.0,1.95,9.55,6.67,20.17,1.18,4.6,144.97,,,,252.0,Poor
255521,DL005,2019-06-15 18:00:00,39.0,307.0,1.93,11.07,7.47,16.95,1.6,7.55,146.43,,,,257.0,Poor
255522,DL005,2019-06-15 19:00:00,49.0,258.5,1.57,24.43,14.27,16.6,1.55,7.88,121.72,,,,261.0,Poor
255523,DL005,2019-06-15 20:00:00,52.75,247.25,1.42,54.6,30.18,17.2,1.77,8.65,75.85,,,,262.0,Poor
255524,DL005,2019-06-15 21:00:00,59.5,275.0,2.88,79.92,44.97,18.8,2.02,12.53,46.0,,,,263.0,Poor
255525,DL005,2019-06-15 22:00:00,73.0,300.5,1.62,42.8,24.1,19.15,1.2,12.85,47.35,,,,262.0,Poor
255526,DL005,2019-06-15 23:00:00,68.5,321.25,2.12,15.88,10.18,20.15,0.75,8.82,64.1,,,,261.0,Poor
255527,DL005,2019-06-16 00:00:00,53.25,219.75,2.12,13.38,8.88,20.85,0.7,10.05,59.33,,,,256.0,Poor
255528,DL005,2019-06-16 01:00:00,56.0,223.5,2.3,9.0,6.65,20.38,1.18,8.98,59.05,,,,254.0,Poor
255529,DL005,2019-06-16 02:00:00,76.0,376.25,1.7,1.48,2.17,20.48,0.95,7.32,55.4,,,,258.0,Poor
255530,DL005,2019-06-16 03:00:00,60.5,367.0,0.9,2.2,1.9,23.4,,,65.72,,,,260.0,Poor
255531,DL005,2019-06-16 04:00:00,46.25,256.75,1.43,1.55,2.0,22.43,0.9,7.4,59.27,,,,259.0,Poor
255532,DL005,2019-06-16 05:00:00,36.75,121.5,1.9,3.05,3.12,22.52,0.72,9.07,52.4,,,,251.0,Poor
255533,DL005,2019-06-16 06:00:00,43.25,115.0,1.57,8.05,5.55,23.48,0.57,9.75,45.45,,,,244.0,Poor
255534,DL005,2019-06-16 07:00:00,46.5,116.5,2.23,10.83,7.55,27.27,0.47,10.47,43.03,,,,233.0,Poor
255535,DL005,2019-06-16 08:00:00,44.0,117.75,2.97,9.55,7.5,29.9,0.4,9.27,46.05,,,,222.0,Poor
255536,DL005,2019-06-16 09:00:00,40.25,129.75,2.92,7.65,6.5,27.9,0.98,6.42,63.73,,,,213.0,Poor
255537,DL005,2019-06-16 10:00:00,36.75,148.5,2.88,8.57,6.88,24.7,0.95,6.47,59.9,,,,205.0,Poor
255538,DL005,2019-06-16 11:00:00,31.0,211.0,3.2,23.9,15.3,23.32,1.0,12.82,48.88,,,,203.0,Poor
255539,DL005,2019-06-16 12:00:00,25.0,80.25,4.28,10.42,9.05,23.3,0.93,20.08,60.3,,,,197.0,Moderate
255540,DL005,2019-06-16 13:00:00,26.5,61.0,2.7,10.77,7.97,23.12,0.82,8.5,57.05,,,,190.0,Moderate
255541,DL005,2019-06-16 14:00:00,30.0,74.25,2.52,6.25,5.38,24.33,0.65,8.52,71.47,,,,182.0,Moderate
255542,DL005,2019-06-16 15:00:00,27.25,82.75,2.1,3.1,3.4,28.5,0.6,6.0,89.03,,,,174.0,Moderate
255543,DL005,2019-06-16 16:00:00,26.75,100.25,2.22,2.15,2.95,31.0,0.8,4.78,92.72,,,,167.0,Moderate
255544,DL005,2019-06-16 17:00:00,22.0,110.5,2.1,2.58,3.12,28.93,1.2,4.43,96.3,,,,162.0,Moderate
255545,DL005,2019-06-16 18:00:00,21.25,109.0,2.62,2.35,3.4,25.38,1.1,5.08,100.67,,,,156.0,Moderate
255546,DL005,2019-06-16 19:00:00,30.5,120.5,1.73,3.7,3.38,24.4,1.2,5.58,70.05,,,,152.0,Moderate
255547,DL005,2019-06-16 20:00:00,38.25,184.25,1.93,5.1,4.28,23.15,1.27,5.35,52.9,,,,151.0,Moderate
255548,DL005,2019-06-16 21:00:00,38.25,187.5,1.85,11.62,7.7,22.08,1.2,5.47,47.88,,,,148.0,Moderate
255549,DL005,2019-06-16 22:00:00,38.75,175.0,2.17,17.48,11.1,22.75,1.1,5.6,30.93,,,,145.0,Moderate
255550,DL005,2019-06-16 23:00:00,47.25,158.75,1.75,25.57,15.03,29.25,1.2,10.35,22.72,,,,140.0,Moderate
255551,DL005,2019-06-17 00:00:00,47.5,124.5,2.23,25.23,15.25,34.4,1.05,9.47,21.95,,,,138.0,Moderate
255552,DL005,2019-06-17 01:00:00,49.25,116.75,2.33,21.17,13.15,36.65,1.35,10.05,19.0,,,,135.0,Moderate
255553,DL005,2019-06-17 02:00:00,53.75,119.0,2.2,11.45,7.9,29.85,1.23,12.02,29.85,,,,127.0,Moderate
255554,DL005,2019-06-17 03:00:00,35.25,97.0,1.8,15.2,9.6,28.3,,,29.85,,,,120.0,Moderate
255555,DL005,2019-06-17 04:00:00,27.0,80.25,2.05,11.72,7.85,25.35,1.0,16.27,38.35,,,,115.0,Moderate
255556,DL005,2019-06-17 05:00:00,28.5,68.0,1.95,19.0,11.75,24.43,0.62,13.43,33.8,,,,114.0,Moderate
255557,DL005,2019-06-17 06:00:00,41.75,84.5,2.62,26.35,16.17,28.18,0.65,16.7,28.35,,,,113.0,Moderate
255558,DL005,2019-06-17 07:00:00,65.0,117.5,3.33,24.55,15.78,30.4,0.62,14.52,28.38,,,,113.0,Moderate
255559,DL005,2019-06-17 08:00:00,58.5,129.25,3.55,17.6,12.28,33.77,0.67,15.95,39.42,,,,113.0,Moderate
255560,DL005,2019-06-17 09:00:00,59.25,156.25,3.62,12.15,9.43,29.65,0.95,9.18,44.33,,,,114.0,Moderate
255561,DL005,2019-06-17 10:00:00,40.25,187.5,3.45,5.45,5.7,25.88,0.6,7.12,41.1,,,,115.0,Moderate
255562,DL005,2019-06-17 11:00:00,39.0,213.5,2.55,3.05,3.75,23.88,0.6,5.62,59.95,,,,115.0,Moderate
255563,DL005,2019-06-17 12:00:00,23.5,131.25,2.73,4.97,4.85,23.78,0.67,5.47,64.12,,,,116.0,Moderate
255564,DL005,2019-06-17 13:00:00,22.75,101.75,2.1,3.5,3.55,25.43,0.42,5.38,76.08,,,,117.0,Moderate
255565,DL005,2019-06-17 14:00:00,24.75,174.0,1.95,2.5,2.92,27.4,0.23,4.75,86.88,,,,120.0,Moderate
255566,DL005,2019-06-17 15:00:00,23.75,95.0,2.15,4.38,4.1,30.9,0.2,4.53,101.15,,,,121.0,Moderate
255567,DL005,2019-06-17 16:00:00,24.25,92.5,2.28,6.93,5.53,31.07,0.88,3.9,82.85,,,,120.0,Moderate
255568,DL005,2019-06-17 17:00:00,27.75,98.5,2.6,6.1,5.4,28.3,1.3,4.97,65.3,,,,120.0,Moderate
255569,DL005,2019-06-17 18:00:00,26.25,104.0,2.35,6.78,5.42,22.1,1.2,5.25,81.35,,,,120.0,Moderate
255570,DL005,2019-06-17 19:00:00,24.0,91.0,2.18,10.8,7.5,19.9,1.3,7.25,91.1,,,,119.0,Moderate
255571,DL005,2019-06-17 20:00:00,26.5,123.5,1.7,30.2,17.5,21.48,1.58,12.7,70.2,,,,117.0,Moderate
255572,DL005,2019-06-17 21:00:00,40.25,148.5,1.67,61.3,34.02,22.4,1.77,12.02,42.2,,,,116.0,Moderate
255573,DL005,2019-06-17 22:00:00,58.25,248.75,2.65,47.07,27.2,27.08,1.33,11.05,51.23,,113.53,,118.0,Moderate
255574,DL005,2019-06-17 23:00:00,55.25,347.0,1.87,16.88,10.53,27.18,0.93,7.9,110.22,,,,124.0,Moderate
255575,DL005,2019-06-18 00:00:00,50.25,366.0,1.65,16.68,10.27,27.98,0.88,6.08,97.93,,,,130.0,Moderate
255576,DL005,2019-06-18 01:00:00,41.5,96.5,2.3,12.82,8.75,26.75,1.1,5.65,72.55,,,,130.0,Moderate
255577,DL005,2019-06-18 02:00:00,35.5,77.25,1.45,2.6,1.85,22.12,1.12,5.65,59.7,,,,129.0,Moderate
255578,DL005,2019-06-18 03:00:00,23.5,45.25,,,,21.8,,,56.03,,,,127.0,Moderate
255579,DL005,2019-06-18 04:00:00,25.5,47.5,,,,21.05,0.9,2.85,71.4,,,,126.0,Moderate
255580,DL005,2019-06-18 05:00:00,19.0,25.0,2.1,7.3,5.6,21.4,0.75,2.47,72.42,,,,125.0,Moderate
255581,DL005,2019-06-18 06:00:00,24.0,27.0,2.5,13.5,9.25,21.48,0.57,1.95,67.2,,,,123.0,Moderate
255582,DL005,2019-06-18 07:00:00,29.25,35.25,1.9,14.48,9.23,21.4,0.65,2.17,57.08,,,,121.0,Moderate
255583,DL005,2019-06-18 08:00:00,26.5,43.25,2.2,7.78,5.95,24.93,0.45,2.68,82.92,,,,119.0,Moderate
255584,DL005,2019-06-18 09:00:00,25.0,45.5,2.02,5.2,4.42,27.6,0.6,2.58,92.67,,,,116.0,Moderate
255585,DL005,2019-06-18 10:00:00,25.0,45.5,2.7,6.2,5.53,25.77,0.6,5.33,85.62,,,,112.0,Moderate
255586,DL005,2019-06-18 11:00:00,23.25,59.0,2.8,5.88,5.38,22.05,0.6,5.35,98.03,,,,107.0,Moderate
255587,DL005,2019-06-18 12:00:00,23.0,73.25,3.27,24.02,15.47,20.52,0.85,6.25,109.27,,200.38,,114.0,Moderate
255588,DL005,2019-06-18 13:00:00,36.25,107.0,3.77,18.73,13.03,21.88,0.75,7.32,95.0,,231.55,,114.0,Moderate
255589,DL005,2019-06-18 14:00:00,30.25,74.75,3.18,14.25,10.18,22.82,0.52,7.1,94.65,,146.95,,114.0,Moderate
255590,DL005,2019-06-18 15:00:00,27.75,55.25,2.43,13.23,9.03,23.85,0.45,6.85,105.95,,,,114.0,Moderate
255591,DL005,2019-06-18 16:00:00,26.25,45.0,2.38,15.4,10.12,25.25,0.95,5.62,112.17,,,,118.0,Moderate
255592,DL005,2019-06-18 17:00:00,25.0,51.5,2.6,18.52,11.95,28.2,1.15,6.1,115.77,,,,123.0,Moderate
255593,DL005,2019-06-18 18:00:00,27.25,62.5,2.8,17.17,11.43,26.38,1.33,7.1,116.92,,,,125.0,Moderate
255594,DL005,2019-06-18 19:00:00,28.25,69.0,2.77,32.88,19.78,24.7,1.42,7.07,103.68,,,,125.0,Moderate
255595,DL005,2019-06-18 20:00:00,42.75,106.5,1.62,41.45,23.38,25.27,1.8,7.65,80.5,,151.43,,125.0,Moderate
255596,DL005,2019-06-18 21:00:00,62.25,183.75,3.2,114.65,63.42,25.57,2.4,7.3,24.03,,162.4,,125.0,Moderate
255597,DL005,2019-06-18 22:00:00,79.25,206.75,4.15,103.62,58.42,29.62,1.85,7.05,15.15,,,,125.0,Moderate
255598,DL005,2019-06-18 23:00:00,96.25,203.25,4.67,101.88,58.0,36.88,1.88,10.8,13.0,,,,125.0,Moderate
255599,DL005,2019-06-19 00:00:00,143.0,260.75,6.05,93.85,54.83,45.38,1.92,19.5,9.6,,,,125.0,Moderate
255600,DL005,2019-06-19 01:00:00,163.0,296.75,3.0,70.53,39.98,47.67,1.77,24.32,11.03,,,,125.0,Moderate
255601,DL005,2019-06-19 02:00:00,154.0,290.0,4.7,67.3,39.65,44.97,2.05,16.62,10.1,,116.45,,105.0,Moderate
255602,DL005,2019-06-19 03:00:00,124.0,241.75,12.0,77.2,50.8,43.7,,,5.85,,,,107.0,Moderate
255603,DL005,2019-06-19 04:00:00,92.75,179.25,6.32,63.43,38.92,38.88,1.8,9.18,7.72,,,,111.0,Moderate
255604,DL005,2019-06-19 05:00:00,110.75,186.5,5.4,54.55,33.42,37.65,1.6,11.03,9.32,,,,115.0,Moderate
255605,DL005,2019-06-19 06:00:00,119.25,195.25,6.55,55.3,34.77,34.92,1.23,12.2,13.65,,,,120.0,Moderate
255606,DL005,2019-06-19 07:00:00,113.0,197.75,19.27,63.8,49.58,35.92,1.52,11.0,12.38,,,,126.0,Moderate
255607,DL005,2019-06-19 08:00:00,115.0,212.0,12.5,58.0,41.0,47.6,1.23,11.38,10.3,,,,138.0,Moderate
255608,DL005,2019-06-19 09:00:00,94.75,188.5,7.48,46.97,31.02,49.83,0.88,14.05,19.62,,,,148.0,Moderate
255609,DL005,2019-06-19 10:00:00,68.5,203.5,6.15,35.62,23.95,41.8,1.38,9.88,44.23,,,,154.0,Moderate
255610,DL005,2019-06-19 11:00:00,66.0,238.25,3.93,30.15,19.22,37.08,1.15,12.25,73.55,,,,160.0,Moderate
255611,DL005,2019-06-19 12:00:00,67.0,304.0,3.43,25.73,16.45,36.38,1.1,13.1,100.95,,106.1,,166.0,Moderate
255612,DL005,2019-06-19 13:00:00,57.25,308.75,2.0,17.07,10.73,38.58,1.08,12.18,117.55,,106.6,,169.0,Moderate
255613,DL005,2019-06-19 14:00:00,74.0,304.25,1.77,19.07,11.6,43.3,0.9,10.12,156.95,,,,184.0,Moderate
255614,DL005,2019-06-19 15:00:00,78.0,306.5,2.12,25.1,15.1,45.92,0.9,11.35,177.0,,,,222.0,Poor
255615,DL005,2019-06-19 16:00:00,82.25,319.25,2.18,23.45,14.25,46.45,1.2,11.88,186.97,,,,247.0,Poor
255616,DL005,2019-06-19 17:00:00,84.5,311.25,2.17,25.03,15.12,44.0,1.2,11.57,194.02,,,,265.0,Poor
255617,DL005,2019-06-19 18:00:00,86.25,301.0,2.6,23.85,14.82,42.67,1.57,10.77,189.2,,,,265.0,Poor
255618,DL005,2019-06-19 19:00:00,97.5,319.5,2.1,23.72,14.38,38.22,1.45,10.72,185.15,,,,265.0,Poor
255619,DL005,2019-06-19 20:00:00,76.0,315.75,1.85,37.97,21.73,37.2,1.62,10.23,114.98,,194.75,,265.0,Poor
255620,DL005,2019-06-19 21:00:00,72.25,304.5,2.45,48.9,28.07,33.25,1.98,9.5,45.43,,171.67,,265.0,Poor
255621,DL005,2019-06-19 22:00:00,48.0,213.5,2.08,37.95,21.9,29.27,1.4,7.1,36.05,,,,265.0,Poor
255622,DL005,2019-06-19 23:00:00,35.75,135.0,2.25,32.15,18.98,39.98,1.17,6.5,29.45,,,,265.0,Poor
255623,DL005,2019-06-20 00:00:00,33.25,104.0,2.12,35.4,20.55,46.0,1.07,5.7,22.15,,,,265.0,Poor
255624,DL005,2019-06-20 01:00:00,31.25,83.0,3.08,45.22,26.55,43.4,1.1,4.95,13.75,,,,253.0,Poor
255625,DL005,2019-06-20 02:00:00,37.75,78.0,3.05,29.57,18.25,38.8,1.4,5.0,21.7,,,,243.0,Poor
255626,DL005,2019-06-20 03:00:00,25.5,60.5,3.6,41.4,25.0,34.9,,,17.88,,,,182.0,Moderate
255627,DL005,2019-06-20 04:00:00,22.0,56.5,3.55,44.95,26.77,29.7,1.1,3.8,8.38,,,,179.0,Moderate
255628,DL005,2019-06-20 05:00:00,36.0,74.0,3.17,38.25,22.95,26.75,0.98,4.6,8.0,,,,176.0,Moderate
255629,DL005,2019-06-20 06:00:00,41.0,108.5,5.17,46.8,29.1,25.1,0.7,4.8,6.27,,,,174.0,Moderate
255630,DL005,2019-06-20 07:00:00,39.5,150.5,20.5,59.67,48.48,32.88,0.95,4.85,10.18,,,,172.0,Moderate
255631,DL005,2019-06-20 08:00:00,43.0,146.75,17.52,55.8,44.0,43.7,0.8,4.9,8.1,,,,170.0,Moderate
255632,DL005,2019-06-20 09:00:00,38.75,114.25,6.22,29.48,20.75,44.55,0.53,5.08,24.98,,,,168.0,Moderate
255633,DL005,2019-06-20 10:00:00,35.0,95.75,3.85,15.75,11.5,41.25,1.67,6.33,61.58,,,,165.0,Moderate
255634,DL005,2019-06-20 11:00:00,36.0,111.75,2.65,11.25,8.18,34.55,1.5,7.8,91.75,,,,162.0,Moderate
255635,DL005,2019-06-20 12:00:00,41.0,123.75,2.38,9.18,6.82,32.67,1.52,7.8,115.75,,,,157.0,Moderate
255636,DL005,2019-06-20 13:00:00,47.0,144.0,2.05,8.72,6.3,32.95,1.52,7.95,143.15,,,,163.0,Moderate
255637,DL005,2019-06-20 14:00:00,45.75,141.75,2.02,8.55,6.2,35.42,1.27,7.47,164.95,,,,196.0,Moderate
255638,DL005,2019-06-20 15:00:00,43.25,134.75,2.03,9.93,6.92,44.67,1.2,7.95,185.92,,,,245.0,Poor
255639,DL005,2019-06-20 16:00:00,46.75,136.5,2.12,11.55,7.9,45.02,1.02,6.55,,,,,245.0,Poor
255640,DL005,2019-06-20 17:00:00,47.0,144.25,2.3,13.27,8.97,41.47,1.1,7.7,,,,,245.0,Poor
255641,DL005,2019-06-20 18:00:00,49.25,148.75,2.0,18.98,11.7,38.3,1.65,7.42,,,,,245.0,Poor
255642,DL005,2019-06-20 19:00:00,49.75,170.25,2.53,28.03,16.98,32.75,1.62,7.67,178.6,,,,245.0,Poor
255643,DL005,2019-06-20 20:00:00,61.0,327.75,2.6,31.8,19.05,32.42,1.7,8.53,133.95,,194.7,,245.0,Poor
255644,DL005,2019-06-20 21:00:00,67.0,607.5,2.4,25.6,15.57,31.18,1.62,7.42,111.4,,127.52,,245.0,Poor
255645,DL005,2019-06-20 22:00:00,58.0,278.25,1.77,32.62,18.7,31.12,1.0,6.35,95.0,,,,245.0,Poor
255646,DL005,2019-06-20 23:00:00,58.75,186.75,1.6,26.0,15.12,35.3,0.72,6.53,85.15,,,,226.0,Poor
255647,DL005,2019-06-21 00:00:00,63.25,173.5,2.1,32.4,18.95,43.12,0.83,5.75,65.6,,,,226.0,Poor
255648,DL005,2019-06-21 01:00:00,73.25,218.5,2.98,65.5,37.22,42.5,1.12,5.5,30.68,,,,226.0,Poor
255649,DL005,2019-06-21 02:00:00,84.75,244.5,3.65,87.4,49.45,41.4,1.82,6.42,57.25,,,,226.0,Poor
255650,DL005,2019-06-21 03:00:00,87.25,228.0,5.2,103.5,59.3,39.5,,,145.07,,,,166.0,Moderate
255651,DL005,2019-06-21 04:00:00,81.75,239.5,5.03,101.97,58.35,34.67,1.88,5.7,87.95,,,,166.0,Moderate
255652,DL005,2019-06-21 05:00:00,91.25,282.0,15.7,127.5,80.62,30.68,1.82,6.67,68.1,,,,166.0,Moderate
255653,DL005,2019-06-21 06:00:00,97.0,309.0,16.88,119.38,77.25,29.4,1.52,7.22,34.03,,,,168.0,Moderate
255654,DL005,2019-06-21 07:00:00,105.5,307.5,17.0,101.3,67.72,31.65,1.5,7.68,48.1,,,,173.0,Moderate
255655,DL005,2019-06-21 08:00:00,122.0,296.75,12.62,81.92,53.85,51.55,1.73,9.5,42.08,,,,177.0,Moderate
255656,DL005,2019-06-21 09:00:00,151.25,356.5,11.5,99.1,62.08,56.18,1.93,15.35,29.5,,,,184.0,Moderate
255657,DL005,2019-06-21 10:00:00,144.75,333.0,8.55,85.95,52.72,49.8,2.67,12.0,34.2,,,,190.0,Moderate
255658,DL005,2019-06-21 11:00:00,103.75,277.5,5.15,61.1,36.65,40.67,2.45,9.22,63.62,,,,195.0,Moderate
255659,DL005,2019-06-21 12:00:00,92.5,243.75,3.0,32.95,19.98,33.12,2.05,9.93,111.65,,,,198.0,Moderate
255660,DL005,2019-06-21 13:00:00,68.5,203.5,2.25,22.92,13.97,34.65,1.9,8.65,150.7,,,,200.0,Moderate
255661,DL005,2019-06-21 14:00:00,70.25,189.0,2.48,25.3,15.45,43.17,1.85,8.9,174.27,,,,216.0,Poor
255662,DL005,2019-06-21 15:00:00,88.0,206.0,2.15,26.93,16.07,54.0,1.62,10.88,182.55,,127.3,,236.0,Poor
255663,DL005,2019-06-21 16:00:00,81.75,203.75,1.95,26.52,15.75,58.0,1.35,10.07,143.93,,110.2,,236.0,Poor
255664,DL005,2019-06-21 17:00:00,70.0,176.0,2.73,28.95,17.62,53.35,1.45,8.72,138.35,,,,236.0,Poor
255665,DL005,2019-06-21 18:00:00,62.25,162.0,2.12,24.7,14.88,48.0,1.78,8.93,141.3,,,,236.0,Poor
255666,DL005,2019-06-21 19:00:00,59.75,160.5,2.12,29.52,17.42,38.65,1.57,9.1,130.1,,,,236.0,Poor
255667,DL005,2019-06-21 20:00:00,73.75,209.0,1.85,47.95,27.0,44.62,1.93,9.95,111.15,,206.8,,236.0,Poor
255668,DL005,2019-06-21 21:00:00,88.5,227.5,1.62,50.1,27.95,46.2,1.97,12.12,89.78,,169.15,,236.0,Poor
255669,DL005,2019-06-21 22:00:00,86.5,214.0,2.0,38.8,22.25,42.62,1.35,15.07,80.25,,115.3,,236.0,Poor
255670,DL005,2019-06-21 23:00:00,98.0,214.5,2.02,37.83,21.73,44.38,1.1,17.62,70.95,,,,198.0,Moderate
255671,DL005,2019-06-22 00:00:00,88.5,192.75,2.68,81.25,45.35,48.2,1.12,18.02,45.4,,,,201.0,Poor
255672,DL005,2019-06-22 01:00:00,104.0,200.0,2.23,57.7,32.62,47.08,1.05,18.58,50.05,,,,206.0,Poor
255673,DL005,2019-06-22 02:00:00,103.5,190.0,1.77,42.88,24.28,45.92,1.3,17.52,42.8,,,,208.0,Poor
255674,DL005,2019-06-22 03:00:00,125.5,210.75,3.1,32.8,19.9,44.6,,,39.45,,,,214.0,Poor
255675,DL005,2019-06-22 04:00:00,163.5,247.25,1.98,39.85,22.78,40.38,1.5,23.83,44.0,,,,225.0,Poor
255676,DL005,2019-06-22 05:00:00,143.5,226.0,3.0,68.4,38.8,37.95,1.52,25.95,22.15,,,,232.0,Poor
255677,DL005,2019-06-22 06:00:00,144.25,245.75,3.15,58.25,33.47,37.58,1.4,24.9,17.23,,,,239.0,Poor
255678,DL005,2019-06-22 07:00:00,185.0,294.75,5.25,57.35,35.12,39.72,1.4,29.75,17.98,,,,250.0,Poor
255679,DL005,2019-06-22 08:00:00,200.75,305.5,4.35,35.18,22.25,49.15,1.3,32.75,36.0,,,,261.0,Poor
255680,DL005,2019-06-22 09:00:00,169.75,255.5,3.35,27.35,17.25,47.68,1.05,28.6,73.88,,,,263.0,Poor
255681,DL005,2019-06-22 10:00:00,111.75,210.75,4.2,22.9,15.52,45.17,1.65,18.2,108.65,,,,259.0,Poor
255682,DL005,2019-06-22 11:00:00,69.5,179.5,5.62,20.12,15.17,33.4,1.58,12.7,133.05,,,,254.0,Poor
255683,DL005,2019-06-22 12:00:00,51.0,144.0,3.5,11.05,8.9,30.68,1.5,12.73,155.75,,,,248.0,Poor
255684,DL005,2019-06-22 13:00:00,43.75,122.5,2.02,10.05,6.97,29.4,1.5,10.93,155.43,,,,245.0,Poor
255685,DL005,2019-06-22 14:00:00,41.5,122.0,2.83,9.7,7.38,28.73,1.35,9.75,158.97,,,,241.0,Poor
255686,DL005,2019-06-22 15:00:00,44.5,121.25,3.17,12.62,9.38,30.82,1.12,9.18,161.07,,,,235.0,Poor
255687,DL005,2019-06-22 16:00:00,42.0,113.5,2.83,8.8,7.0,33.85,0.95,9.45,177.15,,,,229.0,Poor
255688,DL005,2019-06-22 17:00:00,47.25,125.5,4.3,17.38,11.78,31.02,1.02,9.53,188.25,,,,251.0,Poor
255689,DL005,2019-06-22 18:00:00,46.75,137.75,2.27,13.07,8.82,29.92,1.38,10.05,187.03,,,,251.0,Poor
255690,DL005,2019-06-22 19:00:00,54.5,175.0,2.17,15.55,10.05,27.75,1.62,10.57,158.32,,,,251.0,Poor
255691,DL005,2019-06-22 20:00:00,61.0,230.75,1.95,22.67,13.62,26.58,1.85,9.82,122.6,,,,251.0,Poor
255692,DL005,2019-06-22 21:00:00,63.25,289.75,2.48,51.75,29.55,26.0,2.27,10.98,,,,,251.0,Poor
255693,DL005,2019-06-22 22:00:00,81.25,343.75,1.75,45.05,25.35,26.05,1.82,11.65,,,,,251.0,Poor
255694,DL005,2019-06-22 23:00:00,90.0,340.25,1.6,51.58,28.8,29.1,1.67,12.32,,,,,251.0,Poor
255695,DL005,2019-06-23 00:00:00,89.0,297.0,2.45,54.8,31.18,33.7,1.32,9.23,26.7,,,,251.0,Poor
255696,DL005,2019-06-23 01:00:00,66.25,207.75,2.75,50.05,28.88,35.08,1.05,7.2,28.48,,,,248.0,Poor
255697,DL005,2019-06-23 02:00:00,55.5,157.5,2.02,29.55,17.33,34.5,1.0,7.3,36.95,,,,204.0,Poor
255698,DL005,2019-06-23 03:00:00,39.5,104.5,2.3,24.9,15.1,32.5,,,30.0,,,,192.0,Moderate
255699,DL005,2019-06-23 04:00:00,43.5,97.5,2.55,25.2,15.5,29.6,1.38,5.53,21.2,,,,176.0,Moderate
255700,DL005,2019-06-23 05:00:00,50.25,111.75,2.45,28.3,17.07,27.1,1.43,5.4,13.93,,,,165.0,Moderate
255701,DL005,2019-06-23 06:00:00,46.0,117.5,2.75,18.67,12.2,24.0,1.15,5.05,12.7,,,,161.0,Moderate
255702,DL005,2019-06-23 07:00:00,39.5,107.5,4.07,25.95,17.1,22.98,0.9,5.35,8.5,,,,156.0,Moderate
255703,DL005,2019-06-23 08:00:00,46.5,139.0,6.62,34.25,23.52,26.35,1.2,5.33,11.05,,,,151.0,Moderate
255704,DL005,2019-06-23 09:00:00,68.5,170.5,5.45,25.93,18.25,40.58,1.12,8.9,13.68,,,,149.0,Moderate
255705,DL005,2019-06-23 10:00:00,57.25,154.25,4.07,24.4,16.32,44.83,1.77,9.1,26.12,,,,148.0,Moderate
255706,DL005,2019-06-23 11:00:00,57.75,149.75,4.38,31.6,20.4,39.12,2.28,6.95,47.07,,,,147.0,Moderate
255707,DL005,2019-06-23 12:00:00,62.75,159.75,3.2,33.05,20.23,32.62,2.08,7.28,90.55,,,,147.0,Moderate
255708,DL005,2019-06-23 13:00:00,51.5,155.75,3.2,23.05,14.88,29.98,1.95,7.17,117.25,,,,148.0,Moderate
255709,DL005,2019-06-23 14:00:00,48.5,148.5,1.95,17.48,10.65,32.25,1.85,7.5,145.93,,,,168.0,Moderate
255710,DL005,2019-06-23 15:00:00,52.25,131.25,1.93,15.43,10.07,42.62,1.55,8.25,164.27,,,,195.0,Moderate
255711,DL005,2019-06-23 16:00:00,49.0,135.5,1.78,13.38,8.6,58.17,1.2,9.3,181.15,,,,233.0,Poor
255712,DL005,2019-06-23 17:00:00,46.0,130.75,1.68,13.1,8.32,53.38,1.23,9.03,183.38,,169.7,,238.0,Poor
255713,DL005,2019-06-23 18:00:00,44.5,143.0,2.15,12.2,8.23,47.45,1.32,8.57,175.45,,133.2,,238.0,Poor
255714,DL005,2019-06-23 19:00:00,41.5,167.5,2.62,15.25,10.22,39.3,1.82,7.1,119.75,,,,238.0,Poor
255715,DL005,2019-06-23 20:00:00,45.75,209.0,1.98,16.27,10.27,32.12,1.77,8.32,68.67,,191.95,,238.0,Poor
255716,DL005,2019-06-23 21:00:00,45.0,216.25,2.25,9.88,7.1,28.05,1.7,7.38,57.27,,,,238.0,Poor
255717,DL005,2019-06-23 22:00:00,46.25,215.5,1.15,14.95,8.9,26.17,1.32,6.1,46.28,,,,238.0,Poor
255718,DL005,2019-06-23 23:00:00,44.25,262.75,2.33,30.27,17.98,25.97,0.82,8.57,30.1,,,,238.0,Poor
255719,DL005,2019-06-24 00:00:00,25.25,250.25,2.55,27.38,16.62,45.0,0.65,11.72,23.95,,,,238.0,Poor
255720,DL005,2019-06-24 01:00:00,21.75,134.25,1.95,7.4,5.5,48.55,0.6,9.1,18.85,,,,219.0,Poor
255721,DL005,2019-06-24 02:00:00,23.0,73.5,1.68,4.75,3.9,45.97,0.7,6.83,23.05,,,,136.0,Moderate
255722,DL005,2019-06-24 03:00:00,11.75,48.75,1.5,5.0,3.9,38.5,,,18.45,,,,134.0,Moderate
255723,DL005,2019-06-24 04:00:00,14.0,41.75,2.1,5.1,4.4,31.95,1.1,4.9,13.32,,,,133.0,Moderate
255724,DL005,2019-06-24 05:00:00,14.0,41.0,2.0,4.12,3.85,26.85,1.08,5.83,13.03,,,,131.0,Moderate
255725,DL005,2019-06-24 06:00:00,21.5,35.75,1.88,9.6,6.67,24.9,1.05,6.8,15.32,,,,128.0,Moderate
255726,DL005,2019-06-24 07:00:00,28.75,59.0,3.02,13.23,9.5,23.45,0.72,7.45,15.12,,,,127.0,Moderate
255727,DL005,2019-06-24 08:00:00,29.75,76.5,8.35,38.23,27.1,34.33,0.83,9.6,33.75,,,,125.0,Moderate
255728,DL005,2019-06-24 09:00:00,33.5,73.5,7.12,19.77,16.32,45.55,0.72,9.62,11.7,,,,123.0,Moderate
255729,DL005,2019-06-24 10:00:00,29.5,71.25,4.65,18.45,13.65,44.9,1.38,6.7,18.88,,,,120.0,Moderate
255730,DL005,2019-06-24 11:00:00,30.25,84.0,4.42,22.95,15.82,39.35,2.15,6.12,27.95,,,,118.0,Moderate
255731,DL005,2019-06-24 12:00:00,29.5,101.75,2.8,23.4,14.75,31.7,1.97,6.38,35.75,,,,117.0,Moderate
255732,DL005,2019-06-24 13:00:00,36.5,108.25,3.85,30.48,19.35,29.98,2.08,5.72,38.73,,,,116.0,Moderate
255733,DL005,2019-06-24 14:00:00,39.75,170.75,3.33,14.75,10.57,27.9,1.92,6.22,36.2,,,,116.0,Moderate
255734,DL005,2019-06-24 15:00:00,27.25,260.75,,,,31.9,0.8,2.8,17.18,,,,120.0,Moderate
255735,DL005,2019-06-24 16:00:00,26.75,163.5,2.2,9.5,6.8,25.95,0.9,5.08,,,,,121.0,Moderate
255736,DL005,2019-06-24 17:00:00,21.5,152.5,1.8,11.75,7.7,29.45,0.8,5.35,34.73,,,,121.0,Moderate
255737,DL005,2019-06-24 18:00:00,18.75,124.75,1.92,14.07,9.05,31.17,0.9,5.6,41.55,,,,121.0,Moderate
255738,DL005,2019-06-24 19:00:00,24.25,127.0,1.8,19.42,11.75,39.12,1.3,5.97,29.27,,,,120.0,Moderate
255739,DL005,2019-06-24 20:00:00,26.25,130.5,1.62,26.23,15.3,38.05,1.25,7.25,26.77,,,,117.0,Moderate
255740,DL005,2019-06-24 21:00:00,31.0,145.75,2.1,32.57,19.0,34.17,1.4,8.5,16.12,,,,115.0,Moderate
255741,DL005,2019-06-24 22:00:00,33.75,145.25,1.77,22.95,13.68,32.02,1.0,7.73,15.7,,,,113.0,Moderate
255742,DL005,2019-06-24 23:00:00,34.5,98.75,1.57,19.3,11.55,31.07,0.8,7.2,14.38,,,,109.0,Moderate
255743,DL005,2019-06-25 00:00:00,41.75,90.5,1.77,21.02,12.68,33.38,0.72,10.25,12.7,,,,104.0,Moderate
255744,DL005,2019-06-25 01:00:00,49.25,88.25,2.0,23.7,14.22,40.3,0.78,10.82,9.38,,,,103.0,Moderate
255745,DL005,2019-06-25 02:00:00,48.5,90.0,1.62,26.88,15.62,44.45,0.78,10.4,14.1,,,,104.0,Moderate
255746,DL005,2019-06-25 03:00:00,51.0,75.5,1.5,30.7,17.5,55.7,,,6.72,,,,104.0,Moderate
255747,DL005,2019-06-25 04:00:00,45.5,75.0,2.33,28.0,16.8,43.38,1.02,6.45,7.03,,,,105.0,Moderate
255748,DL005,2019-06-25 05:00:00,48.25,71.25,2.7,28.0,17.1,36.03,1.1,9.4,6.2,,,,106.0,Moderate
255749,DL005,2019-06-25 06:00:00,53.5,82.5,3.05,30.7,18.8,31.5,1.1,10.05,4.9,,,,107.0,Moderate
255750,DL005,2019-06-25 07:00:00,63.5,96.25,3.9,31.38,19.88,29.73,1.08,12.17,4.78,,,,108.0,Moderate
255751,DL005,2019-06-25 08:00:00,83.5,94.25,4.8,29.02,19.35,28.7,1.08,16.1,17.35,,,,109.0,Moderate
255752,DL005,2019-06-25 09:00:00,96.0,88.75,4.4,32.57,20.9,33.88,1.1,17.07,25.25,,,,109.0,Moderate
255753,DL005,2019-06-25 10:00:00,93.5,88.0,4.3,30.77,19.88,39.67,1.08,14.8,22.88,,,,110.0,Moderate
255754,DL005,2019-06-25 11:00:00,64.75,61.25,3.25,23.05,14.88,42.22,1.35,10.65,23.32,,,,109.0,Moderate
255755,DL005,2019-06-25 12:00:00,52.25,61.25,1.9,17.85,11.07,39.52,1.2,9.52,29.57,,,,108.0,Moderate
255756,DL005,2019-06-25 13:00:00,46.0,57.5,2.05,16.92,10.7,36.58,1.23,9.18,44.02,,,,107.0,Moderate
255757,DL005,2019-06-25 14:00:00,51.75,53.0,1.85,16.62,10.32,35.02,1.2,8.6,54.33,,,,103.0,Moderate
255758,DL005,2019-06-25 15:00:00,51.5,56.25,1.75,14.83,9.35,32.3,1.1,8.28,71.25,,,,97.0,Satisfactory
255759,DL005,2019-06-25 16:00:00,54.5,67.5,1.82,16.35,10.28,31.35,0.88,7.33,76.57,,,,93.0,Satisfactory
255760,DL005,2019-06-25 17:00:00,59.0,74.0,1.9,16.55,10.35,39.12,0.9,7.52,82.92,,,,89.0,Satisfactory
255761,DL005,2019-06-25 18:00:00,62.75,83.5,2.0,19.8,12.1,42.75,0.95,7.45,84.12,,,,88.0,Satisfactory
255762,DL005,2019-06-25 19:00:00,72.0,96.0,1.98,20.27,12.4,43.78,1.27,6.82,71.22,,,,91.0,Satisfactory
255763,DL005,2019-06-25 20:00:00,68.25,108.75,1.58,25.68,14.95,40.65,1.27,6.62,44.02,,,,94.0,Satisfactory
255764,DL005,2019-06-25 21:00:00,73.25,130.0,1.65,26.25,15.3,37.35,1.35,7.25,26.83,,,,97.0,Satisfactory
255765,DL005,2019-06-25 22:00:00,68.5,131.75,1.95,28.0,16.48,35.15,1.33,6.67,16.67,,,,100.0,Satisfactory
255766,DL005,2019-06-25 23:00:00,74.75,127.0,2.02,30.45,17.83,32.65,1.17,7.25,12.8,,,,105.0,Moderate
255767,DL005,2019-06-26 00:00:00,87.0,115.25,2.05,31.68,18.52,30.12,1.05,9.1,10.47,,,,111.0,Moderate
255768,DL005,2019-06-26 01:00:00,84.25,89.5,2.4,33.58,19.8,30.07,1.12,10.4,6.53,,,,116.0,Moderate
255769,DL005,2019-06-26 02:00:00,86.5,82.5,2.25,31.0,18.3,31.85,0.95,10.38,12.85,,,,121.0,Moderate
255770,DL005,2019-06-26 03:00:00,59.75,52.75,2.2,23.2,14.1,49.4,,,7.35,,,,122.0,Moderate
255771,DL005,2019-06-26 04:00:00,48.0,39.5,2.12,24.95,15.0,42.03,1.0,5.57,7.5,,,,123.0,Moderate
255772,DL005,2019-06-26 05:00:00,50.25,38.75,2.12,31.33,18.43,36.15,1.1,6.25,6.72,,,,123.0,Moderate
255773,DL005,2019-06-26 06:00:00,53.0,47.5,4.4,41.02,25.43,32.1,1.15,5.95,5.05,,,,123.0,Moderate
255774,DL005,2019-06-26 07:00:00,79.25,79.5,5.22,40.85,25.98,33.17,1.27,6.3,5.58,,,,125.0,Moderate
255775,DL005,2019-06-26 08:00:00,117.75,117.0,4.88,36.88,23.57,33.08,1.38,10.32,5.9,,,,130.0,Moderate
255776,DL005,2019-06-26 09:00:00,125.5,112.75,3.67,31.67,19.82,29.23,1.23,13.48,8.43,,,,134.0,Moderate
255777,DL005,2019-06-26 10:00:00,101.5,95.0,2.4,22.35,13.85,26.45,1.15,12.08,12.7,,,,135.0,Moderate
255778,DL005,2019-06-26 11:00:00,79.0,80.0,2.12,16.27,10.38,38.08,1.1,10.5,18.45,,,,137.0,Moderate
255779,DL005,2019-06-26 12:00:00,53.25,134.0,2.08,12.9,8.58,37.23,1.18,8.4,,,,,137.0,Moderate
255780,DL005,2019-06-26 13:00:00,58.0,135.75,2.05,12.28,8.23,37.23,1.12,8.95,5.8,,,,139.0,Moderate
255781,DL005,2019-06-26 14:00:00,63.0,138.0,1.62,13.95,8.77,45.67,1.17,10.35,,,,,140.0,Moderate
255782,DL005,2019-06-26 15:00:00,67.25,132.0,1.72,12.88,8.25,37.88,1.05,10.3,2.23,,,,143.0,Moderate
255783,DL005,2019-06-26 16:00:00,58.5,139.25,1.38,12.23,7.65,39.97,0.72,10.3,6.33,,,,143.0,Moderate
255784,DL005,2019-06-26 17:00:00,49.25,135.25,1.6,13.75,8.6,48.9,0.8,8.25,11.25,,,,142.0,Moderate
255785,DL005,2019-06-26 18:00:00,49.75,139.5,1.83,14.72,9.3,46.2,0.75,7.78,16.12,,,,140.0,Moderate
255786,DL005,2019-06-26 19:00:00,46.0,154.75,1.8,21.5,12.95,45.98,1.23,7.33,18.82,,106.7,,136.0,Moderate
255787,DL005,2019-06-26 20:00:00,62.0,203.5,2.0,22.18,13.4,37.33,1.45,6.6,20.4,,250.62,,135.0,Moderate
255788,DL005,2019-06-26 21:00:00,58.0,216.75,1.77,24.9,14.72,31.35,1.4,6.42,8.55,,271.45,,133.0,Moderate
255789,DL005,2019-06-26 22:00:00,63.5,180.75,1.88,34.1,19.65,28.6,1.23,5.05,2.5,,122.25,,133.0,Moderate
255790,DL005,2019-06-26 23:00:00,62.5,153.5,1.98,34.05,19.7,26.12,0.97,5.17,,,,,131.0,Moderate
255791,DL005,2019-06-27 00:00:00,66.25,144.5,1.65,21.58,12.82,25.52,0.62,8.98,2.5,,,,128.0,Moderate
255792,DL005,2019-06-27 01:00:00,80.0,143.25,1.48,24.0,13.97,34.35,0.6,12.0,1.27,,,,127.0,Moderate
255793,DL005,2019-06-27 02:00:00,98.0,149.75,1.75,28.9,16.8,48.3,0.62,10.5,,,,,129.0,Moderate
255794,DL005,2019-06-27 03:00:00,83.75,134.0,2.6,27.7,16.8,49.8,,,3.8,,,,132.0,Moderate
255795,DL005,2019-06-27 04:00:00,72.0,115.5,2.15,26.92,16.05,41.28,0.83,5.1,0.1,,,,136.0,Moderate
255796,DL005,2019-06-27 05:00:00,90.0,183.5,2.82,36.77,21.88,35.67,0.95,6.62,,,,,141.0,Moderate
255797,DL005,2019-06-27 06:00:00,120.25,355.0,2.9,37.73,22.4,34.5,1.05,7.5,,,,,151.0,Moderate
255798,DL005,2019-06-27 07:00:00,147.0,233.0,2.53,40.93,23.82,31.18,0.85,11.35,,,,,160.0,Moderate
255799,DL005,2019-06-27 08:00:00,119.0,214.25,3.08,33.08,20.07,29.0,0.7,12.55,,,,,160.0,Moderate
255800,DL005,2019-06-27 09:00:00,123.5,309.0,2.88,28.17,17.33,31.45,0.65,14.25,6.97,,,,160.0,Moderate
255801,DL005,2019-06-27 10:00:00,111.5,479.25,2.18,20.75,12.82,42.88,1.1,15.45,14.95,,,,161.0,Moderate
255802,DL005,2019-06-27 11:00:00,87.0,538.25,2.27,17.8,11.32,47.25,1.17,12.93,18.4,,,,168.0,Moderate
255803,DL005,2019-06-27 12:00:00,80.0,626.25,2.03,17.77,11.12,39.95,1.4,10.23,22.5,,,,182.0,Moderate
255804,DL005,2019-06-27 13:00:00,69.25,614.0,2.23,15.72,10.2,30.77,1.4,7.53,32.27,,127.72,,195.0,Moderate
255805,DL005,2019-06-27 14:00:00,44.75,218.0,2.12,13.43,8.85,26.7,1.23,7.08,39.23,,107.0,,198.0,Moderate
255806,DL005,2019-06-27 15:00:00,42.0,206.0,1.67,12.6,8.12,26.18,1.1,8.85,46.38,,,,200.0,Moderate
255807,DL005,2019-06-27 16:00:00,45.25,227.5,1.75,12.57,8.12,29.07,0.7,7.23,49.55,,,,203.0,Poor
255808,DL005,2019-06-27 17:00:00,47.0,242.75,1.68,14.1,8.88,41.4,0.67,6.03,49.8,,,,208.0,Poor
255809,DL005,2019-06-27 18:00:00,49.0,246.0,1.65,14.97,9.32,39.88,0.7,5.3,43.62,,,,212.0,Poor
255810,DL005,2019-06-27 19:00:00,46.0,213.0,1.73,20.7,12.45,37.4,0.93,5.62,23.75,,,,214.0,Poor
255811,DL005,2019-06-27 20:00:00,67.0,246.0,1.85,32.9,19.0,33.05,1.1,4.62,,,,,216.0,Poor
255812,DL005,2019-06-27 21:00:00,64.25,245.75,1.88,57.5,32.1,26.73,1.15,5.9,13.5,,,,217.0,Poor
255813,DL005,2019-06-27 22:00:00,56.0,245.0,6.32,73.2,44.1,27.82,1.4,17.18,7.07,,,,220.0,Poor
255814,DL005,2019-06-27 23:00:00,66.0,271.5,12.55,73.68,49.4,29.05,1.38,20.9,6.1,,,,225.0,Poor
255815,DL005,2019-06-28 00:00:00,101.25,359.0,14.78,67.7,47.93,33.77,1.17,21.73,6.22,,,,234.0,Poor
255816,DL005,2019-06-28 01:00:00,122.5,363.5,2.6,46.9,27.02,36.9,0.95,32.35,10.32,,,,243.0,Poor
255817,DL005,2019-06-28 02:00:00,135.0,299.25,2.05,39.75,22.8,41.33,0.9,40.38,17.1,,,,249.0,Poor
255818,DL005,2019-06-28 03:00:00,121.75,277.0,2.7,55.9,31.9,56.1,,,10.2,,,,255.0,Poor
255819,DL005,2019-06-28 04:00:00,122.5,276.5,3.62,56.4,33.08,47.02,1.17,18.78,7.17,,,,262.0,Poor
255820,DL005,2019-06-28 05:00:00,155.0,354.0,6.92,57.58,36.3,44.75,1.27,26.07,5.12,,,,269.0,Poor
255821,DL005,2019-06-28 06:00:00,209.5,453.75,8.82,58.5,38.33,42.47,1.3,32.0,4.95,,,,273.0,Poor
255822,DL005,2019-06-28 07:00:00,206.25,456.25,18.1,55.05,44.08,40.33,1.35,36.83,6.75,,,,283.0,Poor
255823,DL005,2019-06-28 08:00:00,200.75,447.75,4.38,35.45,22.4,35.5,0.77,36.38,14.22,,,,292.0,Poor
255824,DL005,2019-06-28 09:00:00,118.5,333.5,2.88,17.95,11.88,33.1,0.32,14.38,24.55,,,,293.0,Poor
255825,DL005,2019-06-28 10:00:00,34.5,292.0,2.0,14.5,9.35,42.42,0.7,7.47,35.38,,,,286.0,Poor
255826,DL005,2019-06-28 11:00:00,28.5,214.5,1.93,13.4,8.68,42.82,0.72,6.28,39.85,,,,272.0,Poor
255827,DL005,2019-06-28 12:00:00,23.5,194.5,2.08,12.22,8.23,33.9,1.08,6.3,49.53,,,,254.0,Poor
255828,DL005,2019-06-28 13:00:00,22.25,141.75,1.72,10.68,7.08,26.75,0.97,6.45,59.07,,,,234.0,Poor
255829,DL005,2019-06-28 14:00:00,22.75,101.0,1.77,10.75,7.15,24.1,0.95,6.53,68.08,,,,229.0,Poor
255830,DL005,2019-06-28 15:00:00,26.25,158.75,2.08,10.97,7.53,26.3,1.0,6.65,49.0,,,,228.0,Poor
255831,DL005,2019-06-28 16:00:00,39.75,308.0,1.88,10.17,6.95,25.27,0.47,4.5,39.62,,,,231.0,Poor
255832,DL005,2019-06-28 17:00:00,41.5,344.75,2.1,11.1,7.6,23.27,0.5,2.83,40.55,,,,235.0,Poor
255833,DL005,2019-06-28 18:00:00,41.5,263.25,1.82,12.68,8.25,23.95,0.5,2.53,43.52,,,,236.0,Poor
255834,DL005,2019-06-28 19:00:00,47.0,260.25,1.68,16.23,9.97,31.22,0.57,2.73,46.57,,,,238.0,Poor
255835,DL005,2019-06-28 20:00:00,51.25,279.5,1.83,26.77,15.7,34.9,1.12,3.45,30.65,,,,239.0,Poor
255836,DL005,2019-06-28 21:00:00,56.5,293.75,3.3,47.75,28.15,30.9,1.27,5.67,14.6,,,,241.0,Poor
255837,DL005,2019-06-28 22:00:00,61.0,313.5,1.88,30.6,17.82,28.02,0.95,8.15,19.9,,,,244.0,Poor
255838,DL005,2019-06-28 23:00:00,57.0,319.5,1.85,25.35,15.0,23.47,0.75,8.88,23.2,,,,246.0,Poor
255839,DL005,2019-06-29 00:00:00,44.25,258.25,1.62,24.95,14.57,23.15,0.57,9.6,23.78,,,,242.0,Poor
255840,DL005,2019-06-29 01:00:00,47.5,258.25,1.75,25.65,15.07,32.23,0.47,16.27,21.2,,,,237.0,Poor
255841,DL005,2019-06-29 02:00:00,70.5,295.0,1.83,28.45,16.6,37.62,0.55,14.82,22.2,,,,237.0,Poor
255842,DL005,2019-06-29 03:00:00,90.25,356.25,2.3,35.7,20.9,38.0,,,19.33,,,,241.0,Poor
255843,DL005,2019-06-29 04:00:00,92.0,454.0,3.05,42.88,25.27,31.1,1.27,14.85,11.73,,,,248.0,Poor
255844,DL005,2019-06-29 05:00:00,103.25,529.0,2.92,40.98,24.18,29.85,1.38,24.83,10.35,,,,255.0,Poor
255845,DL005,2019-06-29 06:00:00,126.5,557.25,3.25,42.35,25.12,28.55,1.4,34.0,8.45,,,,260.0,Poor
255846,DL005,2019-06-29 07:00:00,122.25,541.5,7.4,45.75,30.37,27.38,1.52,34.17,8.8,,,,263.0,Poor
255847,DL005,2019-06-29 08:00:00,115.75,445.25,6.4,31.4,21.9,25.95,1.15,29.52,15.95,,,,263.0,Poor
255848,DL005,2019-06-29 09:00:00,88.5,297.25,2.98,19.48,12.83,22.55,0.83,15.48,27.3,,,,262.0,Poor
255849,DL005,2019-06-29 10:00:00,60.0,192.5,2.57,15.05,10.18,27.07,0.7,7.68,31.5,,,,257.0,Poor
255850,DL005,2019-06-29 11:00:00,27.0,194.75,2.1,12.88,8.52,28.55,0.7,6.75,37.78,,,,257.0,Poor
255851,DL005,2019-06-29 12:00:00,38.0,217.5,2.23,11.25,7.8,29.85,1.05,7.42,47.15,,,,258.0,Poor
255852,DL005,2019-06-29 13:00:00,,,,,,,,,,,,,265.0,Poor
255853,DL005,2019-06-29 14:00:00,,,,,,,,,,,,,274.0,Poor
255854,DL005,2019-06-29 15:00:00,,,,,,,,,,,,,282.0,Poor
255855,DL005,2019-06-29 16:00:00,44.0,252.0,,,,,,,69.6,,,,280.0,Poor
255856,DL005,2019-06-29 17:00:00,,307.0,2.48,8.95,6.8,29.65,,6.18,28.12,,,,278.0,Poor
255857,DL005,2019-06-29 18:00:00,41.0,281.25,1.93,12.75,8.35,34.53,,2.05,35.8,,,,279.0,Poor
255858,DL005,2019-06-29 19:00:00,42.25,236.25,1.77,16.23,10.07,41.1,0.4,2.05,41.15,,,,278.0,Poor
255859,DL005,2019-06-29 20:00:00,50.0,325.25,2.33,46.18,26.4,36.05,0.82,4.2,24.4,,,,280.0,Poor
255860,DL005,2019-06-29 21:00:00,64.75,304.5,5.85,79.88,47.35,29.38,1.08,4.88,8.78,,,,280.0,Poor
255861,DL005,2019-06-29 22:00:00,72.0,308.5,4.03,54.28,32.27,24.83,0.25,7.6,10.95,,,,280.0,Poor
255862,DL005,2019-06-29 23:00:00,71.0,303.75,26.95,67.33,57.3,22.77,1.5,21.53,4.95,,,,279.0,Poor
255863,DL005,2019-06-30 00:00:00,84.0,383.5,25.75,57.33,51.55,21.92,0.45,19.43,5.28,,,,285.0,Poor
255864,DL005,2019-06-30 01:00:00,107.75,564.5,6.85,52.2,33.38,20.2,,13.1,4.05,,,,300.0,Poor
255865,DL005,2019-06-30 02:00:00,106.75,497.75,25.33,47.88,45.92,25.43,1.92,6.6,12.3,,,,312.0,Very Poor
255866,DL005,2019-06-30 03:00:00,80.25,345.0,10.3,49.9,,40.2,,,4.05,,,,311.0,Very Poor
255867,DL005,2019-06-30 04:00:00,98.75,328.25,7.38,50.42,32.85,38.47,2.08,14.7,5.0,,,,304.0,Very Poor
255868,DL005,2019-06-30 05:00:00,146.5,380.25,17.82,48.9,40.55,33.02,2.0,26.5,5.95,,,,296.0,Poor
255869,DL005,2019-06-30 06:00:00,154.5,410.75,16.32,44.17,36.72,29.5,1.4,25.25,4.62,,,,289.0,Poor
255870,DL005,2019-06-30 07:00:00,122.0,473.0,1.9,11.1,7.45,18.5,0.2,19.23,21.4,,,,286.0,Poor
255871,DL005,2019-06-30 08:00:00,44.25,95.0,2.17,20.12,12.48,19.3,0.2,10.57,20.6,,,,269.0,Poor
255872,DL005,2019-06-30 09:00:00,36.5,99.25,2.65,23.05,14.4,22.78,,6.15,22.68,,,,260.0,Poor
255873,DL005,2019-06-30 10:00:00,39.0,143.5,2.95,18.17,12.05,33.47,1.48,8.38,24.27,,,,257.0,Poor
255874,DL005,2019-06-30 11:00:00,42.5,242.75,2.3,12.68,8.57,33.98,1.42,7.05,27.48,,,,260.0,Poor
255875,DL005,2019-06-30 12:00:00,44.5,257.0,2.52,12.62,8.78,35.08,1.8,6.85,31.27,,,,261.0,Poor
255876,DL005,2019-06-30 13:00:00,45.5,255.0,2.88,12.7,9.12,28.88,2.1,9.62,37.55,,,,259.0,Poor
255877,DL005,2019-06-30 14:00:00,44.0,250.75,3.48,13.38,9.98,22.95,2.1,10.4,45.65,,,,256.0,Poor
255878,DL005,2019-06-30 15:00:00,47.75,302.75,3.45,15.47,11.07,19.12,2.12,11.12,44.45,,,,256.0,Poor
255879,DL005,2019-06-30 16:00:00,57.25,382.5,2.92,19.1,12.5,19.52,1.08,8.3,56.98,,125.35,,262.0,Poor
255880,DL005,2019-06-30 17:00:00,53.75,236.25,1.72,14.57,9.18,24.2,0.75,5.53,63.65,,111.65,,259.0,Poor
255881,DL005,2019-06-30 18:00:00,58.75,335.75,1.83,15.85,10.2,35.97,0.83,5.45,64.67,,153.77,,261.0,Poor
255882,DL005,2019-06-30 19:00:00,59.5,311.0,1.65,19.43,11.62,35.62,0.95,5.53,53.17,,111.1,,264.0,Poor
255883,DL005,2019-06-30 20:00:00,64.0,306.75,1.85,30.83,17.9,34.85,1.43,5.55,32.7,,,,263.0,Poor
255884,DL005,2019-06-30 21:00:00,62.75,326.75,1.85,17.25,10.7,30.2,1.3,8.18,35.17,,,,264.0,Poor
255885,DL005,2019-06-30 22:00:00,55.5,231.75,1.85,19.5,11.85,29.33,1.6,13.17,36.23,,,,261.0,Poor
255886,DL005,2019-06-30 23:00:00,44.75,143.5,1.65,29.0,16.77,31.12,1.7,13.8,27.4,,,,254.0,Poor
255887,DL005,2019-07-01 00:00:00,47.25,175.5,1.65,20.95,12.53,30.55,1.55,10.18,29.95,,,,246.0,Poor
255888,DL005,2019-07-01 01:00:00,59.75,240.5,1.83,26.85,15.8,28.93,1.42,9.15,16.1,,,,232.0,Poor
255889,DL005,2019-07-01 02:00:00,63.5,260.0,1.7,29.7,17.2,31.77,1.45,9.0,20.45,,,,222.0,Poor
255890,DL005,2019-07-01 03:00:00,48.5,147.25,1.7,24.8,14.6,32.7,,,21.25,,,,214.0,Poor
255891,DL005,2019-07-01 04:00:00,42.5,130.75,1.67,29.7,17.15,28.9,1.75,8.3,16.47,,,,206.0,Poor
255892,DL005,2019-07-01 05:00:00,39.0,123.25,1.73,28.25,16.43,24.65,1.9,10.52,17.77,,,,197.0,Moderate
255893,DL005,2019-07-01 06:00:00,46.25,137.75,2.4,33.08,19.55,23.6,1.95,8.1,10.57,,,,189.0,Moderate
255894,DL005,2019-07-01 07:00:00,59.0,184.0,5.42,37.6,24.35,22.17,2.02,7.55,10.2,,,,181.0,Moderate
255895,DL005,2019-07-01 08:00:00,58.75,165.5,3.33,16.73,11.6,21.27,1.88,10.22,22.2,,,,183.0,Moderate
255896,DL005,2019-07-01 09:00:00,56.5,151.75,2.5,13.88,9.43,20.0,1.65,14.35,31.83,,,,185.0,Moderate
255897,DL005,2019-07-01 10:00:00,51.5,166.0,2.38,12.68,8.62,30.23,1.5,10.05,41.75,,,,185.0,Moderate
255898,DL005,2019-07-01 11:00:00,53.25,179.75,4.15,15.75,11.9,42.35,1.52,11.6,56.8,,,,183.0,Moderate
255899,DL005,2019-07-01 12:00:00,61.5,242.5,2.15,14.4,9.4,40.52,1.75,10.28,71.62,,,,183.0,Moderate
255900,DL005,2019-07-01 13:00:00,58.25,228.75,2.25,12.85,8.8,32.0,2.2,10.85,77.67,,,,182.0,Moderate
255901,DL005,2019-07-01 14:00:00,61.25,237.0,1.9,13.65,8.8,26.9,2.08,11.03,92.7,,,,182.0,Moderate
255902,DL005,2019-07-01 15:00:00,58.5,226.5,1.5,11.8,7.5,23.97,2.18,9.7,105.95,,,,180.0,Moderate
255903,DL005,2019-07-01 16:00:00,58.25,195.25,1.73,11.75,7.62,22.7,1.52,8.3,103.88,,,,175.0,Moderate
255904,DL005,2019-07-01 17:00:00,63.25,205.5,1.9,13.85,8.95,24.52,1.4,6.88,93.05,,,,174.0,Moderate
255905,DL005,2019-07-01 18:00:00,67.75,237.5,1.73,16.8,10.35,26.5,1.48,6.6,92.9,,,,171.0,Moderate
255906,DL005,2019-07-01 19:00:00,69.25,261.25,1.82,19.68,11.95,31.85,1.58,5.75,78.43,,,,170.0,Moderate
255907,DL005,2019-07-01 20:00:00,66.75,306.25,1.75,25.73,15.12,34.9,1.9,6.02,58.42,,,,170.0,Moderate
255908,DL005,2019-07-01 21:00:00,65.5,312.75,1.82,23.82,14.15,31.03,2.23,7.6,35.38,,,,169.0,Moderate
255909,DL005,2019-07-01 22:00:00,56.75,265.75,1.57,18.12,10.93,23.93,1.42,3.23,30.02,,,,170.0,Moderate
255910,DL005,2019-07-01 23:00:00,35.25,195.5,1.8,21.92,13.12,27.93,1.5,3.27,29.8,,,,172.0,Moderate
255911,DL005,2019-07-02 00:00:00,37.5,155.25,1.62,20.3,12.15,31.73,1.43,3.98,30.9,,,,171.0,Moderate
255912,DL005,2019-07-02 01:00:00,42.5,152.25,1.62,19.88,11.93,29.98,1.2,5.77,26.95,,,,169.0,Moderate
255913,DL005,2019-07-02 02:00:00,46.75,169.75,1.72,26.35,15.45,31.73,1.2,2.23,22.25,,,,166.0,Moderate
255914,DL005,2019-07-02 03:00:00,59.75,182.75,1.9,18.9,11.5,37.0,,,18.55,,,,167.0,Moderate
255915,DL005,2019-07-02 04:00:00,71.0,328.5,1.7,11.5,7.5,29.8,1.65,6.35,46.8,,,,173.0,Moderate
255916,DL005,2019-07-02 05:00:00,57.75,600.75,1.2,11.0,6.83,24.4,1.88,7.8,54.05,,,,186.0,Moderate
255917,DL005,2019-07-02 06:00:00,45.0,306.75,1.35,15.43,9.35,22.18,1.92,7.15,47.08,,,,190.0,Moderate
255918,DL005,2019-07-02 07:00:00,46.75,273.75,1.77,21.05,12.62,21.77,2.08,7.27,37.03,,,,193.0,Moderate
255919,DL005,2019-07-02 08:00:00,53.5,237.75,2.23,19.98,12.48,23.9,2.0,10.5,34.33,,,,195.0,Moderate
255920,DL005,2019-07-02 09:00:00,54.75,200.0,2.38,14.8,9.83,22.9,1.75,11.18,45.35,,,,196.0,Moderate
255921,DL005,2019-07-02 10:00:00,44.75,192.25,2.05,14.0,9.1,29.68,1.5,8.55,59.35,,,,197.0,Moderate
255922,DL005,2019-07-02 11:00:00,48.25,209.0,1.97,14.25,9.18,39.55,1.55,8.0,72.38,,,,198.0,Moderate
255923,DL005,2019-07-02 12:00:00,66.75,231.5,2.2,16.1,10.43,40.58,1.9,6.93,78.53,,,,198.0,Moderate
255924,DL005,2019-07-02 13:00:00,88.25,264.0,2.08,16.05,10.25,33.52,2.38,6.1,72.2,,,,199.0,Moderate
255925,DL005,2019-07-02 14:00:00,98.5,265.0,1.7,15.75,9.75,28.33,2.27,5.58,58.92,,,,199.0,Moderate
255926,DL005,2019-07-02 15:00:00,90.5,260.0,1.8,13.88,8.82,25.0,2.3,5.4,60.28,,,,200.0,Moderate
255927,DL005,2019-07-02 16:00:00,89.0,265.75,1.62,14.1,8.82,22.27,1.73,4.18,65.17,,,,203.0,Poor
255928,DL005,2019-07-02 17:00:00,86.0,269.0,1.65,13.9,8.73,20.57,1.45,3.3,80.28,,,,206.0,Poor
255929,DL005,2019-07-02 18:00:00,80.25,259.0,1.7,18.15,11.05,22.73,1.5,2.4,63.65,,,,207.0,Poor
255930,DL005,2019-07-02 19:00:00,87.25,264.0,1.15,14.78,8.8,28.57,1.52,2.12,55.23,,,,207.0,Poor
255931,DL005,2019-07-02 20:00:00,77.75,237.0,1.33,17.18,10.22,34.1,1.68,2.65,46.1,,,,204.0,Poor
255932,DL005,2019-07-02 21:00:00,72.25,238.25,1.8,19.73,11.97,31.65,2.12,2.95,36.5,,,,201.0,Poor
255933,DL005,2019-07-02 22:00:00,69.5,214.25,1.88,18.95,11.62,28.55,2.0,4.22,24.62,,,,199.0,Moderate
255934,DL005,2019-07-02 23:00:00,78.75,212.25,1.95,19.55,11.97,26.52,2.02,5.58,16.18,,,,200.0,Moderate
255935,DL005,2019-07-03 00:00:00,84.25,214.0,2.18,22.68,13.82,24.23,2.03,6.07,9.88,,,,202.0,Poor
255936,DL005,2019-07-03 01:00:00,77.75,200.25,2.15,21.73,13.3,21.15,1.52,5.32,4.55,,,,204.0,Poor
255937,DL005,2019-07-03 02:00:00,53.75,140.0,2.2,20.52,12.7,20.6,1.38,4.28,,,,,203.0,Poor
255938,DL005,2019-07-03 03:00:00,48.5,120.75,2.1,21.4,13.1,29.3,,,3.0,,,,200.0,Moderate
255939,DL005,2019-07-03 04:00:00,51.75,156.25,2.33,19.15,12.07,25.65,1.82,4.33,4.03,,,,195.0,Moderate
255940,DL005,2019-07-03 05:00:00,50.25,167.75,2.48,20.93,13.15,27.65,2.17,5.35,3.82,,,,183.0,Moderate
255941,DL005,2019-07-03 06:00:00,56.0,177.0,3.0,28.35,17.55,32.23,2.17,6.9,3.57,,,,180.0,Moderate
255942,DL005,2019-07-03 07:00:00,57.75,200.5,5.85,38.0,24.95,31.65,2.35,6.43,3.35,,,,178.0,Moderate
255943,DL005,2019-07-03 08:00:00,74.0,231.5,7.55,39.4,27.12,30.35,2.35,6.73,5.12,,,,177.0,Moderate
255944,DL005,2019-07-03 09:00:00,78.0,225.75,5.75,34.7,23.15,27.25,2.1,6.85,5.53,,,,178.0,Moderate
255945,DL005,2019-07-03 10:00:00,61.5,225.5,4.45,26.05,17.5,50.1,1.62,6.72,5.22,,,,179.0,Moderate
255946,DL005,2019-07-03 11:00:00,32.0,175.25,3.02,19.5,12.8,84.85,1.67,7.2,16.3,,,,178.0,Moderate
255947,DL005,2019-07-03 12:00:00,38.0,151.25,2.48,18.25,11.78,70.18,1.7,6.68,71.3,,,,176.0,Moderate
255948,DL005,2019-07-03 13:00:00,33.25,136.75,2.23,20.35,12.65,69.6,2.08,6.75,65.72,,,,172.0,Moderate
255949,DL005,2019-07-03 14:00:00,23.75,126.0,1.9,17.95,11.12,39.52,2.2,7.35,101.65,,,,169.0,Moderate
255950,DL005,2019-07-03 15:00:00,38.25,117.25,1.8,16.92,10.43,31.65,2.15,4.53,118.75,,,,165.0,Moderate
255951,DL005,2019-07-03 16:00:00,38.0,98.5,1.93,15.78,9.97,29.12,1.55,6.02,131.77,,,,160.0,Moderate
255952,DL005,2019-07-03 17:00:00,36.0,106.75,1.7,17.12,10.55,86.25,1.3,6.65,153.25,,,,178.0,Moderate
255953,DL005,2019-07-03 18:00:00,39.5,144.5,1.85,17.9,11.05,69.17,1.35,6.38,149.22,,,,178.0,Moderate
255954,DL005,2019-07-03 19:00:00,41.25,151.75,1.75,24.82,14.65,56.33,1.48,7.85,135.22,,,,178.0,Moderate
255955,DL005,2019-07-03 20:00:00,43.25,194.75,2.12,35.92,20.88,48.17,1.67,8.88,108.47,,,,178.0,Moderate
255956,DL005,2019-07-03 21:00:00,46.5,243.75,2.05,34.52,20.03,49.98,1.95,9.15,47.25,,,,178.0,Moderate
255957,DL005,2019-07-03 22:00:00,46.75,244.75,2.25,35.45,20.68,38.53,2.05,5.83,25.58,,,,178.0,Moderate
255958,DL005,2019-07-03 23:00:00,46.75,234.25,2.88,42.88,25.12,29.9,1.95,4.42,18.17,,,,178.0,Moderate
255959,DL005,2019-07-04 00:00:00,30.5,143.0,2.2,31.1,18.32,25.35,1.65,5.25,25.25,,,,178.0,Moderate
255960,DL005,2019-07-04 01:00:00,32.0,89.25,2.3,26.9,16.18,23.57,1.48,5.6,24.95,,,,172.0,Moderate
255961,DL005,2019-07-04 02:00:00,37.75,80.25,2.18,20.42,12.65,34.25,1.23,4.55,36.1,,,,152.0,Moderate
255962,DL005,2019-07-04 03:00:00,29.75,79.5,2.7,18.5,12.0,67.6,,,26.57,,,,142.0,Moderate
255963,DL005,2019-07-04 04:00:00,35.75,83.25,2.2,18.93,11.9,50.73,1.6,6.53,29.48,,,,140.0,Moderate
255964,DL005,2019-07-04 05:00:00,35.5,79.25,1.88,17.97,11.1,40.38,1.85,7.77,32.68,,,,137.0,Moderate
255965,DL005,2019-07-04 06:00:00,28.75,75.5,2.05,20.2,12.4,34.08,1.85,7.45,27.62,,,,134.0,Moderate
255966,DL005,2019-07-04 07:00:00,31.5,83.0,1.98,25.43,15.12,28.65,2.02,7.95,25.08,,,,131.0,Moderate
255967,DL005,2019-07-04 08:00:00,35.75,90.5,3.08,28.15,17.45,24.85,2.1,7.33,21.77,,,,127.0,Moderate
255968,DL005,2019-07-04 09:00:00,43.25,87.0,3.88,24.5,16.2,22.9,1.97,6.92,13.17,,,,123.0,Moderate
255969,DL005,2019-07-04 10:00:00,40.25,93.0,3.38,24.43,15.75,21.6,1.67,5.43,6.1,,,,120.0,Moderate
255970,DL005,2019-07-04 11:00:00,37.0,102.25,2.1,17.95,11.25,19.45,1.52,4.95,56.38,,,,118.0,Moderate
255971,DL005,2019-07-04 12:00:00,36.5,108.5,1.98,19.27,11.85,45.88,1.65,4.9,53.5,,,,116.0,Moderate
255972,DL005,2019-07-04 13:00:00,125.0,117.5,2.3,23.65,14.48,45.92,1.95,6.58,29.98,,215.93,,116.0,Moderate
255973,DL005,2019-07-04 14:00:00,312.0,84.0,2.77,20.45,13.18,40.42,1.95,6.22,28.68,,219.57,,115.0,Moderate
255974,DL005,2019-07-04 15:00:00,128.75,49.5,2.18,20.85,12.85,29.95,1.95,5.9,27.48,,167.1,,113.0,Moderate
255975,DL005,2019-07-04 16:00:00,86.25,46.5,1.8,21.0,12.65,25.33,1.77,4.45,27.12,,180.75,,111.0,Moderate
255976,DL005,2019-07-04 17:00:00,117.0,58.5,2.4,29.45,17.57,23.88,1.6,4.17,15.4,,224.88,,110.0,Moderate
255977,DL005,2019-07-04 18:00:00,160.0,72.5,3.75,33.5,20.88,20.95,1.58,3.25,,,215.25,,123.0,Moderate
255978,DL005,2019-07-04 19:00:00,98.5,48.25,3.65,32.73,20.35,19.85,1.57,3.42,9.03,,132.22,,131.0,Moderate
255979,DL005,2019-07-04 20:00:00,94.0,52.0,2.92,29.43,18.02,18.88,1.6,4.0,7.6,,,,138.0,Moderate
255980,DL005,2019-07-04 21:00:00,29.0,44.5,2.98,32.85,19.9,35.83,1.88,4.75,10.18,,109.85,,136.0,Moderate
255981,DL005,2019-07-04 22:00:00,,61.75,3.27,29.3,18.28,79.92,1.83,4.33,11.43,,,,139.0,Moderate
255982,DL005,2019-07-04 23:00:00,47.0,66.25,3.18,32.15,19.67,42.45,1.98,4.07,10.03,,,,139.0,Moderate
255983,DL005,2019-07-05 00:00:00,48.0,75.0,4.92,38.85,24.7,34.02,2.18,4.05,8.38,,,,142.0,Moderate
255984,DL005,2019-07-05 01:00:00,54.75,87.25,14.8,41.12,33.75,28.82,2.1,4.17,9.05,,,,145.0,Moderate
255985,DL005,2019-07-05 02:00:00,65.5,106.0,12.25,44.72,33.8,24.62,1.85,3.48,,,,,149.0,Moderate
255986,DL005,2019-07-05 03:00:00,69.25,111.25,4.1,37.7,23.4,39.2,,,4.6,,,,155.0,Moderate
255987,DL005,2019-07-05 04:00:00,82.0,122.0,3.7,33.4,20.8,30.12,1.92,5.17,11.45,,,,162.0,Moderate
255988,DL005,2019-07-05 05:00:00,76.0,115.5,8.2,40.23,27.92,37.0,2.17,5.73,8.68,,102.0,,168.0,Moderate
255989,DL005,2019-07-05 06:00:00,83.0,133.75,6.5,35.4,24.12,55.4,2.25,6.1,9.33,,,,175.0,Moderate
255990,DL005,2019-07-05 07:00:00,75.25,112.0,9.45,32.3,25.18,43.77,2.42,6.05,10.35,,,,182.0,Moderate
255991,DL005,2019-07-05 08:00:00,72.0,117.0,8.35,32.15,23.92,37.52,2.45,6.15,10.85,,,,187.0,Moderate
255992,DL005,2019-07-05 09:00:00,81.5,141.0,13.48,36.45,30.38,33.3,2.42,5.65,10.9,,,,193.0,Moderate
255993,DL005,2019-07-05 10:00:00,87.5,162.75,10.53,38.6,29.12,29.62,2.0,6.12,,,,,199.0,Moderate
255994,DL005,2019-07-05 11:00:00,65.25,132.5,5.45,26.35,18.48,23.82,1.68,5.6,0.5,,,,203.0,Poor
255995,DL005,2019-07-05 12:00:00,40.25,82.75,3.05,17.85,11.95,20.25,1.7,6.23,17.9,,,,204.0,Poor
255996,DL005,2019-07-05 13:00:00,41.75,67.5,2.22,16.12,10.4,16.55,1.75,6.88,23.48,,,,192.0,Moderate
255997,DL005,2019-07-05 14:00:00,37.25,79.5,2.48,16.58,10.82,55.07,2.2,5.68,39.1,,,,152.0,Moderate
255998,DL005,2019-07-05 15:00:00,47.0,90.75,3.82,31.07,19.62,95.3,2.27,5.1,40.85,,,,140.0,Moderate
255999,DL005,2019-07-05 16:00:00,56.5,114.5,4.0,30.93,19.7,54.83,1.97,4.68,41.15,,,,136.0,Moderate
256000,DL005,2019-07-05 17:00:00,55.5,124.75,2.93,20.15,13.1,36.05,1.75,4.25,25.7,,,,127.0,Moderate
256001,DL005,2019-07-05 18:00:00,46.25,123.75,3.1,29.65,18.3,27.52,1.65,3.7,47.45,,,,111.0,Moderate
256002,DL005,2019-07-05 19:00:00,40.75,120.75,7.1,62.0,38.75,17.7,1.67,3.88,16.18,,,,103.0,Moderate
256003,DL005,2019-07-05 20:00:00,37.5,108.25,2.85,42.15,24.75,20.77,1.62,7.0,16.02,,,,103.0,Moderate
256004,DL005,2019-07-05 21:00:00,28.75,91.0,2.33,38.65,22.45,115.0,1.75,7.2,17.55,,,,104.0,Moderate
256005,DL005,2019-07-05 22:00:00,27.0,97.5,2.62,41.83,24.38,63.25,2.18,4.05,17.93,,,,105.0,Moderate
256006,DL005,2019-07-05 23:00:00,32.5,113.0,2.7,42.27,24.67,39.65,2.0,3.85,13.2,,,,106.0,Moderate
256007,DL005,2019-07-06 00:00:00,33.25,99.25,2.58,33.42,19.9,32.8,1.92,4.53,15.28,,,,107.0,Moderate
256008,DL005,2019-07-06 01:00:00,44.0,90.5,2.43,27.1,16.38,28.75,1.8,4.4,11.95,,,,107.0,Moderate
256009,DL005,2019-07-06 02:00:00,53.25,83.75,3.8,31.25,19.72,24.38,1.62,4.38,2.8,,,,107.0,Moderate
256010,DL005,2019-07-06 03:00:00,43.75,93.5,5.7,42.5,27.2,40.6,,,14.3,,,,106.0,Moderate
256011,DL005,2019-07-06 04:00:00,39.0,90.25,7.42,43.62,29.27,40.08,2.0,6.88,20.32,,,,105.0,Moderate
256012,DL005,2019-07-06 05:00:00,36.5,91.5,12.53,44.9,34.42,59.88,2.08,6.42,16.3,,,,104.0,Moderate
256013,DL005,2019-07-06 06:00:00,38.5,89.25,26.65,38.27,42.08,61.73,2.3,7.05,14.1,,,,104.0,Moderate
256014,DL005,2019-07-06 07:00:00,46.5,116.5,28.7,41.2,45.3,43.2,2.45,7.12,38.85,,,,106.0,Moderate
256015,DL005,2019-07-06 08:00:00,59.5,140.75,17.5,45.85,38.65,35.67,2.38,7.4,30.68,,,,106.0,Moderate
256016,DL005,2019-07-06 09:00:00,41.5,111.75,8.88,42.28,29.7,31.23,2.2,7.2,16.98,,,,106.0,Moderate
256017,DL005,2019-07-06 10:00:00,47.75,121.0,6.4,37.95,25.42,28.48,1.7,6.93,22.97,,,,106.0,Moderate
256018,DL005,2019-07-06 11:00:00,55.25,144.75,3.85,30.1,19.1,27.38,1.62,6.48,52.62,,,,106.0,Moderate
256019,DL005,2019-07-06 12:00:00,63.75,174.25,2.35,24.9,15.12,117.5,1.6,8.15,104.75,,,,107.0,Moderate
256020,DL005,2019-07-06 13:00:00,64.5,151.25,1.92,20.8,12.62,83.88,1.55,9.0,115.12,,,,122.0,Moderate
256021,DL005,2019-07-06 14:00:00,54.25,141.5,2.2,24.0,14.55,65.72,2.12,8.07,143.7,,,,164.0,Moderate
256022,DL005,2019-07-06 15:00:00,59.0,154.75,2.15,21.55,13.2,42.0,1.75,7.1,108.83,,,,164.0,Moderate
256023,DL005,2019-07-06 16:00:00,44.25,124.5,1.7,18.05,10.97,35.83,1.65,6.58,101.12,,,,164.0,Moderate
256024,DL005,2019-07-06 17:00:00,42.25,112.0,1.6,15.15,9.4,37.25,1.65,7.25,81.3,,,,164.0,Moderate
256025,DL005,2019-07-06 18:00:00,40.0,111.0,2.0,17.5,11.02,49.57,1.52,6.38,71.33,,,,164.0,Moderate
256026,DL005,2019-07-06 19:00:00,54.0,148.25,1.92,16.08,10.1,84.6,1.4,5.65,73.38,,,,164.0,Moderate
256027,DL005,2019-07-06 20:00:00,41.25,133.5,1.98,24.77,14.78,57.65,1.67,4.67,57.35,,,,164.0,Moderate
256028,DL005,2019-07-06 21:00:00,45.75,133.0,2.02,34.0,19.75,51.85,1.73,4.3,33.47,,,,164.0,Moderate
256029,DL005,2019-07-06 22:00:00,64.25,128.75,1.67,30.0,17.32,50.6,2.38,5.45,33.25,,,,114.0,Moderate
256030,DL005,2019-07-06 23:00:00,61.75,112.0,2.02,31.12,18.2,41.7,2.2,5.2,30.7,,,,114.0,Moderate
256031,DL005,2019-07-07 00:00:00,73.25,135.5,2.2,28.75,17.15,36.95,2.2,6.18,29.4,,,,115.0,Moderate
256032,DL005,2019-07-07 01:00:00,80.25,153.0,2.8,27.2,16.77,33.95,2.2,7.08,17.35,,,,117.0,Moderate
256033,DL005,2019-07-07 02:00:00,76.0,134.75,3.23,33.65,20.55,31.05,2.0,12.3,8.05,,,,118.0,Moderate
256034,DL005,2019-07-07 03:00:00,81.75,142.0,3.6,29.1,18.4,38.0,,,14.62,,,,119.0,Moderate
256035,DL005,2019-07-07 04:00:00,57.0,102.0,3.38,27.3,17.27,29.9,1.7,5.88,13.7,,,,120.0,Moderate
256036,DL005,2019-07-07 05:00:00,39.0,74.0,3.3,26.3,16.65,32.38,1.7,5.97,14.12,,,,119.0,Moderate
256037,DL005,2019-07-07 06:00:00,38.75,86.25,4.15,29.98,19.32,48.4,2.12,6.12,16.1,,,,119.0,Moderate
256038,DL005,2019-07-07 07:00:00,45.75,110.5,4.53,30.33,19.8,42.7,2.18,5.5,12.27,,,,119.0,Moderate
256039,DL005,2019-07-07 08:00:00,67.75,125.5,5.05,26.77,18.35,34.6,2.18,5.18,16.3,,,,118.0,Moderate
256040,DL005,2019-07-07 09:00:00,66.0,121.5,4.92,26.82,18.33,32.92,2.12,4.8,20.7,,,,119.0,Moderate
256041,DL005,2019-07-07 10:00:00,68.25,118.5,3.08,21.1,13.73,28.45,1.58,4.05,17.88,,,,119.0,Moderate
256042,DL005,2019-07-07 11:00:00,62.25,112.25,2.22,20.02,12.47,26.35,1.42,5.67,44.62,,,,118.0,Moderate
256043,DL005,2019-07-07 12:00:00,73.75,131.25,2.1,21.0,12.9,23.88,1.4,7.38,71.1,,,,117.0,Moderate
256044,DL005,2019-07-07 13:00:00,58.25,120.0,2.12,18.9,11.57,74.45,1.4,7.0,94.48,,,,116.0,Moderate
256045,DL005,2019-07-07 14:00:00,46.0,103.25,1.93,15.32,9.72,67.03,1.75,5.6,66.18,,,,115.0,Moderate
256046,DL005,2019-07-07 15:00:00,35.25,69.0,2.35,14.1,9.43,38.62,1.75,4.4,60.03,,,,112.0,Moderate
256047,DL005,2019-07-07 16:00:00,38.75,42.25,1.47,13.0,8.12,30.52,1.75,6.42,70.2,,,,110.0,Moderate
256048,DL005,2019-07-07 17:00:00,38.25,59.75,1.7,12.53,8.05,25.85,1.8,7.1,63.7,,,,109.0,Moderate
256049,DL005,2019-07-07 18:00:00,37.75,57.5,1.8,14.82,9.35,22.18,1.5,5.68,37.12,,,,107.0,Moderate
256050,DL005,2019-07-07 19:00:00,35.0,62.25,1.62,16.92,10.32,19.57,1.42,3.85,33.27,,,,105.0,Moderate
256051,DL005,2019-07-07 20:00:00,39.0,69.75,2.0,21.8,13.25,17.82,1.62,3.75,28.1,,,,103.0,Moderate
256052,DL005,2019-07-07 21:00:00,46.25,98.5,2.85,34.5,20.7,15.48,2.15,4.4,15.52,,,,102.0,Moderate
256053,DL005,2019-07-07 22:00:00,58.25,125.0,3.5,43.47,25.98,13.5,2.83,5.93,17.8,,,,110.0,Moderate
256054,DL005,2019-07-07 23:00:00,56.0,125.75,3.0,48.2,28.1,12.85,2.35,6.55,12.67,,,,110.0,Moderate
256055,DL005,2019-07-08 00:00:00,53.75,123.75,2.83,37.85,22.45,18.98,2.02,6.78,14.9,,,,110.0,Moderate
256056,DL005,2019-07-08 01:00:00,46.75,141.25,2.53,25.62,15.68,58.35,1.9,6.92,13.77,,,,110.0,Moderate
256057,DL005,2019-07-08 02:00:00,45.5,149.5,2.35,23.4,14.38,37.28,1.55,6.33,4.0,,,,110.0,Moderate
256058,DL005,2019-07-08 03:00:00,41.25,135.5,3.3,29.9,18.6,38.2,,,2.4,,,,110.0,Moderate
256059,DL005,2019-07-08 04:00:00,36.75,113.75,4.07,35.8,22.38,31.82,1.7,3.62,2.2,,,,110.0,Moderate
256060,DL005,2019-07-08 05:00:00,49.75,135.75,3.75,34.52,21.45,27.93,1.8,5.88,13.05,,,,110.0,Moderate
256061,DL005,2019-07-08 06:00:00,54.25,138.0,4.28,31.45,20.25,54.03,2.17,11.0,12.8,,,,105.0,Moderate
256062,DL005,2019-07-08 07:00:00,59.0,142.5,6.93,30.45,21.83,48.25,2.27,7.7,10.32,,,,106.0,Moderate
256063,DL005,2019-07-08 08:00:00,74.0,174.5,5.07,21.65,15.7,36.17,2.05,6.8,13.53,,,,108.0,Moderate
256064,DL005,2019-07-08 09:00:00,52.5,147.0,3.83,20.45,13.95,30.4,1.95,6.35,16.4,,,,108.0,Moderate
256065,DL005,2019-07-08 10:00:00,49.75,141.5,3.2,17.4,11.85,28.95,1.58,4.65,13.25,,,,109.0,Moderate
256066,DL005,2019-07-08 11:00:00,71.25,156.25,2.77,18.12,11.9,24.4,1.5,4.3,21.02,,,,110.0,Moderate
256067,DL005,2019-07-08 12:00:00,70.75,205.5,2.92,28.8,17.7,21.98,1.8,5.1,73.85,,,,112.0,Moderate
256068,DL005,2019-07-08 13:00:00,79.75,214.75,2.3,28.23,16.85,20.58,1.57,4.88,65.72,,,,115.0,Moderate
256069,DL005,2019-07-08 14:00:00,56.25,131.0,2.2,14.6,9.57,14.48,1.62,5.8,51.48,,,,116.0,Moderate
256070,DL005,2019-07-08 15:00:00,36.0,61.0,2.73,17.93,11.78,45.65,1.65,5.17,53.25,,,,115.0,Moderate
256071,DL005,2019-07-08 16:00:00,45.75,94.25,2.05,22.43,13.6,76.88,1.88,5.05,83.05,,,,117.0,Moderate
256072,DL005,2019-07-08 17:00:00,42.25,107.0,1.97,17.75,11.05,38.8,1.7,5.35,62.65,,,,118.0,Moderate
256073,DL005,2019-07-08 18:00:00,26.5,68.5,2.33,24.27,14.8,32.62,1.6,4.47,60.8,,,,118.0,Moderate
256074,DL005,2019-07-08 19:00:00,37.25,109.0,2.23,36.33,21.15,44.23,1.95,3.3,41.67,,,,120.0,Moderate
256075,DL005,2019-07-08 20:00:00,50.25,157.5,2.05,24.93,14.95,78.53,1.45,3.33,44.45,,,,122.0,Moderate
256076,DL005,2019-07-08 21:00:00,35.25,116.0,2.08,31.32,18.35,80.5,1.6,3.03,37.9,,,,123.0,Moderate
256077,DL005,2019-07-08 22:00:00,43.25,138.5,3.58,55.9,32.65,60.27,2.75,5.05,17.77,,,,123.0,Moderate
256078,DL005,2019-07-08 23:00:00,50.75,192.0,3.85,55.92,32.88,43.17,2.6,7.27,14.33,,,,125.0,Moderate
256079,DL005,2019-07-09 00:00:00,114.75,254.75,3.9,48.12,28.8,42.47,2.3,7.85,15.5,,,,128.0,Moderate
256080,DL005,2019-07-09 01:00:00,215.75,338.5,3.4,38.15,23.07,27.25,2.0,7.6,15.9,,,,134.0,Moderate
256081,DL005,2019-07-09 02:00:00,45.5,132.75,3.17,33.8,20.57,27.25,1.93,7.15,12.3,,,,133.0,Moderate
256082,DL005,2019-07-09 03:00:00,49.5,132.5,3.8,35.7,22.1,38.8,,,12.53,,,,133.0,Moderate
256083,DL005,2019-07-09 04:00:00,46.5,127.5,2.38,27.25,16.43,35.03,1.6,4.95,15.82,,,,134.0,Moderate
256084,DL005,2019-07-09 05:00:00,40.5,106.0,2.35,21.6,13.43,46.1,1.5,5.17,17.45,,,,133.0,Moderate
256085,DL005,2019-07-09 06:00:00,34.5,98.5,2.48,26.93,16.3,58.27,1.75,6.0,15.67,,,,132.0,Moderate
256086,DL005,2019-07-09 07:00:00,31.5,93.25,2.95,25.77,16.12,42.58,1.85,7.2,18.62,,,,130.0,Moderate
256087,DL005,2019-07-09 08:00:00,37.0,90.5,3.35,22.35,14.62,32.95,1.85,7.93,20.67,,,,128.0,Moderate
256088,DL005,2019-07-09 09:00:00,38.75,87.0,3.1,15.62,10.82,28.4,1.77,7.25,26.48,,,,126.0,Moderate
256089,DL005,2019-07-09 10:00:00,36.5,85.0,2.92,14.9,10.33,25.95,1.48,5.45,28.93,,,,125.0,Moderate
256090,DL005,2019-07-09 11:00:00,42.25,103.0,2.9,11.75,8.48,23.43,1.23,4.47,37.4,,,,123.0,Moderate
256091,DL005,2019-07-09 12:00:00,47.5,128.5,2.45,11.78,8.27,61.22,1.23,4.03,40.98,,,,121.0,Moderate
256092,DL005,2019-07-09 13:00:00,52.0,155.0,1.9,12.55,8.25,56.97,1.23,3.8,42.17,,,,120.0,Moderate
256093,DL005,2019-07-09 14:00:00,53.0,171.25,2.55,13.05,9.05,54.73,1.4,3.67,36.6,,,,121.0,Moderate
256094,DL005,2019-07-09 15:00:00,54.0,172.75,2.4,10.93,7.8,39.15,1.73,3.95,38.35,,,,124.0,Moderate
256095,DL005,2019-07-09 16:00:00,49.0,153.25,2.5,11.1,7.95,28.58,1.55,3.55,39.2,,,,126.0,Moderate
256096,DL005,2019-07-09 17:00:00,49.0,184.75,3.33,17.12,11.82,23.98,1.6,3.8,30.15,,,,128.0,Moderate
256097,DL005,2019-07-09 18:00:00,39.0,139.5,2.3,16.18,10.48,21.98,1.43,4.5,27.85,,,,130.0,Moderate
256098,DL005,2019-07-09 19:00:00,35.25,103.0,2.25,18.53,11.72,19.35,1.3,3.82,21.1,,,,129.0,Moderate
256099,DL005,2019-07-09 20:00:00,34.75,102.25,1.85,22.5,13.45,18.12,1.4,2.73,28.5,,,,128.0,Moderate
256100,DL005,2019-07-09 21:00:00,45.5,129.25,3.38,45.58,26.97,15.75,1.85,3.02,17.05,,,,128.0,Moderate
256101,DL005,2019-07-09 22:00:00,64.75,179.0,8.32,63.33,40.42,38.15,2.77,5.28,52.92,,,,129.0,Moderate
256102,DL005,2019-07-09 23:00:00,66.75,212.5,5.05,62.5,37.3,86.2,2.7,6.58,15.07,,,,130.0,Moderate
256103,DL005,2019-07-10 00:00:00,46.25,166.0,3.83,58.58,34.32,42.27,2.42,6.62,11.4,,,,128.0,Moderate
256104,DL005,2019-07-10 01:00:00,41.75,147.5,3.73,55.2,32.38,33.1,2.3,7.65,14.32,,,,122.0,Moderate
256105,DL005,2019-07-10 02:00:00,44.5,114.5,3.4,41.3,24.75,30.4,2.22,7.6,7.6,,,,122.0,Moderate
256106,DL005,2019-07-10 03:00:00,45.5,101.0,2.4,35.1,20.7,33.9,,,12.28,,,,121.0,Moderate
256107,DL005,2019-07-10 04:00:00,42.0,98.25,2.52,28.05,16.97,27.93,1.6,3.75,14.38,,,,120.0,Moderate
256108,DL005,2019-07-10 05:00:00,45.0,101.0,3.88,38.8,23.8,31.35,1.82,3.8,14.9,,,,120.0,Moderate
256109,DL005,2019-07-10 06:00:00,70.0,128.25,3.1,27.85,17.33,33.8,1.9,3.8,20.3,,,,121.0,Moderate
256110,DL005,2019-07-10 07:00:00,66.25,111.5,3.15,20.48,13.48,39.68,2.08,5.33,12.5,,,,121.0,Moderate
256111,DL005,2019-07-10 08:00:00,71.25,113.25,3.85,18.2,12.85,35.38,2.1,5.47,14.55,,,,122.0,Moderate
256112,DL005,2019-07-10 09:00:00,69.25,123.0,6.22,27.23,19.58,30.1,2.23,4.7,23.45,,,,123.0,Moderate
256113,DL005,2019-07-10 10:00:00,74.5,156.0,8.07,37.95,26.75,26.82,2.2,5.3,41.12,,,,125.0,Moderate
256114,DL005,2019-07-10 11:00:00,58.75,179.75,3.97,18.02,12.82,20.7,1.57,4.38,9.05,,,,127.0,Moderate
256115,DL005,2019-07-10 12:00:00,53.25,211.5,2.62,15.0,10.15,19.85,1.5,5.5,29.05,,,,129.0,Moderate
256116,DL005,2019-07-10 13:00:00,59.5,283.0,2.7,12.93,9.15,65.53,1.4,6.12,24.9,,,,133.0,Moderate
256117,DL005,2019-07-10 14:00:00,68.5,380.5,2.3,12.97,8.85,72.4,1.47,5.7,33.03,,,,139.0,Moderate
256118,DL005,2019-07-10 15:00:00,76.75,457.0,2.33,12.98,8.8,48.1,2.0,5.4,36.0,,,,147.0,Moderate
256119,DL005,2019-07-10 16:00:00,87.0,554.0,2.08,12.98,8.62,31.93,1.38,4.03,33.27,,,,158.0,Moderate
256120,DL005,2019-07-10 17:00:00,86.5,570.0,2.15,13.38,8.88,23.98,1.52,3.15,37.38,,,,168.0,Moderate
256121,DL005,2019-07-10 18:00:00,89.5,633.5,2.22,15.4,10.0,21.2,1.35,2.45,25.62,,,,182.0,Moderate
256122,DL005,2019-07-10 19:00:00,93.5,697.75,1.73,18.88,11.45,19.3,1.12,3.05,33.77,,,,199.0,Moderate
256123,DL005,2019-07-10 20:00:00,102.0,755.5,2.55,32.72,19.5,51.7,1.1,2.8,22.38,,,,225.0,Poor
256124,DL005,2019-07-10 21:00:00,104.25,711.5,3.93,46.92,28.17,83.5,1.4,6.62,16.23,,,,249.0,Poor
256125,DL005,2019-07-10 22:00:00,100.75,588.25,3.27,44.83,26.53,61.1,2.17,9.82,16.3,,,,266.0,Poor
256126,DL005,2019-07-10 23:00:00,98.25,521.25,4.15,40.78,25.1,42.15,2.65,7.42,14.78,,,,279.0,Poor
256127,DL005,2019-07-11 00:00:00,102.75,592.0,3.5,33.83,20.83,30.7,2.38,5.83,12.22,,,,297.0,Poor
256128,DL005,2019-07-11 01:00:00,100.25,511.0,4.45,39.25,24.5,24.58,2.42,6.3,15.0,,,,315.0,Very Poor
256129,DL005,2019-07-11 02:00:00,79.25,353.0,2.95,30.1,18.38,22.08,2.0,6.43,27.2,,,,328.0,Very Poor
256130,DL005,2019-07-11 03:00:00,62.75,232.75,3.2,29.2,18.2,28.8,,,7.12,,,,335.0,Very Poor
256131,DL005,2019-07-11 04:00:00,72.0,233.75,2.8,25.17,15.68,28.73,1.58,5.58,11.1,,,,342.0,Very Poor
256132,DL005,2019-07-11 05:00:00,64.75,206.25,2.55,23.25,14.47,50.5,1.48,7.47,12.8,,,,347.0,Very Poor
256133,DL005,2019-07-11 06:00:00,59.5,186.25,3.05,24.25,15.35,61.48,1.48,8.0,13.47,,,,350.0,Very Poor
256134,DL005,2019-07-11 07:00:00,58.0,182.0,6.12,28.7,20.27,50.42,2.12,7.68,14.62,,,,354.0,Very Poor
256135,DL005,2019-07-11 08:00:00,66.25,201.0,8.93,32.33,24.45,35.15,2.08,7.42,14.62,,,,358.0,Very Poor
256136,DL005,2019-07-11 09:00:00,61.75,235.5,6.03,21.45,16.32,26.9,1.85,8.67,15.85,,,,364.0,Very Poor
256137,DL005,2019-07-11 10:00:00,61.0,352.0,3.2,11.25,8.6,22.75,1.6,7.95,18.88,,,,374.0,Very Poor
256138,DL005,2019-07-11 11:00:00,79.25,581.5,2.75,10.05,7.58,20.7,1.38,7.2,22.1,,,,395.0,Very Poor
256139,DL005,2019-07-11 12:00:00,78.75,562.5,3.02,11.52,8.6,31.35,1.2,5.15,26.2,,,,414.0,Severe
256140,DL005,2019-07-11 13:00:00,79.75,530.75,2.67,11.58,8.38,51.75,1.2,4.28,31.27,,,,427.0,Severe
256141,DL005,2019-07-11 14:00:00,94.25,651.25,2.42,11.2,7.95,49.7,1.17,3.45,37.05,,,,441.0,Severe
256142,DL005,2019-07-11 15:00:00,93.25,652.25,2.6,11.7,8.3,90.72,0.9,2.6,34.4,,,,451.0,Severe
256143,DL005,2019-07-11 16:00:00,91.25,622.25,2.05,13.35,8.47,96.9,0.48,3.3,33.27,,,,454.0,Severe
256144,DL005,2019-07-11 17:00:00,94.0,640.5,2.3,18.2,11.6,95.25,1.38,,27.48,,,,458.0,Severe
256145,DL005,2019-07-11 18:00:00,75.5,625.5,3.12,22.2,14.38,57.8,1.77,,34.2,,,,458.0,Severe
256146,DL005,2019-07-11 19:00:00,83.5,554.5,2.12,19.65,12.18,35.1,1.7,1.05,66.55,,,,450.0,Severe
256147,DL005,2019-07-11 20:00:00,80.25,492.75,2.1,22.2,13.6,27.0,2.08,3.08,33.85,,,,436.0,Severe
256148,DL005,2019-07-11 21:00:00,63.5,313.5,,,,18.23,1.5,3.92,4.3,,,,416.0,Severe
256149,DL005,2019-07-11 22:00:00,56.0,231.75,,,,15.75,1.8,1.65,11.4,,,,397.0,Very Poor
256150,DL005,2019-07-11 23:00:00,55.25,210.25,,,,14.75,1.75,1.6,17.38,,,,381.0,Very Poor
256151,DL005,2019-07-12 00:00:00,57.75,194.0,,,,14.65,1.45,1.12,8.25,,,,360.0,Very Poor
256152,DL005,2019-07-12 01:00:00,68.75,191.0,,,,14.9,1.4,0.25,10.62,,,,344.0,Very Poor
256153,DL005,2019-07-12 02:00:00,62.5,177.5,1.97,24.18,14.45,14.3,1.58,0.47,4.4,,,,334.0,Very Poor
256154,DL005,2019-07-12 03:00:00,72.25,190.75,4.5,27.3,18.1,22.7,,,10.22,,,,332.0,Very Poor
256155,DL005,2019-07-12 04:00:00,70.75,190.25,,,,16.7,1.9,0.95,19.05,,,,330.0,Very Poor
256156,DL005,2019-07-12 05:00:00,70.0,189.0,,,,14.9,1.77,0.88,5.6,,,,329.0,Very Poor
256157,DL005,2019-07-12 06:00:00,54.25,183.75,,,,12.97,1.62,1.92,5.83,,,,329.0,Very Poor
256158,DL005,2019-07-12 07:00:00,36.5,193.25,,,,13.1,1.5,1.18,3.85,,,,330.0,Very Poor
256159,DL005,2019-07-12 08:00:00,44.75,223.25,,,,12.05,1.12,1.2,2.4,,,,331.0,Very Poor
256160,DL005,2019-07-12 09:00:00,47.75,262.0,,,,7.32,1.1,1.6,18.4,,,,332.0,Very Poor
256161,DL005,2019-07-12 10:00:00,56.25,368.0,,,,12.4,1.45,3.15,6.53,,,,333.0,Very Poor
256162,DL005,2019-07-12 11:00:00,80.0,605.75,3.65,12.53,9.6,38.32,1.48,3.45,9.82,,,,334.0,Very Poor
256163,DL005,2019-07-12 12:00:00,98.0,764.75,3.12,10.25,8.03,53.05,1.92,2.35,10.1,,,,345.0,Very Poor
256164,DL005,2019-07-12 13:00:00,111.5,854.75,3.0,10.43,8.0,35.23,1.98,2.95,22.08,,,,362.0,Very Poor
256165,DL005,2019-07-12 14:00:00,124.25,931.75,2.83,10.55,7.88,28.35,2.0,2.52,23.15,,,,376.0,Very Poor
256166,DL005,2019-07-12 15:00:00,114.25,881.0,2.48,10.97,7.85,24.57,2.0,2.77,24.5,,,,388.0,Very Poor
256167,DL005,2019-07-12 16:00:00,89.0,677.75,2.5,10.72,7.75,24.2,1.32,2.27,30.25,,,,391.0,Very Poor
256168,DL005,2019-07-12 17:00:00,79.0,571.25,2.42,12.65,8.72,76.65,1.25,1.88,31.62,,,,387.0,Very Poor
256169,DL005,2019-07-12 18:00:00,65.75,477.0,2.23,14.22,9.4,80.22,1.3,2.05,36.48,,,,380.0,Very Poor
256170,DL005,2019-07-12 19:00:00,60.25,422.0,2.5,20.9,13.15,71.57,1.33,3.45,36.67,,,,373.0,Very Poor
256171,DL005,2019-07-12 20:00:00,62.75,414.0,2.23,28.17,16.83,53.12,2.27,2.68,35.8,,,,369.0,Very Poor
256172,DL005,2019-07-12 21:00:00,88.0,581.0,2.2,23.88,14.48,32.22,2.23,3.42,28.43,,,,383.0,Very Poor
256173,DL005,2019-07-12 22:00:00,92.75,557.5,2.02,21.5,13.1,26.07,1.88,1.32,23.27,,,,400.0,Very Poor
256174,DL005,2019-07-12 23:00:00,89.5,523.25,2.25,22.95,14.03,23.32,1.82,1.73,16.98,,107.2,,416.0,Severe
256175,DL005,2019-07-13 00:00:00,89.5,430.25,2.3,23.52,14.43,21.05,1.55,0.3,,,,,428.0,Severe
256176,DL005,2019-07-13 01:00:00,87.25,382.5,2.7,26.65,16.4,18.55,1.52,0.3,,,,,438.0,Severe
256177,DL005,2019-07-13 02:00:00,89.75,333.5,3.2,28.62,17.85,15.92,1.52,0.38,12.8,,,,446.0,Severe
256178,DL005,2019-07-13 03:00:00,69.25,238.75,4.9,41.7,25.9,19.7,,,,,,,449.0,Severe
256179,DL005,2019-07-13 04:00:00,41.25,127.0,2.8,19.3,12.55,18.3,1.8,1.3,11.3,,,,445.0,Severe
256180,DL005,2019-07-13 05:00:00,29.25,94.5,2.65,20.25,12.93,31.05,1.7,2.0,7.17,,,,441.0,Severe
256181,DL005,2019-07-13 06:00:00,58.25,108.25,2.77,20.77,13.33,37.1,1.8,1.15,12.2,,,,437.0,Severe
256182,DL005,2019-07-13 07:00:00,105.25,126.0,2.8,18.32,12.0,54.08,1.67,3.42,15.73,,,,433.0,Severe
256183,DL005,2019-07-13 08:00:00,43.0,155.75,2.08,12.0,8.1,45.4,1.5,4.25,22.93,,,,430.0,Severe
256184,DL005,2019-07-13 09:00:00,36.75,191.0,1.98,10.65,7.28,53.03,1.35,3.22,23.12,,,,426.0,Severe
256185,DL005,2019-07-13 10:00:00,47.5,280.75,2.62,10.88,7.93,63.45,1.4,2.83,24.77,,,,421.0,Severe
256186,DL005,2019-07-13 11:00:00,58.5,406.0,2.77,10.1,7.62,61.35,1.4,2.8,27.05,,,,411.0,Severe
256187,DL005,2019-07-13 12:00:00,69.0,468.5,2.38,10.38,7.5,56.95,1.88,2.17,35.33,,,,396.0,Very Poor
256188,DL005,2019-07-13 13:00:00,70.5,493.75,2.53,9.52,7.1,38.55,1.8,2.15,39.92,,,,377.0,Very Poor
256189,DL005,2019-07-13 14:00:00,75.5,492.0,2.6,9.57,7.23,34.43,1.8,1.4,41.78,,,,354.0,Very Poor
256190,DL005,2019-07-13 15:00:00,76.0,476.0,2.35,8.85,6.67,32.23,1.8,1.8,47.45,,,,333.0,Very Poor
256191,DL005,2019-07-13 16:00:00,70.0,433.0,2.05,8.43,6.15,34.85,1.15,1.33,52.15,,,,320.0,Very Poor
256192,DL005,2019-07-13 17:00:00,61.0,398.75,2.18,11.05,7.65,53.12,1.1,1.02,50.92,,,,311.0,Very Poor
256193,DL005,2019-07-13 18:00:00,58.5,318.0,1.82,13.05,8.45,59.7,1.12,2.72,52.65,,,,303.0,Very Poor
256194,DL005,2019-07-13 19:00:00,51.0,270.5,1.85,12.65,8.23,53.17,1.2,1.8,53.5,,,,296.0,Poor
256195,DL005,2019-07-13 20:00:00,53.5,260.0,1.97,17.35,10.82,43.52,1.88,0.7,57.12,,,,289.0,Poor
256196,DL005,2019-07-13 21:00:00,57.75,257.75,1.77,17.95,11.02,30.2,1.83,0.65,44.8,,,,276.0,Poor
256197,DL005,2019-07-13 22:00:00,46.5,190.0,1.88,16.62,10.38,24.73,1.8,0.82,38.77,,,,261.0,Poor
256198,DL005,2019-07-13 23:00:00,42.5,174.25,2.0,19.4,11.95,21.02,1.85,1.45,27.38,,,,246.0,Poor
256199,DL005,2019-07-14 00:00:00,49.0,207.5,2.08,27.22,16.17,18.8,1.77,1.65,25.25,,,,237.0,Poor
256200,DL005,2019-07-14 01:00:00,66.75,256.0,2.5,32.23,19.17,16.85,1.6,2.38,63.77,,,,232.0,Poor
256201,DL005,2019-07-14 02:00:00,67.5,238.5,2.65,29.77,18.0,16.9,1.5,4.1,54.2,,,,228.0,Poor
256202,DL005,2019-07-14 03:00:00,54.0,243.75,5.3,50.4,31.1,27.6,,,63.33,,,,228.0,Poor
256203,DL005,2019-07-14 04:00:00,75.25,300.75,4.15,48.3,29.07,21.4,2.1,4.18,17.57,,,,235.0,Poor
256204,DL005,2019-07-14 05:00:00,55.0,251.25,2.7,22.25,14.05,23.82,1.95,5.98,15.2,,,,242.0,Poor
256205,DL005,2019-07-14 06:00:00,42.25,173.25,2.15,12.75,8.53,26.88,1.8,6.22,16.2,,,,244.0,Poor
256206,DL005,2019-07-14 07:00:00,35.25,180.75,2.52,15.5,10.32,28.75,1.8,5.42,16.6,,,,247.0,Poor
256207,DL005,2019-07-14 08:00:00,50.0,244.25,2.35,10.85,7.67,30.32,1.57,5.58,19.88,,,,250.0,Poor
256208,DL005,2019-07-14 09:00:00,57.75,300.75,2.35,9.52,6.97,38.08,1.4,5.05,21.18,,,,255.0,Poor
256209,DL005,2019-07-14 10:00:00,65.75,427.0,2.67,10.1,7.55,47.88,1.4,3.77,24.6,,,,261.0,Poor
256210,DL005,2019-07-14 11:00:00,72.0,468.25,2.55,10.3,7.55,47.4,1.48,1.88,34.38,,,,264.0,Poor
256211,DL005,2019-07-14 12:00:00,63.5,379.25,2.7,14.57,9.97,42.25,1.88,2.0,57.17,,106.1,,260.0,Poor
256212,DL005,2019-07-14 13:00:00,62.0,367.75,1.98,12.35,8.15,30.4,2.17,4.05,58.92,,,,255.0,Poor
256213,DL005,2019-07-14 14:00:00,75.5,459.25,2.05,10.82,7.42,24.07,1.85,2.95,61.02,,,,253.0,Poor
256214,DL005,2019-07-14 15:00:00,63.5,447.0,2.28,10.27,7.33,22.25,1.8,2.58,59.38,,,,252.0,Poor
256215,DL005,2019-07-14 16:00:00,65.75,461.25,2.12,9.43,6.75,21.3,1.32,2.73,59.23,,,,253.0,Poor
256216,DL005,2019-07-14 17:00:00,61.0,408.75,1.98,12.75,8.4,21.95,1.23,2.67,64.38,,,,254.0,Poor
256217,DL005,2019-07-14 18:00:00,67.0,341.75,1.92,12.28,8.15,28.75,1.15,3.88,65.8,,,,255.0,Poor
256218,DL005,2019-07-14 19:00:00,62.75,332.0,1.57,15.55,9.55,44.1,1.23,2.95,66.58,,,,257.0,Poor
256219,DL005,2019-07-14 20:00:00,48.0,261.5,1.73,17.05,10.38,50.77,1.57,1.95,65.85,,,,257.0,Poor
256220,DL005,2019-07-14 21:00:00,41.75,199.0,2.25,19.45,12.2,37.03,1.62,2.95,58.9,,,,255.0,Poor
256221,DL005,2019-07-14 22:00:00,39.0,149.75,1.95,17.25,10.78,31.07,1.7,2.92,53.8,,,,253.0,Poor
256222,DL005,2019-07-14 23:00:00,33.0,117.5,1.75,15.9,10.07,27.42,1.62,4.35,51.7,,,,251.0,Poor
256223,DL005,2019-07-15 00:00:00,33.0,108.75,1.7,13.45,8.55,25.62,1.4,5.98,54.73,,,,247.0,Poor
256224,DL005,2019-07-15 01:00:00,32.0,87.75,1.77,10.32,6.9,24.0,1.2,4.95,51.65,,,,240.0,Poor
256225,DL005,2019-07-15 02:00:00,26.25,57.5,1.88,8.82,6.22,36.35,1.15,5.17,75.65,,,,232.0,Poor
256226,DL005,2019-07-15 03:00:00,18.0,39.5,2.4,10.8,7.7,49.7,,,58.47,,,,224.0,Poor
256227,DL005,2019-07-15 04:00:00,17.5,34.75,1.92,10.0,6.9,39.15,1.62,3.42,54.83,,,,212.0,Poor
256228,DL005,2019-07-15 05:00:00,17.0,35.5,1.73,10.4,6.95,31.6,1.77,4.18,47.55,,,,203.0,Poor
256229,DL005,2019-07-15 06:00:00,21.0,44.5,2.0,12.57,8.32,25.88,1.8,5.0,35.9,,,,199.0,Moderate
256230,DL005,2019-07-15 07:00:00,25.0,57.5,1.7,11.25,7.38,22.03,1.8,5.28,37.03,,,,195.0,Moderate
256231,DL005,2019-07-15 08:00:00,30.75,62.75,2.02,12.95,8.55,20.45,1.75,5.05,34.17,,,,190.0,Moderate
256232,DL005,2019-07-15 09:00:00,39.75,87.75,2.65,17.9,11.7,18.98,1.65,5.17,30.75,,,,184.0,Moderate
256233,DL005,2019-07-15 10:00:00,43.25,116.5,5.6,34.88,23.12,18.3,1.85,1.38,26.8,,,,176.0,Moderate
256234,DL005,2019-07-15 11:00:00,47.75,180.0,7.65,36.6,25.73,29.55,1.75,1.45,30.05,,,,168.0,Moderate
256235,DL005,2019-07-15 12:00:00,49.5,264.75,5.25,27.75,19.05,42.2,1.88,1.73,56.6,,,,165.0,Moderate
256236,DL005,2019-07-15 13:00:00,52.5,362.25,2.47,23.23,14.35,34.9,2.15,1.28,66.62,,,,164.0,Moderate
256237,DL005,2019-07-15 14:00:00,59.25,371.25,2.7,19.25,12.45,26.92,1.95,0.65,52.88,,109.8,,162.0,Moderate
256238,DL005,2019-07-15 15:00:00,42.25,197.5,2.25,16.65,10.72,23.43,1.98,0.68,69.42,,,,155.0,Moderate
256239,DL005,2019-07-15 16:00:00,48.75,213.0,1.93,12.6,8.3,20.05,1.38,2.98,48.05,,,,148.0,Moderate
256240,DL005,2019-07-15 17:00:00,34.25,150.0,1.83,18.9,11.57,19.55,1.2,3.85,50.45,,129.9,,141.0,Moderate
256241,DL005,2019-07-15 18:00:00,21.0,51.0,2.78,27.38,16.83,20.38,1.4,2.42,35.0,,,,133.0,Moderate
256242,DL005,2019-07-15 19:00:00,29.25,63.0,4.88,38.38,24.32,30.33,1.65,1.0,22.65,,,,125.0,Moderate
256243,DL005,2019-07-15 20:00:00,44.75,101.75,3.95,46.28,27.8,35.0,1.62,1.7,20.65,,210.55,,121.0,Moderate
256244,DL005,2019-07-15 21:00:00,43.5,101.0,2.5,32.2,19.18,33.15,1.7,2.28,33.05,,130.1,,118.0,Moderate
256245,DL005,2019-07-15 22:00:00,41.0,75.0,2.23,28.15,16.82,30.5,1.9,2.52,27.45,,112.6,,116.0,Moderate
256246,DL005,2019-07-15 23:00:00,38.25,77.0,2.6,29.0,17.57,27.18,1.88,2.25,24.83,,,,115.0,Moderate
256247,DL005,2019-07-16 00:00:00,43.25,81.0,2.85,41.4,24.3,25.23,1.95,2.58,39.05,,,,114.0,Moderate
256248,DL005,2019-07-16 01:00:00,52.5,103.5,3.6,57.67,33.58,23.67,1.8,3.78,75.53,,,,115.0,Moderate
256249,DL005,2019-07-16 02:00:00,39.0,103.5,4.47,56.75,33.83,31.68,1.55,3.17,40.3,,,,116.0,Moderate
256250,DL005,2019-07-16 03:00:00,35.0,88.25,5.9,60.3,36.9,54.6,,,25.7,,,,117.0,Moderate
256251,DL005,2019-07-16 04:00:00,47.5,81.0,2.98,27.75,17.18,42.28,1.83,2.05,35.45,,,,119.0,Moderate
256252,DL005,2019-07-16 05:00:00,36.25,67.5,1.9,11.95,7.92,31.52,1.83,3.57,46.0,,,,119.0,Moderate
256253,DL005,2019-07-16 06:00:00,26.0,48.0,1.8,12.5,8.12,26.38,1.83,3.62,42.33,,,,120.0,Moderate
256254,DL005,2019-07-16 07:00:00,29.25,58.25,1.97,14.52,9.35,22.98,1.9,3.7,34.17,,,,120.0,Moderate
256255,DL005,2019-07-16 08:00:00,27.5,54.0,1.7,12.8,8.18,19.23,1.82,3.5,33.7,,,,119.0,Moderate
256256,DL005,2019-07-16 09:00:00,19.25,30.75,2.12,11.7,7.97,17.17,1.55,4.5,48.88,,,,118.0,Moderate
256257,DL005,2019-07-16 10:00:00,17.5,35.0,2.27,12.07,8.27,17.45,1.5,1.55,58.2,,,,116.0,Moderate
256258,DL005,2019-07-16 11:00:00,22.0,47.75,3.12,17.62,11.88,36.1,1.48,,64.78,,,,112.0,Moderate
256259,DL005,2019-07-16 12:00:00,29.25,69.0,2.4,13.7,9.28,41.9,1.6,,81.45,,,,106.0,Moderate
256260,DL005,2019-07-16 13:00:00,23.75,78.25,2.55,15.97,10.5,35.22,2.0,0.2,95.85,,,,100.0,Satisfactory
256261,DL005,2019-07-16 14:00:00,24.5,100.5,2.58,19.88,12.65,28.4,1.73,0.9,75.62,,148.72,,100.0,Satisfactory
256262,DL005,2019-07-16 15:00:00,28.75,110.25,2.45,20.05,12.68,26.42,1.55,0.65,62.4,,101.8,,100.0,Satisfactory
256263,DL005,2019-07-16 16:00:00,28.75,100.5,2.17,20.38,12.62,29.1,1.57,2.1,61.47,,166.47,,100.0,Satisfactory
256264,DL005,2019-07-16 17:00:00,31.5,84.0,2.7,16.38,10.9,41.58,1.6,2.3,76.18,,,,100.0,Satisfactory
256265,DL005,2019-07-16 18:00:00,30.25,93.0,2.15,15.62,10.07,48.12,1.82,4.32,74.28,,,,100.0,Satisfactory
256266,DL005,2019-07-16 19:00:00,22.5,66.5,2.08,14.92,9.65,32.6,2.1,4.67,63.23,,,,101.0,Moderate
256267,DL005,2019-07-16 20:00:00,25.0,70.5,1.98,17.27,10.8,26.77,2.02,4.92,51.92,,,,101.0,Moderate
256268,DL005,2019-07-16 21:00:00,27.25,75.25,2.02,20.12,12.35,24.6,2.1,5.65,41.4,,,,101.0,Moderate
256269,DL005,2019-07-16 22:00:00,25.75,71.25,1.83,20.38,12.32,22.38,1.65,2.5,33.28,,,,101.0,Moderate
256270,DL005,2019-07-16 23:00:00,28.25,80.5,1.93,22.43,13.53,20.88,1.45,3.48,24.75,,119.0,,101.0,Moderate
256271,DL005,2019-07-17 00:00:00,30.75,68.5,2.02,20.38,12.48,20.1,1.4,1.3,25.0,,,,101.0,Moderate
256272,DL005,2019-07-17 01:00:00,40.0,63.5,2.23,18.77,11.82,30.95,1.33,0.53,27.12,,,,101.0,Moderate
256273,DL005,2019-07-17 02:00:00,52.0,62.0,2.02,19.32,11.92,45.77,1.45,1.5,54.55,,,,101.0,Moderate
256274,DL005,2019-07-17 03:00:00,39.0,50.0,1.6,20.8,12.3,46.3,,,35.02,,,,101.0,Moderate
256275,DL005,2019-07-17 04:00:00,46.0,67.0,1.9,12.95,8.45,35.02,1.5,1.33,52.67,,,,101.0,Moderate
256276,DL005,2019-07-17 05:00:00,27.0,38.0,1.77,10.93,7.27,26.88,1.52,1.5,52.38,,,,82.0,Satisfactory
256277,DL005,2019-07-17 06:00:00,18.0,36.0,2.1,16.57,10.55,23.25,1.48,1.48,33.48,,,,76.0,Satisfactory
256278,DL005,2019-07-17 07:00:00,34.0,47.0,1.62,11.73,7.2,20.05,1.2,2.6,54.08,,,,76.0,Satisfactory
256279,DL005,2019-07-17 08:00:00,14.0,22.0,1.82,16.23,10.12,18.35,1.32,1.38,58.95,,,,76.0,Satisfactory
256280,DL005,2019-07-17 09:00:00,17.0,23.0,2.17,17.73,11.2,20.75,1.35,1.0,52.38,,,,76.0,Satisfactory
256281,DL005,2019-07-17 10:00:00,18.0,19.0,2.35,15.28,10.12,29.57,1.65,1.45,59.65,,,,82.0,Satisfactory
256282,DL005,2019-07-17 11:00:00,16.0,16.0,2.55,18.73,12.05,32.23,1.9,3.83,62.85,,,,95.0,Satisfactory
256283,DL005,2019-07-17 12:00:00,27.0,28.0,3.73,21.62,14.52,27.6,1.88,3.88,56.95,,,,95.0,Satisfactory
256284,DL005,2019-07-17 13:00:00,25.0,39.0,2.25,11.2,7.83,24.33,1.8,4.58,79.05,,,,95.0,Satisfactory
256285,DL005,2019-07-17 14:00:00,31.0,41.0,1.73,7.55,5.4,20.9,1.75,4.72,84.68,,,,95.0,Satisfactory
256286,DL005,2019-07-17 15:00:00,23.0,31.0,1.62,7.83,5.47,19.35,1.5,5.43,97.62,,,,98.0,Satisfactory
256287,DL005,2019-07-17 16:00:00,18.0,36.0,1.8,8.3,5.88,19.45,1.5,,107.3,,,,111.0,Moderate
256288,DL005,2019-07-17 17:00:00,23.0,36.0,1.85,8.32,5.93,31.18,1.48,,97.57,,,,111.0,Moderate
256289,DL005,2019-07-17 18:00:00,23.0,34.0,1.65,11.27,7.35,40.15,1.57,,93.35,,,,111.0,Moderate
256290,DL005,2019-07-17 19:00:00,22.0,61.0,1.8,15.42,9.68,34.95,2.05,,85.47,,,,111.0,Moderate
256291,DL005,2019-07-17 20:00:00,28.0,75.0,1.52,20.07,11.92,27.38,2.05,,68.65,,113.9,,111.0,Moderate
256292,DL005,2019-07-17 21:00:00,34.0,83.0,1.6,19.0,11.43,23.9,2.02,0.1,66.65,,128.2,,111.0,Moderate
256293,DL005,2019-07-17 22:00:00,38.0,80.0,2.7,41.5,24.25,20.27,2.17,2.53,22.4,,110.7,,111.0,Moderate
256294,DL005,2019-07-17 23:00:00,45.0,119.0,3.65,49.72,29.4,20.95,2.17,3.88,15.2,,106.65,,111.0,Moderate
256295,DL005,2019-07-18 00:00:00,59.0,141.0,3.15,41.12,24.42,18.98,1.75,2.05,16.48,,,,102.0,Moderate
256296,DL005,2019-07-18 01:00:00,51.0,108.0,2.92,41.73,24.58,19.73,1.8,0.35,16.23,,,,102.0,Moderate
256297,DL005,2019-07-18 02:00:00,70.0,123.0,2.6,38.92,22.82,22.62,1.73,0.45,44.45,,,,102.0,Moderate
256298,DL005,2019-07-18 03:00:00,74.0,119.0,2.3,11.0,7.7,45.2,,,32.85,,,,102.0,Moderate
256299,DL005,2019-07-18 04:00:00,23.0,35.0,1.55,9.68,6.43,35.67,1.42,0.7,47.65,,,,102.0,Moderate
256300,DL005,2019-07-18 05:00:00,17.0,19.0,1.67,11.35,7.4,28.17,1.4,0.68,54.15,,,,102.0,Moderate
256301,DL005,2019-07-18 06:00:00,14.0,13.0,1.62,11.88,7.65,24.75,1.38,0.75,59.47,,,,102.0,Moderate
256302,DL005,2019-07-18 07:00:00,16.0,17.0,1.8,20.15,12.2,23.27,1.3,0.43,49.47,,,,90.0,Satisfactory
256303,DL005,2019-07-18 08:00:00,23.0,31.0,1.95,21.3,12.95,20.43,1.35,0.35,47.2,,,,90.0,Satisfactory
256304,DL005,2019-07-18 09:00:00,29.0,30.0,3.57,31.12,19.5,20.7,1.62,,34.42,,,,86.0,Satisfactory
256305,DL005,2019-07-18 10:00:00,39.0,34.0,3.3,18.73,12.65,26.65,1.6,2.0,44.65,,,,81.0,Satisfactory
256306,DL005,2019-07-18 11:00:00,25.0,24.0,2.53,15.1,10.12,30.65,1.88,4.88,60.65,,,,94.0,Satisfactory
256307,DL005,2019-07-18 12:00:00,12.0,16.0,2.17,11.7,8.0,28.18,1.8,4.83,81.15,,,,94.0,Satisfactory
256308,DL005,2019-07-18 13:00:00,24.0,34.0,1.92,9.82,6.8,24.38,1.83,5.4,96.35,,,,96.0,Satisfactory
256309,DL005,2019-07-18 14:00:00,12.0,19.0,2.08,10.28,7.18,21.88,1.83,5.85,119.33,,,,128.0,Moderate
256310,DL005,2019-07-18 15:00:00,16.0,29.0,1.77,12.65,8.18,20.75,1.7,5.85,132.88,,,,148.0,Moderate
256311,DL005,2019-07-18 16:00:00,22.0,48.0,2.08,18.62,11.62,21.68,1.75,0.3,169.1,,,,203.0,Poor
256312,DL005,2019-07-18 17:00:00,33.0,64.0,2.62,26.57,16.25,31.9,1.75,,159.1,,,,203.0,Poor
256313,DL005,2019-07-18 18:00:00,36.0,74.0,2.35,23.98,14.68,42.53,1.6,,160.02,,,,203.0,Poor
256314,DL005,2019-07-18 19:00:00,31.0,64.0,1.85,20.38,12.35,40.85,1.98,,142.62,,,,203.0,Poor
256315,DL005,2019-07-18 20:00:00,20.0,57.0,1.82,22.93,13.67,30.07,2.02,,97.58,,,,203.0,Poor
256316,DL005,2019-07-18 21:00:00,29.0,69.0,1.77,43.1,24.33,24.83,2.18,,55.42,,,,203.0,Poor
256317,DL005,2019-07-18 22:00:00,28.0,91.0,1.85,44.42,25.17,24.1,2.33,0.65,34.05,,,,203.0,Poor
256318,DL005,2019-07-18 23:00:00,53.0,133.0,2.43,49.75,28.4,22.82,2.12,1.38,23.68,,,,203.0,Poor
256319,DL005,2019-07-19 00:00:00,58.0,182.0,6.68,53.75,34.08,21.0,2.08,1.52,15.65,,,,188.0,Moderate
256320,DL005,2019-07-19 01:00:00,57.0,140.0,7.67,55.92,35.92,20.12,2.2,0.2,16.1,,,,188.0,Moderate
256321,DL005,2019-07-19 02:00:00,56.0,158.0,11.93,58.73,41.0,30.55,2.2,,58.5,,,,163.0,Moderate
256322,DL005,2019-07-19 03:00:00,63.0,188.0,18.0,57.7,45.4,44.0,,,25.3,,,,104.0,Moderate
256323,DL005,2019-07-19 04:00:00,63.0,183.0,22.93,53.78,47.3,35.38,2.5,1.48,20.3,,,,106.0,Moderate
256324,DL005,2019-07-19 05:00:00,67.0,167.0,40.83,56.17,63.2,27.17,2.73,2.38,18.38,,,,109.0,Moderate
256325,DL005,2019-07-19 06:00:00,70.0,177.0,62.83,51.17,78.45,23.15,2.95,2.45,22.6,,,,112.0,Moderate
256326,DL005,2019-07-19 07:00:00,72.0,175.0,75.85,59.7,93.62,21.0,2.8,3.4,21.62,,,,112.0,Moderate
256327,DL005,2019-07-19 08:00:00,80.0,164.0,60.23,87.65,95.68,21.95,2.65,2.07,25.92,,,,112.0,Moderate
256328,DL005,2019-07-19 09:00:00,85.0,200.0,15.6,95.1,63.33,27.52,2.3,0.62,107.8,,,,112.0,Moderate
256329,DL005,2019-07-19 10:00:00,118.0,228.0,7.1,61.63,38.55,25.85,2.15,6.43,57.28,,,,112.0,Moderate
256330,DL005,2019-07-19 11:00:00,85.0,195.0,3.85,41.8,25.4,41.53,2.4,8.43,82.58,,,,113.0,Moderate
256331,DL005,2019-07-19 12:00:00,66.0,138.0,3.2,34.83,21.12,36.3,2.32,5.22,170.9,,,,207.0,Poor
256332,DL005,2019-07-19 13:00:00,70.0,143.0,2.25,27.1,16.25,29.23,2.27,5.3,,,,,207.0,Poor
256333,DL005,2019-07-19 14:00:00,66.0,138.0,1.67,25.0,14.62,26.23,2.35,5.38,,,,,207.0,Poor
256334,DL005,2019-07-19 15:00:00,80.0,184.0,1.68,23.28,13.75,24.1,2.05,5.65,,,,,207.0,Poor
256335,DL005,2019-07-19 16:00:00,73.0,173.0,1.38,21.12,12.32,22.67,1.7,3.12,,,,,207.0,Poor
256336,DL005,2019-07-19 17:00:00,80.0,193.0,1.75,20.68,12.43,31.78,1.7,1.88,,,,,207.0,Poor
256337,DL005,2019-07-19 18:00:00,81.0,196.0,1.55,22.45,13.18,51.75,1.77,1.55,,,,,207.0,Poor
256338,DL005,2019-07-19 19:00:00,79.0,217.0,1.48,28.68,16.45,49.95,2.33,0.98,,,,,207.0,Poor
256339,DL005,2019-07-19 20:00:00,83.0,256.0,1.77,34.05,19.52,38.5,2.42,1.65,152.43,,,,177.0,Moderate
256340,DL005,2019-07-19 21:00:00,84.0,251.0,1.95,36.47,20.98,31.28,2.48,1.35,76.62,,,,177.0,Moderate
256341,DL005,2019-07-19 22:00:00,81.0,254.0,2.05,32.08,18.73,25.67,2.12,1.5,42.17,,,,177.0,Moderate
256342,DL005,2019-07-19 23:00:00,59.0,227.0,2.4,37.45,21.88,23.3,1.85,1.98,17.75,,,,177.0,Moderate
256343,DL005,2019-07-20 00:00:00,69.0,234.0,2.62,37.8,22.25,21.48,1.6,2.0,12.27,,,,177.0,Moderate
256344,DL005,2019-07-20 01:00:00,63.0,174.0,2.8,37.92,22.4,19.73,1.58,,25.73,,,,177.0,Moderate
256345,DL005,2019-07-20 02:00:00,70.0,188.0,3.15,37.38,22.45,19.42,1.6,,69.85,,,,177.0,Moderate
256346,DL005,2019-07-20 03:00:00,85.0,184.0,6.2,50.5,31.9,31.8,,,38.7,,,,177.0,Moderate
256347,DL005,2019-07-20 04:00:00,90.0,193.0,9.47,45.9,32.12,24.7,2.0,2.22,39.58,,,,162.0,Moderate
256348,DL005,2019-07-20 05:00:00,96.0,195.0,14.97,41.42,34.23,28.23,2.0,2.4,33.05,,,,163.0,Moderate
256349,DL005,2019-07-20 06:00:00,77.0,161.0,9.88,42.17,30.47,26.3,1.83,2.22,18.48,,,,163.0,Moderate
256350,DL005,2019-07-20 07:00:00,57.0,138.0,16.75,42.98,36.58,24.3,1.93,2.4,9.1,,,,162.0,Moderate
256351,DL005,2019-07-20 08:00:00,67.0,206.0,13.12,55.42,40.15,21.85,1.57,2.0,,,,,163.0,Moderate
256352,DL005,2019-07-20 09:00:00,67.0,175.0,6.68,39.17,26.25,18.42,1.45,,6.3,,,,162.0,Moderate
256353,DL005,2019-07-20 10:00:00,57.0,132.0,3.3,23.38,15.1,13.25,1.8,1.93,30.7,,,,160.0,Moderate
256354,DL005,2019-07-20 11:00:00,48.0,123.0,2.9,24.1,15.2,20.5,2.1,2.57,61.15,,,,158.0,Moderate
256355,DL005,2019-07-20 12:00:00,50.0,129.0,2.83,21.05,13.53,17.85,2.15,3.48,60.3,,,,157.0,Moderate
256356,DL005,2019-07-20 13:00:00,38.0,112.0,2.1,18.85,11.75,33.85,1.95,3.0,54.55,,,,156.0,Moderate
256357,DL005,2019-07-20 14:00:00,19.0,173.0,2.27,18.12,11.47,68.68,1.7,1.65,72.15,,,,157.0,Moderate
256358,DL005,2019-07-20 15:00:00,18.0,75.0,2.77,21.62,13.77,72.67,1.82,1.27,53.15,,,,154.0,Moderate
256359,DL005,2019-07-20 16:00:00,36.0,102.0,2.85,21.18,13.57,67.57,1.7,1.68,49.45,,,,152.0,Moderate
256360,DL005,2019-07-20 17:00:00,30.0,90.0,2.2,18.05,11.4,71.05,1.82,2.38,48.32,,,,150.0,Moderate
256361,DL005,2019-07-20 18:00:00,29.0,81.0,2.05,28.45,16.8,52.27,1.95,2.78,53.55,,,,146.0,Moderate
256362,DL005,2019-07-20 19:00:00,42.0,75.0,1.98,23.23,13.95,54.33,1.75,3.05,40.45,,,,142.0,Moderate
256363,DL005,2019-07-20 20:00:00,28.0,55.0,2.0,22.43,13.53,64.17,1.88,3.5,32.92,,,,137.0,Moderate
256364,DL005,2019-07-20 21:00:00,36.0,114.0,2.58,30.77,18.48,61.55,2.12,3.42,12.73,,,,133.0,Moderate
256365,DL005,2019-07-20 22:00:00,42.0,144.0,2.8,40.23,23.67,52.85,2.05,2.15,7.38,,,,130.0,Moderate
256366,DL005,2019-07-20 23:00:00,57.0,157.0,2.8,44.38,25.9,39.8,2.0,1.8,6.03,,,,128.0,Moderate
256367,DL005,2019-07-21 00:00:00,57.0,146.0,2.88,42.25,24.83,33.47,1.9,1.65,4.6,,,,126.0,Moderate
256368,DL005,2019-07-21 01:00:00,48.0,112.0,3.0,35.92,21.55,30.45,1.7,1.73,5.95,,,,124.0,Moderate
256369,DL005,2019-07-21 02:00:00,72.0,114.0,3.35,42.15,25.15,24.32,1.5,1.2,12.1,,,,122.0,Moderate
256370,DL005,2019-07-21 03:00:00,61.0,107.0,3.8,31.4,19.8,34.3,,,1.2,,,,120.0,Moderate
256371,DL005,2019-07-21 04:00:00,62.0,99.0,3.38,30.58,19.0,32.5,1.9,3.67,2.08,,,,117.0,Moderate
256372,DL005,2019-07-21 05:00:00,69.0,114.0,7.8,36.2,25.6,30.5,1.98,4.22,32.23,,,,115.0,Moderate
256373,DL005,2019-07-21 06:00:00,81.0,136.0,12.3,42.85,32.25,34.83,2.35,5.6,103.83,,,,114.0,Moderate
256374,DL005,2019-07-21 07:00:00,79.0,135.0,14.57,43.0,34.8,40.88,2.35,6.2,59.35,,,,114.0,Moderate
256375,DL005,2019-07-21 08:00:00,66.0,140.0,13.68,47.12,36.23,36.5,2.2,6.0,9.57,,,,112.0,Moderate
256376,DL005,2019-07-21 09:00:00,50.0,113.0,6.95,29.83,21.55,32.4,2.08,5.9,5.97,,,,110.0,Moderate
256377,DL005,2019-07-21 10:00:00,52.0,103.0,4.0,24.52,16.28,25.68,1.73,3.1,15.33,,,,110.0,Moderate
256378,DL005,2019-07-21 11:00:00,51.0,127.0,2.8,22.97,14.52,23.92,1.6,,32.73,,,,110.0,Moderate
256379,DL005,2019-07-21 12:00:00,58.0,143.0,2.4,20.55,12.9,22.25,1.65,,61.23,,,,110.0,Moderate
256380,DL005,2019-07-21 13:00:00,56.0,145.0,2.15,17.4,10.95,79.38,1.7,,85.53,,,,111.0,Moderate
256381,DL005,2019-07-21 14:00:00,44.0,129.0,2.3,16.55,10.68,84.65,2.15,0.1,114.92,,,,122.0,Moderate
256382,DL005,2019-07-21 15:00:00,56.0,140.0,1.75,13.9,8.82,45.23,1.85,,68.55,,110.4,,122.0,Moderate
256383,DL005,2019-07-21 16:00:00,81.0,78.0,1.88,11.55,7.68,37.48,1.57,1.05,41.47,,143.95,,122.0,Moderate
256384,DL005,2019-07-21 17:00:00,25.0,33.0,2.15,19.82,12.3,33.45,1.68,1.67,31.0,,,,122.0,Moderate
256385,DL005,2019-07-21 18:00:00,40.0,44.0,2.55,30.25,18.15,29.05,1.73,1.18,28.5,,,,122.0,Moderate
256386,DL005,2019-07-21 19:00:00,39.0,57.0,2.88,39.9,23.55,95.53,1.85,,19.65,,119.5,,122.0,Moderate
256387,DL005,2019-07-21 20:00:00,40.0,61.0,2.72,50.28,28.98,78.8,2.12,,12.82,,125.85,,122.0,Moderate
256388,DL005,2019-07-21 21:00:00,40.5,91.75,4.38,73.3,42.6,70.27,2.5,,3.85,,131.2,,122.0,Moderate
256389,DL005,2019-07-21 22:00:00,44.75,99.75,26.3,80.8,64.12,58.38,3.85,1.87,11.4,,,,123.0,Moderate
256390,DL005,2019-07-21 23:00:00,61.75,127.25,57.25,79.58,88.88,43.98,3.98,3.33,27.48,,,,125.0,Moderate
256391,DL005,2019-07-22 00:00:00,60.5,152.5,55.2,69.75,82.12,37.82,3.8,3.9,35.4,,111.8,,125.0,Moderate
256392,DL005,2019-07-22 01:00:00,59.5,132.25,37.73,63.0,64.33,31.95,3.6,3.73,78.38,,102.6,,125.0,Moderate
256393,DL005,2019-07-22 02:00:00,67.0,126.5,52.85,58.85,74.33,24.82,3.47,3.65,,,,,125.0,Moderate
256394,DL005,2019-07-22 03:00:00,87.25,146.75,47.3,45.5,62.8,39.0,,,141.85,,,,162.0,Moderate
256395,DL005,2019-07-22 04:00:00,93.0,154.75,20.82,42.5,39.67,37.65,2.47,2.15,41.77,,,,162.0,Moderate
256396,DL005,2019-07-22 05:00:00,82.25,133.75,8.6,35.08,25.65,32.1,1.92,2.45,,,,,162.0,Moderate
256397,DL005,2019-07-22 06:00:00,59.75,99.75,9.18,30.68,23.8,44.15,2.32,3.27,1.22,,,,162.0,Moderate
256398,DL005,2019-07-22 07:00:00,61.25,98.25,9.55,25.25,21.23,44.47,2.3,3.35,0.53,,,,162.0,Moderate
256399,DL005,2019-07-22 08:00:00,62.5,99.0,8.22,21.98,18.4,39.4,2.23,3.38,5.92,,,,162.0,Moderate
256400,DL005,2019-07-22 09:00:00,74.75,112.25,5.7,21.95,16.32,35.5,2.2,3.42,23.98,,,,162.0,Moderate
256401,DL005,2019-07-22 10:00:00,88.0,136.0,5.38,32.0,21.43,32.15,2.05,1.95,27.52,,,,162.0,Moderate
256402,DL005,2019-07-22 11:00:00,106.5,164.0,4.52,39.33,24.62,28.02,1.92,,39.42,,,,108.0,Moderate
256403,DL005,2019-07-22 12:00:00,83.5,138.25,2.9,30.62,18.65,22.98,1.67,,30.8,,,,110.0,Moderate
256404,DL005,2019-07-22 13:00:00,65.5,107.5,2.4,26.83,16.25,20.27,1.65,,55.65,,,,112.0,Moderate
256405,DL005,2019-07-22 14:00:00,68.5,115.75,1.82,21.1,12.7,24.05,2.15,,85.33,,,,115.0,Moderate
256406,DL005,2019-07-22 15:00:00,68.25,133.5,2.03,21.43,13.05,49.9,1.97,0.33,93.32,,117.9,,117.0,Moderate
256407,DL005,2019-07-22 16:00:00,69.25,138.5,2.33,15.7,10.28,44.8,1.7,1.55,41.77,,106.9,,115.0,Moderate
256408,DL005,2019-07-22 17:00:00,34.0,91.0,2.6,16.12,10.7,41.55,1.77,1.58,35.28,,112.8,,116.0,Moderate
256409,DL005,2019-07-22 18:00:00,37.25,83.0,2.83,26.3,16.27,33.65,1.73,1.77,22.93,,,,116.0,Moderate
256410,DL005,2019-07-22 19:00:00,49.0,103.0,2.17,25.43,15.3,25.73,1.65,,24.38,,,,117.0,Moderate
256411,DL005,2019-07-22 20:00:00,55.25,130.0,1.82,27.25,16.0,27.17,1.7,0.35,14.78,,116.75,,119.0,Moderate
256412,DL005,2019-07-22 21:00:00,56.5,137.25,2.17,31.78,18.68,38.2,1.7,0.57,7.0,,,,122.0,Moderate
256413,DL005,2019-07-22 22:00:00,57.5,136.75,2.98,39.83,23.58,60.95,2.75,3.92,2.75,,,,123.0,Moderate
256414,DL005,2019-07-22 23:00:00,58.0,152.25,5.65,54.85,33.75,61.1,2.9,4.42,1.0,,,,123.0,Moderate
256415,DL005,2019-07-23 00:00:00,68.25,159.0,17.15,55.08,43.3,56.62,3.12,5.1,3.1,,,,124.0,Moderate
256416,DL005,2019-07-23 01:00:00,81.5,165.0,11.25,44.72,32.92,46.67,2.82,4.73,3.45,,,,127.0,Moderate
256417,DL005,2019-07-23 02:00:00,88.75,164.75,7.15,39.3,26.7,37.7,2.45,4.45,71.5,,,,130.0,Moderate
256418,DL005,2019-07-23 03:00:00,101.75,179.75,4.2,33.6,21.3,78.9,,,8.35,,,,132.0,Moderate
256419,DL005,2019-07-23 04:00:00,85.0,138.75,4.15,35.0,21.98,51.62,2.0,2.1,0.9,,,,131.0,Moderate
256420,DL005,2019-07-23 05:00:00,71.75,113.5,4.83,43.23,26.9,38.78,1.92,2.17,,,,,129.0,Moderate
256421,DL005,2019-07-23 06:00:00,66.25,103.0,3.7,30.77,19.42,41.18,2.25,3.7,8.8,,,,130.0,Moderate
256422,DL005,2019-07-23 07:00:00,63.75,107.5,4.6,23.2,16.05,56.83,2.23,4.5,,,,,131.0,Moderate
256423,DL005,2019-07-23 08:00:00,78.0,127.5,7.17,23.88,18.58,58.1,2.27,5.03,29.48,,,,133.0,Moderate
256424,DL005,2019-07-23 09:00:00,94.75,146.25,5.3,23.15,16.62,49.98,2.3,4.85,74.03,,,,136.0,Moderate
256425,DL005,2019-07-23 10:00:00,84.0,132.0,3.22,15.8,11.05,37.07,1.68,2.05,10.25,,,,135.0,Moderate
256426,DL005,2019-07-23 11:00:00,64.25,97.5,2.42,15.38,10.12,29.35,1.55,,10.28,,,,129.0,Moderate
256427,DL005,2019-07-23 12:00:00,68.25,106.75,2.35,23.9,14.6,24.55,1.6,,46.83,,,,127.0,Moderate
256428,DL005,2019-07-23 13:00:00,67.25,121.0,1.6,19.42,11.62,20.88,1.52,,64.0,,,,127.0,Moderate
256429,DL005,2019-07-23 14:00:00,57.75,109.0,2.0,17.45,10.9,38.42,1.8,1.65,47.1,,,,126.0,Moderate
256430,DL005,2019-07-23 15:00:00,44.25,70.0,2.1,13.23,8.75,65.97,1.8,1.6,61.83,,,,123.0,Moderate
256431,DL005,2019-07-23 16:00:00,44.25,63.0,1.75,11.02,7.28,54.83,1.7,2.15,61.83,,,,119.0,Moderate
256432,DL005,2019-07-23 17:00:00,49.25,68.5,2.45,10.35,7.53,43.88,1.7,1.92,52.72,,,,121.0,Moderate
256433,DL005,2019-07-23 18:00:00,45.5,80.0,2.62,14.3,9.75,36.5,1.5,2.5,26.0,,,,122.0,Moderate
256434,DL005,2019-07-23 19:00:00,49.5,117.25,1.93,18.73,11.52,28.45,1.4,1.5,13.35,,,,122.0,Moderate
256435,DL005,2019-07-23 20:00:00,52.5,120.0,2.08,20.6,12.65,23.55,1.42,0.2,31.52,,146.55,,122.0,Moderate
256436,DL005,2019-07-23 21:00:00,70.5,160.0,2.02,30.1,17.7,32.67,1.73,1.1,19.38,,157.6,,124.0,Moderate
256437,DL005,2019-07-23 22:00:00,80.0,208.0,2.23,28.25,16.82,51.23,2.4,3.6,10.15,,106.1,,127.0,Moderate
256438,DL005,2019-07-23 23:00:00,73.0,207.5,2.6,27.5,16.75,70.12,2.45,4.82,9.55,,,,129.0,Moderate
256439,DL005,2019-07-24 00:00:00,88.5,216.0,3.55,50.3,29.7,54.95,2.9,4.88,6.45,,,,132.0,Moderate
256440,DL005,2019-07-24 01:00:00,90.0,246.5,28.95,87.6,70.2,39.27,3.95,5.4,7.62,,,,133.0,Moderate
256441,DL005,2019-07-24 02:00:00,91.0,239.25,42.17,93.88,84.32,38.03,4.17,6.12,34.7,,,,133.0,Moderate
256442,DL005,2019-07-24 03:00:00,98.0,230.25,57.6,79.1,89.0,31.7,,,,,,,133.0,Moderate
256443,DL005,2019-07-24 04:00:00,111.0,280.0,48.88,76.07,80.35,28.77,3.9,3.0,7.1,,,,137.0,Moderate
256444,DL005,2019-07-24 05:00:00,119.5,281.5,40.95,98.75,86.85,25.08,3.85,3.4,41.7,,100.9,,143.0,Moderate
256445,DL005,2019-07-24 06:00:00,123.5,277.75,16.07,87.6,59.58,24.97,2.65,3.67,48.83,,106.78,,151.0,Moderate
256446,DL005,2019-07-24 07:00:00,76.0,172.0,3.35,35.05,21.38,55.9,1.9,4.4,4.75,,,,153.0,Moderate
256447,DL005,2019-07-24 08:00:00,45.0,89.0,3.17,34.33,20.85,50.3,1.98,4.62,4.83,,,,148.0,Moderate
256448,DL005,2019-07-24 09:00:00,41.5,85.0,4.32,29.52,19.23,39.85,2.0,4.53,4.57,,,,141.0,Moderate
256449,DL005,2019-07-24 10:00:00,46.75,101.25,3.58,22.38,14.8,33.58,1.75,1.9,10.1,,,,137.0,Moderate
256450,DL005,2019-07-24 11:00:00,73.0,145.0,2.88,27.52,16.98,27.43,1.73,,27.07,,,,139.0,Moderate
256451,DL005,2019-07-24 12:00:00,86.75,170.0,2.38,20.7,12.97,21.38,1.52,,47.8,,,,140.0,Moderate
256452,DL005,2019-07-24 13:00:00,72.5,125.75,2.0,19.18,11.8,18.15,1.5,,50.5,,,,141.0,Moderate
256453,DL005,2019-07-24 14:00:00,62.75,110.75,2.15,14.05,9.25,35.35,1.52,0.82,40.2,,,,141.0,Moderate
256454,DL005,2019-07-24 15:00:00,48.25,91.25,1.88,11.9,7.85,85.4,1.75,0.4,52.7,,,,141.0,Moderate
256455,DL005,2019-07-24 16:00:00,52.0,107.0,2.08,10.55,7.3,61.3,0.57,5.7,75.8,,,,143.0,Moderate
256456,DL005,2019-07-24 17:00:00,40.0,,1.77,9.85,6.7,48.88,0.45,5.75,60.85,,,,145.0,Moderate
256457,DL005,2019-07-24 18:00:00,37.0,114.0,1.77,12.95,8.3,41.65,0.4,5.6,39.35,,,,146.0,Moderate
256458,DL005,2019-07-24 19:00:00,26.75,107.75,1.33,14.15,8.65,32.62,0.12,4.72,44.65,,,,146.0,Moderate
256459,DL005,2019-07-24 20:00:00,24.0,85.5,1.57,15.18,9.3,51.73,0.12,3.93,51.98,,,,145.0,Moderate
256460,DL005,2019-07-24 21:00:00,25.25,75.0,1.65,15.05,9.32,102.35,0.18,6.73,54.05,,,,142.0,Moderate
256461,DL005,2019-07-24 22:00:00,19.25,,1.52,13.57,8.28,125.9,0.73,4.95,47.33,,,,141.0,Moderate
256462,DL005,2019-07-24 23:00:00,18.25,,1.75,12.22,7.93,96.58,0.8,3.27,45.85,,,,140.0,Moderate
256463,DL005,2019-07-25 00:00:00,21.25,,1.75,13.4,8.57,65.53,0.8,2.8,38.57,,,,138.0,Moderate
256464,DL005,2019-07-25 01:00:00,22.0,,1.75,13.0,8.3,50.25,0.78,2.42,40.0,,,,135.0,Moderate
256465,DL005,2019-07-25 02:00:00,28.0,,1.7,11.3,7.43,46.73,0.6,2.58,30.4,,,,131.0,Moderate
256466,DL005,2019-07-25 03:00:00,20.0,,3.4,26.6,16.9,92.6,,,18.02,,,,128.0,Moderate
256467,DL005,2019-07-25 04:00:00,20.5,,2.2,19.73,12.28,67.4,0.47,5.35,18.73,,,,122.0,Moderate
256468,DL005,2019-07-25 05:00:00,13.0,,1.75,13.05,8.38,84.7,0.4,5.33,43.85,,,,72.0,Satisfactory
256469,DL005,2019-07-25 06:00:00,13.0,,1.93,14.82,9.45,78.03,0.57,5.92,40.05,,,,65.0,Satisfactory
256470,DL005,2019-07-25 07:00:00,15.25,,3.53,23.6,15.38,53.12,0.88,4.93,15.97,,,,61.0,Satisfactory
256471,DL005,2019-07-25 08:00:00,23.25,,5.12,29.12,19.67,37.33,0.97,4.4,13.43,,,,59.0,Satisfactory
256472,DL005,2019-07-25 09:00:00,27.5,,4.53,30.0,19.65,30.32,1.0,3.4,16.82,,,,58.0,Satisfactory
256473,DL005,2019-07-25 10:00:00,28.0,,3.5,21.62,14.35,26.25,0.45,4.5,24.88,,,,57.0,Satisfactory
256474,DL005,2019-07-25 11:00:00,22.0,,2.45,14.38,9.65,24.12,0.12,5.3,38.6,,,,53.0,Satisfactory
256475,DL005,2019-07-25 12:00:00,17.5,57.0,2.17,13.98,9.22,23.95,0.2,6.72,42.6,,,,50.0,Good
256476,DL005,2019-07-25 13:00:00,30.0,56.5,2.28,14.88,9.75,62.22,0.15,6.93,43.67,,,,50.0,Good
256477,DL005,2019-07-25 14:00:00,22.5,48.0,2.23,9.12,6.7,64.15,0.25,7.25,47.23,,,,50.0,Good
256478,DL005,2019-07-25 15:00:00,12.25,26.5,2.4,8.88,6.7,46.78,0.53,6.18,50.5,,,,50.0,Good
256479,DL005,2019-07-25 16:00:00,20.5,27.75,2.35,8.53,6.45,33.45,0.5,4.05,49.1,,,,50.0,Good
256480,DL005,2019-07-25 17:00:00,15.5,35.25,2.2,9.07,6.6,26.57,0.5,3.45,52.1,,,,52.0,Satisfactory
256481,DL005,2019-07-25 18:00:00,16.5,37.5,1.73,11.9,7.73,23.88,0.42,3.62,37.77,,,,52.0,Satisfactory
256482,DL005,2019-07-25 19:00:00,25.0,62.25,1.93,19.32,11.88,20.27,0.28,4.25,26.47,,,,52.0,Satisfactory
256483,DL005,2019-07-25 20:00:00,28.5,89.0,2.0,20.43,12.52,17.6,0.25,5.4,34.48,,,,52.0,Satisfactory
256484,DL005,2019-07-25 21:00:00,29.25,69.25,2.03,16.0,10.32,18.03,0.3,4.75,40.8,,,,52.0,Satisfactory
256485,DL005,2019-07-25 22:00:00,25.0,72.0,1.88,16.5,10.35,76.53,0.73,6.55,38.85,,,,52.0,Satisfactory
256486,DL005,2019-07-25 23:00:00,23.25,74.75,2.75,24.33,15.18,58.28,1.2,6.22,28.02,,,,60.0,Satisfactory
256487,DL005,2019-07-26 00:00:00,39.5,93.25,2.82,27.03,16.68,38.65,1.12,6.4,25.57,,,,60.0,Satisfactory
256488,DL005,2019-07-26 01:00:00,51.5,96.25,2.85,30.88,18.75,30.57,1.07,7.1,45.3,,,,60.0,Satisfactory
256489,DL005,2019-07-26 02:00:00,51.0,87.25,2.52,27.67,16.78,26.83,0.97,6.35,,,,,60.0,Satisfactory
256490,DL005,2019-07-26 03:00:00,39.5,78.25,11.8,41.3,31.3,37.2,,,50.03,,,,63.0,Satisfactory
256491,DL005,2019-07-26 04:00:00,51.75,106.75,19.55,48.03,41.5,32.95,1.08,7.8,24.25,,,,66.0,Satisfactory
256492,DL005,2019-07-26 05:00:00,58.5,97.75,11.83,42.33,32.2,28.38,0.93,5.2,42.12,,,,68.0,Satisfactory
256493,DL005,2019-07-26 06:00:00,61.75,114.0,3.52,30.98,19.35,35.4,0.77,4.1,107.85,,,,112.0,Moderate
256494,DL005,2019-07-26 07:00:00,59.5,102.75,3.2,25.62,16.25,47.5,1.12,4.85,25.62,,,,112.0,Moderate
256495,DL005,2019-07-26 08:00:00,65.25,105.0,3.53,21.6,14.35,37.0,1.02,5.23,21.4,,,,112.0,Moderate
256496,DL005,2019-07-26 09:00:00,68.25,105.5,3.83,22.32,15.0,29.55,1.05,5.8,26.92,,,,112.0,Moderate
256497,DL005,2019-07-26 10:00:00,59.0,103.0,4.9,25.53,17.6,26.1,0.75,4.95,18.75,,,,112.0,Moderate
256498,DL005,2019-07-26 11:00:00,38.0,94.0,4.35,22.4,15.48,21.65,0.43,4.9,19.5,,,,112.0,Moderate
256499,DL005,2019-07-26 12:00:00,41.0,109.5,3.08,19.5,12.9,20.35,0.5,5.7,73.67,,108.1,,112.0,Moderate
256500,DL005,2019-07-26 13:00:00,50.0,125.75,2.9,18.68,12.3,21.35,0.35,4.53,69.42,,,,112.0,Moderate
256501,DL005,2019-07-26 14:00:00,50.25,114.0,2.12,17.55,11.07,71.45,0.32,4.3,87.15,,,,87.0,Satisfactory
256502,DL005,2019-07-26 15:00:00,42.75,107.25,2.32,11.5,8.03,58.35,0.62,5.53,51.75,,,,88.0,Satisfactory
256503,DL005,2019-07-26 16:00:00,15.75,81.0,2.38,7.98,6.2,34.42,0.4,4.17,45.38,,,,90.0,Satisfactory
256504,DL005,2019-07-26 17:00:00,10.0,9.5,2.17,9.57,6.88,27.05,0.4,4.47,42.23,,,,89.0,Satisfactory
256505,DL005,2019-07-26 18:00:00,15.5,18.25,2.85,15.47,10.65,22.9,0.45,4.65,41.67,,,,88.0,Satisfactory
256506,DL005,2019-07-26 19:00:00,21.25,42.0,2.33,14.55,9.65,20.1,0.18,5.0,37.77,,,,87.0,Satisfactory
256507,DL005,2019-07-26 20:00:00,16.0,42.0,1.9,13.8,8.9,18.5,0.23,3.52,34.8,,,,87.0,Satisfactory
256508,DL005,2019-07-26 21:00:00,16.25,28.0,1.95,15.98,10.1,42.62,0.2,2.45,33.05,,,,87.0,Satisfactory
256509,DL005,2019-07-26 22:00:00,18.25,37.0,1.82,14.03,8.97,65.17,0.62,4.78,31.65,,,,82.0,Satisfactory
256510,DL005,2019-07-26 23:00:00,20.75,23.25,2.12,12.85,8.52,51.77,1.05,6.9,26.43,,,,80.0,Satisfactory
256511,DL005,2019-07-27 00:00:00,18.5,12.75,1.62,11.4,7.38,37.05,0.83,7.38,21.82,,,,77.0,Satisfactory
256512,DL005,2019-07-27 01:00:00,22.25,20.25,1.58,10.62,6.92,29.82,0.8,8.4,17.42,,,,74.0,Satisfactory
256513,DL005,2019-07-27 02:00:00,20.0,12.5,2.2,9.53,6.88,26.35,0.88,7.47,27.0,,,,70.0,Satisfactory
256514,DL005,2019-07-27 03:00:00,22.0,25.0,2.9,10.5,7.9,33.4,,,16.07,,,,68.0,Satisfactory
256515,DL005,2019-07-27 04:00:00,27.75,29.5,2.05,9.5,6.72,29.0,0.5,3.88,18.75,,,,65.0,Satisfactory
256516,DL005,2019-07-27 05:00:00,29.75,27.5,2.05,8.78,6.33,26.35,0.47,2.33,18.4,,,,62.0,Satisfactory
256517,DL005,2019-07-27 06:00:00,34.75,33.25,2.03,8.9,6.4,34.62,0.4,2.53,21.25,,,,59.0,Satisfactory
256518,DL005,2019-07-27 07:00:00,25.0,27.75,2.32,9.68,7.05,46.83,0.9,3.55,23.68,,,,56.0,Satisfactory
256519,DL005,2019-07-27 08:00:00,29.75,32.25,2.9,13.57,9.57,35.72,0.9,4.05,30.7,,,,53.0,Satisfactory
256520,DL005,2019-07-27 09:00:00,43.25,48.5,4.12,18.15,13.03,28.25,1.0,4.82,38.75,,,,50.0,Good
256521,DL005,2019-07-27 10:00:00,41.0,49.5,3.75,16.43,11.8,24.27,0.7,4.6,39.12,,,,50.0,Good
256522,DL005,2019-07-27 11:00:00,40.5,52.0,3.08,15.35,10.72,21.8,0.38,4.92,69.92,,,,70.0,Satisfactory
256523,DL005,2019-07-27 12:00:00,39.25,66.25,2.45,13.35,9.15,19.12,0.25,4.05,88.38,,105.5,,88.0,Satisfactory
256524,DL005,2019-07-27 13:00:00,34.75,73.25,2.42,13.18,8.95,18.3,0.23,2.58,74.5,,,,88.0,Satisfactory
256525,DL005,2019-07-27 14:00:00,20.0,68.75,2.97,11.38,8.45,18.98,0.25,3.72,38.28,,,,88.0,Satisfactory
256526,DL005,2019-07-27 15:00:00,21.75,49.25,3.0,13.35,9.55,63.05,0.43,3.92,50.7,,,,88.0,Satisfactory
256527,DL005,2019-07-27 16:00:00,20.5,41.0,3.22,13.8,9.98,41.17,0.55,5.4,48.62,,,,88.0,Satisfactory
256528,DL005,2019-07-27 17:00:00,25.5,42.0,2.38,12.93,8.82,41.35,0.53,5.97,34.38,,,,88.0,Satisfactory
256529,DL005,2019-07-27 18:00:00,20.25,21.25,4.08,28.18,18.33,40.6,0.85,6.12,39.65,,103.5,,88.0,Satisfactory
256530,DL005,2019-07-27 19:00:00,26.5,31.5,4.65,36.12,23.02,41.42,1.2,6.33,60.35,,,,88.0,Satisfactory
256531,DL005,2019-07-27 20:00:00,29.25,36.75,3.95,32.95,20.75,37.62,1.42,7.35,57.63,,,,74.0,Satisfactory
256532,DL005,2019-07-27 21:00:00,40.25,47.5,3.15,25.03,15.85,29.18,1.2,7.33,17.95,,,,71.0,Satisfactory
256533,DL005,2019-07-27 22:00:00,35.25,45.0,2.65,17.62,11.53,25.83,0.8,5.6,17.3,,,,71.0,Satisfactory
256534,DL005,2019-07-27 23:00:00,36.5,42.75,2.0,14.53,9.35,22.9,0.62,5.08,24.85,,,,71.0,Satisfactory
256535,DL005,2019-07-28 00:00:00,37.5,46.25,2.2,18.57,11.7,18.88,0.47,3.7,41.4,,,,71.0,Satisfactory
256536,DL005,2019-07-28 01:00:00,40.0,50.75,2.8,23.05,14.55,14.83,0.4,2.35,78.7,,,,79.0,Satisfactory
256537,DL005,2019-07-28 02:00:00,51.75,55.25,2.45,26.07,15.9,12.3,0.4,3.65,,,,,79.0,Satisfactory
256538,DL005,2019-07-28 03:00:00,46.0,56.0,2.7,17.4,11.5,27.4,,,84.97,,,,85.0,Satisfactory
256539,DL005,2019-07-28 04:00:00,31.5,36.0,2.52,19.53,12.43,28.95,0.5,4.55,20.95,,,,85.0,Satisfactory
256540,DL005,2019-07-28 05:00:00,30.5,28.5,2.2,16.0,10.32,25.93,0.4,3.77,16.23,,,,85.0,Satisfactory
256541,DL005,2019-07-28 06:00:00,22.75,23.75,1.88,10.88,7.3,20.65,0.4,3.85,20.33,,,,85.0,Satisfactory
256542,DL005,2019-07-28 07:00:00,22.75,23.0,2.38,11.48,8.05,18.73,0.3,4.5,7.27,,,,85.0,Satisfactory
256543,DL005,2019-07-28 08:00:00,27.0,28.25,3.27,11.75,8.9,16.75,0.15,5.4,26.9,,,,85.0,Satisfactory
256544,DL005,2019-07-28 09:00:00,33.5,44.75,3.6,15.08,10.95,15.78,0.2,3.65,35.27,,,,85.0,Satisfactory
256545,DL005,2019-07-28 10:00:00,35.0,45.25,3.25,11.57,9.03,16.85,0.6,8.62,41.98,,,,85.0,Satisfactory
256546,DL005,2019-07-28 11:00:00,34.5,43.25,2.88,12.0,8.72,43.1,0.78,9.12,68.42,,,,68.0,Satisfactory
256547,DL005,2019-07-28 12:00:00,36.0,57.75,3.75,15.32,11.22,47.95,1.05,9.88,51.78,,,,68.0,Satisfactory
256548,DL005,2019-07-28 13:00:00,42.75,70.0,3.33,14.52,10.43,33.88,1.02,9.7,55.95,,,,68.0,Satisfactory
256549,DL005,2019-07-28 14:00:00,35.25,62.25,2.58,10.53,7.7,26.93,0.97,9.6,67.95,,,,68.0,Satisfactory
256550,DL005,2019-07-28 15:00:00,32.25,56.5,2.1,9.6,6.8,23.6,0.9,9.55,40.38,,,,68.0,Satisfactory
256551,DL005,2019-07-28 16:00:00,28.25,57.75,2.15,7.12,5.55,18.88,0.35,4.62,22.1,,,,68.0,Satisfactory
256552,DL005,2019-07-28 17:00:00,23.5,62.5,2.2,8.53,6.33,16.12,0.32,3.0,36.35,,,,68.0,Satisfactory
256553,DL005,2019-07-28 18:00:00,24.5,48.0,2.88,14.25,9.92,13.85,0.43,2.8,39.62,,,,68.0,Satisfactory
256554,DL005,2019-07-28 19:00:00,22.25,35.25,2.53,13.68,9.35,37.45,0.53,3.25,84.3,,,,84.0,Satisfactory
256555,DL005,2019-07-28 20:00:00,20.5,33.5,2.7,27.75,16.98,56.45,0.88,4.43,85.08,,,,85.0,Satisfactory
256556,DL005,2019-07-28 21:00:00,23.25,39.5,5.2,43.25,27.25,37.75,1.12,6.08,78.7,,,,85.0,Satisfactory
256557,DL005,2019-07-28 22:00:00,27.75,53.75,3.38,30.25,18.82,28.52,0.95,6.55,116.58,,,,124.0,Moderate
256558,DL005,2019-07-28 23:00:00,32.25,64.25,5.95,42.8,27.6,23.62,1.12,6.22,68.15,,,,124.0,Moderate
256559,DL005,2019-07-29 00:00:00,46.0,93.5,6.15,35.42,23.88,20.55,0.73,7.83,9.5,,,,124.0,Moderate
256560,DL005,2019-07-29 01:00:00,65.5,97.0,2.52,20.1,12.78,18.88,0.35,5.8,14.6,,,,124.0,Moderate
256561,DL005,2019-07-29 02:00:00,53.5,61.25,2.25,14.95,9.8,16.68,0.38,4.1,,,,,124.0,Moderate
256562,DL005,2019-07-29 03:00:00,29.0,42.0,2.7,11.4,8.2,34.1,,,27.48,,,,124.0,Moderate
256563,DL005,2019-07-29 04:00:00,23.5,34.25,2.12,9.6,6.8,37.25,0.62,5.03,15.93,,,,124.0,Moderate
256564,DL005,2019-07-29 05:00:00,25.75,31.75,2.3,10.12,7.22,28.6,0.6,5.58,15.28,,,,124.0,Moderate
256565,DL005,2019-07-29 06:00:00,31.0,42.75,2.12,10.28,7.2,24.45,0.6,5.1,14.78,,,,68.0,Satisfactory
256566,DL005,2019-07-29 07:00:00,40.0,51.0,2.4,10.92,7.78,21.27,0.6,5.28,14.75,,,,55.0,Satisfactory
256567,DL005,2019-07-29 08:00:00,37.75,52.25,3.9,12.15,9.68,18.7,0.35,5.75,22.5,,,,56.0,Satisfactory
256568,DL005,2019-07-29 09:00:00,31.0,55.25,3.67,13.68,10.3,16.53,0.3,3.42,18.85,,,,56.0,Satisfactory
256569,DL005,2019-07-29 10:00:00,30.0,52.25,4.12,14.53,11.1,17.5,0.6,9.03,31.73,,,,55.0,Satisfactory
256570,DL005,2019-07-29 11:00:00,29.25,53.5,2.88,12.32,9.1,54.93,0.5,10.28,63.2,,,,63.0,Satisfactory
256571,DL005,2019-07-29 12:00:00,32.5,63.25,2.55,11.85,8.35,75.1,1.1,3.3,69.15,,,,69.0,Satisfactory
256572,DL005,2019-07-29 13:00:00,25.25,62.5,2.22,12.38,8.4,43.6,1.2,3.15,60.65,,,,69.0,Satisfactory
256573,DL005,2019-07-29 14:00:00,33.25,67.75,2.23,13.75,9.15,26.28,0.97,2.58,18.05,,,,69.0,Satisfactory
256574,DL005,2019-07-29 15:00:00,29.75,67.25,2.2,10.5,7.38,30.18,0.85,2.98,46.48,,,,69.0,Satisfactory
256575,DL005,2019-07-29 16:00:00,33.0,61.25,2.42,12.08,8.4,53.75,0.9,0.62,56.45,,,,69.0,Satisfactory
256576,DL005,2019-07-29 17:00:00,30.5,71.0,2.6,13.05,9.05,72.0,0.93,1.98,42.08,,,,69.0,Satisfactory
256577,DL005,2019-07-29 18:00:00,37.75,77.5,2.47,11.8,8.3,53.15,0.93,1.73,44.62,,,,69.0,Satisfactory
256578,DL005,2019-07-29 19:00:00,27.0,73.25,2.12,14.28,9.25,51.72,0.97,1.0,43.58,,,,69.0,Satisfactory
256579,DL005,2019-07-29 20:00:00,25.25,87.75,2.27,20.75,12.88,54.48,1.08,0.6,46.3,,,,61.0,Satisfactory
256580,DL005,2019-07-29 21:00:00,31.25,105.75,2.38,27.88,16.77,52.08,1.25,0.38,18.12,,,,63.0,Satisfactory
256581,DL005,2019-07-29 22:00:00,37.25,121.0,2.83,25.3,15.78,40.72,1.38,,12.43,,,,69.0,Satisfactory
256582,DL005,2019-07-29 23:00:00,36.0,124.75,2.42,19.4,12.32,31.77,1.2,,8.62,,,,69.0,Satisfactory
256583,DL005,2019-07-30 00:00:00,41.75,101.25,2.52,20.88,13.18,26.35,1.2,,8.47,,,,69.0,Satisfactory
256584,DL005,2019-07-30 01:00:00,57.25,109.5,3.22,26.0,16.48,23.25,1.18,,20.9,,,,70.0,Satisfactory
256585,DL005,2019-07-30 02:00:00,70.75,115.75,3.23,25.25,16.02,19.68,0.83,,,,,,72.0,Satisfactory
256586,DL005,2019-07-30 03:00:00,47.0,91.5,3.8,42.9,26.0,35.8,,,4.95,,,,74.0,Satisfactory
256587,DL005,2019-07-30 04:00:00,47.5,78.5,2.92,22.07,14.12,30.68,1.02,0.2,1.12,,,,76.0,Satisfactory
256588,DL005,2019-07-30 05:00:00,39.0,63.25,3.3,23.48,15.15,25.12,1.12,0.42,0.3,,,,77.0,Satisfactory
256589,DL005,2019-07-30 06:00:00,37.25,66.75,2.95,20.38,13.22,31.02,1.5,1.68,3.65,,,,78.0,Satisfactory
256590,DL005,2019-07-30 07:00:00,40.75,67.0,3.25,16.3,11.33,34.25,1.52,1.33,4.33,,,,79.0,Satisfactory
256591,DL005,2019-07-30 08:00:00,43.0,76.5,4.75,17.1,12.95,29.8,1.55,1.55,8.97,,,,80.0,Satisfactory
256592,DL005,2019-07-30 09:00:00,46.25,89.5,5.42,16.0,12.9,24.65,1.38,1.52,15.0,,,,81.0,Satisfactory
256593,DL005,2019-07-30 10:00:00,29.0,75.0,4.35,15.67,11.85,20.35,0.75,0.2,5.8,,,,82.0,Satisfactory
256594,DL005,2019-07-30 11:00:00,30.25,90.5,4.2,17.35,12.62,16.1,0.7,2.0,5.5,,,,84.0,Satisfactory
256595,DL005,2019-07-30 12:00:00,32.75,92.0,3.62,16.05,11.47,17.77,0.75,6.8,8.65,,,,85.0,Satisfactory
256596,DL005,2019-07-30 13:00:00,28.0,88.75,2.65,11.17,8.12,69.53,0.65,7.47,16.45,,,,86.0,Satisfactory
256597,DL005,2019-07-30 14:00:00,25.0,76.0,2.3,10.07,7.22,88.47,0.75,5.28,19.32,,,,86.0,Satisfactory
256598,DL005,2019-07-30 15:00:00,25.0,64.25,2.27,8.12,6.17,63.52,0.6,4.53,21.43,,,,86.0,Satisfactory
256599,DL005,2019-07-30 16:00:00,24.75,56.5,2.08,8.23,6.1,87.82,0.7,5.4,33.5,,,,86.0,Satisfactory
256600,DL005,2019-07-30 17:00:00,23.0,63.0,2.2,9.3,6.78,91.7,0.75,6.22,28.5,,,,86.0,Satisfactory
256601,DL005,2019-07-30 18:00:00,20.5,77.75,2.2,11.05,7.67,76.3,1.3,5.58,26.07,,,,86.0,Satisfactory
256602,DL005,2019-07-30 19:00:00,23.5,82.0,2.4,13.1,8.9,35.23,1.55,4.78,26.02,,,,86.0,Satisfactory
256603,DL005,2019-07-30 20:00:00,30.5,100.5,2.0,15.95,10.12,28.17,1.48,4.73,18.15,,,,87.0,Satisfactory
256604,DL005,2019-07-30 21:00:00,37.25,111.0,2.3,22.52,13.88,25.12,1.55,5.2,13.43,,,,87.0,Satisfactory
256605,DL005,2019-07-30 22:00:00,34.75,109.0,2.1,21.0,12.9,23.97,0.8,3.62,11.95,,,,86.0,Satisfactory
256606,DL005,2019-07-30 23:00:00,33.25,96.75,1.9,16.1,10.1,28.65,0.57,1.48,12.2,,,,85.0,Satisfactory
256607,DL005,2019-07-31 00:00:00,31.75,76.0,2.15,15.15,9.82,81.5,0.53,1.0,11.53,,,,84.0,Satisfactory
256608,DL005,2019-07-31 01:00:00,34.25,70.75,2.12,15.25,9.82,65.92,0.5,0.65,11.1,,,,82.0,Satisfactory
256609,DL005,2019-07-31 02:00:00,36.75,70.0,2.12,16.02,10.25,66.47,0.97,1.85,9.7,,,,81.0,Satisfactory
256610,DL005,2019-07-31 03:00:00,42.5,62.25,2.5,17.3,11.2,46.2,,,9.95,,,,79.0,Satisfactory
256611,DL005,2019-07-31 04:00:00,42.0,67.0,2.42,17.82,11.42,34.12,0.93,2.67,10.85,,,,79.0,Satisfactory
256612,DL005,2019-07-31 05:00:00,37.25,68.25,2.17,18.52,11.62,26.4,0.8,2.8,9.12,,,,79.0,Satisfactory
256613,DL005,2019-07-31 06:00:00,40.75,62.0,2.27,17.65,11.25,22.9,0.5,2.83,4.83,,,,79.0,Satisfactory
256614,DL005,2019-07-31 07:00:00,38.75,57.25,2.77,18.12,11.93,22.27,0.38,1.23,4.03,,,,78.0,Satisfactory
256615,DL005,2019-07-31 08:00:00,37.75,54.75,3.92,21.12,14.42,21.42,0.45,1.2,7.0,,,,78.0,Satisfactory
256616,DL005,2019-07-31 09:00:00,45.5,64.75,5.38,21.27,15.7,60.73,0.47,1.5,8.03,,,,76.0,Satisfactory
256617,DL005,2019-07-31 10:00:00,44.0,70.0,4.6,18.7,13.68,56.78,1.65,6.4,7.07,,,,82.0,Satisfactory
256618,DL005,2019-07-31 11:00:00,39.0,71.0,4.38,19.85,14.12,38.2,1.95,7.4,12.12,,,,98.0,Satisfactory
256619,DL005,2019-07-31 12:00:00,51.25,102.75,4.82,22.12,15.73,29.45,1.85,7.28,40.45,,,,98.0,Satisfactory
256620,DL005,2019-07-31 13:00:00,56.0,110.75,3.65,20.8,14.0,25.55,1.5,7.72,50.07,,,,98.0,Satisfactory
256621,DL005,2019-07-31 14:00:00,62.25,112.25,2.52,15.78,10.45,25.67,1.02,10.88,29.82,,,,98.0,Satisfactory
256622,DL005,2019-07-31 15:00:00,45.25,91.5,2.08,13.38,8.85,74.3,0.85,11.3,44.67,,,,98.0,Satisfactory
256623,DL005,2019-07-31 16:00:00,44.25,91.0,2.17,12.75,8.55,86.92,0.9,9.0,58.9,,,,98.0,Satisfactory
256624,DL005,2019-07-31 17:00:00,38.75,94.5,1.98,12.85,8.38,80.0,0.9,6.38,59.23,,,,98.0,Satisfactory
256625,DL005,2019-07-31 18:00:00,38.75,99.75,2.23,15.1,9.82,66.83,0.88,6.22,43.15,,,,98.0,Satisfactory
256626,DL005,2019-07-31 19:00:00,38.0,110.75,2.12,17.1,10.8,44.15,1.48,5.12,35.12,,,,92.0,Satisfactory
256627,DL005,2019-07-31 20:00:00,29.0,107.25,1.75,19.23,11.65,29.7,1.35,5.98,23.23,,,,85.0,Satisfactory
256628,DL005,2019-07-31 21:00:00,30.75,99.25,2.1,20.0,12.35,23.35,1.38,5.78,14.2,,,,84.0,Satisfactory
256629,DL005,2019-07-31 22:00:00,37.25,102.0,2.53,23.6,14.6,25.12,1.25,4.97,11.28,,,,84.0,Satisfactory
256630,DL005,2019-07-31 23:00:00,42.0,106.5,2.1,22.67,13.78,58.55,0.9,3.62,10.8,,,,84.0,Satisfactory
256631,DL005,2019-08-01 00:00:00,48.0,101.5,2.25,23.25,14.2,67.23,0.8,3.33,14.6,,,,85.0,Satisfactory
256632,DL005,2019-08-01 01:00:00,55.25,98.75,2.72,26.32,16.2,61.88,0.83,1.98,14.18,,,,86.0,Satisfactory
256633,DL005,2019-08-01 02:00:00,51.25,96.75,2.98,26.23,16.38,64.95,0.75,2.45,17.5,,,,88.0,Satisfactory
256634,DL005,2019-08-01 03:00:00,53.25,98.5,3.9,24.7,16.3,54.8,,,15.9,,,,89.0,Satisfactory
256635,DL005,2019-08-01 04:00:00,53.25,94.0,3.25,24.93,15.95,38.12,0.95,3.68,14.15,,,,90.0,Satisfactory
256636,DL005,2019-08-01 05:00:00,66.0,109.5,3.78,28.77,18.4,28.38,0.9,3.23,16.08,,,,92.0,Satisfactory
256637,DL005,2019-08-01 06:00:00,59.25,106.75,6.22,30.73,21.43,21.55,1.08,3.77,26.65,,,,94.0,Satisfactory
256638,DL005,2019-08-01 07:00:00,68.25,126.75,9.72,34.58,26.3,22.62,0.88,2.17,27.42,,,,97.0,Satisfactory
256639,DL005,2019-08-01 08:00:00,66.75,133.5,8.05,37.67,26.62,50.67,0.8,2.05,9.28,,,,100.0,Satisfactory
256640,DL005,2019-08-01 09:00:00,41.0,96.5,5.42,26.2,18.35,58.1,0.65,3.17,9.1,,,,101.0,Moderate
256641,DL005,2019-08-01 10:00:00,38.25,81.25,4.02,19.88,13.85,57.17,0.95,8.02,13.95,,,,101.0,Moderate
256642,DL005,2019-08-01 11:00:00,37.5,84.75,3.55,17.2,12.05,41.15,1.4,8.45,24.52,,,,102.0,Moderate
256643,DL005,2019-08-01 12:00:00,35.25,87.0,2.7,16.27,10.9,29.67,1.27,10.0,49.25,,,,101.0,Moderate
256644,DL005,2019-08-01 13:00:00,43.5,97.75,2.27,16.68,10.75,27.4,1.27,10.15,75.12,,,,101.0,Moderate
256645,DL005,2019-08-01 14:00:00,46.5,100.25,2.27,15.22,10.0,31.38,1.23,9.22,84.97,,,,100.0,Satisfactory
256646,DL005,2019-08-01 15:00:00,41.25,90.5,1.78,14.47,9.4,51.1,0.97,6.35,95.1,,,,100.0,Satisfactory
256647,DL005,2019-08-01 16:00:00,39.0,98.0,2.25,15.38,10.0,63.02,0.8,4.7,56.67,,,,101.0,Moderate
256648,DL005,2019-08-01 17:00:00,40.75,127.25,2.48,16.0,10.53,62.85,0.75,5.25,58.73,,,,102.0,Moderate
256649,DL005,2019-08-01 18:00:00,42.75,106.75,1.55,15.15,9.32,65.62,0.72,4.53,57.6,,,,102.0,Moderate
256650,DL005,2019-08-01 19:00:00,32.25,103.5,2.33,13.62,9.12,45.8,1.3,4.62,42.8,,,,102.0,Moderate
256651,DL005,2019-08-01 20:00:00,32.0,101.25,2.33,20.9,13.0,27.1,1.4,5.6,24.98,,,,101.0,Moderate
256652,DL005,2019-08-01 21:00:00,37.25,116.25,2.05,21.2,12.97,21.55,1.35,6.0,17.83,,,,102.0,Moderate
256653,DL005,2019-08-01 22:00:00,40.5,117.25,2.25,19.38,12.18,19.55,1.15,4.58,13.1,,,,102.0,Moderate
256654,DL005,2019-08-01 23:00:00,58.75,128.75,2.65,24.73,15.27,19.5,1.05,1.6,8.93,,,,103.0,Moderate
256655,DL005,2019-08-02 00:00:00,63.25,135.25,2.85,31.75,19.2,47.07,0.95,1.6,59.33,,,,104.0,Moderate
256656,DL005,2019-08-02 01:00:00,57.0,129.75,5.47,45.12,28.45,65.78,0.88,3.4,81.85,,,,105.0,Moderate
256657,DL005,2019-08-02 02:00:00,42.0,95.25,4.2,43.92,26.8,66.18,0.72,3.77,,,,,105.0,Moderate
256658,DL005,2019-08-02 03:00:00,36.75,79.75,5.1,35.1,22.8,55.6,,,30.88,,,,104.0,Moderate
256659,DL005,2019-08-02 04:00:00,53.25,99.0,4.28,31.2,20.05,39.35,1.1,3.92,11.75,,,,104.0,Moderate
256660,DL005,2019-08-02 05:00:00,65.0,109.75,4.38,29.02,19.0,26.27,1.1,3.72,10.3,,,,104.0,Moderate
256661,DL005,2019-08-02 06:00:00,52.25,94.75,4.4,29.38,19.18,19.32,1.1,3.3,9.62,,,,104.0,Moderate
256662,DL005,2019-08-02 07:00:00,50.25,90.75,5.2,29.55,19.95,17.35,0.85,0.78,8.72,,,,103.0,Moderate
256663,DL005,2019-08-02 08:00:00,49.25,93.0,4.07,22.98,15.57,33.05,1.02,2.35,6.92,,,,102.0,Moderate
256664,DL005,2019-08-02 09:00:00,43.5,78.25,4.62,21.6,15.28,56.48,0.9,3.35,9.68,,,,101.0,Moderate
256665,DL005,2019-08-02 10:00:00,44.5,87.5,5.0,21.38,15.42,56.12,1.02,4.28,14.65,,,,101.0,Moderate
256666,DL005,2019-08-02 11:00:00,47.5,84.25,3.45,16.93,11.8,50.38,1.4,4.45,31.73,,,,101.0,Moderate
256667,DL005,2019-08-02 12:00:00,38.0,92.25,2.55,16.55,10.88,35.08,1.42,5.72,45.17,,,,102.0,Moderate
256668,DL005,2019-08-02 13:00:00,47.75,120.5,2.08,17.0,10.8,31.35,1.33,5.3,46.0,,,,102.0,Moderate
256669,DL005,2019-08-02 14:00:00,34.75,68.0,1.85,12.5,8.12,28.3,1.15,4.78,41.42,,,,101.0,Moderate
256670,DL005,2019-08-02 15:00:00,19.25,19.25,1.72,16.45,10.2,48.05,1.02,3.25,32.1,,,,99.0,Satisfactory
256671,DL005,2019-08-02 16:00:00,33.75,53.75,4.05,26.57,17.43,71.83,0.65,6.7,29.52,,132.4,,97.0,Satisfactory
256672,DL005,2019-08-02 17:00:00,40.75,89.75,3.1,12.6,9.25,68.35,0.5,8.18,34.6,,137.2,,96.0,Satisfactory
256673,DL005,2019-08-02 18:00:00,20.25,31.25,1.85,13.38,8.65,59.9,0.4,7.38,36.35,,,,92.0,Satisfactory
256674,DL005,2019-08-02 19:00:00,26.25,48.5,2.4,24.3,14.9,50.1,0.53,7.7,26.38,,,,90.0,Satisfactory
256675,DL005,2019-08-02 20:00:00,32.0,80.0,2.28,22.85,14.02,28.95,0.2,8.9,25.48,,112.4,,89.0,Satisfactory
256676,DL005,2019-08-02 21:00:00,32.25,88.0,2.6,29.75,17.95,28.8,,9.0,23.85,,,,88.0,Satisfactory
256677,DL005,2019-08-02 22:00:00,48.25,122.25,3.55,39.85,24.05,38.05,1.23,3.02,13.03,,114.25,,88.0,Satisfactory
256678,DL005,2019-08-02 23:00:00,66.0,149.75,3.03,36.1,21.67,49.38,1.05,1.7,9.95,,,,89.0,Satisfactory
256679,DL005,2019-08-03 00:00:00,58.25,125.75,2.52,28.7,17.32,57.7,0.72,1.57,10.27,,,,89.0,Satisfactory
256680,DL005,2019-08-03 01:00:00,42.0,79.0,2.67,24.93,15.43,54.75,0.7,1.9,12.72,,,,87.0,Satisfactory
256681,DL005,2019-08-03 02:00:00,38.75,66.25,2.75,24.12,15.07,52.83,0.67,1.43,,,,,85.0,Satisfactory
256682,DL005,2019-08-03 03:00:00,44.25,63.25,3.1,23.9,15.2,51.9,,,17.73,,,,85.0,Satisfactory
256683,DL005,2019-08-03 04:00:00,36.0,62.5,3.35,24.65,15.85,37.38,0.8,4.03,9.05,,,,83.0,Satisfactory
256684,DL005,2019-08-03 05:00:00,34.5,64.5,3.3,24.0,15.45,25.45,0.83,3.78,6.97,,,,81.0,Satisfactory
256685,DL005,2019-08-03 06:00:00,33.5,61.25,3.5,22.02,14.57,19.88,0.62,3.08,7.7,,,,80.0,Satisfactory
256686,DL005,2019-08-03 07:00:00,45.5,74.25,4.6,21.65,15.28,18.08,0.6,2.45,8.78,,,,79.0,Satisfactory
256687,DL005,2019-08-03 08:00:00,50.5,77.0,5.92,23.48,17.3,38.15,0.47,2.9,10.02,,,,79.0,Satisfactory
256688,DL005,2019-08-03 09:00:00,51.0,82.0,5.4,20.25,15.23,50.9,0.43,4.15,9.52,,,,79.0,Satisfactory
256689,DL005,2019-08-03 10:00:00,49.75,80.75,3.6,21.9,14.55,50.9,1.08,5.35,13.45,,,,78.0,Satisfactory
256690,DL005,2019-08-03 11:00:00,49.0,73.0,2.55,18.48,11.9,44.88,1.17,5.02,15.62,,,,78.0,Satisfactory
256691,DL005,2019-08-03 12:00:00,33.25,31.0,3.15,18.88,12.6,43.5,1.3,5.0,11.85,,,,75.0,Satisfactory
256692,DL005,2019-08-03 13:00:00,44.5,35.0,5.22,24.95,17.52,51.2,0.55,4.2,20.3,,,,72.0,Satisfactory
256693,DL005,2019-08-03 14:00:00,51.25,65.75,4.2,18.65,13.3,45.35,0.2,2.6,22.05,,124.1,,72.0,Satisfactory
256694,DL005,2019-08-03 15:00:00,33.25,40.25,3.05,9.57,7.55,46.4,0.28,5.25,23.95,,,,73.0,Satisfactory
256695,DL005,2019-08-03 16:00:00,34.75,35.5,2.6,8.15,6.45,30.15,1.27,3.65,30.55,,,,72.0,Satisfactory
256696,DL005,2019-08-03 17:00:00,21.0,31.0,2.55,12.6,8.78,25.77,1.2,3.17,43.3,,,,69.0,Satisfactory
256697,DL005,2019-08-03 18:00:00,29.0,44.25,2.8,14.85,10.17,23.57,0.65,1.7,55.67,,,,70.0,Satisfactory
256698,DL005,2019-08-03 19:00:00,33.0,53.0,2.17,14.35,9.43,38.85,0.4,2.52,35.6,,,,70.0,Satisfactory
256699,DL005,2019-08-03 20:00:00,27.75,39.0,1.62,11.93,7.7,60.35,0.5,2.12,25.75,,,,69.0,Satisfactory
256700,DL005,2019-08-03 21:00:00,31.5,41.25,1.9,19.25,11.72,59.0,0.25,1.97,21.6,,,,69.0,Satisfactory
256701,DL005,2019-08-03 22:00:00,39.5,71.0,2.98,32.85,19.93,52.83,0.82,4.55,18.98,,,,68.0,Satisfactory
256702,DL005,2019-08-03 23:00:00,53.0,88.5,6.08,40.05,26.27,44.77,0.55,4.75,62.83,,,,67.0,Satisfactory
256703,DL005,2019-08-04 00:00:00,62.5,93.5,3.08,29.05,17.95,29.7,0.5,5.75,13.05,,,,67.0,Satisfactory
256704,DL005,2019-08-04 01:00:00,59.75,81.5,2.35,22.1,13.68,23.57,0.35,4.43,7.6,,,,69.0,Satisfactory
256705,DL005,2019-08-04 02:00:00,48.25,67.0,2.62,23.95,14.88,22.6,0.35,5.9,,,,,69.0,Satisfactory
256706,DL005,2019-08-04 03:00:00,51.75,69.25,2.6,21.2,13.4,40.3,,,10.65,,,,70.0,Satisfactory
256707,DL005,2019-08-04 04:00:00,49.75,77.75,2.25,17.25,11.03,39.02,0.35,4.53,9.65,,,,71.0,Satisfactory
256708,DL005,2019-08-04 05:00:00,51.5,65.75,2.98,23.98,15.15,43.62,0.25,4.83,9.25,,,,72.0,Satisfactory
256709,DL005,2019-08-04 06:00:00,64.75,95.0,3.92,30.07,19.2,47.7,0.12,4.9,8.43,,,,74.0,Satisfactory
256710,DL005,2019-08-04 07:00:00,54.25,92.5,5.78,27.1,19.12,44.35,0.6,4.7,10.07,,,,75.0,Satisfactory
256711,DL005,2019-08-04 08:00:00,50.5,84.0,5.08,21.27,15.45,29.23,0.55,4.85,11.95,,,,75.0,Satisfactory
256712,DL005,2019-08-04 09:00:00,46.0,76.75,3.27,15.03,10.65,22.02,0.5,5.97,10.62,,,,74.0,Satisfactory
256713,DL005,2019-08-04 10:00:00,48.25,73.25,3.48,15.88,11.3,20.27,1.1,4.58,10.88,,,,74.0,Satisfactory
256714,DL005,2019-08-04 11:00:00,54.5,91.0,3.35,13.15,9.75,19.58,0.68,4.53,13.45,,,,75.0,Satisfactory
256715,DL005,2019-08-04 12:00:00,53.0,63.0,2.23,9.7,6.97,34.45,0.5,6.38,20.25,,,,76.0,Satisfactory
256716,DL005,2019-08-04 13:00:00,49.75,67.75,2.27,9.85,7.1,62.67,0.5,5.47,34.45,,,,76.0,Satisfactory
256717,DL005,2019-08-04 14:00:00,39.0,60.75,1.7,8.65,6.0,60.33,0.65,4.55,42.05,,,,75.0,Satisfactory
256718,DL005,2019-08-04 15:00:00,38.5,56.5,2.12,10.08,7.1,49.88,0.25,3.95,43.9,,,,76.0,Satisfactory
256719,DL005,2019-08-04 16:00:00,44.25,75.5,2.15,8.98,6.55,27.93,0.72,3.7,41.42,,,,76.0,Satisfactory
256720,DL005,2019-08-04 17:00:00,41.0,84.25,2.08,17.2,10.85,21.17,1.98,3.48,41.8,,,,99.0,Satisfactory
256721,DL005,2019-08-04 18:00:00,51.0,88.25,2.55,21.85,13.68,18.58,2.45,2.53,52.17,,,,106.0,Moderate
256722,DL005,2019-08-04 19:00:00,66.5,94.25,1.97,26.15,15.5,16.9,2.22,1.77,42.42,,,,106.0,Moderate
256723,DL005,2019-08-04 20:00:00,77.5,108.75,1.82,26.8,15.72,18.68,2.08,1.45,44.45,,,,106.0,Moderate
256724,DL005,2019-08-04 21:00:00,80.0,116.25,1.88,38.35,21.93,61.73,2.38,1.8,24.93,,,,106.0,Moderate
256725,DL005,2019-08-04 22:00:00,78.25,153.0,2.55,39.03,22.85,60.5,1.48,3.05,13.68,,,,106.0,Moderate
256726,DL005,2019-08-04 23:00:00,68.0,160.75,3.38,38.88,23.38,54.25,1.77,3.25,12.35,,,,106.0,Moderate
256727,DL005,2019-08-05 00:00:00,80.25,159.5,5.38,39.08,25.18,32.7,1.5,4.7,17.45,,,,106.0,Moderate
256728,DL005,2019-08-05 01:00:00,79.25,166.25,9.15,41.48,29.52,24.5,0.2,4.47,20.2,,,,106.0,Moderate
256729,DL005,2019-08-05 02:00:00,77.5,166.0,15.9,39.5,33.95,21.82,0.8,4.28,,,,,105.0,Moderate
256730,DL005,2019-08-05 03:00:00,88.5,172.5,28.6,45.8,47.7,35.6,,,86.2,,,,105.0,Moderate
256731,DL005,2019-08-05 04:00:00,93.25,174.75,29.35,37.55,43.9,33.65,1.27,5.2,71.28,,,,105.0,Moderate
256732,DL005,2019-08-05 05:00:00,103.0,175.75,26.4,36.03,40.73,33.55,0.5,6.45,45.88,,,,112.0,Moderate
256733,DL005,2019-08-05 06:00:00,103.5,172.0,23.73,32.58,36.65,47.42,0.67,6.4,47.9,,,,117.0,Moderate
256734,DL005,2019-08-05 07:00:00,102.25,170.75,30.67,35.6,43.92,53.65,1.0,6.4,40.17,,,,124.0,Moderate
256735,DL005,2019-08-05 08:00:00,91.75,162.5,15.65,44.4,36.45,31.65,0.82,6.27,20.73,,,,130.0,Moderate
256736,DL005,2019-08-05 09:00:00,83.0,144.75,9.92,39.12,28.85,26.25,0.7,4.4,16.45,,,,135.0,Moderate
256737,DL005,2019-08-05 10:00:00,78.5,138.25,6.85,39.78,26.73,23.8,0.77,4.0,27.27,,,,139.0,Moderate
256738,DL005,2019-08-05 11:00:00,81.0,155.25,3.0,21.23,13.72,20.82,0.6,3.42,48.33,,,,143.0,Moderate
256739,DL005,2019-08-05 12:00:00,75.0,150.0,2.17,22.02,13.5,37.85,1.02,7.22,58.9,,,,146.0,Moderate
256740,DL005,2019-08-05 13:00:00,84.25,145.0,2.12,25.05,15.05,67.65,1.38,6.83,42.12,,,,151.0,Moderate
256741,DL005,2019-08-05 14:00:00,85.0,157.75,2.08,24.07,14.5,50.62,1.43,5.83,73.0,,,,157.0,Moderate
256742,DL005,2019-08-05 15:00:00,79.25,145.25,2.1,18.65,11.65,42.77,1.6,5.35,59.35,,108.5,,163.0,Moderate
256743,DL005,2019-08-05 16:00:00,56.25,83.0,1.7,13.43,8.55,65.38,1.0,3.77,52.47,,,,164.0,Moderate
256744,DL005,2019-08-05 17:00:00,39.25,31.5,2.45,26.07,15.9,54.3,1.18,2.8,34.12,,,,164.0,Moderate
256745,DL005,2019-08-05 18:00:00,41.75,48.0,2.75,28.52,17.43,49.5,1.38,2.7,36.8,,,,163.0,Moderate
256746,DL005,2019-08-05 19:00:00,50.0,82.0,3.62,49.98,29.5,52.5,1.8,2.9,31.83,,,,161.0,Moderate
256747,DL005,2019-08-05 20:00:00,59.75,107.0,3.15,55.4,32.08,55.5,2.27,2.7,21.43,,,,158.0,Moderate
256748,DL005,2019-08-05 21:00:00,64.0,117.0,2.9,46.6,27.18,36.45,1.6,3.83,7.6,,,,156.0,Moderate
256749,DL005,2019-08-05 22:00:00,67.0,108.5,4.08,49.9,29.83,29.72,1.8,2.42,13.92,,,,154.0,Moderate
256750,DL005,2019-08-05 23:00:00,58.75,104.75,14.25,52.75,39.78,23.3,2.3,1.23,31.9,,,,153.0,Moderate
256751,DL005,2019-08-06 00:00:00,58.75,108.0,6.1,46.67,29.85,19.35,1.52,1.07,19.73,,,,150.0,Moderate
256752,DL005,2019-08-06 01:00:00,54.5,83.0,3.12,37.35,22.42,23.45,1.27,0.6,8.88,,,,147.0,Moderate
256753,DL005,2019-08-06 02:00:00,57.5,77.25,3.4,32.88,20.27,54.0,1.0,0.68,15.2,,,,144.0,Moderate
256754,DL005,2019-08-06 03:00:00,45.0,70.5,3.9,31.3,19.8,70.3,,,10.67,,,,138.0,Moderate
256755,DL005,2019-08-06 04:00:00,47.75,72.25,2.85,31.37,19.05,49.55,1.17,3.35,9.75,,,,131.0,Moderate
256756,DL005,2019-08-06 05:00:00,45.75,62.5,3.78,29.3,18.65,30.07,1.6,5.0,3.15,,,,124.0,Moderate
256757,DL005,2019-08-06 06:00:00,43.5,60.5,8.12,32.02,23.62,23.77,1.02,4.97,8.4,,,,115.0,Moderate
256758,DL005,2019-08-06 07:00:00,52.75,76.75,25.18,32.72,38.12,19.98,0.9,5.6,9.07,,,,108.0,Moderate
256759,DL005,2019-08-06 08:00:00,60.0,86.0,5.32,16.0,12.8,16.2,0.7,4.58,14.18,,,,104.0,Moderate
256760,DL005,2019-08-06 09:00:00,35.25,32.0,2.22,13.65,9.0,26.18,0.82,4.17,8.52,,,,99.0,Satisfactory
256761,DL005,2019-08-06 10:00:00,22.25,24.5,2.27,14.97,9.83,63.7,0.88,4.25,6.75,,,,95.0,Satisfactory
256762,DL005,2019-08-06 11:00:00,16.25,22.25,1.97,7.85,5.8,78.05,0.7,4.03,12.95,,,,90.0,Satisfactory
256763,DL005,2019-08-06 12:00:00,13.75,3.0,1.88,13.9,8.93,74.08,0.9,3.58,18.23,,,,86.0,Satisfactory
256764,DL005,2019-08-06 13:00:00,14.5,8.0,3.5,24.53,15.95,51.1,1.2,2.1,16.2,,,,81.0,Satisfactory
256765,DL005,2019-08-06 14:00:00,20.0,16.25,3.75,22.6,15.1,41.47,1.6,2.98,19.8,,,,80.0,Satisfactory
256766,DL005,2019-08-06 15:00:00,20.75,19.0,3.17,17.1,11.68,42.8,1.48,3.73,22.88,,,,80.0,Satisfactory
256767,DL005,2019-08-06 16:00:00,21.5,15.25,4.92,34.95,22.62,47.38,1.15,3.52,32.33,,,,80.0,Satisfactory
256768,DL005,2019-08-06 17:00:00,41.25,42.75,8.97,47.55,32.6,62.1,1.2,4.65,45.85,,,,80.0,Satisfactory
256769,DL005,2019-08-06 18:00:00,33.0,46.0,5.38,38.55,24.88,70.35,1.02,5.58,108.47,,,,112.0,Moderate
256770,DL005,2019-08-06 19:00:00,34.5,37.75,2.85,36.88,21.93,71.15,0.95,7.22,83.83,,,,112.0,Moderate
256771,DL005,2019-08-06 20:00:00,36.5,53.0,2.0,32.98,19.17,62.33,1.8,6.25,34.45,,,,112.0,Moderate
256772,DL005,2019-08-06 21:00:00,29.0,38.0,2.12,25.6,15.35,38.88,2.12,3.92,18.65,,,,112.0,Moderate
256773,DL005,2019-08-06 22:00:00,34.5,42.5,2.15,27.88,16.6,31.27,1.58,2.78,15.97,,,,112.0,Moderate
256774,DL005,2019-08-06 23:00:00,47.0,55.0,3.2,32.62,20.02,26.25,1.4,2.72,10.95,,,,112.0,Moderate
256775,DL005,2019-08-07 00:00:00,35.0,47.75,2.23,23.0,13.97,23.57,0.53,4.05,12.43,,,,112.0,Moderate
256776,DL005,2019-08-07 01:00:00,37.75,40.25,2.27,25.0,15.15,36.02,0.3,3.42,9.35,,,,112.0,Moderate
256777,DL005,2019-08-07 02:00:00,46.0,57.5,3.12,34.12,20.68,67.35,0.4,3.4,19.4,,,,102.0,Moderate
256778,DL005,2019-08-07 03:00:00,46.25,64.5,5.5,29.4,20.1,65.5,,,12.55,,103.2,,102.0,Moderate
256779,DL005,2019-08-07 04:00:00,45.75,69.25,4.7,30.2,19.88,49.67,1.35,3.08,10.68,,100.2,,102.0,Moderate
256780,DL005,2019-08-07 05:00:00,43.5,62.5,8.62,31.53,23.85,35.9,1.55,2.15,10.97,,,,79.0,Satisfactory
256781,DL005,2019-08-07 06:00:00,44.75,60.75,9.88,31.12,24.6,26.52,1.5,2.58,9.25,,,,78.0,Satisfactory
256782,DL005,2019-08-07 07:00:00,36.75,42.0,5.28,25.45,17.8,20.6,1.57,2.05,6.85,,,,78.0,Satisfactory
256783,DL005,2019-08-07 08:00:00,44.5,45.75,5.53,25.05,17.8,19.95,1.07,2.6,10.98,,,,78.0,Satisfactory
256784,DL005,2019-08-07 09:00:00,50.75,56.5,4.2,19.15,13.6,21.82,0.62,3.77,11.78,,,,78.0,Satisfactory
256785,DL005,2019-08-07 10:00:00,46.5,54.25,4.12,17.95,12.93,42.42,0.77,5.05,10.12,,,,78.0,Satisfactory
256786,DL005,2019-08-07 11:00:00,43.5,53.5,3.35,13.55,9.93,49.18,0.22,7.6,21.1,,,,78.0,Satisfactory
256787,DL005,2019-08-07 12:00:00,42.5,61.5,2.7,15.15,10.22,56.55,0.3,9.83,44.32,,,,78.0,Satisfactory
256788,DL005,2019-08-07 13:00:00,51.75,69.5,2.43,12.0,8.35,39.0,0.4,6.5,43.88,,,,78.0,Satisfactory
256789,DL005,2019-08-07 14:00:00,41.0,57.5,2.65,8.95,6.92,27.23,,3.67,36.3,,,,78.0,Satisfactory
256790,DL005,2019-08-07 15:00:00,19.25,45.5,2.1,7.85,5.9,21.25,,3.72,36.65,,,,66.0,Satisfactory
256791,DL005,2019-08-07 16:00:00,18.5,52.25,2.02,7.95,5.9,19.52,0.78,2.95,38.55,,,,66.0,Satisfactory
256792,DL005,2019-08-07 17:00:00,20.75,59.0,2.02,9.82,6.9,20.17,0.53,4.28,36.25,,,,65.0,Satisfactory
256793,DL005,2019-08-07 18:00:00,13.25,58.0,1.65,9.6,6.45,43.15,0.62,3.8,36.0,,,,63.0,Satisfactory
256794,DL005,2019-08-07 19:00:00,12.75,55.25,2.15,10.3,7.25,57.05,0.62,3.6,32.58,,,,62.0,Satisfactory
256795,DL005,2019-08-07 20:00:00,18.5,57.75,1.97,15.28,9.7,51.7,0.9,3.25,28.23,,,,60.0,Satisfactory
256796,DL005,2019-08-07 21:00:00,22.0,68.0,2.5,23.05,14.3,36.58,1.4,3.75,20.3,,,,70.0,Satisfactory
256797,DL005,2019-08-07 22:00:00,29.25,84.75,2.17,21.45,13.18,26.62,1.25,4.17,22.25,,,,70.0,Satisfactory
256798,DL005,2019-08-07 23:00:00,35.25,94.0,2.92,24.92,15.65,20.93,1.43,3.62,15.32,,,,72.0,Satisfactory
256799,DL005,2019-08-08 00:00:00,40.0,99.5,2.45,21.93,13.68,17.85,1.15,3.45,10.53,,,,72.0,Satisfactory
256800,DL005,2019-08-08 01:00:00,41.0,83.75,2.35,19.68,12.4,19.38,0.8,4.25,10.35,,,,72.0,Satisfactory
256801,DL005,2019-08-08 02:00:00,61.75,92.0,2.5,20.75,13.1,48.28,0.8,4.2,,,,,72.0,Satisfactory
256802,DL005,2019-08-08 03:00:00,56.75,79.75,3.3,24.4,15.6,66.6,,,7.12,,,,72.0,Satisfactory
256803,DL005,2019-08-08 04:00:00,50.5,75.0,3.07,22.65,14.57,45.8,0.97,3.02,8.4,,,,72.0,Satisfactory
256804,DL005,2019-08-08 05:00:00,60.75,80.5,2.75,19.77,12.78,32.27,1.23,2.85,3.5,,,,72.0,Satisfactory
256805,DL005,2019-08-08 06:00:00,33.75,56.25,3.82,21.85,14.75,23.85,1.2,2.88,,,,,72.0,Satisfactory
256806,DL005,2019-08-08 07:00:00,38.25,74.75,5.38,23.93,17.07,19.02,1.33,3.25,5.83,,,,67.0,Satisfactory
256807,DL005,2019-08-08 08:00:00,43.75,87.5,5.4,19.6,14.82,16.5,1.27,3.88,3.53,,,,69.0,Satisfactory
256808,DL005,2019-08-08 09:00:00,41.75,77.75,5.07,18.85,14.18,16.42,1.2,4.58,7.85,,,,70.0,Satisfactory
256809,DL005,2019-08-08 10:00:00,47.25,90.5,4.62,28.43,18.88,23.62,1.25,6.08,79.52,,,,80.0,Satisfactory
256810,DL005,2019-08-08 11:00:00,46.5,96.5,3.78,26.4,17.08,48.08,1.2,8.38,55.25,,,,80.0,Satisfactory
256811,DL005,2019-08-08 12:00:00,39.0,97.25,2.52,22.2,13.88,57.28,1.18,8.57,99.42,,,,99.0,Satisfactory
256812,DL005,2019-08-08 13:00:00,30.0,86.0,3.05,18.65,12.4,47.15,3.5,8.2,98.65,,,,119.0,Moderate
256813,DL005,2019-08-08 14:00:00,39.0,112.0,2.1,18.62,11.62,31.3,5.83,8.82,58.17,,,,148.0,Moderate
256814,DL005,2019-08-08 15:00:00,38.0,105.5,1.93,14.27,9.15,25.0,1.2,8.25,54.07,,,,148.0,Moderate
256815,DL005,2019-08-08 16:00:00,33.75,87.5,2.15,13.35,8.82,20.45,0.1,9.7,67.22,,,,148.0,Moderate
256816,DL005,2019-08-08 17:00:00,31.25,97.0,1.88,14.7,9.32,18.73,,9.35,40.15,,,,148.0,Moderate
256817,DL005,2019-08-08 18:00:00,34.75,109.5,2.05,14.62,9.4,21.88,0.3,8.62,36.4,,,,148.0,Moderate
256818,DL005,2019-08-08 19:00:00,35.0,114.25,2.15,20.45,12.62,42.85,,7.78,19.15,,,,148.0,Moderate
256819,DL005,2019-08-08 20:00:00,38.25,154.0,2.62,27.9,16.98,45.88,,6.32,12.23,,,,148.0,Moderate
256820,DL005,2019-08-08 21:00:00,39.75,171.0,2.48,34.12,20.15,36.62,2.35,7.03,9.65,,,,148.0,Moderate
256821,DL005,2019-08-08 22:00:00,39.75,185.0,3.35,33.2,20.38,24.95,,4.75,,,,,104.0,Moderate
256822,DL005,2019-08-08 23:00:00,34.5,148.0,3.48,31.95,19.83,19.15,,4.53,,,,,104.0,Moderate
256823,DL005,2019-08-09 00:00:00,39.25,119.25,2.78,23.18,14.6,16.2,,4.67,8.82,,,,104.0,Moderate
256824,DL005,2019-08-09 01:00:00,38.25,88.0,1.92,18.02,10.88,12.82,0.2,4.12,34.85,,,,104.0,Moderate
256825,DL005,2019-08-09 02:00:00,28.25,58.0,2.05,14.73,9.5,25.35,,3.05,59.3,,,,104.0,Moderate
256826,DL005,2019-08-09 03:00:00,15.5,42.5,2.6,11.7,8.3,58.0,,,32.2,,,,104.0,Moderate
256827,DL005,2019-08-09 04:00:00,18.0,47.5,2.4,16.43,10.7,44.02,,8.6,20.78,,,,104.0,Moderate
256828,DL005,2019-08-09 05:00:00,13.0,42.75,2.12,9.27,6.67,31.48,0.8,9.15,13.15,,,,98.0,Satisfactory
256829,DL005,2019-08-09 06:00:00,16.5,48.5,1.77,10.3,6.92,23.3,,9.65,11.5,,,,98.0,Satisfactory
256830,DL005,2019-08-09 07:00:00,17.0,44.5,2.3,9.28,6.8,19.7,1.1,8.78,11.05,,,,96.0,Satisfactory
256831,DL005,2019-08-09 08:00:00,14.5,50.0,2.27,8.68,6.47,19.58,,9.32,5.9,,,,95.0,Satisfactory
256832,DL005,2019-08-09 09:00:00,16.5,41.0,2.9,8.4,6.83,17.75,,9.18,11.78,,,,93.0,Satisfactory
256833,DL005,2019-08-09 10:00:00,16.5,69.25,2.78,8.0,6.53,22.38,,7.53,12.65,,,,92.0,Satisfactory
256834,DL005,2019-08-09 11:00:00,10.5,97.0,2.28,8.3,6.3,42.02,,5.82,13.82,,,,92.0,Satisfactory
256835,DL005,2019-08-09 12:00:00,7.25,89.5,2.32,8.68,6.53,51.52,0.7,4.97,15.3,,,,92.0,Satisfactory
256836,DL005,2019-08-09 13:00:00,12.5,86.0,2.53,8.38,6.53,42.1,1.02,5.97,14.25,,,,92.0,Satisfactory
256837,DL005,2019-08-09 14:00:00,17.25,61.25,2.88,8.72,7.03,25.6,1.08,7.35,7.58,,,,90.0,Satisfactory
256838,DL005,2019-08-09 15:00:00,18.0,60.75,2.48,8.05,6.28,21.55,1.12,7.97,17.15,,,,88.0,Satisfactory
256839,DL005,2019-08-09 16:00:00,17.5,68.75,2.65,9.3,7.15,29.6,0.93,6.78,16.67,,,,87.0,Satisfactory
256840,DL005,2019-08-09 17:00:00,16.25,76.5,2.77,9.82,7.5,36.6,1.1,6.17,17.12,,,,86.0,Satisfactory
256841,DL005,2019-08-09 18:00:00,16.0,72.25,2.27,8.65,6.47,35.95,1.18,6.05,18.78,,,,85.0,Satisfactory
256842,DL005,2019-08-09 19:00:00,13.75,66.25,2.02,10.7,7.35,27.95,1.42,8.38,10.28,,,,83.0,Satisfactory
256843,DL005,2019-08-09 20:00:00,17.0,73.0,1.98,13.8,8.95,19.45,1.55,10.05,,,,,79.0,Satisfactory
256844,DL005,2019-08-09 21:00:00,20.5,72.25,1.82,15.43,9.7,16.38,1.57,9.95,18.15,,,,78.0,Satisfactory
256845,DL005,2019-08-09 22:00:00,21.5,70.0,1.98,11.55,7.72,13.38,0.72,7.53,13.83,,,,78.0,Satisfactory
256846,DL005,2019-08-09 23:00:00,20.5,66.25,2.05,17.15,10.77,12.22,0.5,4.2,17.95,,,,78.0,Satisfactory
256847,DL005,2019-08-10 00:00:00,19.5,48.0,1.77,10.6,7.08,35.2,0.5,5.23,13.2,,,,78.0,Satisfactory
256848,DL005,2019-08-10 01:00:00,19.0,26.25,1.52,13.32,8.32,44.28,0.5,4.28,12.7,,,,78.0,Satisfactory
256849,DL005,2019-08-10 02:00:00,35.5,23.5,1.55,14.6,9.07,44.85,0.62,4.22,,,,,78.0,Satisfactory
256850,DL005,2019-08-10 03:00:00,21.5,22.0,2.5,9.1,6.9,37.1,,,8.32,,,,78.0,Satisfactory
256851,DL005,2019-08-10 04:00:00,21.25,21.25,1.98,8.72,6.25,25.23,0.8,7.12,,,,,78.0,Satisfactory
256852,DL005,2019-08-10 05:00:00,25.5,21.5,1.82,9.83,6.7,18.7,0.88,7.33,2.2,,,,57.0,Satisfactory
256853,DL005,2019-08-10 06:00:00,26.25,28.75,1.65,9.6,6.47,14.83,0.9,5.33,6.53,,,,56.0,Satisfactory
256854,DL005,2019-08-10 07:00:00,25.25,28.25,1.98,10.55,7.2,13.47,0.7,4.38,19.12,,,,56.0,Satisfactory
256855,DL005,2019-08-10 08:00:00,29.25,31.5,2.97,13.45,9.58,13.17,0.78,4.35,24.02,,,,55.0,Satisfactory
256856,DL005,2019-08-10 09:00:00,28.25,41.25,3.15,11.78,8.9,27.98,0.78,3.75,40.3,,,,55.0,Satisfactory
256857,DL005,2019-08-10 10:00:00,22.25,48.0,3.0,13.32,9.57,41.0,0.95,5.08,20.02,,,,54.0,Satisfactory
256858,DL005,2019-08-10 11:00:00,23.25,51.5,3.9,14.02,10.62,27.93,1.33,7.38,8.02,,,,66.0,Satisfactory
256859,DL005,2019-08-10 12:00:00,31.75,63.0,2.9,14.25,9.93,19.75,1.23,9.95,31.6,,,,66.0,Satisfactory
256860,DL005,2019-08-10 13:00:00,26.5,63.5,3.0,13.0,9.35,14.85,1.25,11.62,14.02,,,,66.0,Satisfactory
256861,DL005,2019-08-10 14:00:00,21.25,54.75,3.05,12.5,9.15,12.8,1.17,9.28,16.47,,,,66.0,Satisfactory
256862,DL005,2019-08-10 15:00:00,19.25,49.25,2.78,12.1,8.68,11.5,1.0,7.22,27.58,,,,66.0,Satisfactory
256863,DL005,2019-08-10 16:00:00,19.0,43.5,2.58,11.48,8.2,23.7,0.67,6.45,21.38,,,,66.0,Satisfactory
256864,DL005,2019-08-10 17:00:00,18.0,44.75,3.08,12.6,9.2,45.55,0.7,6.18,24.2,,,,66.0,Satisfactory
256865,DL005,2019-08-10 18:00:00,22.5,55.75,2.38,14.57,9.7,41.53,0.83,5.68,25.05,,,,66.0,Satisfactory
256866,DL005,2019-08-10 19:00:00,17.75,70.25,2.48,19.9,12.6,26.72,1.25,6.95,11.0,,,,62.0,Satisfactory
256867,DL005,2019-08-10 20:00:00,18.5,88.25,2.52,24.23,14.95,18.17,1.3,9.88,10.75,,,,65.0,Satisfactory
256868,DL005,2019-08-10 21:00:00,24.5,92.75,3.1,37.8,22.65,14.25,1.57,10.85,3.9,,,,78.0,Satisfactory
256869,DL005,2019-08-10 22:00:00,30.0,108.75,3.92,40.32,24.62,12.6,1.1,4.6,6.85,,,,78.0,Satisfactory
256870,DL005,2019-08-10 23:00:00,31.0,88.75,3.0,32.57,19.75,11.93,0.7,3.2,16.15,,,,78.0,Satisfactory
256871,DL005,2019-08-11 00:00:00,28.25,69.5,3.08,36.38,21.85,14.35,0.9,3.08,10.75,,,,78.0,Satisfactory
256872,DL005,2019-08-11 01:00:00,38.25,80.0,4.97,39.45,25.05,30.8,0.85,2.95,55.55,,,,78.0,Satisfactory
256873,DL005,2019-08-11 02:00:00,39.75,90.5,6.72,37.67,25.5,39.85,0.8,3.18,,,,,78.0,Satisfactory
256874,DL005,2019-08-11 03:00:00,44.25,93.75,4.3,32.1,20.6,41.0,,,9.0,,,,78.0,Satisfactory
256875,DL005,2019-08-11 04:00:00,49.75,87.25,3.4,28.95,18.17,28.53,1.02,7.57,,,,,78.0,Satisfactory
256876,DL005,2019-08-11 05:00:00,45.0,77.25,2.9,25.3,15.82,20.45,1.02,8.7,2.1,,,,65.0,Satisfactory
256877,DL005,2019-08-11 06:00:00,43.5,75.25,3.45,25.6,16.4,15.95,1.1,8.6,0.2,,,,67.0,Satisfactory
256878,DL005,2019-08-11 07:00:00,54.75,94.75,8.2,28.2,21.68,15.52,1.0,5.6,15.72,,,,69.0,Satisfactory
256879,DL005,2019-08-11 08:00:00,73.0,120.75,9.88,27.12,22.48,15.32,1.0,4.97,28.32,,,,73.0,Satisfactory
256880,DL005,2019-08-11 09:00:00,58.75,97.5,5.85,18.07,14.38,12.32,0.8,5.62,10.88,,,,75.0,Satisfactory
256881,DL005,2019-08-11 10:00:00,32.5,56.0,3.75,15.55,11.32,30.8,0.78,7.2,9.43,,,,76.0,Satisfactory
256882,DL005,2019-08-11 11:00:00,28.0,52.5,2.67,12.48,8.85,37.25,0.97,9.0,8.38,,,,76.0,Satisfactory
256883,DL005,2019-08-11 12:00:00,27.75,56.75,2.12,12.82,8.53,22.3,0.97,11.55,9.18,,,,76.0,Satisfactory
256884,DL005,2019-08-11 13:00:00,29.75,77.5,2.08,13.03,8.62,16.8,1.05,11.18,21.27,,,,76.0,Satisfactory
256885,DL005,2019-08-11 14:00:00,36.0,85.75,1.88,13.02,8.47,14.07,1.1,8.17,41.2,,,,77.0,Satisfactory
256886,DL005,2019-08-11 15:00:00,31.25,76.75,1.27,12.55,7.67,13.33,0.97,7.97,41.28,,,,79.0,Satisfactory
256887,DL005,2019-08-11 16:00:00,35.0,72.5,1.7,13.97,8.82,24.68,0.7,6.57,46.27,,,,80.0,Satisfactory
256888,DL005,2019-08-11 17:00:00,33.25,78.25,1.9,13.6,8.85,47.25,0.75,5.98,43.62,,,,81.0,Satisfactory
256889,DL005,2019-08-11 18:00:00,29.25,76.75,1.65,13.82,8.72,45.67,0.8,6.07,45.92,,,,82.0,Satisfactory
256890,DL005,2019-08-11 19:00:00,31.5,81.75,2.25,17.77,11.27,33.73,1.12,7.7,20.3,,121.6,,82.0,Satisfactory
256891,DL005,2019-08-11 20:00:00,26.5,55.5,1.73,11.85,7.75,19.57,1.2,10.43,,,,,81.0,Satisfactory
256892,DL005,2019-08-11 21:00:00,25.5,34.75,2.52,29.02,17.52,14.47,1.35,10.15,1.4,,,,79.0,Satisfactory
256893,DL005,2019-08-11 22:00:00,24.25,35.75,1.88,13.97,8.97,12.22,0.67,4.03,4.2,,,,76.0,Satisfactory
256894,DL005,2019-08-11 23:00:00,17.75,23.5,1.58,16.98,10.33,11.53,0.55,2.75,6.65,,,,73.0,Satisfactory
256895,DL005,2019-08-12 00:00:00,22.25,25.75,2.02,22.1,13.43,11.07,0.5,2.25,16.03,,,,71.0,Satisfactory
256896,DL005,2019-08-12 01:00:00,22.75,31.25,2.12,23.65,14.35,21.52,0.5,1.52,18.7,,,,69.0,Satisfactory
256897,DL005,2019-08-12 02:00:00,31.0,43.75,2.2,22.9,13.97,54.38,0.5,1.85,,,,,68.0,Satisfactory
256898,DL005,2019-08-12 03:00:00,29.25,48.5,2.6,14.3,9.8,45.2,,,6.38,,,,68.0,Satisfactory
256899,DL005,2019-08-12 04:00:00,22.25,33.5,2.1,12.88,8.55,29.93,0.8,10.93,,,,,68.0,Satisfactory
256900,DL005,2019-08-12 05:00:00,17.25,20.5,1.85,13.6,8.75,20.48,0.7,9.12,,,,,61.0,Satisfactory
256901,DL005,2019-08-12 06:00:00,19.0,23.5,1.98,14.68,9.4,15.6,0.8,7.52,6.85,,,,58.0,Satisfactory
256902,DL005,2019-08-12 07:00:00,22.0,28.25,2.23,14.33,9.47,13.05,0.68,7.62,15.2,,,,56.0,Satisfactory
256903,DL005,2019-08-12 08:00:00,23.25,28.5,3.17,14.2,10.12,12.07,0.75,7.22,14.12,,,,52.0,Satisfactory
256904,DL005,2019-08-12 09:00:00,25.75,29.0,3.88,13.43,10.3,19.23,0.8,6.88,9.75,,,,49.0,Good
256905,DL005,2019-08-12 10:00:00,22.25,33.5,3.08,11.7,8.72,36.85,0.7,6.72,10.6,,,,48.0,Good
256906,DL005,2019-08-12 11:00:00,23.5,33.0,3.65,13.62,10.2,35.7,1.05,7.05,11.12,,,,52.0,Satisfactory
256907,DL005,2019-08-12 12:00:00,25.75,46.5,3.7,13.82,10.35,22.88,1.0,10.05,,,,,52.0,Satisfactory
256908,DL005,2019-08-12 13:00:00,28.5,49.75,2.33,11.53,8.05,18.02,0.97,8.9,6.75,,,,52.0,Satisfactory
256909,DL005,2019-08-12 14:00:00,29.75,44.75,1.6,9.2,6.2,14.38,1.0,10.22,13.12,,,,52.0,Satisfactory
256910,DL005,2019-08-12 15:00:00,27.25,33.75,2.1,8.62,6.3,12.3,0.83,8.2,8.38,,,,52.0,Satisfactory
256911,DL005,2019-08-12 16:00:00,22.25,16.25,2.12,9.83,6.97,11.93,0.75,5.45,17.1,,,,52.0,Satisfactory
256912,DL005,2019-08-12 17:00:00,21.25,25.25,2.4,9.72,7.12,11.43,0.67,4.45,15.25,,,,52.0,Satisfactory
256913,DL005,2019-08-12 18:00:00,16.5,14.5,2.55,11.65,8.28,45.35,0.72,4.38,14.88,,,,52.0,Satisfactory
256914,DL005,2019-08-12 19:00:00,20.25,19.25,2.53,15.88,10.5,42.88,1.15,4.82,14.12,,,,57.0,Satisfactory
256915,DL005,2019-08-12 20:00:00,29.25,38.75,3.08,31.35,19.2,27.2,1.7,8.95,,,,,85.0,Satisfactory
256916,DL005,2019-08-12 21:00:00,42.25,83.0,7.15,53.0,34.0,20.9,2.2,10.85,,,,,102.0,Moderate
256917,DL005,2019-08-12 22:00:00,51.5,103.5,2.4,17.92,11.52,15.27,0.75,3.88,2.1,,,,102.0,Moderate
256918,DL005,2019-08-12 23:00:00,22.75,28.75,1.52,12.25,7.78,12.45,0.5,2.65,6.23,,,,102.0,Moderate
256919,DL005,2019-08-13 00:00:00,23.25,27.5,1.98,20.43,12.47,11.97,0.57,2.55,19.92,,,,102.0,Moderate
256920,DL005,2019-08-13 01:00:00,26.5,36.25,2.2,23.9,14.52,30.58,0.57,2.55,18.05,,,,102.0,Moderate
256921,DL005,2019-08-13 02:00:00,23.75,36.0,2.38,20.18,12.65,55.85,0.5,3.05,4.8,,,,102.0,Moderate
256922,DL005,2019-08-13 03:00:00,22.0,26.5,2.8,15.3,10.4,47.3,,,5.67,,,,102.0,Moderate
256923,DL005,2019-08-13 04:00:00,29.5,35.25,1.95,13.55,8.82,31.4,0.9,8.85,,,,,102.0,Moderate
256924,DL005,2019-08-13 05:00:00,33.75,38.75,2.0,13.82,9.02,22.35,0.88,8.55,,,,,45.0,Good
256925,DL005,2019-08-13 06:00:00,33.25,41.0,2.4,14.2,9.52,16.77,0.8,7.33,,,,,45.0,Good
256926,DL005,2019-08-13 07:00:00,31.25,45.75,2.83,14.93,10.25,13.38,0.75,7.1,2.67,,,,46.0,Good
256927,DL005,2019-08-13 08:00:00,25.0,36.75,3.5,13.7,10.15,11.88,0.85,7.07,14.38,,,,46.0,Good
256928,DL005,2019-08-13 09:00:00,31.0,47.75,3.38,10.27,8.25,11.1,0.8,7.07,17.0,,,,46.0,Good
256929,DL005,2019-08-13 10:00:00,27.5,49.75,3.15,10.25,8.05,29.85,0.65,7.43,10.7,,,,46.0,Good
256930,DL005,2019-08-13 11:00:00,17.0,56.0,2.45,8.47,6.53,39.22,0.75,6.78,,,,,46.0,Good
256931,DL005,2019-08-13 12:00:00,19.5,55.0,2.22,8.43,6.28,23.93,0.82,7.08,2.8,,,,45.0,Good
256932,DL005,2019-08-13 13:00:00,26.25,67.25,1.75,8.5,5.97,22.3,0.6,6.22,7.95,,,,45.0,Good
256933,DL005,2019-08-13 14:00:00,24.75,59.5,10.65,10.9,14.85,71.47,0.77,4.08,23.23,,,,45.0,Good
256934,DL005,2019-08-13 15:00:00,24.75,58.5,2.23,10.38,7.32,37.23,0.83,5.45,11.07,,104.6,,45.0,Good
256935,DL005,2019-08-13 16:00:00,20.25,61.25,2.38,11.67,8.18,31.7,0.9,5.12,15.25,,127.85,,45.0,Good
256936,DL005,2019-08-13 17:00:00,27.75,85.5,1.85,10.65,7.15,28.57,0.88,5.88,12.77,,153.05,,48.0,Good
256937,DL005,2019-08-13 18:00:00,28.0,61.25,2.25,20.55,12.75,40.5,0.95,6.72,11.9,,,,50.0,Good
256938,DL005,2019-08-13 19:00:00,25.25,53.5,3.55,45.1,26.85,44.45,1.55,6.67,14.6,,,,78.0,Satisfactory
256939,DL005,2019-08-13 20:00:00,34.5,73.0,3.77,52.67,31.07,39.75,1.85,7.15,13.88,,,,92.0,Satisfactory
256940,DL005,2019-08-13 21:00:00,33.5,70.0,6.05,54.88,34.12,27.4,1.98,10.43,8.38,,,,99.0,Satisfactory
256941,DL005,2019-08-13 22:00:00,30.75,54.0,3.62,27.48,17.58,18.27,0.85,9.12,9.47,,,,99.0,Satisfactory
256942,DL005,2019-08-13 23:00:00,19.75,34.25,2.35,21.45,13.35,14.68,0.62,8.9,9.38,,,,99.0,Satisfactory
256943,DL005,2019-08-14 00:00:00,26.25,39.0,2.0,21.73,13.18,12.6,0.52,6.85,7.82,,,,99.0,Satisfactory
256944,DL005,2019-08-14 01:00:00,32.5,38.5,1.95,17.15,10.7,12.47,0.35,4.3,14.1,,,,99.0,Satisfactory
256945,DL005,2019-08-14 02:00:00,35.5,26.5,2.58,20.3,12.88,36.98,0.45,4.88,,,,,99.0,Satisfactory
256946,DL005,2019-08-14 03:00:00,22.5,19.75,2.2,24.1,14.6,72.4,,,21.32,,,,99.0,Satisfactory
256947,DL005,2019-08-14 04:00:00,23.0,13.0,2.02,20.7,12.62,45.4,0.97,4.58,13.77,,,,99.0,Satisfactory
256948,DL005,2019-08-14 05:00:00,26.0,19.75,2.12,19.9,12.32,27.3,1.2,8.55,10.62,,,,60.0,Satisfactory
256949,DL005,2019-08-14 06:00:00,38.0,32.25,2.73,25.22,15.65,18.75,1.15,9.43,11.95,,,,60.0,Satisfactory
256950,DL005,2019-08-14 07:00:00,24.0,14.25,2.95,22.88,14.57,15.18,1.23,9.75,15.0,,,,62.0,Satisfactory
256951,DL005,2019-08-14 08:00:00,33.25,27.25,3.73,16.43,11.75,12.12,1.1,6.95,14.1,,,,62.0,Satisfactory
256952,DL005,2019-08-14 09:00:00,25.5,19.0,4.7,14.88,11.75,11.77,1.0,5.4,14.95,,,,62.0,Satisfactory
256953,DL005,2019-08-14 10:00:00,25.75,21.0,3.45,13.5,9.97,15.7,0.72,7.12,16.0,,,,62.0,Satisfactory
256954,DL005,2019-08-14 11:00:00,25.0,27.5,2.82,11.43,8.35,47.82,0.7,7.1,12.5,,,,62.0,Satisfactory
256955,DL005,2019-08-14 12:00:00,35.75,35.5,2.12,12.67,8.48,50.3,0.88,7.35,18.25,,,,62.0,Satisfactory
256956,DL005,2019-08-14 13:00:00,43.5,58.75,2.45,13.82,9.32,30.82,1.35,9.53,28.65,,,,68.0,Satisfactory
256957,DL005,2019-08-14 14:00:00,47.75,63.75,2.35,11.95,8.3,20.7,1.1,11.15,30.0,,,,68.0,Satisfactory
256958,DL005,2019-08-14 15:00:00,33.5,40.0,,,,15.5,1.15,12.17,26.5,,,,68.0,Satisfactory
256959,DL005,2019-08-14 16:00:00,25.25,30.5,,,,13.5,0.75,7.52,25.88,,,,68.0,Satisfactory
256960,DL005,2019-08-14 17:00:00,44.5,52.5,,,,13.18,0.53,2.88,21.0,,,,68.0,Satisfactory
256961,DL005,2019-08-14 18:00:00,51.25,72.5,4.4,57.65,34.3,13.5,0.53,2.58,16.6,,,,68.0,Satisfactory
256962,DL005,2019-08-14 19:00:00,40.25,85.0,2.3,33.0,19.3,35.2,0.9,3.3,19.9,,,,68.0,Satisfactory
256963,DL005,2019-08-14 20:00:00,40.75,89.25,2.6,30.38,18.25,30.35,1.32,4.88,12.9,,,,68.0,Satisfactory
256964,DL005,2019-08-14 21:00:00,41.25,84.25,2.67,27.27,16.68,32.55,1.45,5.22,10.15,,,,72.0,Satisfactory
256965,DL005,2019-08-14 22:00:00,48.0,94.75,7.5,42.02,28.42,23.57,1.75,8.05,8.22,,,,88.0,Satisfactory
256966,DL005,2019-08-14 23:00:00,54.5,116.75,5.2,35.9,23.4,20.85,1.57,8.88,8.28,,,,88.0,Satisfactory
256967,DL005,2019-08-15 00:00:00,49.0,97.0,,,,17.8,1.4,9.32,7.93,,,,88.0,Satisfactory
256968,DL005,2019-08-15 01:00:00,59.25,98.25,,,,15.77,1.2,8.38,7.27,,,,88.0,Satisfactory
256969,DL005,2019-08-15 02:00:00,71.5,85.0,,,,14.4,1.25,7.5,,,,,88.0,Satisfactory
256970,DL005,2019-08-15 03:00:00,68.0,92.5,,,,35.3,,,6.05,,,,88.0,Satisfactory
256971,DL005,2019-08-15 04:00:00,63.0,108.5,,,,47.33,1.62,9.18,6.62,,,,88.0,Satisfactory
256972,DL005,2019-08-15 05:00:00,68.25,116.0,,,,37.1,1.73,10.3,9.8,,,,88.0,Satisfactory
256973,DL005,2019-08-15 06:00:00,66.75,102.75,,,,28.72,1.38,10.82,12.48,,,,86.0,Satisfactory
256974,DL005,2019-08-15 07:00:00,34.75,50.0,,,,21.58,1.15,10.85,9.62,,,,86.0,Satisfactory
256975,DL005,2019-08-15 08:00:00,15.75,13.0,,,,26.05,1.3,11.05,7.0,,,,86.0,Satisfactory
256976,DL005,2019-08-15 09:00:00,23.0,17.75,,,,29.75,1.1,10.35,8.52,,,,86.0,Satisfactory
256977,DL005,2019-08-15 10:00:00,20.5,15.5,,,,35.23,1.15,10.2,5.3,,,,86.0,Satisfactory
256978,DL005,2019-08-15 11:00:00,20.75,18.0,,,,36.55,1.1,10.05,10.72,,,,86.0,Satisfactory
256979,DL005,2019-08-15 12:00:00,18.5,14.5,,,,44.23,1.1,9.68,12.52,,,,86.0,Satisfactory
256980,DL005,2019-08-15 13:00:00,23.0,22.5,,,,46.45,1.52,9.85,12.5,,,,76.0,Satisfactory
256981,DL005,2019-08-15 14:00:00,23.25,25.75,,,,34.33,1.3,10.12,14.45,,,,76.0,Satisfactory
256982,DL005,2019-08-15 15:00:00,22.75,30.0,,,,27.58,1.35,10.2,17.3,,,,76.0,Satisfactory
256983,DL005,2019-08-15 16:00:00,20.25,27.75,,,,36.27,1.0,8.8,18.6,,,,76.0,Satisfactory
256984,DL005,2019-08-15 17:00:00,23.0,30.0,,,,42.3,1.1,7.9,15.75,,,,76.0,Satisfactory
256985,DL005,2019-08-15 18:00:00,20.5,31.5,,,,49.25,1.1,7.5,18.5,,,,76.0,Satisfactory
256986,DL005,2019-08-15 19:00:00,22.75,38.5,,,,55.33,1.17,6.57,17.92,,,,76.0,Satisfactory
256987,DL005,2019-08-15 20:00:00,26.5,49.75,,,,53.92,1.38,6.53,13.55,,,,76.0,Satisfactory
256988,DL005,2019-08-15 21:00:00,30.0,58.5,,,,42.98,1.82,6.42,10.62,,,,91.0,Satisfactory
256989,DL005,2019-08-15 22:00:00,27.75,46.75,,,,29.18,1.1,8.75,10.6,,,,91.0,Satisfactory
256990,DL005,2019-08-15 23:00:00,28.25,33.0,,,,26.65,0.95,9.93,19.88,,,,91.0,Satisfactory
256991,DL005,2019-08-16 00:00:00,24.0,31.0,,,,25.23,1.1,9.57,9.1,,,,91.0,Satisfactory
256992,DL005,2019-08-16 01:00:00,24.75,34.0,,,,23.95,0.88,10.1,22.1,,,,91.0,Satisfactory
256993,DL005,2019-08-16 02:00:00,18.0,28.75,,,,49.72,0.72,10.38,,,,,91.0,Satisfactory
256994,DL005,2019-08-16 03:00:00,18.25,14.0,,,,72.1,,,10.2,,,,91.0,Satisfactory
256995,DL005,2019-08-16 04:00:00,19.75,19.0,,,,48.72,1.0,8.02,13.62,,,,91.0,Satisfactory
256996,DL005,2019-08-16 05:00:00,21.5,23.5,,,,34.8,1.25,8.65,11.6,,,,62.0,Satisfactory
256997,DL005,2019-08-16 06:00:00,21.25,21.75,,,,26.65,1.27,8.53,9.18,,,,64.0,Satisfactory
256998,DL005,2019-08-16 07:00:00,28.75,31.0,,,,21.85,1.4,8.88,9.27,,,,70.0,Satisfactory
256999,DL005,2019-08-16 08:00:00,38.25,32.5,,,,19.55,1.33,9.6,10.18,,,,70.0,Satisfactory
257000,DL005,2019-08-16 09:00:00,33.25,30.0,,,,19.98,1.12,9.0,11.57,,,,70.0,Satisfactory
257001,DL005,2019-08-16 10:00:00,31.0,38.75,,,,31.85,1.1,9.07,11.62,,,,70.0,Satisfactory
257002,DL005,2019-08-16 11:00:00,21.25,43.75,,,,43.5,1.0,8.95,13.5,,,,70.0,Satisfactory
257003,DL005,2019-08-16 12:00:00,18.25,33.75,,,,49.28,1.05,7.65,14.07,,,,70.0,Satisfactory
257004,DL005,2019-08-16 13:00:00,15.25,34.5,,,,46.2,1.25,7.5,16.23,,,,70.0,Satisfactory
257005,DL005,2019-08-16 14:00:00,15.5,41.25,,,,34.05,1.1,8.9,19.35,,,,70.0,Satisfactory
257006,DL005,2019-08-16 15:00:00,20.25,46.25,,,,35.02,1.05,8.05,21.85,,,,66.0,Satisfactory
257007,DL005,2019-08-16 16:00:00,12.5,40.5,,,,34.17,1.05,7.55,23.27,,,,62.0,Satisfactory
257008,DL005,2019-08-16 17:00:00,14.0,37.0,,,,34.3,1.27,8.0,19.85,,,,64.0,Satisfactory
257009,DL005,2019-08-16 18:00:00,12.0,36.25,,,,28.3,1.38,8.75,13.4,,,,69.0,Satisfactory
257010,DL005,2019-08-16 19:00:00,10.5,50.25,,,,25.27,1.42,8.57,14.32,,155.6,,71.0,Satisfactory
257011,DL005,2019-08-16 20:00:00,23.0,44.0,,,,24.83,1.52,7.75,10.65,,,,76.0,Satisfactory
257012,DL005,2019-08-16 21:00:00,20.5,37.5,,,,27.88,1.4,7.72,10.23,,,,76.0,Satisfactory
257013,DL005,2019-08-16 22:00:00,20.0,25.25,,,,24.55,1.6,9.5,9.18,,,,80.0,Satisfactory
257014,DL005,2019-08-16 23:00:00,16.25,20.0,,,,19.32,1.45,10.72,9.35,,,,80.0,Satisfactory
257015,DL005,2019-08-17 00:00:00,22.0,21.0,,,,16.35,1.35,11.43,9.93,,,,80.0,Satisfactory
257016,DL005,2019-08-17 01:00:00,23.25,23.75,,,,14.7,1.2,9.9,12.02,,,,80.0,Satisfactory
257017,DL005,2019-08-17 02:00:00,31.5,21.25,,,,13.4,1.1,8.88,,,,,80.0,Satisfactory
257018,DL005,2019-08-17 03:00:00,15.75,13.75,,,,24.4,,,6.52,,,,80.0,Satisfactory
257019,DL005,2019-08-17 04:00:00,10.25,7.25,,,,26.77,1.0,9.02,9.93,,,,80.0,Satisfactory
257020,DL005,2019-08-17 05:00:00,14.0,7.75,,,,27.25,0.97,9.25,9.4,,,,80.0,Satisfactory
257021,DL005,2019-08-17 06:00:00,12.75,7.5,,,,23.93,1.3,8.02,8.25,,,,72.0,Satisfactory
257022,DL005,2019-08-17 07:00:00,11.0,8.75,,,,18.85,1.33,10.88,11.4,,,,68.0,Satisfactory
257023,DL005,2019-08-17 08:00:00,16.25,10.0,,,,17.0,1.3,9.18,16.83,,,,66.0,Satisfactory
257024,DL005,2019-08-17 09:00:00,12.75,12.25,,,,14.55,1.35,8.8,9.32,,,,68.0,Satisfactory
257025,DL005,2019-08-17 10:00:00,10.0,2.75,,,,13.32,0.88,10.3,10.75,,,,68.0,Satisfactory
257026,DL005,2019-08-17 11:00:00,11.75,8.25,,,,17.62,0.93,10.15,9.22,,,,68.0,Satisfactory
257027,DL005,2019-08-17 12:00:00,9.0,9.0,,,,27.93,0.9,10.3,9.45,,,,68.0,Satisfactory
257028,DL005,2019-08-17 13:00:00,11.5,13.5,,,,30.88,0.88,10.8,9.88,,,,68.0,Satisfactory
257029,DL005,2019-08-17 14:00:00,11.0,19.25,,,,29.05,1.18,10.05,8.57,,,,68.0,Satisfactory
257030,DL005,2019-08-17 15:00:00,11.5,22.75,,,,22.6,1.15,10.75,9.35,,,,68.0,Satisfactory
257031,DL005,2019-08-17 16:00:00,13.75,19.5,,,,19.5,1.07,11.88,13.05,,,,68.0,Satisfactory
257032,DL005,2019-08-17 17:00:00,14.0,12.25,,,,15.82,1.07,12.98,10.22,,,,59.0,Satisfactory
257033,DL005,2019-08-17 18:00:00,9.0,13.0,,,,15.43,0.93,12.62,13.58,,,,59.0,Satisfactory
257034,DL005,2019-08-17 19:00:00,10.75,13.0,,,,21.35,0.95,12.05,9.52,,,,59.0,Satisfactory
257035,DL005,2019-08-17 20:00:00,7.0,11.75,,,,29.35,1.12,12.17,7.2,,,,59.0,Satisfactory
257036,DL005,2019-08-17 21:00:00,8.0,8.25,,,,28.57,1.2,11.6,7.52,,,,60.0,Satisfactory
257037,DL005,2019-08-17 22:00:00,11.0,8.75,,,,25.77,1.62,8.85,7.17,,,,81.0,Satisfactory
257038,DL005,2019-08-17 23:00:00,14.0,7.75,,,,20.43,1.48,9.6,6.95,,,,81.0,Satisfactory
257039,DL005,2019-08-18 00:00:00,23.0,7.0,,,,17.02,1.38,8.3,8.07,,,,81.0,Satisfactory
257040,DL005,2019-08-18 01:00:00,9.5,4.5,,,,14.6,1.3,8.6,8.03,,,,81.0,Satisfactory
257041,DL005,2019-08-18 02:00:00,12.5,4.5,,,,13.38,1.15,8.35,,,,,81.0,Satisfactory
257042,DL005,2019-08-18 03:00:00,14.5,8.25,,,,25.9,,,7.15,,,,81.0,Satisfactory
257043,DL005,2019-08-18 04:00:00,10.0,6.5,,,,26.27,1.02,8.2,8.38,,,,81.0,Satisfactory
257044,DL005,2019-08-18 05:00:00,17.75,7.75,,,,24.68,1.08,7.62,8.45,,,,81.0,Satisfactory
257045,DL005,2019-08-18 06:00:00,13.5,7.5,,,,22.25,1.23,7.8,7.95,,,,74.0,Satisfactory
257046,DL005,2019-08-18 07:00:00,13.0,8.0,,,,18.73,1.27,10.03,9.9,,,,69.0,Satisfactory
257047,DL005,2019-08-18 08:00:00,15.0,8.0,,,,15.48,1.2,9.9,11.48,,,,65.0,Satisfactory
257048,DL005,2019-08-18 09:00:00,14.0,15.0,,,,14.43,1.2,7.58,10.88,,,,64.0,Satisfactory
257049,DL005,2019-08-18 10:00:00,18.5,9.5,,,,13.18,0.83,9.38,14.5,,,,64.0,Satisfactory
257050,DL005,2019-08-18 11:00:00,13.25,9.75,,,,19.0,0.72,9.07,12.62,,,,64.0,Satisfactory
257051,DL005,2019-08-18 12:00:00,12.75,5.0,,,,33.3,0.75,9.57,12.98,,,,64.0,Satisfactory
257052,DL005,2019-08-18 13:00:00,16.75,3.0,,,,34.25,0.72,8.77,13.3,,,,64.0,Satisfactory
257053,DL005,2019-08-18 14:00:00,12.0,6.0,,,,32.9,0.98,8.3,14.1,,,,64.0,Satisfactory
257054,DL005,2019-08-18 15:00:00,9.75,7.5,,,,23.4,1.12,10.1,13.3,,,,60.0,Satisfactory
257055,DL005,2019-08-18 16:00:00,13.5,13.0,,,,18.4,0.93,9.05,17.75,,,,60.0,Satisfactory
257056,DL005,2019-08-18 17:00:00,16.25,16.25,,,,15.55,1.02,9.2,17.73,,,,56.0,Satisfactory
257057,DL005,2019-08-18 18:00:00,12.75,16.75,,,,13.82,0.78,8.5,20.48,,,,56.0,Satisfactory
257058,DL005,2019-08-18 19:00:00,18.0,18.0,,,,14.0,0.8,6.82,20.95,,,,56.0,Satisfactory
257059,DL005,2019-08-18 20:00:00,21.0,28.0,,,,18.82,1.1,7.1,12.1,,,,56.0,Satisfactory
257060,DL005,2019-08-18 21:00:00,32.25,48.0,,,,26.4,1.45,7.05,10.88,,,,72.0,Satisfactory
257061,DL005,2019-08-18 22:00:00,40.5,69.5,,,,27.83,2.1,8.43,17.9,,,,101.0,Moderate
257062,DL005,2019-08-18 23:00:00,45.0,62.0,,,,24.5,2.4,8.95,22.5,,,,105.0,Moderate
257063,DL005,2019-08-19 00:00:00,51.0,70.0,,,,20.3,2.5,11.92,22.62,,,,106.0,Moderate
257064,DL005,2019-08-19 01:00:00,54.0,75.25,,,,19.75,3.05,10.05,19.45,,,,113.0,Moderate
257065,DL005,2019-08-19 02:00:00,62.5,89.25,,,,15.97,2.88,10.05,2.2,,,,113.0,Moderate
257066,DL005,2019-08-19 03:00:00,59.0,87.0,,,,27.0,,,12.57,,,,113.0,Moderate
257067,DL005,2019-08-19 04:00:00,57.0,95.5,,,,24.77,2.8,9.92,37.25,,,,113.0,Moderate
257068,DL005,2019-08-19 05:00:00,68.25,92.5,,,,25.65,2.75,9.18,60.98,,,,113.0,Moderate
257069,DL005,2019-08-19 06:00:00,66.75,87.0,,,,24.6,2.92,9.5,49.3,,,,113.0,Moderate
257070,DL005,2019-08-19 07:00:00,68.25,88.5,,,,22.6,3.2,10.23,20.88,,,,115.0,Moderate
257071,DL005,2019-08-19 08:00:00,67.75,97.5,,,,20.3,2.27,10.4,9.68,,,,115.0,Moderate
257072,DL005,2019-08-19 09:00:00,72.25,80.5,,,,17.62,1.68,10.6,8.2,,,,115.0,Moderate
257073,DL005,2019-08-19 10:00:00,63.75,62.0,,,,14.25,1.05,9.25,8.15,,,,115.0,Moderate
257074,DL005,2019-08-19 11:00:00,45.0,38.0,,,,12.18,0.83,8.62,14.68,,,,115.0,Moderate
257075,DL005,2019-08-19 12:00:00,31.0,39.0,,,,14.93,0.75,8.38,13.95,,,,115.0,Moderate
257076,DL005,2019-08-19 13:00:00,29.0,30.0,,,,32.67,0.7,7.83,13.02,,,,115.0,Moderate
257077,DL005,2019-08-19 14:00:00,19.0,34.0,,,,36.15,0.92,7.2,15.2,,,,115.0,Moderate
257078,DL005,2019-08-19 15:00:00,18.0,31.0,,,,28.55,0.72,8.62,18.95,,,,103.0,Moderate
257079,DL005,2019-08-19 16:00:00,30.0,52.0,,,,49.55,1.12,7.38,20.45,,,,84.0,Satisfactory
257080,DL005,2019-08-19 17:00:00,24.0,53.0,,,,53.55,1.08,6.05,21.23,,,,73.0,Satisfactory
257081,DL005,2019-08-19 18:00:00,23.0,47.0,,,,29.0,1.77,9.32,18.68,,,,88.0,Satisfactory
257082,DL005,2019-08-19 19:00:00,16.0,64.0,,,,21.8,1.52,9.18,21.72,,125.58,,88.0,Satisfactory
257083,DL005,2019-08-19 20:00:00,25.0,94.0,,,,19.02,1.62,8.75,18.85,,150.77,,88.0,Satisfactory
257084,DL005,2019-08-19 21:00:00,39.0,97.0,,,,19.73,1.88,9.45,12.18,,220.35,,94.0,Satisfactory
257085,DL005,2019-08-19 22:00:00,56.75,114.25,,,,20.98,1.62,8.43,10.2,,143.1,,94.0,Satisfactory
257086,DL005,2019-08-19 23:00:00,57.5,114.5,,,,21.12,2.08,9.55,7.02,,,,101.0,Moderate
257087,DL005,2019-08-20 00:00:00,55.25,94.0,,,,18.7,1.92,10.47,7.65,,,,101.0,Moderate
257088,DL005,2019-08-20 01:00:00,60.5,107.75,,,,17.67,1.73,8.75,7.9,,,,101.0,Moderate
257089,DL005,2019-08-20 02:00:00,57.5,74.25,,,,16.92,1.68,8.43,,,,,101.0,Moderate
257090,DL005,2019-08-20 03:00:00,61.75,62.5,,,,25.2,,,5.45,,,,101.0,Moderate
257091,DL005,2019-08-20 04:00:00,60.0,53.5,,,,20.2,1.2,8.22,8.72,,,,101.0,Moderate
257092,DL005,2019-08-20 05:00:00,57.25,56.5,,,,21.77,1.2,8.75,9.35,,,,101.0,Moderate
257093,DL005,2019-08-20 06:00:00,58.25,51.0,,,,26.5,1.27,8.45,9.18,,,,101.0,Moderate
257094,DL005,2019-08-20 07:00:00,57.0,49.25,,,,24.43,1.33,8.22,5.6,,,,96.0,Satisfactory
257095,DL005,2019-08-20 08:00:00,50.75,50.75,,,,21.5,1.27,8.65,15.78,,,,86.0,Satisfactory
257096,DL005,2019-08-20 09:00:00,47.0,39.5,,,,18.88,1.35,8.43,9.22,,,,84.0,Satisfactory
257097,DL005,2019-08-20 10:00:00,45.5,37.5,,,,16.23,0.93,9.03,8.1,,,,71.0,Satisfactory
257098,DL005,2019-08-20 11:00:00,46.0,45.0,,,,15.35,0.62,8.32,14.32,,,,71.0,Satisfactory
257099,DL005,2019-08-20 12:00:00,31.0,42.0,,,,48.58,0.6,9.38,18.52,,,,71.0,Satisfactory
257100,DL005,2019-08-20 13:00:00,19.25,42.5,,,,65.82,0.45,9.55,17.4,,,,71.0,Satisfactory
257101,DL005,2019-08-20 14:00:00,15.25,46.25,,,,55.05,0.2,9.53,6.2,,,,70.0,Satisfactory
257102,DL005,2019-08-20 15:00:00,27.25,53.75,,,,64.88,1.45,6.8,5.45,,,,72.0,Satisfactory
257103,DL005,2019-08-20 16:00:00,23.5,61.25,,,,49.47,1.25,7.45,17.55,,,,72.0,Satisfactory
257104,DL005,2019-08-20 17:00:00,21.75,80.0,,,,47.4,1.38,7.82,24.15,,,,72.0,Satisfactory
257105,DL005,2019-08-20 18:00:00,30.25,87.0,0.9,168.2,90.5,45.88,1.73,11.38,26.92,,,,86.0,Satisfactory
257106,DL005,2019-08-20 19:00:00,33.25,89.0,0.5,87.17,46.78,37.88,1.7,12.2,21.52,,120.18,,86.0,Satisfactory
257107,DL005,2019-08-20 20:00:00,41.5,115.0,0.38,55.0,29.55,34.65,1.7,11.38,15.62,,,,86.0,Satisfactory
257108,DL005,2019-08-20 21:00:00,46.25,122.5,0.3,43.8,23.52,34.7,1.75,10.88,14.75,,,,88.0,Satisfactory
257109,DL005,2019-08-20 22:00:00,49.5,128.75,0.32,38.52,20.73,36.15,1.45,9.55,11.6,,,,88.0,Satisfactory
257110,DL005,2019-08-20 23:00:00,58.75,137.75,0.5,35.98,19.52,33.35,1.42,8.35,8.53,,,,88.0,Satisfactory
257111,DL005,2019-08-21 00:00:00,63.25,146.75,0.45,32.1,17.42,33.23,1.27,8.43,7.3,,,,88.0,Satisfactory
257112,DL005,2019-08-21 01:00:00,65.25,134.0,0.43,29.27,15.92,33.0,1.3,8.68,6.32,,,,88.0,Satisfactory
257113,DL005,2019-08-21 02:00:00,72.5,106.25,0.25,25.88,13.97,38.1,1.27,8.65,5.8,,,,88.0,Satisfactory
257114,DL005,2019-08-21 03:00:00,71.25,99.25,0.5,22.9,12.6,63.5,,,6.97,,,,88.0,Satisfactory
257115,DL005,2019-08-21 04:00:00,112.0,158.5,0.35,23.1,12.57,49.12,1.6,8.72,6.22,,,,88.0,Satisfactory
257116,DL005,2019-08-21 05:00:00,90.25,133.0,0.3,22.6,12.25,35.12,1.42,9.0,5.95,,,,86.0,Satisfactory
257117,DL005,2019-08-21 06:00:00,71.25,123.25,0.38,22.52,12.28,29.12,1.32,8.88,6.5,,,,89.0,Satisfactory
257118,DL005,2019-08-21 07:00:00,76.25,127.25,0.85,23.05,12.98,25.5,1.25,8.0,4.78,,,,92.0,Satisfactory
257119,DL005,2019-08-21 08:00:00,78.0,142.0,1.0,22.35,12.7,23.32,1.15,7.83,3.42,,,,96.0,Satisfactory
257120,DL005,2019-08-21 09:00:00,65.5,125.0,0.43,20.9,11.45,23.02,0.93,7.98,7.88,,,,99.0,Satisfactory
257121,DL005,2019-08-21 10:00:00,42.25,109.25,0.3,20.83,11.35,34.58,1.35,8.85,10.98,,,,102.0,Moderate
257122,DL005,2019-08-21 11:00:00,35.25,118.25,0.3,19.8,10.7,38.2,1.5,10.3,16.12,,,,104.0,Moderate
257123,DL005,2019-08-21 12:00:00,47.25,152.0,1.52,138.75,75.53,50.65,0.8,5.22,18.6,,,,107.0,Moderate
257124,DL005,2019-08-21 13:00:00,44.25,148.5,1.52,168.4,90.78,38.2,0.75,6.97,23.23,,,,110.0,Moderate
257125,DL005,2019-08-21 14:00:00,43.0,135.75,1.95,163.32,88.45,31.88,0.57,6.32,28.77,,,,112.0,Moderate
257126,DL005,2019-08-21 15:00:00,45.0,130.75,1.9,164.5,89.05,25.85,0.28,5.53,30.62,,,,114.0,Moderate
257127,DL005,2019-08-21 16:00:00,41.0,137.25,1.88,181.95,98.28,32.5,0.3,5.05,33.9,,,,116.0,Moderate
257128,DL005,2019-08-21 17:00:00,37.0,135.0,2.05,194.98,105.4,57.35,0.23,4.75,38.88,,,,118.0,Moderate
257129,DL005,2019-08-21 18:00:00,37.5,129.25,2.5,208.85,113.07,57.75,0.55,4.9,40.97,,130.05,,119.0,Moderate
257130,DL005,2019-08-21 19:00:00,47.75,162.75,1.7,202.55,109.1,44.73,0.95,6.72,36.98,,159.9,,121.0,Moderate
257131,DL005,2019-08-21 20:00:00,50.0,162.0,1.85,218.03,117.45,45.85,1.02,6.7,31.4,,247.5,,122.0,Moderate
257132,DL005,2019-08-21 21:00:00,61.0,189.5,1.62,217.7,117.1,44.55,1.25,6.82,22.83,,240.0,,124.0,Moderate
257133,DL005,2019-08-21 22:00:00,67.75,190.75,2.0,206.18,111.28,40.23,0.88,5.27,17.05,,226.08,,126.0,Moderate
257134,DL005,2019-08-21 23:00:00,67.75,180.0,4.6,211.78,116.35,31.13,0.52,3.48,5.38,,131.45,,127.0,Moderate
257135,DL005,2019-08-22 00:00:00,59.5,145.0,3.95,205.97,112.75,29.82,0.23,3.17,8.4,,,,127.0,Moderate
257136,DL005,2019-08-22 01:00:00,55.5,121.5,2.53,187.78,101.93,39.67,0.1,3.83,7.67,,,,127.0,Moderate
257137,DL005,2019-08-22 02:00:00,54.0,93.0,1.67,174.78,94.32,50.9,0.4,3.97,,,,,126.0,Moderate
257138,DL005,2019-08-22 03:00:00,46.75,87.25,3.7,157.0,86.5,62.4,,,9.97,,,,126.0,Moderate
257139,DL005,2019-08-22 04:00:00,51.5,96.5,3.02,164.77,90.12,46.6,0.45,4.57,7.22,,,,124.0,Moderate
257140,DL005,2019-08-22 05:00:00,48.0,92.0,2.73,165.55,90.27,33.75,0.12,5.25,7.42,,,,123.0,Moderate
257141,DL005,2019-08-22 06:00:00,43.25,86.25,5.5,169.25,94.45,30.52,0.15,4.4,6.35,,,,122.0,Moderate
257142,DL005,2019-08-22 07:00:00,45.75,96.25,8.85,169.35,97.28,26.85,,3.55,6.6,,,,121.0,Moderate
257143,DL005,2019-08-22 08:00:00,42.5,104.5,6.95,167.55,94.75,30.9,0.1,3.75,7.45,,,,120.0,Moderate
257144,DL005,2019-08-22 09:00:00,44.0,127.0,4.0,164.43,90.7,37.62,,3.9,8.8,,,,120.0,Moderate
257145,DL005,2019-08-22 10:00:00,44.0,83.0,3.62,168.0,92.28,38.85,0.25,5.22,11.15,,,,120.0,Moderate
257146,DL005,2019-08-22 11:00:00,44.0,83.0,2.65,160.9,87.7,37.23,0.57,6.5,15.57,,,,119.0,Moderate
257147,DL005,2019-08-22 12:00:00,40.0,78.0,1.95,158.85,86.05,35.35,0.3,6.92,21.27,,,,119.0,Moderate
257148,DL005,2019-08-22 13:00:00,28.0,69.0,1.8,160.07,86.55,35.52,0.35,6.53,24.43,,,,119.0,Moderate
257149,DL005,2019-08-22 14:00:00,30.0,78.0,1.75,159.82,86.45,35.72,0.35,6.43,30.33,,,,119.0,Moderate
257150,DL005,2019-08-22 15:00:00,35.0,96.0,2.33,162.48,88.3,35.97,0.15,6.0,37.5,,,,119.0,Moderate
257151,DL005,2019-08-22 16:00:00,39.0,178.0,3.05,172.97,94.5,50.92,0.2,5.08,42.42,,,,119.0,Moderate
257152,DL005,2019-08-22 17:00:00,39.0,117.0,2.75,194.88,105.9,45.97,0.45,5.45,43.17,,182.65,,119.0,Moderate
257153,DL005,2019-08-22 18:00:00,62.0,161.0,2.52,199.7,108.28,38.65,0.7,5.15,29.0,,162.45,,118.0,Moderate
257154,DL005,2019-08-22 19:00:00,68.0,186.0,2.52,199.05,107.93,34.03,1.4,5.53,10.9,,160.77,,118.0,Moderate
257155,DL005,2019-08-22 20:00:00,66.0,196.0,1.72,204.8,110.35,32.95,1.43,5.78,17.6,,,,118.0,Moderate
257156,DL005,2019-08-22 21:00:00,66.0,191.0,5.42,255.57,140.38,36.38,2.78,5.88,8.85,,102.2,,119.0,Moderate
257157,DL005,2019-08-22 22:00:00,90.0,251.0,19.57,276.88,163.18,43.0,3.2,5.3,9.38,,109.75,,121.0,Moderate
257158,DL005,2019-08-22 23:00:00,95.0,287.0,46.73,267.33,180.32,38.95,3.48,5.05,9.55,,123.85,,124.0,Moderate
257159,DL005,2019-08-23 00:00:00,95.0,240.0,26.92,248.32,154.12,38.65,1.95,4.35,7.78,,129.62,,126.0,Moderate
257160,DL005,2019-08-23 01:00:00,79.0,189.0,6.8,218.22,121.6,41.15,0.75,3.6,7.85,,,,126.0,Moderate
257161,DL005,2019-08-23 02:00:00,90.0,197.0,2.85,194.8,105.9,42.38,0.45,3.75,7.7,,,,127.0,Moderate
257162,DL005,2019-08-23 03:00:00,90.0,177.0,4.1,171.3,94.4,55.9,,,7.28,,,,129.0,Moderate
257163,DL005,2019-08-23 04:00:00,83.0,157.0,2.83,167.38,91.33,42.95,0.55,4.12,8.6,,,,131.0,Moderate
257164,DL005,2019-08-23 05:00:00,68.0,124.0,1.85,159.3,86.25,33.65,0.23,4.88,9.8,,,,132.0,Moderate
257165,DL005,2019-08-23 06:00:00,64.0,110.0,2.42,166.75,90.65,31.67,0.25,4.45,7.75,,,,133.0,Moderate
257166,DL005,2019-08-23 07:00:00,64.0,132.0,7.05,175.12,98.93,29.0,0.33,4.35,6.38,,,,134.0,Moderate
257167,DL005,2019-08-23 08:00:00,69.0,161.0,7.05,172.25,97.38,28.68,0.15,3.88,7.15,,,,135.0,Moderate
257168,DL005,2019-08-23 09:00:00,58.0,136.0,4.9,165.88,92.2,31.0,,3.92,9.5,,,,135.0,Moderate
257169,DL005,2019-08-23 10:00:00,55.0,113.0,2.93,161.73,88.38,33.6,0.28,5.72,13.67,,,,136.0,Moderate
257170,DL005,2019-08-23 11:00:00,52.0,141.0,2.28,159.82,86.88,36.9,0.55,6.17,20.02,,,,138.0,Moderate
257171,DL005,2019-08-23 12:00:00,31.0,118.0,1.55,155.62,84.05,39.5,0.17,6.35,29.4,,,,139.0,Moderate
257172,DL005,2019-08-23 13:00:00,46.0,117.0,1.77,157.3,85.12,40.6,0.3,6.67,31.58,,,,140.0,Moderate
257173,DL005,2019-08-23 14:00:00,39.0,117.0,1.62,150.8,81.47,38.83,0.32,7.33,31.62,,,,141.0,Moderate
257174,DL005,2019-08-23 15:00:00,38.0,106.0,1.73,145.77,78.93,34.0,0.1,7.25,32.38,,,,142.0,Moderate
257175,DL005,2019-08-23 16:00:00,33.0,112.0,1.82,146.52,79.4,33.28,,5.35,34.95,,,,140.0,Moderate
257176,DL005,2019-08-23 17:00:00,28.0,111.0,1.7,151.5,81.97,39.58,0.1,4.5,35.97,,,,140.0,Moderate
257177,DL005,2019-08-23 18:00:00,41.75,136.0,2.08,162.38,88.08,41.35,0.25,4.22,34.77,,114.25,,139.0,Moderate
257178,DL005,2019-08-23 19:00:00,49.5,161.25,1.5,162.25,87.52,39.6,0.82,4.72,33.1,,123.65,,138.0,Moderate
257179,DL005,2019-08-23 20:00:00,47.5,153.5,1.35,153.82,82.93,38.03,0.47,5.07,30.45,,181.62,,137.0,Moderate
257180,DL005,2019-08-23 21:00:00,50.25,149.5,1.55,167.8,90.5,39.73,0.75,4.6,24.12,,182.83,,136.0,Moderate
257181,DL005,2019-08-23 22:00:00,60.25,178.25,1.9,180.35,97.47,38.65,1.08,4.03,11.28,,141.35,,134.0,Moderate
257182,DL005,2019-08-23 23:00:00,56.25,230.5,3.58,189.82,103.85,34.25,1.12,4.17,11.35,,,,132.0,Moderate
257183,DL005,2019-08-24 00:00:00,71.75,248.0,48.55,190.9,141.2,27.52,1.4,4.95,6.47,,,,133.0,Moderate
257184,DL005,2019-08-24 01:00:00,79.25,286.75,12.4,178.93,105.25,26.18,0.6,4.08,5.0,,,,135.0,Moderate
257185,DL005,2019-08-24 02:00:00,75.75,172.5,4.57,165.75,91.85,24.18,0.65,4.18,,,,,135.0,Moderate
257186,DL005,2019-08-24 03:00:00,72.75,158.75,5.7,171.1,95.6,43.9,,,3.9,,,,134.0,Moderate
257187,DL005,2019-08-24 04:00:00,77.5,179.75,26.1,177.05,115.42,39.0,1.1,5.47,6.1,,,,135.0,Moderate
257188,DL005,2019-08-24 05:00:00,86.25,210.5,25.0,178.52,115.3,34.05,1.15,5.62,7.0,,,,137.0,Moderate
257189,DL005,2019-08-24 06:00:00,89.5,189.25,22.95,170.57,109.42,29.82,1.02,6.72,6.6,,,,139.0,Moderate
257190,DL005,2019-08-24 07:00:00,96.75,205.75,24.6,170.33,110.65,28.52,1.0,6.43,5.62,,,,141.0,Moderate
257191,DL005,2019-08-24 08:00:00,120.5,237.5,11.35,172.08,100.75,27.68,0.68,8.43,4.58,,,,144.0,Moderate
257192,DL005,2019-08-24 09:00:00,107.0,208.25,5.65,167.45,93.67,30.62,0.43,8.5,10.48,,,,146.0,Moderate
257193,DL005,2019-08-24 10:00:00,86.75,175.25,3.15,165.85,90.78,33.38,0.55,7.83,20.57,,,,147.0,Moderate
257194,DL005,2019-08-24 11:00:00,74.5,156.5,1.68,166.8,90.05,37.85,0.82,7.58,35.62,,,,148.0,Moderate
257195,DL005,2019-08-24 12:00:00,58.0,132.5,1.38,162.97,87.82,42.55,0.5,7.3,33.2,,,,148.0,Moderate
257196,DL005,2019-08-24 13:00:00,54.0,113.0,2.42,178.15,96.7,41.88,0.65,6.62,21.6,,,,148.0,Moderate
257197,DL005,2019-08-24 14:00:00,41.5,67.5,1.45,173.15,93.25,38.33,0.53,6.2,29.9,,,,147.0,Moderate
257198,DL005,2019-08-24 15:00:00,43.25,75.75,1.83,174.85,94.45,36.55,0.65,6.1,34.75,,,,146.0,Moderate
257199,DL005,2019-08-24 16:00:00,49.25,98.75,1.65,167.35,90.4,32.8,0.1,4.9,28.2,,,,145.0,Moderate
257200,DL005,2019-08-24 17:00:00,39.0,78.5,2.42,176.4,95.8,37.67,0.2,4.17,21.75,,116.0,,145.0,Moderate
257201,DL005,2019-08-24 18:00:00,41.0,72.25,2.15,179.0,96.92,38.67,0.15,4.15,16.08,,162.45,,143.0,Moderate
257202,DL005,2019-08-24 19:00:00,36.75,67.0,1.95,179.35,96.97,44.22,0.55,4.55,15.27,,110.6,,140.0,Moderate
257203,DL005,2019-08-24 20:00:00,37.75,68.5,1.75,170.72,92.22,49.12,0.83,5.03,13.2,,,,138.0,Moderate
257204,DL005,2019-08-24 21:00:00,50.75,73.25,1.75,159.88,86.42,43.45,0.75,5.53,11.18,,,,136.0,Moderate
257205,DL005,2019-08-24 22:00:00,52.0,83.5,1.77,161.7,87.42,38.12,0.98,4.82,8.0,,,,133.0,Moderate
257206,DL005,2019-08-24 23:00:00,67.25,114.5,2.05,163.05,88.38,35.12,0.88,3.97,6.53,,,,130.0,Moderate
257207,DL005,2019-08-25 00:00:00,69.5,124.5,3.93,176.1,96.9,31.8,0.93,4.0,40.2,,,,126.0,Moderate
257208,DL005,2019-08-25 01:00:00,65.5,119.0,3.07,173.2,94.62,36.38,0.38,4.53,7.82,,,,122.0,Moderate
257209,DL005,2019-08-25 02:00:00,40.5,76.75,2.73,167.55,91.33,43.1,0.43,4.95,,,,,119.0,Moderate
257210,DL005,2019-08-25 03:00:00,42.5,67.0,4.9,170.8,94.8,63.2,,,26.25,,,,117.0,Moderate
257211,DL005,2019-08-25 04:00:00,46.25,69.75,4.6,172.2,95.32,49.62,0.78,3.58,31.25,,,,115.0,Moderate
257212,DL005,2019-08-25 05:00:00,53.75,82.25,6.4,171.57,96.48,37.77,0.82,3.88,14.6,,,,115.0,Moderate
257213,DL005,2019-08-25 06:00:00,58.5,96.5,7.57,164.6,93.72,33.15,0.85,3.9,8.93,,,,114.0,Moderate
257214,DL005,2019-08-25 07:00:00,67.0,102.5,6.95,157.4,89.38,31.62,0.7,3.62,7.4,,,,113.0,Moderate
257215,DL005,2019-08-25 08:00:00,67.25,106.5,8.4,153.23,88.38,28.3,0.57,2.77,7.22,,,,113.0,Moderate
257216,DL005,2019-08-25 09:00:00,55.75,94.5,4.2,149.03,82.65,27.55,0.23,3.95,6.4,,,,112.0,Moderate
257217,DL005,2019-08-25 10:00:00,42.25,60.5,3.25,142.1,78.25,29.2,0.4,5.95,7.52,,,,112.0,Moderate
257218,DL005,2019-08-25 11:00:00,32.25,54.5,4.18,150.62,83.53,36.73,0.62,6.72,7.45,,,,111.0,Moderate
257219,DL005,2019-08-25 12:00:00,38.25,63.0,4.47,161.32,89.47,44.55,0.93,6.82,11.18,,,,111.0,Moderate
257220,DL005,2019-08-25 13:00:00,45.75,75.5,3.52,168.22,92.32,43.18,0.93,6.45,23.83,,,,111.0,Moderate
257221,DL005,2019-08-25 14:00:00,47.75,77.5,2.38,164.05,89.18,42.0,0.83,6.55,46.0,,,,111.0,Moderate
257222,DL005,2019-08-25 15:00:00,47.25,77.75,1.35,158.65,85.5,40.08,0.7,6.65,62.48,,,,111.0,Moderate
257223,DL005,2019-08-25 16:00:00,44.75,81.0,1.25,148.33,79.88,32.05,0.23,7.2,50.12,,,,110.0,Moderate
257224,DL005,2019-08-25 17:00:00,33.5,87.0,1.35,152.53,82.28,30.65,0.15,5.7,16.68,,,,110.0,Moderate
257225,DL005,2019-08-25 18:00:00,29.25,42.75,1.88,165.53,89.57,29.25,0.3,6.38,12.05,,246.32,,109.0,Moderate
257226,DL005,2019-08-25 19:00:00,27.5,40.5,1.8,157.55,85.28,28.23,0.38,5.62,12.05,,151.95,,109.0,Moderate
257227,DL005,2019-08-25 20:00:00,22.0,26.25,1.7,157.5,85.1,35.0,0.7,5.97,9.93,,,,109.0,Moderate
257228,DL005,2019-08-25 21:00:00,28.25,23.5,1.4,149.12,80.45,36.48,0.8,6.75,9.28,,,,108.0,Moderate
257229,DL005,2019-08-25 22:00:00,27.5,22.75,2.17,143.03,77.85,33.98,0.53,5.42,7.12,,,,108.0,Moderate
257230,DL005,2019-08-25 23:00:00,24.75,25.0,1.52,132.82,71.88,32.0,0.23,4.85,6.77,,,,107.0,Moderate
257231,DL005,2019-08-26 00:00:00,27.5,26.0,1.57,132.22,71.6,29.43,,3.45,6.85,,,,106.0,Moderate
257232,DL005,2019-08-26 01:00:00,20.5,26.25,1.78,133.07,72.18,32.02,,3.33,11.12,,,,105.0,Moderate
257233,DL005,2019-08-26 02:00:00,22.25,19.25,1.73,129.95,70.5,34.48,0.1,2.4,,,,,104.0,Moderate
257234,DL005,2019-08-26 03:00:00,23.25,27.75,3.0,128.1,70.5,53.7,,,6.38,,,,103.0,Moderate
257235,DL005,2019-08-26 04:00:00,24.75,38.75,1.88,129.73,70.5,44.02,0.3,4.2,5.38,,,,102.0,Moderate
257236,DL005,2019-08-26 05:00:00,27.25,29.5,1.7,127.55,69.25,32.7,0.32,4.5,5.4,,,,101.0,Moderate
257237,DL005,2019-08-26 06:00:00,28.25,32.25,3.32,128.82,71.2,27.25,0.4,4.6,5.45,,,,100.0,Satisfactory
257238,DL005,2019-08-26 07:00:00,29.5,39.5,3.35,125.93,69.7,25.25,0.3,4.53,6.05,,,,99.0,Satisfactory
257239,DL005,2019-08-26 08:00:00,30.0,47.5,3.9,114.6,64.12,23.98,0.15,3.9,5.03,,,,98.0,Satisfactory
257240,DL005,2019-08-26 09:00:00,28.75,41.75,5.5,112.7,64.4,24.85,0.15,4.38,7.97,,,,97.0,Satisfactory
257241,DL005,2019-08-26 10:00:00,33.25,47.75,8.15,129.45,75.5,27.4,0.47,4.35,9.48,,,,97.0,Satisfactory
257242,DL005,2019-08-26 11:00:00,28.75,48.0,4.58,126.1,70.8,32.0,0.57,3.7,16.17,,,,96.0,Satisfactory
257243,DL005,2019-08-26 12:00:00,23.25,43.0,2.98,120.85,66.67,35.27,0.75,4.22,28.62,,,,95.0,Satisfactory
257244,DL005,2019-08-26 13:00:00,29.25,88.25,1.8,119.33,64.95,37.35,0.6,4.1,40.07,,,,94.0,Satisfactory
257245,DL005,2019-08-26 14:00:00,35.25,179.25,1.98,112.03,61.17,30.68,0.72,3.15,36.73,,,,92.0,Satisfactory
257246,DL005,2019-08-26 15:00:00,31.75,69.25,,,,22.35,0.75,3.35,30.4,,,,92.0,Satisfactory
257247,DL005,2019-08-26 16:00:00,27.75,58.75,,,,20.1,0.23,3.0,13.55,,142.8,,91.0,Satisfactory
257248,DL005,2019-08-26 17:00:00,26.5,51.0,,,,23.3,0.2,2.53,8.65,,,,91.0,Satisfactory
257249,DL005,2019-08-26 18:00:00,27.25,55.5,,,,32.88,0.35,4.38,9.6,,143.4,,90.0,Satisfactory
257250,DL005,2019-08-26 19:00:00,31.75,78.75,1.38,132.7,71.7,50.77,0.93,5.95,19.27,,,,89.0,Satisfactory
257251,DL005,2019-08-26 20:00:00,29.25,91.5,1.9,126.1,68.6,33.35,2.35,5.2,10.43,,,,104.0,Moderate
257252,DL005,2019-08-26 21:00:00,41.25,120.75,2.42,108.92,59.9,23.12,2.22,4.22,4.4,,,,104.0,Moderate
257253,DL005,2019-08-26 22:00:00,40.25,117.5,2.8,97.6,54.15,19.43,1.23,5.28,5.35,,,,104.0,Moderate
257254,DL005,2019-08-26 23:00:00,46.25,129.25,3.1,92.55,51.75,17.8,0.95,5.6,7.77,,,,104.0,Moderate
257255,DL005,2019-08-27 00:00:00,56.75,133.75,5.6,98.7,57.1,18.25,0.38,4.8,20.3,,,,104.0,Moderate
257256,DL005,2019-08-27 01:00:00,70.25,129.5,6.0,117.05,67.12,19.48,0.15,3.55,12.0,,,,104.0,Moderate
257257,DL005,2019-08-27 02:00:00,74.75,114.5,11.25,120.12,73.05,30.4,0.2,3.12,,,,,104.0,Moderate
257258,DL005,2019-08-27 03:00:00,70.75,132.75,39.7,124.6,98.7,63.3,,,37.92,,,,104.0,Moderate
257259,DL005,2019-08-27 04:00:00,75.25,138.25,41.0,119.55,97.0,38.92,2.62,4.85,86.2,,,,108.0,Moderate
257260,DL005,2019-08-27 05:00:00,62.0,106.0,48.88,101.1,93.65,25.77,2.3,4.85,63.33,,,,108.0,Moderate
257261,DL005,2019-08-27 06:00:00,60.75,97.75,37.45,84.75,75.65,21.15,2.0,5.92,56.47,,,,108.0,Moderate
257262,DL005,2019-08-27 07:00:00,76.25,134.0,25.7,77.58,62.25,18.72,1.97,5.92,41.83,,,,108.0,Moderate
257263,DL005,2019-08-27 08:00:00,84.25,161.75,15.88,93.7,62.78,19.05,1.33,6.0,67.33,,,,108.0,Moderate
257264,DL005,2019-08-27 09:00:00,91.0,164.25,6.38,101.38,59.12,19.6,0.68,11.55,99.22,,,,108.0,Moderate
257265,DL005,2019-08-27 10:00:00,68.0,105.5,3.75,95.05,53.6,31.48,0.25,12.97,57.43,,,,108.0,Moderate
257266,DL005,2019-08-27 11:00:00,50.25,86.25,2.45,104.12,57.35,45.67,0.1,13.62,14.2,,,,108.0,Moderate
257267,DL005,2019-08-27 12:00:00,40.5,78.75,1.98,114.95,62.8,38.0,1.07,9.88,16.75,,,,106.0,Moderate
257268,DL005,2019-08-27 13:00:00,39.75,86.5,1.32,91.95,49.95,27.72,1.07,6.6,34.97,,,,106.0,Moderate
257269,DL005,2019-08-27 14:00:00,49.25,102.5,1.35,80.33,43.85,22.2,0.97,6.7,31.4,,,,104.0,Moderate
257270,DL005,2019-08-27 15:00:00,41.25,91.25,1.1,76.2,41.45,19.6,0.72,7.55,25.15,,,,105.0,Moderate
257271,DL005,2019-08-27 16:00:00,33.0,62.0,1.03,85.47,46.25,20.47,,6.8,25.68,,,,105.0,Moderate
257272,DL005,2019-08-27 17:00:00,29.0,72.0,1.02,111.42,60.1,37.75,,4.7,25.2,,,,105.0,Moderate
257273,DL005,2019-08-27 18:00:00,31.0,77.0,1.38,120.0,64.95,52.17,,3.88,22.72,,,,106.0,Moderate
257274,DL005,2019-08-27 19:00:00,31.0,101.0,1.45,130.15,70.38,50.83,0.1,3.23,18.52,,,,107.0,Moderate
257275,DL005,2019-08-27 20:00:00,34.0,139.0,1.8,141.68,76.8,43.25,1.35,3.65,12.68,,,,108.0,Moderate
257276,DL005,2019-08-27 21:00:00,42.0,219.0,2.55,116.12,63.8,27.85,1.7,3.35,6.75,,,,111.0,Moderate
257277,DL005,2019-08-27 22:00:00,47.0,216.0,3.0,106.7,59.2,23.15,1.52,5.0,3.48,,,,113.0,Moderate
257278,DL005,2019-08-27 23:00:00,55.0,193.0,3.2,100.03,55.8,21.55,1.08,6.55,8.5,,112.7,,115.0,Moderate
257279,DL005,2019-08-28 00:00:00,68.0,164.0,3.33,104.25,58.15,21.5,0.5,6.75,18.9,,129.12,,116.0,Moderate
257280,DL005,2019-08-28 01:00:00,73.0,173.0,3.05,118.7,65.65,23.8,0.15,5.15,12.68,,108.9,,117.0,Moderate
257281,DL005,2019-08-28 02:00:00,63.0,138.0,6.7,121.12,69.88,47.12,,5.03,7.3,,,,118.0,Moderate
257282,DL005,2019-08-28 03:00:00,58.0,106.0,8.8,112.9,67.2,60.2,,,8.8,,,,117.0,Moderate
257283,DL005,2019-08-28 04:00:00,58.0,91.0,11.32,107.7,66.5,42.33,1.6,5.4,10.25,,,,116.0,Moderate
257284,DL005,2019-08-28 05:00:00,55.0,96.0,13.15,87.2,57.12,27.38,1.5,5.82,6.1,,,,115.0,Moderate
257285,DL005,2019-08-28 06:00:00,59.0,111.0,19.07,76.57,56.27,22.57,1.55,5.9,10.08,,,,116.0,Moderate
257286,DL005,2019-08-28 07:00:00,68.0,134.0,16.27,79.25,55.42,20.35,1.77,5.88,8.0,,,,116.0,Moderate
257287,DL005,2019-08-28 08:00:00,92.0,171.5,10.15,83.62,52.8,20.95,1.18,6.08,34.35,,,,116.0,Moderate
257288,DL005,2019-08-28 09:00:00,108.0,177.5,7.42,102.7,60.67,20.65,1.0,9.7,55.52,,,,116.0,Moderate
257289,DL005,2019-08-28 10:00:00,95.0,173.0,5.05,102.97,58.88,32.15,0.3,8.8,21.02,,,,118.0,Moderate
257290,DL005,2019-08-28 11:00:00,45.0,80.0,2.38,105.75,58.17,53.28,0.23,5.25,14.07,,,,118.0,Moderate
257291,DL005,2019-08-28 12:00:00,34.0,80.5,1.75,127.47,69.25,50.27,1.12,3.85,35.35,,,,118.0,Moderate
257292,DL005,2019-08-28 13:00:00,38.0,91.0,1.47,93.55,50.97,31.32,1.3,4.08,44.88,,,,118.0,Moderate
257293,DL005,2019-08-28 14:00:00,51.0,123.0,1.52,78.35,42.9,23.1,1.02,4.12,25.48,,,,119.0,Moderate
257294,DL005,2019-08-28 15:00:00,50.0,109.0,1.65,71.38,39.33,19.25,0.9,5.0,20.67,,,,119.0,Moderate
257295,DL005,2019-08-28 16:00:00,30.0,97.25,1.2,73.75,40.2,18.8,,6.5,22.0,,,,120.0,Moderate
257296,DL005,2019-08-28 17:00:00,35.0,92.25,1.52,116.0,62.95,36.12,,5.7,24.82,,,,121.0,Moderate
257297,DL005,2019-08-28 18:00:00,28.0,102.25,1.3,117.4,63.48,57.77,,4.15,24.5,,,,122.0,Moderate
257298,DL005,2019-08-28 19:00:00,33.0,115.25,1.5,126.6,68.6,52.62,,3.33,19.32,,,,122.0,Moderate
257299,DL005,2019-08-28 20:00:00,40.0,149.75,1.7,131.97,71.57,46.72,0.88,4.43,12.35,,,,122.0,Moderate
257300,DL005,2019-08-28 21:00:00,36.0,152.25,2.27,116.83,63.88,31.45,1.75,3.5,9.5,,,,120.0,Moderate
257301,DL005,2019-08-28 22:00:00,55.0,180.0,1.55,75.97,41.7,23.2,0.6,5.2,10.32,,,,119.0,Moderate
257302,DL005,2019-08-28 23:00:00,46.0,128.75,1.8,81.22,44.68,23.25,0.67,6.73,9.15,,,,118.0,Moderate
257303,DL005,2019-08-29 00:00:00,61.0,152.0,2.67,91.97,51.05,23.38,0.3,6.8,21.98,,,,117.0,Moderate
257304,DL005,2019-08-29 01:00:00,56.0,188.0,2.55,109.18,60.12,31.25,,5.43,15.68,,,,118.0,Moderate
257305,DL005,2019-08-29 02:00:00,50.0,116.75,3.12,117.17,64.88,46.27,,4.72,,,,,117.0,Moderate
257306,DL005,2019-08-29 03:00:00,46.0,113.0,3.7,116.4,64.9,71.9,,,8.53,,,,117.0,Moderate
257307,DL005,2019-08-29 04:00:00,56.0,104.25,3.7,113.95,63.67,46.83,1.25,4.28,12.6,,,,118.0,Moderate
257308,DL005,2019-08-29 05:00:00,55.0,96.0,3.07,90.33,50.53,28.3,1.22,5.8,5.8,,,,118.0,Moderate
257309,DL005,2019-08-29 06:00:00,53.0,82.0,1.95,73.65,40.75,21.67,1.05,6.17,7.72,,,,117.0,Moderate
257310,DL005,2019-08-29 07:00:00,41.0,61.0,2.55,68.85,38.58,18.23,1.23,6.45,8.15,,,,115.0,Moderate
257311,DL005,2019-08-29 08:00:00,51.0,127.0,8.4,74.85,46.62,18.38,0.95,6.53,7.75,,,,114.0,Moderate
257312,DL005,2019-08-29 09:00:00,79.0,139.0,6.35,84.62,50.2,18.77,0.48,7.3,30.47,,,,113.0,Moderate
257313,DL005,2019-08-29 10:00:00,62.0,114.0,3.73,87.72,49.65,38.83,0.3,6.25,12.1,,,,111.0,Moderate
257314,DL005,2019-08-29 11:00:00,36.0,81.0,3.05,93.97,52.47,55.72,0.28,5.82,11.65,,,,111.0,Moderate
257315,DL005,2019-08-29 12:00:00,36.0,93.75,2.1,106.4,58.3,54.17,0.87,4.55,18.6,,,,111.0,Moderate
257316,DL005,2019-08-29 13:00:00,36.0,108.0,1.52,84.97,46.45,31.62,1.27,3.95,27.7,,,,112.0,Moderate
257317,DL005,2019-08-29 14:00:00,41.0,95.0,0.95,73.02,39.62,25.52,1.12,4.12,52.27,,,,111.0,Moderate
257318,DL005,2019-08-29 15:00:00,46.0,134.0,1.02,39.5,21.82,22.6,0.97,4.65,31.9,,,,112.0,Moderate
257319,DL005,2019-08-29 16:00:00,33.0,133.0,0.43,10.68,6.03,20.6,0.62,6.7,29.83,,,,113.0,Moderate
257320,DL005,2019-08-29 17:00:00,46.0,117.0,0.45,25.9,14.15,29.98,0.67,7.9,29.05,,,,113.0,Moderate
257321,DL005,2019-08-29 18:00:00,40.0,111.0,0.55,33.4,18.25,52.98,0.75,5.25,21.95,,,,114.0,Moderate
257322,DL005,2019-08-29 19:00:00,31.0,140.0,0.53,34.85,18.98,49.72,0.95,3.5,19.18,,,,114.0,Moderate
257323,DL005,2019-08-29 20:00:00,33.0,147.0,0.65,37.38,20.38,43.1,1.65,3.85,14.95,,,,114.0,Moderate
257324,DL005,2019-08-29 21:00:00,38.0,149.0,0.75,32.08,17.65,30.25,2.1,5.1,5.88,,,,114.0,Moderate
257325,DL005,2019-08-29 22:00:00,40.0,128.0,0.68,28.2,15.55,25.53,2.38,5.43,12.12,,,,113.0,Moderate
257326,DL005,2019-08-29 23:00:00,45.0,114.0,1.0,29.7,16.62,22.85,2.38,5.88,10.52,,,,112.0,Moderate
257327,DL005,2019-08-30 00:00:00,36.0,101.0,1.25,31.02,17.52,23.1,2.0,5.55,11.08,,,,111.0,Moderate
257328,DL005,2019-08-30 01:00:00,41.0,100.0,1.12,31.62,17.7,26.68,1.4,4.38,11.4,,,,108.0,Moderate
257329,DL005,2019-08-30 02:00:00,46.0,78.0,1.1,31.93,17.88,37.5,1.35,3.45,,,,,107.0,Moderate
257330,DL005,2019-08-30 03:00:00,40.0,79.0,1.8,31.9,18.4,56.4,,,7.7,,,,106.0,Moderate
257331,DL005,2019-08-30 04:00:00,48.0,91.0,2.7,31.23,18.8,41.95,2.2,5.0,13.5,,,,106.0,Moderate
257332,DL005,2019-08-30 05:00:00,42.0,101.0,2.58,25.67,15.78,28.9,2.38,6.38,5.15,,,,106.0,Moderate
257333,DL005,2019-08-30 06:00:00,56.0,108.0,2.25,21.2,13.1,23.65,2.3,6.62,9.05,,,,107.0,Moderate
257334,DL005,2019-08-30 07:00:00,72.0,124.0,2.67,19.3,12.45,21.48,2.42,6.8,6.15,,,,109.0,Moderate
257335,DL005,2019-08-30 08:00:00,74.0,129.0,3.25,17.77,12.07,19.3,2.12,6.88,8.0,,,,109.0,Moderate
257336,DL005,2019-08-30 09:00:00,75.0,108.0,2.65,18.8,12.15,18.02,1.73,6.88,29.8,,,,108.0,Moderate
257337,DL005,2019-08-30 10:00:00,72.0,127.0,1.43,23.25,13.53,23.55,1.88,7.58,43.55,,,,108.0,Moderate
257338,DL005,2019-08-30 11:00:00,81.0,157.0,0.83,25.15,14.05,44.28,1.95,8.32,73.28,,,,110.0,Moderate
257339,DL005,2019-08-30 12:00:00,89.0,166.0,0.6,28.38,15.57,54.3,2.02,9.45,75.25,,,,112.0,Moderate
257340,DL005,2019-08-30 13:00:00,89.0,163.0,0.55,27.25,14.93,42.02,2.62,10.25,78.7,,,,114.0,Moderate
257341,DL005,2019-08-30 14:00:00,94.0,177.0,0.45,19.65,10.85,30.5,2.12,10.22,73.47,,,,116.0,Moderate
257342,DL005,2019-08-30 15:00:00,74.0,149.0,0.45,16.27,8.97,26.15,1.92,9.95,47.58,,,,117.0,Moderate
257343,DL005,2019-08-30 16:00:00,48.0,103.0,0.4,16.05,8.82,23.9,1.25,7.9,52.68,,,,116.0,Moderate
257344,DL005,2019-08-30 17:00:00,57.0,117.0,0.3,19.48,10.6,24.47,0.98,6.88,73.57,,,,116.0,Moderate
257345,DL005,2019-08-30 18:00:00,64.0,128.0,0.38,28.52,15.5,33.4,1.38,5.7,68.32,,,,116.0,Moderate
257346,DL005,2019-08-30 19:00:00,86.0,141.25,0.5,35.45,19.3,39.52,1.55,5.03,50.33,,,,116.0,Moderate
257347,DL005,2019-08-30 20:00:00,79.0,157.0,0.5,39.85,21.62,40.23,1.93,4.32,37.8,,,,117.0,Moderate
257348,DL005,2019-08-30 21:00:00,83.0,157.0,0.5,30.65,16.73,33.08,2.38,4.88,23.3,,,,117.0,Moderate
257349,DL005,2019-08-30 22:00:00,101.0,164.0,0.57,30.88,16.85,29.27,2.68,5.75,18.45,,,,121.0,Moderate
257350,DL005,2019-08-30 23:00:00,101.0,191.0,0.68,28.92,15.93,26.05,2.62,6.75,17.05,,,,129.0,Moderate
257351,DL005,2019-08-31 00:00:00,108.0,206.25,0.97,27.98,15.68,24.55,2.3,7.17,13.38,,,,139.0,Moderate
257352,DL005,2019-08-31 01:00:00,110.0,204.0,0.93,25.88,14.5,23.95,1.78,6.55,25.83,,,,148.0,Moderate
257353,DL005,2019-08-31 02:00:00,114.0,198.0,0.88,27.75,15.47,23.53,1.5,5.97,,,,,158.0,Moderate
257354,DL005,2019-08-31 03:00:00,100.0,158.0,0.8,25.4,14.2,60.9,,,132.12,,,,166.0,Moderate
257355,DL005,2019-08-31 04:00:00,81.0,129.25,0.97,25.98,14.62,46.18,2.0,6.07,66.88,,,,171.0,Moderate
257356,DL005,2019-08-31 05:00:00,90.0,130.25,0.8,24.55,13.73,34.05,2.4,6.15,34.5,,,,178.0,Moderate
257357,DL005,2019-08-31 06:00:00,89.0,131.75,2.78,24.75,15.43,25.98,2.42,7.65,14.07,,,,182.0,Moderate
257358,DL005,2019-08-31 07:00:00,73.0,147.5,3.77,24.48,16.07,21.68,2.35,7.53,9.6,,,,182.0,Moderate
257359,DL005,2019-08-31 08:00:00,69.0,107.75,2.15,18.73,11.7,19.88,2.05,7.1,7.75,,,,182.0,Moderate
257360,DL005,2019-08-31 09:00:00,69.0,103.25,1.25,13.78,8.38,18.82,1.4,7.1,15.25,,,,181.0,Moderate
257361,DL005,2019-08-31 10:00:00,48.0,77.75,0.8,14.38,8.35,23.45,1.3,6.85,15.97,,,,177.0,Moderate
257362,DL005,2019-08-31 11:00:00,50.0,62.0,0.47,16.38,9.18,41.5,1.35,5.62,25.45,,,,173.0,Moderate
257363,DL005,2019-08-31 12:00:00,42.0,87.75,0.4,19.62,10.78,47.17,1.55,5.48,45.73,,,,167.0,Moderate
257364,DL005,2019-08-31 13:00:00,52.0,104.0,0.5,19.55,10.83,36.9,2.2,5.4,36.23,,,,161.0,Moderate
257365,DL005,2019-08-31 14:00:00,41.0,77.75,0.45,13.75,7.72,27.3,1.97,5.9,36.3,,,,154.0,Moderate
257366,DL005,2019-08-31 15:00:00,39.0,67.75,0.42,15.5,8.65,24.18,2.25,6.12,33.95,,113.8,,149.0,Moderate
257367,DL005,2019-08-31 16:00:00,53.0,91.5,0.47,16.43,9.12,21.43,1.8,5.15,30.82,,,,150.0,Moderate
257368,DL005,2019-08-31 17:00:00,62.0,111.0,0.57,23.67,13.05,20.8,1.62,4.68,36.85,,,,151.0,Moderate
257369,DL005,2019-08-31 18:00:00,62.0,148.25,0.5,30.07,16.4,23.58,1.65,4.08,39.08,,,,150.0,Moderate
257370,DL005,2019-08-31 19:00:00,70.0,152.0,0.6,34.05,18.6,34.05,1.88,2.88,32.17,,,,148.0,Moderate
257371,DL005,2019-08-31 20:00:00,70.0,169.0,0.78,38.28,21.02,39.65,2.25,2.95,25.17,,,,147.0,Moderate
257372,DL005,2019-08-31 21:00:00,89.0,193.25,0.62,34.43,18.85,37.7,2.7,3.48,18.35,,,,148.0,Moderate
257373,DL005,2019-08-31 22:00:00,97.0,194.75,0.9,36.6,20.2,35.67,4.03,4.7,29.07,,125.05,,147.0,Moderate
257374,DL005,2019-08-31 23:00:00,108.0,223.75,0.95,41.92,23.08,63.0,2.53,4.45,18.98,,116.55,,148.0,Moderate
257375,DL005,2019-09-01 00:00:00,106.0,223.0,1.15,44.5,24.6,48.35,3.67,3.58,8.82,,,,148.0,Moderate
257376,DL005,2019-09-01 01:00:00,111.0,202.0,1.07,32.75,18.32,33.23,3.05,4.8,26.55,,,,148.0,Moderate
257377,DL005,2019-09-01 02:00:00,125.0,217.75,2.15,38.33,22.12,27.07,3.08,4.25,,,,,149.0,Moderate
257378,DL005,2019-09-01 03:00:00,139.0,223.25,9.4,39.7,28.8,42.5,,,160.1,,102.57,,188.0,Moderate
257379,DL005,2019-09-01 04:00:00,124.0,229.0,9.8,41.35,30.0,35.88,3.65,4.68,61.1,,105.47,,188.0,Moderate
257380,DL005,2019-09-01 05:00:00,130.0,256.0,3.38,39.5,23.78,35.5,2.7,5.1,9.95,,101.2,,188.0,Moderate
257381,DL005,2019-09-01 06:00:00,119.0,200.0,2.65,39.67,23.3,45.42,2.67,4.3,17.3,,,,188.0,Moderate
257382,DL005,2019-09-01 07:00:00,85.0,167.0,1.3,16.43,9.78,25.77,1.27,5.3,5.15,,,,188.0,Moderate
257383,DL005,2019-09-01 08:00:00,35.0,63.0,0.47,13.62,7.67,29.17,0.5,6.58,13.9,,,,188.0,Moderate
257384,DL005,2019-09-01 09:00:00,31.0,53.0,0.5,22.35,12.3,41.38,0.32,5.25,10.68,,,,188.0,Moderate
257385,DL005,2019-09-01 10:00:00,13.0,30.0,0.7,25.48,14.15,37.77,1.45,4.33,12.45,,,,188.0,Moderate
257386,DL005,2019-09-01 11:00:00,16.0,39.0,1.08,31.12,17.43,31.77,1.77,5.05,25.17,,,,153.0,Moderate
257387,DL005,2019-09-01 12:00:00,30.0,57.0,1.55,36.2,20.52,31.35,1.77,5.7,35.65,,,,151.0,Moderate
257388,DL005,2019-09-01 13:00:00,33.0,74.0,1.27,51.85,28.7,81.25,1.6,4.95,23.27,,,,148.0,Moderate
257389,DL005,2019-09-01 14:00:00,39.0,86.0,,,,103.6,1.08,0.85,17.4,,,,148.0,Moderate
257390,DL005,2019-09-01 15:00:00,39.0,84.0,,,,85.93,0.45,,28.27,,,,148.0,Moderate
257391,DL005,2019-09-01 16:00:00,36.0,73.0,,,,,0.35,,39.88,,,,146.0,Moderate
257392,DL005,2019-09-01 17:00:00,38.25,78.25,,,,34.0,1.4,1.1,21.57,,,,142.0,Moderate
257393,DL005,2019-09-01 18:00:00,10.0,66.75,0.82,26.75,14.88,24.7,,2.3,29.77,,,,135.0,Moderate
257394,DL005,2019-09-01 19:00:00,15.5,79.75,0.4,23.02,12.57,21.27,,2.83,26.93,,,,128.0,Moderate
257395,DL005,2019-09-01 20:00:00,24.25,98.25,0.38,24.92,13.55,21.5,1.0,3.55,22.23,,,,123.0,Moderate
257396,DL005,2019-09-01 21:00:00,31.0,106.25,0.28,30.67,16.6,44.83,0.53,2.02,16.75,,,,120.0,Moderate
257397,DL005,2019-09-01 22:00:00,42.75,91.0,,,,78.7,1.6,1.65,13.28,,,,117.0,Moderate
257398,DL005,2019-09-01 23:00:00,49.75,84.25,,,,66.67,1.48,0.85,12.18,,,,113.0,Moderate
257399,DL005,2019-09-02 00:00:00,41.5,70.5,0.9,31.35,17.4,39.88,2.1,2.22,20.83,,,,109.0,Moderate
257400,DL005,2019-09-02 01:00:00,29.25,68.75,0.65,21.72,12.1,25.88,1.08,3.7,32.55,,,,105.0,Moderate
257401,DL005,2019-09-02 02:00:00,37.5,84.5,0.9,23.58,13.27,21.07,0.97,3.3,37.5,,,,102.0,Moderate
257402,DL005,2019-09-02 03:00:00,55.25,83.0,1.8,27.7,16.2,26.4,,,28.25,,,,101.0,Moderate
257403,DL005,2019-09-02 04:00:00,65.75,89.0,1.52,27.55,15.9,23.48,1.9,0.95,12.93,,,,101.0,Moderate
257404,DL005,2019-09-02 05:00:00,59.75,78.25,2.0,27.8,16.42,25.7,1.55,1.08,12.18,,,,101.0,Moderate
257405,DL005,2019-09-02 06:00:00,63.25,76.25,3.25,33.58,20.5,42.62,1.3,0.75,13.6,,,,101.0,Moderate
257406,DL005,2019-09-02 07:00:00,65.75,87.0,,,,81.95,1.65,0.7,13.05,,,,101.0,Moderate
257407,DL005,2019-09-02 08:00:00,64.0,94.0,,,,63.88,2.17,1.15,16.47,,,,102.0,Moderate
257408,DL005,2019-09-02 09:00:00,62.75,103.75,4.1,41.22,25.25,38.85,2.35,3.33,16.23,,,,104.0,Moderate
257409,DL005,2019-09-02 10:00:00,41.25,96.25,2.12,26.8,15.98,26.12,1.5,4.3,18.6,,,,104.0,Moderate
257410,DL005,2019-09-02 11:00:00,44.25,96.75,1.2,25.48,14.52,25.7,1.32,5.67,,,,,104.0,Moderate
257411,DL005,2019-09-02 12:00:00,50.0,103.75,0.65,20.2,11.3,23.05,1.65,6.2,105.4,,,,108.0,Moderate
257412,DL005,2019-09-02 13:00:00,45.0,94.25,1.5,102.65,55.85,29.65,1.5,4.75,74.93,,,,108.0,Moderate
257413,DL005,2019-09-02 14:00:00,40.75,75.75,1.98,104.45,57.18,25.7,1.38,5.28,77.45,,,,108.0,Moderate
257414,DL005,2019-09-02 15:00:00,46.25,74.75,1.77,108.03,58.9,24.0,1.38,5.85,90.33,,,,108.0,Moderate
257415,DL005,2019-09-02 16:00:00,45.75,84.5,1.58,110.03,59.82,22.98,1.42,4.73,83.03,,,,108.0,Moderate
257416,DL005,2019-09-02 17:00:00,42.0,84.75,1.58,108.83,59.12,22.15,1.38,3.97,82.32,,,,108.0,Moderate
257417,DL005,2019-09-02 18:00:00,43.0,76.0,1.5,113.8,61.75,24.27,1.42,3.67,75.95,,106.15,,108.0,Moderate
257418,DL005,2019-09-02 19:00:00,54.5,98.25,1.65,122.27,66.35,26.4,1.6,3.52,68.55,,169.7,,108.0,Moderate
257419,DL005,2019-09-02 20:00:00,83.75,133.0,1.38,128.75,69.58,27.0,1.73,4.2,63.78,,161.15,,90.0,Satisfactory
257420,DL005,2019-09-02 21:00:00,93.5,146.0,1.45,124.85,67.55,26.5,1.75,4.12,44.9,,144.0,,91.0,Satisfactory
257421,DL005,2019-09-02 22:00:00,84.75,142.5,1.38,120.1,65.0,25.6,1.45,3.45,31.0,,109.75,,93.0,Satisfactory
257422,DL005,2019-09-02 23:00:00,69.25,117.25,1.93,117.77,64.22,25.95,1.35,2.5,25.23,,,,94.0,Satisfactory
257423,DL005,2019-09-03 00:00:00,64.5,106.25,2.12,125.95,68.72,26.85,1.4,2.0,12.68,,,,96.0,Satisfactory
257424,DL005,2019-09-03 01:00:00,77.5,124.25,2.92,126.7,69.75,28.73,1.5,1.9,6.35,,,,98.0,Satisfactory
257425,DL005,2019-09-03 02:00:00,82.5,121.0,3.8,136.85,75.9,26.48,1.65,1.85,,,,,101.0,Moderate
257426,DL005,2019-09-03 03:00:00,72.75,111.5,4.9,126.3,71.2,43.1,,,,,,,103.0,Moderate
257427,DL005,2019-09-03 04:00:00,65.5,93.75,3.95,124.1,69.25,35.08,1.5,1.57,2.6,,,,103.0,Moderate
257428,DL005,2019-09-03 05:00:00,74.25,110.75,3.42,119.3,66.25,28.82,1.58,1.7,2.12,,,,105.0,Moderate
257429,DL005,2019-09-03 06:00:00,104.25,145.5,5.85,123.62,70.48,25.8,1.78,1.75,0.5,,,,111.0,Moderate
257430,DL005,2019-09-03 07:00:00,100.25,143.0,9.05,128.75,75.85,23.52,1.7,3.38,,,,,116.0,Moderate
257431,DL005,2019-09-03 08:00:00,94.25,143.25,6.23,120.62,69.22,22.32,1.62,3.78,15.15,,,,120.0,Moderate
257432,DL005,2019-09-03 09:00:00,91.75,154.0,3.42,112.1,62.4,22.7,1.35,5.33,10.4,,,,124.0,Moderate
257433,DL005,2019-09-03 10:00:00,90.5,156.75,3.02,111.5,61.77,27.3,1.67,6.45,14.28,,,,131.0,Moderate
257434,DL005,2019-09-03 11:00:00,87.0,154.25,2.42,107.78,59.3,31.4,1.68,6.33,26.15,,,,137.0,Moderate
257435,DL005,2019-09-03 12:00:00,75.25,133.25,1.75,94.95,51.95,31.45,1.48,5.22,34.62,,,,140.0,Moderate
257436,DL005,2019-09-03 13:00:00,62.25,98.25,2.35,92.77,51.3,35.3,1.67,5.08,37.7,,,,142.0,Moderate
257437,DL005,2019-09-03 14:00:00,76.0,140.0,1.57,98.85,53.8,33.4,1.32,4.4,62.1,,,,147.0,Moderate
257438,DL005,2019-09-03 15:00:00,77.75,150.0,1.55,104.55,56.88,32.77,1.1,5.03,72.22,,106.7,,152.0,Moderate
257439,DL005,2019-09-03 16:00:00,75.0,133.0,1.38,105.05,57.0,32.35,1.2,5.27,75.38,,,,156.0,Moderate
257440,DL005,2019-09-03 17:00:00,77.0,125.0,1.35,109.72,59.42,32.8,0.95,4.95,82.53,,,,161.0,Moderate
257441,DL005,2019-09-03 18:00:00,76.5,121.75,1.3,115.6,62.55,33.23,0.78,4.57,77.4,,,,165.0,Moderate
257442,DL005,2019-09-03 19:00:00,81.25,133.75,1.45,129.07,69.82,32.17,0.85,4.38,46.95,,109.6,,169.0,Moderate
257443,DL005,2019-09-03 20:00:00,79.5,165.5,1.72,151.62,82.05,30.32,1.5,4.97,28.07,,,,168.0,Moderate
257444,DL005,2019-09-03 21:00:00,103.75,238.0,3.15,172.1,94.07,29.1,1.75,5.6,11.75,,,,170.0,Moderate
257445,DL005,2019-09-03 22:00:00,111.0,242.25,2.8,162.93,88.92,28.52,2.42,4.8,2.45,,,,174.0,Moderate
257446,DL005,2019-09-03 23:00:00,88.25,151.0,3.05,153.28,84.03,26.0,2.15,5.97,10.9,,,,176.0,Moderate
257447,DL005,2019-09-04 00:00:00,83.5,136.5,3.7,144.28,79.75,25.35,1.88,5.65,4.62,,,,179.0,Moderate
257448,DL005,2019-09-04 01:00:00,93.25,160.25,2.72,149.38,81.65,28.65,1.73,5.83,15.97,,,,181.0,Moderate
257449,DL005,2019-09-04 02:00:00,115.5,219.5,2.25,140.53,76.58,29.95,1.4,6.68,,,,,186.0,Moderate
257450,DL005,2019-09-04 03:00:00,106.25,187.0,2.6,122.6,67.3,54.8,,,16.35,,,,190.0,Moderate
257451,DL005,2019-09-04 04:00:00,104.25,162.0,2.42,132.2,72.25,44.45,1.7,2.88,9.88,,,,196.0,Moderate
257452,DL005,2019-09-04 05:00:00,114.0,174.25,3.2,129.55,71.5,34.0,1.67,2.38,7.0,,,,201.0,Poor
257453,DL005,2019-09-04 06:00:00,113.0,168.25,5.1,128.82,72.7,27.9,1.5,1.27,5.3,,,,202.0,Poor
257454,DL005,2019-09-04 07:00:00,109.25,173.25,10.57,126.98,76.07,24.25,1.25,1.45,1.1,,,,204.0,Poor
257455,DL005,2019-09-04 08:00:00,99.5,159.25,9.38,118.45,70.65,22.5,0.88,1.3,14.88,,,,204.0,Poor
257456,DL005,2019-09-04 09:00:00,74.5,130.25,4.85,107.22,60.98,24.77,0.22,1.02,3.1,,,,202.0,Poor
257457,DL005,2019-09-04 10:00:00,74.25,133.75,4.22,100.92,57.1,29.88,2.2,2.97,1.15,,,,200.0,Moderate
257458,DL005,2019-09-04 11:00:00,98.75,175.25,3.42,101.0,56.55,29.3,2.0,3.33,10.4,,,,201.0,Poor
257459,DL005,2019-09-04 12:00:00,105.25,189.25,2.38,99.75,54.98,27.45,1.6,4.75,17.95,,,,205.0,Poor
257460,DL005,2019-09-04 13:00:00,96.0,176.75,2.6,108.43,59.77,28.55,1.4,4.95,43.47,,130.3,,210.0,Poor
257461,DL005,2019-09-04 14:00:00,84.0,179.5,2.45,111.43,61.27,31.15,0.93,7.15,62.7,,,,211.0,Poor
257462,DL005,2019-09-04 15:00:00,76.75,164.25,1.85,106.6,58.17,36.6,0.9,8.3,68.07,,,,211.0,Poor
257463,DL005,2019-09-04 16:00:00,55.0,141.0,1.72,115.15,62.6,49.05,1.15,7.32,47.58,,,,208.0,Poor
257464,DL005,2019-09-04 17:00:00,63.0,145.0,2.6,138.0,75.5,43.03,2.2,2.1,5.0,,,,206.0,Poor
257465,DL005,2019-09-04 18:00:00,57.0,146.0,,,,33.02,1.1,2.52,100.8,,123.1,,204.0,Poor
257466,DL005,2019-09-04 19:00:00,75.75,162.75,,98.4,53.7,51.38,2.5,4.25,47.17,,,,203.0,Poor
257467,DL005,2019-09-04 20:00:00,72.5,176.5,1.85,98.8,54.08,38.1,3.23,2.88,26.85,,,,202.0,Poor
257468,DL005,2019-09-04 21:00:00,79.0,183.0,1.48,98.72,53.7,35.3,2.65,1.4,24.32,,,,199.0,Moderate
257469,DL005,2019-09-04 22:00:00,69.5,155.0,2.1,110.6,60.55,31.4,2.75,0.35,37.58,,,,193.0,Moderate
257470,DL005,2019-09-04 23:00:00,74.25,156.75,3.47,117.12,65.1,34.17,3.27,1.75,84.15,,,,191.0,Moderate
257471,DL005,2019-09-05 00:00:00,61.25,130.25,2.05,94.15,51.75,37.92,2.2,1.65,14.4,,,,188.0,Moderate
257472,DL005,2019-09-05 01:00:00,50.0,91.75,1.78,88.38,48.45,37.33,1.9,0.5,11.47,,,,182.0,Moderate
257473,DL005,2019-09-05 02:00:00,56.75,102.75,2.12,90.22,49.73,39.78,2.25,0.15,38.7,,,,174.0,Moderate
257474,DL005,2019-09-05 03:00:00,56.75,121.25,4.7,87.1,50.2,51.8,,,66.1,,,,167.0,Moderate
257475,DL005,2019-09-05 04:00:00,72.25,145.25,3.3,83.55,47.17,39.48,2.12,2.55,39.28,,,,162.0,Moderate
257476,DL005,2019-09-05 05:00:00,60.0,130.25,3.33,81.58,46.05,31.57,2.12,2.95,39.58,,,,155.0,Moderate
257477,DL005,2019-09-05 06:00:00,65.0,134.5,3.2,77.22,43.67,27.5,1.83,2.42,36.45,,,,148.0,Moderate
257478,DL005,2019-09-05 07:00:00,62.0,100.0,6.1,78.5,46.72,28.02,1.6,2.7,36.23,,,,142.0,Moderate
257479,DL005,2019-09-05 08:00:00,,,,,,,,,,,,,138.0,Moderate
257480,DL005,2019-09-05 09:00:00,,,,,,,,,,,,,137.0,Moderate
257481,DL005,2019-09-05 10:00:00,62.0,100.0,,,,,,,,,,,135.0,Moderate
257482,DL005,2019-09-05 11:00:00,56.0,143.0,2.15,56.17,31.48,27.55,0.2,4.28,56.8,,,,130.0,Moderate
257483,DL005,2019-09-05 12:00:00,55.75,142.25,1.75,120.78,65.65,27.68,2.08,2.1,12.1,,,,128.0,Moderate
257484,DL005,2019-09-05 13:00:00,51.25,128.5,7.1,90.9,54.2,57.2,0.5,4.4,42.95,,,,127.0,Moderate
257485,DL005,2019-09-05 14:00:00,35.5,88.5,1.55,81.07,44.38,43.27,0.72,5.47,48.75,,,,124.0,Moderate
257486,DL005,2019-09-05 15:00:00,24.25,79.5,1.38,77.28,42.2,32.35,0.62,7.2,63.77,,,,121.0,Moderate
257487,DL005,2019-09-05 16:00:00,33.0,110.25,1.65,81.15,44.52,28.3,,8.73,60.55,,,,120.0,Moderate
257488,DL005,2019-09-05 17:00:00,40.5,135.25,2.48,91.9,50.88,28.95,0.12,11.68,66.62,,164.35,,120.0,Moderate
257489,DL005,2019-09-05 18:00:00,44.0,132.25,2.17,97.95,53.83,30.95,0.33,11.23,124.47,,,,136.0,Moderate
257490,DL005,2019-09-05 19:00:00,42.0,111.5,1.3,97.8,53.05,31.12,0.6,7.33,32.47,,,,136.0,Moderate
257491,DL005,2019-09-05 20:00:00,44.25,82.5,1.55,106.55,57.93,29.95,0.75,4.65,42.2,,,,136.0,Moderate
257492,DL005,2019-09-05 21:00:00,44.25,103.5,1.93,107.6,58.78,33.23,0.93,4.85,19.95,,,,136.0,Moderate
257493,DL005,2019-09-05 22:00:00,53.75,176.5,6.43,110.35,63.95,38.88,0.48,10.78,26.2,,,,136.0,Moderate
257494,DL005,2019-09-05 23:00:00,59.0,181.5,10.25,112.8,68.32,41.1,0.67,11.38,20.55,,,,136.0,Moderate
257495,DL005,2019-09-06 00:00:00,47.75,138.25,10.47,110.12,67.1,42.35,0.4,11.5,9.97,,,,136.0,Moderate
257496,DL005,2019-09-06 01:00:00,49.0,114.75,13.18,106.95,67.58,41.03,0.25,11.8,49.55,,,,136.0,Moderate
257497,DL005,2019-09-06 02:00:00,69.25,119.25,6.12,98.2,57.23,38.35,0.1,12.1,22.3,,,,116.0,Moderate
257498,DL005,2019-09-06 03:00:00,56.5,102.5,2.8,88.9,49.6,50.0,,,9.9,,,,115.0,Moderate
257499,DL005,2019-09-06 04:00:00,51.5,83.75,1.87,85.32,46.93,38.15,0.1,7.22,7.97,,,,113.0,Moderate
257500,DL005,2019-09-06 05:00:00,53.25,79.0,1.85,83.9,46.12,31.4,0.15,7.25,7.57,,,,112.0,Moderate
257501,DL005,2019-09-06 06:00:00,66.75,91.5,2.17,82.52,45.67,32.62,0.52,7.4,12.07,,,,110.0,Moderate
257502,DL005,2019-09-06 07:00:00,71.5,104.0,2.65,79.28,44.33,30.48,0.67,7.2,8.78,,,,111.0,Moderate
257503,DL005,2019-09-06 08:00:00,51.0,80.25,4.3,76.82,44.35,32.0,0.8,7.45,9.6,,,,110.0,Moderate
257504,DL005,2019-09-06 09:00:00,51.25,83.75,4.1,77.7,44.65,33.45,0.95,8.68,20.1,,,,109.0,Moderate
257505,DL005,2019-09-06 10:00:00,64.5,125.25,3.97,85.85,48.9,35.17,0.3,9.8,104.85,,,,109.0,Moderate
257506,DL005,2019-09-06 11:00:00,69.0,141.25,2.23,81.38,45.12,39.9,,10.62,81.6,,,,109.0,Moderate
257507,DL005,2019-09-06 12:00:00,50.75,130.5,1.45,73.47,40.25,42.1,,9.85,111.7,,,,117.0,Moderate
257508,DL005,2019-09-06 13:00:00,47.25,119.0,1.25,70.53,38.5,40.15,,9.27,81.6,,,,117.0,Moderate
257509,DL005,2019-09-06 14:00:00,39.25,102.25,0.95,70.22,38.15,39.4,,8.57,83.7,,,,117.0,Moderate
257510,DL005,2019-09-06 15:00:00,43.25,99.0,0.97,78.58,42.6,38.4,,9.02,110.4,,,,117.0,Moderate
257511,DL005,2019-09-06 16:00:00,50.75,119.0,1.15,84.93,46.1,34.42,,8.47,94.15,,,,117.0,Moderate
257512,DL005,2019-09-06 17:00:00,44.75,78.0,2.3,97.93,53.92,30.17,,7.5,60.1,,,,117.0,Moderate
257513,DL005,2019-09-06 18:00:00,49.25,75.25,2.35,94.28,51.98,28.8,,7.27,66.53,,,,117.0,Moderate
257514,DL005,2019-09-06 19:00:00,53.0,94.0,1.32,100.47,54.53,28.5,,7.62,36.9,,,,117.0,Moderate
257515,DL005,2019-09-06 20:00:00,47.75,140.0,3.9,128.65,71.62,43.58,,8.03,13.38,,,,115.0,Moderate
257516,DL005,2019-09-06 21:00:00,57.5,190.5,7.3,125.47,72.7,44.4,,8.07,11.43,,,,115.0,Moderate
257517,DL005,2019-09-06 22:00:00,50.75,152.25,2.6,102.45,56.58,35.03,,7.98,11.2,,,,115.0,Moderate
257518,DL005,2019-09-06 23:00:00,42.75,94.25,2.33,100.58,55.38,34.5,,8.38,11.05,,,,107.0,Moderate
257519,DL005,2019-09-07 00:00:00,39.5,88.25,10.3,104.18,63.83,32.62,,8.12,8.78,,,,106.0,Moderate
257520,DL005,2019-09-07 01:00:00,39.25,80.5,2.65,92.53,51.35,31.38,,7.7,8.47,,,,105.0,Moderate
257521,DL005,2019-09-07 02:00:00,33.75,64.75,4.42,92.2,52.65,30.65,,7.7,,,,,103.0,Moderate
257522,DL005,2019-09-07 03:00:00,33.5,67.5,14.5,96.6,63.2,50.9,,,74.0,,,,102.0,Moderate
257523,DL005,2019-09-07 04:00:00,38.25,73.0,15.12,94.08,62.33,38.67,,7.07,43.95,,,,102.0,Moderate
257524,DL005,2019-09-07 05:00:00,45.5,84.0,15.48,90.45,60.72,28.45,,8.05,68.9,,,,102.0,Moderate
257525,DL005,2019-09-07 06:00:00,39.0,79.0,10.0,82.72,52.1,23.77,,7.72,20.45,,,,102.0,Moderate
257526,DL005,2019-09-07 07:00:00,44.75,74.5,7.3,76.75,46.77,22.62,,7.75,10.35,,,,101.0,Moderate
257527,DL005,2019-09-07 08:00:00,55.25,85.75,5.4,76.83,45.3,24.2,,7.5,15.07,,,,101.0,Moderate
257528,DL005,2019-09-07 09:00:00,63.5,110.75,4.25,80.55,46.3,29.3,,8.53,25.02,,,,102.0,Moderate
257529,DL005,2019-09-07 10:00:00,66.25,123.5,4.35,86.7,49.7,34.88,,9.48,21.9,,,,102.0,Moderate
257530,DL005,2019-09-07 11:00:00,57.0,116.75,3.0,83.28,46.75,36.47,,10.03,27.43,,,,101.0,Moderate
257531,DL005,2019-09-07 12:00:00,45.0,106.0,1.9,79.85,44.02,35.62,,9.62,60.12,,126.75,,100.0,Satisfactory
257532,DL005,2019-09-07 13:00:00,45.75,94.75,1.23,80.2,43.6,35.73,,9.05,106.58,,,,110.0,Moderate
257533,DL005,2019-09-07 14:00:00,48.0,95.5,1.07,81.0,43.9,34.98,,8.47,128.0,,,,141.0,Moderate
257534,DL005,2019-09-07 15:00:00,47.75,97.25,1.07,91.7,49.67,34.55,,8.45,118.88,,,,141.0,Moderate
257535,DL005,2019-09-07 16:00:00,43.5,108.5,1.05,92.9,50.25,34.83,1.2,7.22,116.28,,,,141.0,Moderate
257536,DL005,2019-09-07 17:00:00,34.75,91.0,1.32,97.72,53.02,32.98,1.32,7.53,107.08,,,,141.0,Moderate
257537,DL005,2019-09-07 18:00:00,40.25,109.0,1.6,105.62,57.48,35.0,1.42,7.75,78.7,,144.1,,141.0,Moderate
257538,DL005,2019-09-07 19:00:00,41.25,129.25,1.65,104.8,57.12,38.45,1.75,7.22,44.17,,,,141.0,Moderate
257539,DL005,2019-09-07 20:00:00,45.75,158.5,2.42,117.9,64.65,33.4,2.03,7.05,16.35,,,,141.0,Moderate
257540,DL005,2019-09-07 21:00:00,58.75,146.25,11.97,137.38,82.83,29.62,2.35,6.88,13.15,,,,141.0,Moderate
257541,DL005,2019-09-07 22:00:00,56.75,132.25,5.3,117.68,66.9,28.3,1.7,6.45,10.23,,,,128.0,Moderate
257542,DL005,2019-09-07 23:00:00,37.75,80.0,5.55,112.88,64.55,28.07,1.83,6.2,19.57,,,,124.0,Moderate
257543,DL005,2019-09-08 00:00:00,48.75,87.75,2.62,97.6,54.02,31.57,1.57,6.35,24.23,,,,110.0,Moderate
257544,DL005,2019-09-08 01:00:00,56.5,93.75,2.77,92.95,51.73,34.27,1.45,6.6,79.7,,,,104.0,Moderate
257545,DL005,2019-09-08 02:00:00,55.0,69.0,1.9,88.42,48.55,39.3,1.35,6.92,,,,,104.0,Moderate
257546,DL005,2019-09-08 03:00:00,51.0,64.0,2.2,77.3,42.9,66.9,,,61.2,,,,104.0,Moderate
257547,DL005,2019-09-08 04:00:00,47.25,58.5,1.42,72.9,39.92,40.95,1.15,6.97,18.38,,,,104.0,Moderate
257548,DL005,2019-09-08 05:00:00,36.5,42.5,1.4,70.75,38.77,29.48,1.1,6.92,12.5,,,,98.0,Satisfactory
257549,DL005,2019-09-08 06:00:00,38.25,48.5,2.03,73.1,40.5,26.02,1.1,6.68,12.93,,,,97.0,Satisfactory
257550,DL005,2019-09-08 07:00:00,42.25,65.0,4.38,76.35,44.18,25.57,1.3,6.65,17.25,,,,96.0,Satisfactory
257551,DL005,2019-09-08 08:00:00,48.75,73.0,4.05,73.78,42.52,27.68,1.12,7.2,16.1,,,,96.0,Satisfactory
257552,DL005,2019-09-08 09:00:00,43.0,74.0,5.53,78.03,46.02,30.55,1.2,7.98,30.73,,,,94.0,Satisfactory
257553,DL005,2019-09-08 10:00:00,52.75,88.0,5.1,80.22,46.83,32.17,1.2,8.42,32.67,,,,93.0,Satisfactory
257554,DL005,2019-09-08 11:00:00,42.75,81.75,2.65,71.25,40.08,31.68,1.0,9.03,32.07,,,,91.0,Satisfactory
257555,DL005,2019-09-08 12:00:00,31.0,45.0,1.17,67.5,36.5,33.38,0.88,9.1,35.35,,,,89.0,Satisfactory
257556,DL005,2019-09-08 13:00:00,27.25,53.5,1.05,71.35,38.52,37.05,0.95,8.17,55.0,,,,87.0,Satisfactory
257557,DL005,2019-09-08 14:00:00,37.0,78.75,1.02,75.03,40.7,37.33,1.0,8.97,72.18,,112.85,,86.0,Satisfactory
257558,DL005,2019-09-08 15:00:00,42.25,75.25,0.8,73.88,39.97,37.85,0.93,9.1,71.38,,,,86.0,Satisfactory
257559,DL005,2019-09-08 16:00:00,30.5,69.5,1.08,74.28,40.38,37.1,1.1,8.62,75.5,,,,84.0,Satisfactory
257560,DL005,2019-09-08 17:00:00,30.0,77.25,1.3,74.7,40.77,32.75,1.2,8.32,71.38,,,,83.0,Satisfactory
257561,DL005,2019-09-08 18:00:00,40.75,89.75,1.35,78.07,42.6,30.3,1.23,8.45,64.8,,112.72,,83.0,Satisfactory
257562,DL005,2019-09-08 19:00:00,57.75,123.25,1.1,82.25,44.67,32.38,1.27,8.38,58.22,,130.88,,82.0,Satisfactory
257563,DL005,2019-09-08 20:00:00,41.25,122.5,0.88,87.38,47.2,32.47,1.48,8.47,44.73,,191.8,,81.0,Satisfactory
257564,DL005,2019-09-08 21:00:00,52.5,142.25,1.23,90.68,49.2,29.18,1.48,8.43,35.1,,232.0,,81.0,Satisfactory
257565,DL005,2019-09-08 22:00:00,73.0,165.5,0.8,84.28,45.45,29.9,1.3,8.55,41.88,,160.0,,82.0,Satisfactory
257566,DL005,2019-09-08 23:00:00,94.75,177.0,0.93,81.8,44.23,29.23,1.12,10.12,38.55,,,,86.0,Satisfactory
257567,DL005,2019-09-09 00:00:00,98.25,172.5,1.35,88.38,48.05,30.62,1.05,10.95,22.7,,,,90.0,Satisfactory
257568,DL005,2019-09-09 01:00:00,101.75,174.5,1.35,82.38,44.9,33.0,0.97,11.2,20.42,,,,93.0,Satisfactory
257569,DL005,2019-09-09 02:00:00,100.75,163.25,2.7,85.78,47.8,30.05,0.97,10.35,,,,,97.0,Satisfactory
257570,DL005,2019-09-09 03:00:00,97.75,151.25,3.2,79.3,44.8,66.2,,,41.8,,,,100.0,Satisfactory
257571,DL005,2019-09-09 04:00:00,86.75,140.75,1.7,63.45,35.17,40.25,1.25,9.02,15.93,,,,103.0,Moderate
257572,DL005,2019-09-09 05:00:00,74.25,114.5,2.6,80.1,44.68,28.8,1.23,8.9,11.45,,,,105.0,Moderate
257573,DL005,2019-09-09 06:00:00,73.25,111.5,3.7,81.08,46.12,24.5,1.35,8.7,11.2,,,,106.0,Moderate
257574,DL005,2019-09-09 07:00:00,83.5,136.0,9.88,82.38,51.88,24.23,1.57,8.6,12.05,,,,108.0,Moderate
257575,DL005,2019-09-09 08:00:00,122.5,187.25,10.45,82.38,52.35,26.48,1.62,8.83,11.7,,,,113.0,Moderate
257576,DL005,2019-09-09 09:00:00,96.5,155.25,4.97,76.45,44.7,27.68,1.6,9.45,15.03,,,,121.0,Moderate
257577,DL005,2019-09-09 10:00:00,82.0,131.5,1.82,61.8,34.33,31.62,1.17,9.4,18.4,,,,125.0,Moderate
257578,DL005,2019-09-09 11:00:00,65.5,106.0,1.0,54.7,29.9,36.58,1.08,9.23,46.05,,,,128.0,Moderate
257579,DL005,2019-09-09 12:00:00,51.0,92.5,0.93,55.55,30.3,39.5,0.93,10.88,69.7,,,,131.0,Moderate
257580,DL005,2019-09-09 13:00:00,51.25,107.5,1.05,59.78,32.52,39.42,0.8,10.2,79.9,,,,134.0,Moderate
257581,DL005,2019-09-09 14:00:00,59.0,111.5,0.93,66.98,36.53,35.4,0.78,9.8,85.35,,,,137.0,Moderate
257582,DL005,2019-09-09 15:00:00,51.75,108.75,0.95,72.38,39.25,31.47,0.7,9.62,89.83,,,,138.0,Moderate
257583,DL005,2019-09-09 16:00:00,48.75,109.75,1.05,75.7,41.08,28.6,1.12,9.2,76.97,,,,141.0,Moderate
257584,DL005,2019-09-09 17:00:00,49.75,128.25,1.12,77.55,42.17,27.9,1.2,8.78,80.0,,,,144.0,Moderate
257585,DL005,2019-09-09 18:00:00,49.75,150.5,0.9,79.62,43.12,29.07,1.27,8.62,80.4,,,,145.0,Moderate
257586,DL005,2019-09-09 19:00:00,82.25,203.75,1.48,90.45,49.28,38.92,1.62,9.27,66.22,,125.85,,148.0,Moderate
257587,DL005,2019-09-09 20:00:00,125.0,253.0,0.88,84.65,45.73,33.02,1.35,9.1,64.38,,195.0,,160.0,Moderate
257588,DL005,2019-09-09 21:00:00,66.0,184.75,1.25,101.17,54.8,29.75,1.52,8.6,29.02,,156.47,,162.0,Moderate
257589,DL005,2019-09-09 22:00:00,82.0,212.5,3.0,114.22,63.2,30.18,1.88,7.75,16.55,,,,163.0,Moderate
257590,DL005,2019-09-09 23:00:00,89.25,218.5,2.2,105.05,57.68,26.48,1.6,7.57,17.25,,,,162.0,Moderate
257591,DL005,2019-09-10 00:00:00,72.75,155.75,1.27,86.95,47.33,25.8,1.2,7.45,23.55,,,,159.0,Moderate
257592,DL005,2019-09-10 01:00:00,68.25,117.5,1.05,75.67,41.07,27.4,0.88,7.42,29.12,,,,154.0,Moderate
257593,DL005,2019-09-10 02:00:00,74.75,135.0,11.55,89.67,57.05,29.82,1.07,7.55,,,,,150.0,Moderate
257594,DL005,2019-09-10 03:00:00,76.25,182.5,15.1,96.6,63.6,67.2,,,38.98,,,,148.0,Moderate
257595,DL005,2019-09-10 04:00:00,82.0,192.5,7.45,91.68,54.85,40.3,1.52,7.3,16.55,,,,147.0,Moderate
257596,DL005,2019-09-10 05:00:00,78.5,144.25,10.47,80.78,51.4,27.77,1.45,7.72,13.03,,,,147.0,Moderate
257597,DL005,2019-09-10 06:00:00,80.5,146.0,24.05,80.4,62.33,24.35,1.55,7.62,15.43,,,,148.0,Moderate
257598,DL005,2019-09-10 07:00:00,92.25,164.75,19.73,87.0,62.38,22.7,1.57,7.6,14.6,,,,150.0,Moderate
257599,DL005,2019-09-10 08:00:00,94.25,160.75,6.22,81.95,48.68,25.33,1.73,8.05,12.07,,,,146.0,Moderate
257600,DL005,2019-09-10 09:00:00,83.25,151.5,2.88,68.9,38.55,29.65,1.68,9.57,13.28,,103.2,,144.0,Moderate
257601,DL005,2019-09-10 10:00:00,62.0,95.0,1.25,59.9,32.88,34.28,1.15,9.62,28.93,,,,141.0,Moderate
257602,DL005,2019-09-10 11:00:00,52.0,91.75,1.0,64.95,35.75,36.8,1.17,8.8,68.02,,,,139.0,Moderate
257603,DL005,2019-09-10 12:00:00,58.0,118.0,1.1,68.53,37.33,45.85,0.98,9.0,96.05,,,,140.0,Moderate
257604,DL005,2019-09-10 13:00:00,58.0,118.0,1.02,62.98,34.15,32.75,0.9,9.57,120.0,,,,141.0,Moderate
257605,DL005,2019-09-10 14:00:00,,,0.67,62.07,33.55,23.75,0.97,9.3,130.2,,105.4,,144.0,Moderate
257606,DL005,2019-09-10 15:00:00,68.25,131.0,0.42,68.47,36.77,23.17,7.7,8.57,142.95,,,,171.0,Moderate
257607,DL005,2019-09-10 16:00:00,56.5,105.5,0.83,73.62,39.8,33.17,0.95,7.15,156.15,,,,183.0,Moderate
257608,DL005,2019-09-10 17:00:00,57.25,109.5,0.62,79.45,42.75,35.95,0.88,8.7,154.2,,,,183.0,Moderate
257609,DL005,2019-09-10 18:00:00,64.0,140.5,0.75,78.15,42.17,32.77,0.57,7.88,144.1,,100.6,,183.0,Moderate
257610,DL005,2019-09-10 19:00:00,68.75,161.0,0.62,82.92,44.6,32.77,0.6,7.55,116.88,,131.35,,183.0,Moderate
257611,DL005,2019-09-10 20:00:00,84.25,178.5,0.68,89.55,48.2,31.28,0.6,7.32,94.88,,133.15,,183.0,Moderate
257612,DL005,2019-09-10 21:00:00,89.0,195.0,0.5,87.07,46.7,29.38,0.43,7.22,89.05,,170.15,,183.0,Moderate
257613,DL005,2019-09-10 22:00:00,91.25,194.0,0.72,83.67,45.1,28.6,1.15,7.67,76.85,,133.5,,183.0,Moderate
257614,DL005,2019-09-10 23:00:00,89.5,201.75,1.3,93.88,51.0,28.85,1.12,8.03,27.27,,,,183.0,Moderate
257615,DL005,2019-09-11 00:00:00,94.5,229.5,2.25,100.5,55.27,34.2,0.95,8.02,19.83,,125.15,,180.0,Moderate
257616,DL005,2019-09-11 01:00:00,106.5,202.0,1.3,85.17,46.38,37.17,,7.8,26.4,,,,165.0,Moderate
257617,DL005,2019-09-11 02:00:00,108.5,159.25,1.25,78.58,42.8,35.23,,7.9,46.8,,,,160.0,Moderate
257618,DL005,2019-09-11 03:00:00,103.25,156.75,1.9,75.7,41.8,46.9,,,28.85,,,,164.0,Moderate
257619,DL005,2019-09-11 04:00:00,109.0,154.25,1.6,76.32,41.9,37.85,,6.77,16.65,,,,168.0,Moderate
257620,DL005,2019-09-11 05:00:00,104.75,152.25,2.88,82.97,46.48,29.12,,6.97,14.7,,,,172.0,Moderate
257621,DL005,2019-09-11 06:00:00,102.5,168.5,9.55,86.35,53.7,24.9,,7.07,13.93,,,,175.0,Moderate
257622,DL005,2019-09-11 07:00:00,110.0,200.5,32.92,83.08,71.03,22.25,,7.75,15.75,,,,178.0,Moderate
257623,DL005,2019-09-11 08:00:00,120.0,244.0,29.4,86.07,69.8,25.22,,8.3,19.85,,,,181.0,Moderate
257624,DL005,2019-09-11 09:00:00,113.25,251.75,8.52,86.1,52.75,28.62,,9.18,17.25,,,,186.0,Moderate
257625,DL005,2019-09-11 10:00:00,81.75,216.25,2.33,69.65,38.9,34.0,,10.2,51.4,,,,189.0,Moderate
257626,DL005,2019-09-11 11:00:00,77.0,191.5,1.27,64.8,36.3,40.08,,9.75,121.6,,,,192.0,Moderate
257627,DL005,2019-09-11 12:00:00,83.25,160.25,0.72,66.72,35.85,41.43,,9.55,182.4,,,,236.0,Poor
257628,DL005,2019-09-11 13:00:00,80.5,159.5,0.73,71.83,38.77,35.9,,9.17,,,,,236.0,Poor
257629,DL005,2019-09-11 14:00:00,71.75,157.75,0.55,77.1,41.48,35.2,,9.07,,,,,236.0,Poor
257630,DL005,2019-09-11 15:00:00,76.0,169.25,0.72,80.2,43.25,34.47,,8.65,,,,,236.0,Poor
257631,DL005,2019-09-11 16:00:00,71.75,173.0,0.55,82.05,44.1,33.62,,9.28,,,,,236.0,Poor
257632,DL005,2019-09-11 17:00:00,72.0,171.5,0.78,81.58,44.0,33.65,,9.8,,,,,236.0,Poor
257633,DL005,2019-09-11 18:00:00,86.0,223.25,0.85,82.82,44.72,34.25,,10.0,193.6,,105.5,,264.0,Poor
257634,DL005,2019-09-11 19:00:00,92.75,242.5,0.57,88.3,47.45,34.38,,9.57,140.2,,,,264.0,Poor
257635,DL005,2019-09-11 20:00:00,103.5,275.5,0.75,92.05,49.58,32.1,,9.65,113.38,,133.3,,264.0,Poor
257636,DL005,2019-09-11 21:00:00,114.5,287.0,1.38,99.12,53.83,32.15,,10.15,53.75,,184.07,,264.0,Poor
257637,DL005,2019-09-11 22:00:00,123.25,335.5,1.72,108.42,59.07,33.15,,9.2,26.88,,137.45,,264.0,Poor
257638,DL005,2019-09-11 23:00:00,128.25,319.5,1.55,96.68,52.65,35.05,,9.1,40.83,,148.18,,264.0,Poor
257639,DL005,2019-09-12 00:00:00,128.25,262.25,1.08,84.42,45.77,37.17,,8.57,44.47,,,,264.0,Poor
257640,DL005,2019-09-12 01:00:00,118.0,238.0,1.47,83.08,45.4,36.33,,8.68,30.52,,,,264.0,Poor
257641,DL005,2019-09-12 02:00:00,121.5,205.25,1.57,82.3,45.05,33.73,,9.1,29.7,,,,232.0,Poor
257642,DL005,2019-09-12 03:00:00,120.25,191.25,2.4,84.6,46.9,47.2,,,20.5,,,,235.0,Poor
257643,DL005,2019-09-12 04:00:00,108.0,163.0,1.83,79.4,43.7,37.15,,9.53,16.83,,,,235.0,Poor
257644,DL005,2019-09-12 05:00:00,92.75,127.25,1.7,78.25,43.0,28.52,,9.88,14.75,,,,233.0,Poor
257645,DL005,2019-09-12 06:00:00,80.5,118.5,1.5,71.57,39.33,25.3,,10.1,16.17,,,,230.0,Poor
257646,DL005,2019-09-12 07:00:00,76.25,128.75,2.4,77.33,43.05,23.88,,10.35,15.4,,,,225.0,Poor
257647,DL005,2019-09-12 08:00:00,83.75,166.25,3.62,79.7,45.35,24.77,,10.88,17.17,,,,220.0,Poor
257648,DL005,2019-09-12 09:00:00,76.0,172.75,4.2,77.97,44.9,28.52,,11.22,21.75,,,,215.0,Poor
257649,DL005,2019-09-12 10:00:00,72.0,174.5,2.9,73.43,41.42,33.22,,10.3,43.15,,,,214.0,Poor
257650,DL005,2019-09-12 11:00:00,67.0,177.25,1.62,66.67,36.88,36.42,,9.53,87.58,,,,212.0,Poor
257651,DL005,2019-09-12 12:00:00,63.75,159.5,1.02,67.75,36.67,36.73,,9.3,147.0,,,,209.0,Poor
257652,DL005,2019-09-12 13:00:00,74.0,161.75,0.9,74.78,40.47,36.22,,9.15,188.2,,,,250.0,Poor
257653,DL005,2019-09-12 14:00:00,78.0,175.25,0.67,80.15,43.18,32.62,,8.65,111.73,,,,250.0,Poor
257654,DL005,2019-09-12 15:00:00,73.75,101.25,1.05,84.42,45.77,28.3,,8.2,64.5,,,,250.0,Poor
257655,DL005,2019-09-12 16:00:00,67.75,102.0,0.98,83.17,45.02,24.48,,7.73,98.62,,,,250.0,Poor
257656,DL005,2019-09-12 17:00:00,34.0,,0.9,75.15,40.75,23.15,,8.6,88.2,,,,250.0,Poor
257657,DL005,2019-09-12 18:00:00,34.0,,0.3,80.0,42.7,,,10.5,36.2,,,,250.0,Poor
257658,DL005,2019-09-12 19:00:00,,,0.88,82.7,44.67,25.55,,9.05,51.25,,,,250.0,Poor
257659,DL005,2019-09-12 20:00:00,35.0,111.0,0.95,87.05,47.05,50.55,,6.95,25.15,,,,250.0,Poor
257660,DL005,2019-09-12 21:00:00,44.0,129.0,1.38,92.15,50.15,44.9,,5.97,25.55,,,,175.0,Moderate
257661,DL005,2019-09-12 22:00:00,48.0,108.0,2.55,106.72,58.88,42.45,,6.53,74.95,,,,164.0,Moderate
257662,DL005,2019-09-12 23:00:00,51.0,108.0,1.7,96.3,52.6,37.42,,6.68,13.93,,,,153.0,Moderate
257663,DL005,2019-09-13 00:00:00,56.0,88.0,2.15,93.72,51.6,32.1,,6.92,20.6,,,,143.0,Moderate
257664,DL005,2019-09-13 01:00:00,52.0,78.0,2.85,94.0,52.3,28.73,,6.78,35.33,,,,133.0,Moderate
257665,DL005,2019-09-13 02:00:00,69.0,75.0,3.23,85.92,48.33,25.75,,6.35,23.8,,,,126.0,Moderate
257666,DL005,2019-09-13 03:00:00,55.0,88.0,2.6,77.1,43.2,42.0,,,37.27,,,,119.0,Moderate
257667,DL005,2019-09-13 04:00:00,53.0,81.0,1.73,71.75,39.55,34.1,,5.92,19.52,,,,117.0,Moderate
257668,DL005,2019-09-13 05:00:00,48.0,68.0,1.82,72.5,40.05,28.02,,6.0,18.7,,,,115.0,Moderate
257669,DL005,2019-09-13 06:00:00,47.0,80.0,2.45,73.65,41.2,25.27,,6.07,32.65,,,,114.0,Moderate
257670,DL005,2019-09-13 07:00:00,46.0,77.0,3.23,72.75,41.33,25.88,,6.1,12.8,,,,112.0,Moderate
257671,DL005,2019-09-13 08:00:00,55.5,80.5,3.25,69.83,39.77,29.1,,6.5,9.8,,,,109.0,Moderate
257672,DL005,2019-09-13 09:00:00,59.75,91.25,3.62,69.35,39.83,31.3,,6.35,19.7,,,,107.0,Moderate
257673,DL005,2019-09-13 10:00:00,69.0,120.75,5.05,85.62,49.65,35.45,,5.6,85.92,,,,105.0,Moderate
257674,DL005,2019-09-13 11:00:00,64.0,137.0,3.08,79.03,44.55,43.38,,5.58,20.02,,,,104.0,Moderate
257675,DL005,2019-09-13 12:00:00,39.75,89.75,1.65,74.93,41.23,53.58,,5.75,42.3,,,,102.0,Moderate
257676,DL005,2019-09-13 13:00:00,40.25,101.5,1.4,76.2,41.65,51.2,,5.7,105.73,,,,108.0,Moderate
257677,DL005,2019-09-13 14:00:00,43.0,130.75,1.02,76.8,41.7,46.25,,5.55,101.4,,,,108.0,Moderate
257678,DL005,2019-09-13 15:00:00,41.25,136.25,0.93,77.85,42.15,42.75,,5.85,110.97,,,,116.0,Moderate
257679,DL005,2019-09-13 16:00:00,43.75,142.0,1.0,81.17,43.98,42.53,,6.53,88.95,,,,116.0,Moderate
257680,DL005,2019-09-13 17:00:00,38.25,122.5,0.93,80.47,43.58,43.48,,6.58,64.9,,182.65,,116.0,Moderate
257681,DL005,2019-09-13 18:00:00,32.25,105.75,0.95,80.8,43.72,42.78,,6.62,46.88,,,,116.0,Moderate
257682,DL005,2019-09-13 19:00:00,32.0,129.0,1.05,86.75,47.0,40.73,,6.07,33.45,,259.15,,116.0,Moderate
257683,DL005,2019-09-13 20:00:00,38.0,147.0,1.42,94.52,51.42,36.88,,6.68,21.18,,,,116.0,Moderate
257684,DL005,2019-09-13 21:00:00,43.25,192.75,2.27,104.62,57.52,35.55,,6.85,13.68,,,,116.0,Moderate
257685,DL005,2019-09-13 22:00:00,46.5,172.5,5.78,110.7,63.58,37.5,,6.45,12.25,,,,116.0,Moderate
257686,DL005,2019-09-13 23:00:00,46.5,185.0,12.4,106.88,66.95,35.82,,6.62,12.12,,,,109.0,Moderate
257687,DL005,2019-09-14 00:00:00,46.0,156.0,2.3,91.45,50.58,32.33,,6.88,11.0,,,,111.0,Moderate
257688,DL005,2019-09-14 01:00:00,28.25,71.75,1.38,75.88,41.48,35.0,,6.7,10.68,,,,111.0,Moderate
257689,DL005,2019-09-14 02:00:00,25.25,57.75,1.48,72.3,39.65,40.12,,6.62,7.2,,,,110.0,Moderate
257690,DL005,2019-09-14 03:00:00,36.75,65.75,2.1,68.1,37.9,48.2,,,9.2,,,,109.0,Moderate
257691,DL005,2019-09-14 04:00:00,26.25,50.5,1.27,67.22,36.73,37.15,,6.58,16.12,,,,109.0,Moderate
257692,DL005,2019-09-14 05:00:00,32.5,59.0,0.8,59.77,32.48,28.55,,6.65,69.95,,,,108.0,Moderate
257693,DL005,2019-09-14 06:00:00,31.0,52.5,0.88,57.83,31.47,26.78,,6.78,47.33,,,,108.0,Moderate
257694,DL005,2019-09-14 07:00:00,30.75,52.25,1.07,58.22,31.83,27.45,,6.97,11.72,,,,107.0,Moderate
257695,DL005,2019-09-14 08:00:00,30.25,56.5,1.93,60.25,33.65,30.05,,7.0,13.18,,,,106.0,Moderate
257696,DL005,2019-09-14 09:00:00,34.75,65.5,2.3,58.73,33.25,30.07,,6.78,11.1,,,,106.0,Moderate
257697,DL005,2019-09-14 10:00:00,48.75,96.75,2.83,61.18,34.4,29.65,,7.2,33.25,,,,105.0,Moderate
257698,DL005,2019-09-14 11:00:00,55.75,126.75,3.1,66.88,37.78,32.67,,7.8,33.9,,,,105.0,Moderate
257699,DL005,2019-09-14 12:00:00,56.5,138.5,1.4,85.7,46.7,34.12,,7.95,33.97,,,,106.0,Moderate
257700,DL005,2019-09-14 13:00:00,61.5,131.25,1.15,80.72,43.9,34.73,,4.42,40.47,,,,107.0,Moderate
257701,DL005,2019-09-14 14:00:00,34.5,96.0,1.0,76.18,41.33,32.7,,2.25,40.0,,,,106.0,Moderate
257702,DL005,2019-09-14 15:00:00,28.5,70.0,1.0,75.9,41.15,36.08,,1.88,43.17,,,,104.0,Moderate
257703,DL005,2019-09-14 16:00:00,25.75,75.75,1.02,76.4,41.48,38.62,,6.85,45.12,,,,102.0,Moderate
257704,DL005,2019-09-14 17:00:00,30.75,84.0,0.8,77.4,41.8,38.25,,8.25,43.55,,,,101.0,Moderate
257705,DL005,2019-09-14 18:00:00,29.75,87.75,,,,34.02,,7.03,42.95,,142.4,,101.0,Moderate
257706,DL005,2019-09-14 19:00:00,30.25,104.0,,,,33.15,,7.92,53.02,,181.05,,100.0,Satisfactory
257707,DL005,2019-09-14 20:00:00,33.0,121.5,31.8,82.8,69.7,34.8,,8.43,42.03,,,,99.0,Satisfactory
257708,DL005,2019-09-14 21:00:00,32.0,125.25,,,,,,8.82,31.6,,,,96.0,Satisfactory
257709,DL005,2019-09-14 22:00:00,38.5,112.25,0.4,121.0,64.65,31.3,,7.18,26.32,,,,93.0,Satisfactory
257710,DL005,2019-09-14 23:00:00,38.5,101.25,0.33,109.55,58.58,31.05,,6.58,22.65,,,,90.0,Satisfactory
257711,DL005,2019-09-15 00:00:00,34.0,77.0,0.4,101.65,54.4,29.67,,7.0,15.7,,,,87.0,Satisfactory
257712,DL005,2019-09-15 01:00:00,37.0,55.75,0.62,100.08,53.75,27.77,,7.17,11.82,,,,86.0,Satisfactory
257713,DL005,2019-09-15 02:00:00,42.75,52.5,0.45,89.9,48.18,26.68,,7.9,14.5,,,,86.0,Satisfactory
257714,DL005,2019-09-15 03:00:00,32.5,42.5,1.4,89.0,48.5,39.3,,,14.73,,,,85.0,Satisfactory
257715,DL005,2019-09-15 04:00:00,29.25,37.25,0.9,85.12,46.03,31.93,,5.95,17.38,,,,84.0,Satisfactory
257716,DL005,2019-09-15 05:00:00,24.0,44.0,0.7,84.8,45.7,27.8,,6.4,23.0,,,,84.0,Satisfactory
257717,DL005,2019-09-15 06:00:00,,,,,,,,,,,,,85.0,Satisfactory
257718,DL005,2019-09-15 07:00:00,,,,,,,,,,,,,86.0,Satisfactory
257719,DL005,2019-09-15 08:00:00,24.0,44.0,1.0,30.5,17.0,,,6.5,9.65,,,,86.0,Satisfactory
257720,DL005,2019-09-15 09:00:00,39.0,72.0,2.48,80.7,44.95,18.67,,7.7,1.2,,,,86.0,Satisfactory
257721,DL005,2019-09-15 10:00:00,39.0,72.0,2.58,124.0,68.08,16.32,,7.95,6.75,,,,85.0,Satisfactory
257722,DL005,2019-09-15 11:00:00,33.0,41.0,1.45,99.95,54.35,17.73,,8.67,20.73,,,,81.0,Satisfactory
257723,DL005,2019-09-15 12:00:00,34.5,50.0,1.48,96.75,52.68,34.23,,9.43,40.52,,,,77.0,Satisfactory
257724,DL005,2019-09-15 13:00:00,37.75,73.0,0.88,89.4,48.23,40.5,,5.05,55.62,,109.3,,74.0,Satisfactory
257725,DL005,2019-09-15 14:00:00,34.25,61.0,0.75,84.15,45.38,41.77,,4.53,75.33,,,,75.0,Satisfactory
257726,DL005,2019-09-15 15:00:00,37.75,65.0,0.5,83.25,44.67,37.8,,5.88,87.92,,,,88.0,Satisfactory
257727,DL005,2019-09-15 16:00:00,44.75,76.25,0.65,83.05,44.7,34.55,,9.15,91.05,,,,91.0,Satisfactory
257728,DL005,2019-09-15 17:00:00,39.5,75.25,0.4,83.78,44.85,32.4,,8.68,87.05,,,,91.0,Satisfactory
257729,DL005,2019-09-15 18:00:00,34.5,79.5,0.5,87.22,46.8,30.55,,8.8,75.73,,,,91.0,Satisfactory
257730,DL005,2019-09-15 19:00:00,32.25,89.0,0.5,91.88,49.3,28.65,,8.43,58.35,,,,91.0,Satisfactory
257731,DL005,2019-09-15 20:00:00,34.5,121.25,0.88,101.75,54.83,27.55,,8.7,32.75,,,,91.0,Satisfactory
257732,DL005,2019-09-15 21:00:00,48.0,146.0,0.8,104.08,55.98,27.62,,9.03,22.82,,,,91.0,Satisfactory
257733,DL005,2019-09-15 22:00:00,67.75,161.0,7.48,118.57,69.15,26.95,,8.3,18.07,,,,91.0,Satisfactory
257734,DL005,2019-09-15 23:00:00,73.0,180.0,9.18,126.72,74.85,28.18,,7.85,16.85,,,,91.0,Satisfactory
257735,DL005,2019-09-16 00:00:00,70.75,179.25,4.8,122.18,68.9,27.52,,8.1,15.72,,,,87.0,Satisfactory
257736,DL005,2019-09-16 01:00:00,64.0,159.0,7.0,122.88,71.03,28.32,,8.18,14.18,,,,87.0,Satisfactory
257737,DL005,2019-09-16 02:00:00,64.0,139.5,32.72,113.2,86.78,27.02,,8.65,15.5,,,,91.0,Satisfactory
257738,DL005,2019-09-16 03:00:00,65.5,152.5,16.3,111.6,72.6,42.1,,,16.7,,,,96.0,Satisfactory
257739,DL005,2019-09-16 04:00:00,69.0,125.0,22.7,103.53,73.55,34.42,,8.32,16.8,,,,100.0,Satisfactory
257740,DL005,2019-09-16 05:00:00,69.25,131.0,16.38,101.5,67.38,27.55,,8.25,16.6,,,,103.0,Moderate
257741,DL005,2019-09-16 06:00:00,84.75,148.5,14.3,97.5,63.5,25.17,,8.88,15.95,,,,104.0,Moderate
257742,DL005,2019-09-16 07:00:00,102.75,174.25,20.25,92.15,65.53,25.32,,8.95,17.52,,,,106.0,Moderate
257743,DL005,2019-09-16 08:00:00,102.25,166.0,12.4,92.32,59.22,27.4,,9.65,17.77,,,,109.0,Moderate
257744,DL005,2019-09-16 09:00:00,81.0,127.5,3.38,80.03,45.33,26.25,,10.62,16.3,,,,111.0,Moderate
257745,DL005,2019-09-16 10:00:00,65.0,112.25,2.2,77.22,42.88,29.07,,8.4,27.88,,,,112.0,Moderate
257746,DL005,2019-09-16 11:00:00,53.0,94.0,,,,31.62,,7.55,48.72,,,,114.0,Moderate
257747,DL005,2019-09-16 12:00:00,44.75,74.25,0.32,70.42,37.7,39.53,,7.4,76.0,,,,114.0,Moderate
257748,DL005,2019-09-16 13:00:00,47.75,78.0,0.3,42.9,28.65,34.62,,6.47,72.35,,,,114.0,Moderate
257749,DL005,2019-09-16 14:00:00,49.5,81.0,,,,36.72,,6.8,110.97,,,,116.0,Moderate
257750,DL005,2019-09-16 15:00:00,49.0,93.25,,,,32.67,0.8,7.4,130.42,,,,145.0,Moderate
257751,DL005,2019-09-16 16:00:00,53.75,109.75,,,,37.7,0.75,8.62,135.62,,,,152.0,Moderate
257752,DL005,2019-09-16 17:00:00,60.0,132.75,,,,,0.8,9.6,133.3,,,,152.0,Moderate
257753,DL005,2019-09-16 18:00:00,65.75,150.0,0.5,97.2,52.1,35.2,1.55,10.12,134.8,,,,152.0,Moderate
257754,DL005,2019-09-16 19:00:00,75.0,180.0,0.4,98.6,52.77,32.02,2.03,11.18,106.15,,156.8,,152.0,Moderate
257755,DL005,2019-09-16 20:00:00,79.25,190.75,0.72,105.25,56.58,29.07,2.55,10.45,72.55,,203.25,,152.0,Moderate
257756,DL005,2019-09-16 21:00:00,84.5,197.25,0.68,112.7,60.5,26.05,2.88,10.3,67.35,,182.03,,152.0,Moderate
257757,DL005,2019-09-16 22:00:00,90.75,218.0,1.35,127.77,69.03,25.5,2.3,8.55,30.3,,145.95,,152.0,Moderate
257758,DL005,2019-09-16 23:00:00,97.5,254.25,1.0,113.9,61.3,29.65,2.15,9.0,35.48,,108.3,,152.0,Moderate
257759,DL005,2019-09-17 00:00:00,100.75,207.75,1.05,78.45,42.6,33.6,2.27,8.45,31.97,,,,151.0,Moderate
257760,DL005,2019-09-17 01:00:00,100.5,193.0,1.15,72.62,39.55,34.58,2.18,8.15,23.65,,,,151.0,Moderate
257761,DL005,2019-09-17 02:00:00,109.5,170.5,1.0,72.75,39.5,35.62,2.32,9.57,24.7,,,,150.0,Moderate
257762,DL005,2019-09-17 03:00:00,107.0,180.25,2.8,88.0,49.1,46.0,,,36.23,,,,156.0,Moderate
257763,DL005,2019-09-17 04:00:00,108.5,182.0,1.52,75.97,41.7,37.45,1.65,11.07,38.97,,,,161.0,Moderate
257764,DL005,2019-09-17 05:00:00,85.25,126.0,0.53,58.7,31.6,29.52,1.25,12.35,30.62,,,,164.0,Moderate
257765,DL005,2019-09-17 06:00:00,60.25,89.75,1.1,63.58,34.7,31.32,1.5,10.72,29.35,,,,160.0,Moderate
257766,DL005,2019-09-17 07:00:00,76.25,118.0,3.17,72.6,41.23,32.45,2.02,10.27,18.62,,,,156.0,Moderate
257767,DL005,2019-09-17 08:00:00,84.75,143.5,2.1,65.38,36.52,31.05,2.08,10.15,24.27,,,,154.0,Moderate
257768,DL005,2019-09-17 09:00:00,69.5,106.25,1.1,56.75,31.07,26.55,1.7,10.15,45.95,,,,152.0,Moderate
257769,DL005,2019-09-17 10:00:00,34.5,62.0,1.32,55.05,30.35,30.8,0.9,9.93,71.12,,,,148.0,Moderate
257770,DL005,2019-09-17 11:00:00,33.75,62.0,1.35,58.23,32.17,34.95,1.08,9.88,97.85,,,,146.0,Moderate
257771,DL005,2019-09-17 12:00:00,34.25,65.25,0.62,57.52,30.98,33.62,1.12,9.38,122.95,,,,144.0,Moderate
257772,DL005,2019-09-17 13:00:00,30.75,77.5,0.62,58.45,31.57,31.2,1.4,9.45,140.65,,,,160.0,Moderate
257773,DL005,2019-09-17 14:00:00,36.5,86.75,0.43,58.2,31.32,28.73,1.55,9.53,144.45,,,,165.0,Moderate
257774,DL005,2019-09-17 15:00:00,38.25,92.0,0.45,57.9,31.1,27.6,1.67,10.0,157.93,,,,185.0,Moderate
257775,DL005,2019-09-17 16:00:00,36.5,91.5,0.4,57.67,31.02,27.77,,8.58,138.68,,,,185.0,Moderate
257776,DL005,2019-09-17 17:00:00,32.25,94.0,0.43,58.6,31.52,28.4,,8.22,153.6,,,,185.0,Moderate
257777,DL005,2019-09-17 18:00:00,41.75,113.0,0.4,58.0,31.35,26.73,,8.18,137.93,,,,185.0,Moderate
257778,DL005,2019-09-17 19:00:00,44.0,140.75,0.28,69.67,37.27,26.3,,7.95,75.15,,,,185.0,Moderate
257779,DL005,2019-09-17 20:00:00,56.25,180.5,0.43,82.05,43.98,25.15,,8.05,41.3,,,,185.0,Moderate
257780,DL005,2019-09-17 21:00:00,73.0,255.5,0.53,75.7,40.7,25.23,,8.72,35.38,,111.1,,185.0,Moderate
257781,DL005,2019-09-17 22:00:00,95.5,299.5,0.78,76.67,41.4,26.93,,8.92,48.75,,105.8,,185.0,Moderate
257782,DL005,2019-09-17 23:00:00,97.0,267.75,0.93,74.2,40.18,28.27,,9.65,32.85,,110.7,,179.0,Moderate
257783,DL005,2019-09-18 00:00:00,80.0,198.25,0.78,69.03,37.38,26.5,,8.97,29.83,,,,179.0,Moderate
257784,DL005,2019-09-18 01:00:00,53.5,121.5,0.65,62.78,33.95,25.9,,8.95,35.2,,,,156.0,Moderate
257785,DL005,2019-09-18 02:00:00,46.25,100.75,0.62,59.3,32.2,25.2,,9.27,,,,,124.0,Moderate
257786,DL005,2019-09-18 03:00:00,45.0,85.5,,,,,,,46.73,,,,121.0,Moderate
257787,DL005,2019-09-18 04:00:00,41.25,78.0,0.5,57.8,31.15,28.25,,6.67,40.22,,,,118.0,Moderate
257788,DL005,2019-09-18 05:00:00,47.75,77.0,0.5,57.62,31.02,23.5,,6.85,35.55,,,,117.0,Moderate
257789,DL005,2019-09-18 06:00:00,47.25,78.5,0.65,56.83,30.75,21.75,,6.75,35.98,,,,117.0,Moderate
257790,DL005,2019-09-18 07:00:00,52.75,103.75,1.25,58.58,32.23,22.95,,7.65,52.2,,,,116.0,Moderate
257791,DL005,2019-09-18 08:00:00,60.0,130.5,1.62,58.67,32.52,22.93,,9.35,44.05,,,,116.0,Moderate
257792,DL005,2019-09-18 09:00:00,36.75,108.0,2.9,61.53,35.25,26.45,,7.97,61.9,,,,116.0,Moderate
257793,DL005,2019-09-18 10:00:00,34.25,143.75,2.25,58.72,33.08,30.25,,10.47,88.47,,,,118.0,Moderate
257794,DL005,2019-09-18 11:00:00,47.0,209.75,1.23,56.55,31.1,28.25,0.5,11.3,123.85,,,,135.0,Moderate
257795,DL005,2019-09-18 12:00:00,46.0,165.5,1.12,62.08,33.92,25.23,0.72,12.43,160.45,,133.3,,189.0,Moderate
257796,DL005,2019-09-18 13:00:00,47.25,165.5,1.0,64.48,34.9,25.45,0.95,15.57,,,,,189.0,Moderate
257797,DL005,2019-09-18 14:00:00,53.5,184.5,,,,25.6,0.98,14.3,,,,,189.0,Moderate
257798,DL005,2019-09-18 15:00:00,58.25,194.5,0.2,32.15,17.25,23.4,0.85,12.77,,,,,189.0,Moderate
257799,DL005,2019-09-18 16:00:00,50.0,170.75,0.23,35.45,19.07,41.1,0.83,11.5,94.03,,,,189.0,Moderate
257800,DL005,2019-09-18 17:00:00,50.0,158.0,0.28,32.83,17.7,33.12,1.1,8.78,100.2,,,,189.0,Moderate
257801,DL005,2019-09-18 18:00:00,34.0,153.0,0.3,24.35,13.2,22.05,0.7,7.35,77.95,,,,189.0,Moderate
257802,DL005,2019-09-18 19:00:00,36.75,158.25,,,,21.6,,,65.12,,,,189.0,Moderate
257803,DL005,2019-09-18 20:00:00,46.75,172.5,1.0,52.05,28.5,26.77,1.0,8.38,45.17,,,,138.0,Moderate
257804,DL005,2019-09-18 21:00:00,53.0,166.0,1.7,73.55,40.48,24.95,1.1,12.62,49.23,,,,136.0,Moderate
257805,DL005,2019-09-18 22:00:00,53.25,149.25,1.92,81.97,45.05,22.95,1.12,16.3,18.92,,,,132.0,Moderate
257806,DL005,2019-09-18 23:00:00,45.25,107.0,1.32,61.0,33.5,22.6,0.93,10.8,43.1,,,,127.0,Moderate
257807,DL005,2019-09-19 00:00:00,44.75,74.5,1.32,57.9,31.75,25.6,0.9,8.53,41.35,,,,124.0,Moderate
257808,DL005,2019-09-19 01:00:00,41.0,64.75,1.6,56.23,31.2,27.5,0.85,8.28,28.95,,,,122.0,Moderate
257809,DL005,2019-09-19 02:00:00,33.75,53.25,1.27,52.82,29.12,27.25,0.8,8.25,33.0,,,,121.0,Moderate
257810,DL005,2019-09-19 03:00:00,14.0,38.25,1.3,46.1,25.6,35.3,0.8,6.9,28.57,,,,120.0,Moderate
257811,DL005,2019-09-19 04:00:00,18.25,31.5,1.23,44.0,24.4,29.5,0.8,7.93,33.85,,,,118.0,Moderate
257812,DL005,2019-09-19 05:00:00,13.0,19.75,0.97,42.42,23.38,25.75,0.8,7.95,38.48,,,,117.0,Moderate
257813,DL005,2019-09-19 06:00:00,14.5,24.5,1.27,44.28,24.6,23.82,0.8,7.9,28.05,,,,115.0,Moderate
257814,DL005,2019-09-19 07:00:00,21.0,30.0,1.88,49.25,27.73,24.38,0.95,8.22,15.18,,,,113.0,Moderate
257815,DL005,2019-09-19 08:00:00,29.75,53.5,2.9,47.92,27.85,26.88,1.02,8.88,12.2,,,,111.0,Moderate
257816,DL005,2019-09-19 09:00:00,38.75,63.0,2.6,46.97,27.1,27.32,1.02,9.25,13.6,,,,110.0,Moderate
257817,DL005,2019-09-19 10:00:00,40.5,74.75,2.95,47.2,27.5,27.98,1.05,9.55,24.4,,,,108.0,Moderate
257818,DL005,2019-09-19 11:00:00,42.0,102.0,2.58,52.5,30.02,29.8,1.15,11.53,52.83,,,,105.0,Moderate
257819,DL005,2019-09-19 12:00:00,49.75,130.75,2.6,52.95,30.27,31.5,1.1,12.95,58.38,,,,104.0,Moderate
257820,DL005,2019-09-19 13:00:00,46.25,129.75,2.28,49.67,28.25,32.0,1.0,12.58,76.8,,109.85,,103.0,Moderate
257821,DL005,2019-09-19 14:00:00,43.75,133.75,2.12,51.85,29.32,31.57,1.08,12.15,80.15,,153.4,,101.0,Moderate
257822,DL005,2019-09-19 15:00:00,33.25,118.5,1.85,50.52,28.38,30.7,1.1,12.05,104.08,,,,106.0,Moderate
257823,DL005,2019-09-19 16:00:00,31.5,109.75,1.6,48.83,27.3,29.6,0.7,10.18,91.45,,,,106.0,Moderate
257824,DL005,2019-09-19 17:00:00,33.75,117.5,1.62,48.3,27.02,27.23,0.78,11.45,74.43,,119.8,,106.0,Moderate
257825,DL005,2019-09-19 18:00:00,37.5,152.0,1.7,52.7,29.43,25.65,0.85,11.72,53.5,,159.25,,106.0,Moderate
257826,DL005,2019-09-19 19:00:00,42.5,154.25,1.52,56.7,31.4,25.35,0.93,13.43,33.23,,,,106.0,Moderate
257827,DL005,2019-09-19 20:00:00,44.75,163.75,1.67,59.83,32.88,25.7,1.12,11.8,21.1,,,,106.0,Moderate
257828,DL005,2019-09-19 21:00:00,48.0,169.75,1.88,62.1,34.35,25.57,1.15,11.82,13.02,,,,106.0,Moderate
257829,DL005,2019-09-19 22:00:00,51.5,161.5,1.98,62.57,34.65,25.35,1.27,10.38,10.33,,,,106.0,Moderate
257830,DL005,2019-09-19 23:00:00,53.0,151.5,2.48,65.1,36.68,24.3,1.33,10.7,43.4,,,,97.0,Satisfactory
257831,DL005,2019-09-20 00:00:00,51.25,127.0,2.88,67.3,37.9,24.05,1.27,11.07,70.0,,,,99.0,Satisfactory
257832,DL005,2019-09-20 01:00:00,50.5,110.75,4.35,66.9,39.12,24.2,1.2,10.75,28.02,,,,101.0,Moderate
257833,DL005,2019-09-20 02:00:00,69.25,136.25,5.25,64.03,38.32,25.45,1.2,10.55,,,,,103.0,Moderate
257834,DL005,2019-09-20 03:00:00,82.25,138.0,5.2,65.5,39.1,36.0,1.1,9.1,12.08,,,,106.0,Moderate
257835,DL005,2019-09-20 04:00:00,74.75,123.5,6.15,62.28,38.05,29.45,1.1,10.22,6.67,,,,108.0,Moderate
257836,DL005,2019-09-20 05:00:00,72.0,116.75,4.03,55.72,32.93,24.68,1.02,10.27,6.68,,,,111.0,Moderate
257837,DL005,2019-09-20 06:00:00,62.0,98.75,5.58,53.27,32.88,23.07,1.12,9.95,13.85,,,,113.0,Moderate
257838,DL005,2019-09-20 07:00:00,82.0,131.0,12.8,53.3,38.77,23.85,1.25,10.12,12.45,,,,116.0,Moderate
257839,DL005,2019-09-20 08:00:00,95.0,164.0,14.12,58.02,42.38,23.05,1.27,11.07,30.95,,,,119.0,Moderate
257840,DL005,2019-09-20 09:00:00,88.25,153.5,7.8,59.3,37.9,24.6,1.25,12.8,110.7,,,,121.0,Moderate
257841,DL005,2019-09-20 10:00:00,85.75,154.5,6.12,68.02,41.17,26.75,1.3,14.07,130.45,,,,145.0,Moderate
257842,DL005,2019-09-20 11:00:00,92.75,185.75,4.25,68.53,39.88,29.62,1.38,14.35,142.98,,,,163.0,Moderate
257843,DL005,2019-09-20 12:00:00,102.25,210.25,2.65,63.67,35.85,29.95,1.12,13.55,107.53,,104.8,,163.0,Moderate
257844,DL005,2019-09-20 13:00:00,56.75,141.0,1.85,51.95,29.12,28.32,0.95,11.03,97.93,,,,163.0,Moderate
257845,DL005,2019-09-20 14:00:00,41.5,108.5,1.78,51.38,28.73,27.95,0.9,10.0,100.62,,,,163.0,Moderate
257846,DL005,2019-09-20 15:00:00,33.75,100.5,1.88,53.02,29.73,27.78,0.9,10.12,101.12,,,,163.0,Moderate
257847,DL005,2019-09-20 16:00:00,34.75,104.75,1.7,57.98,32.42,26.83,0.75,8.38,114.0,,152.45,,163.0,Moderate
257848,DL005,2019-09-20 17:00:00,41.25,140.25,1.5,62.6,34.53,25.4,0.83,8.68,105.95,,,,163.0,Moderate
257849,DL005,2019-09-20 18:00:00,45.0,195.0,1.65,66.32,36.62,25.27,0.93,10.07,87.95,,,,163.0,Moderate
257850,DL005,2019-09-20 19:00:00,49.75,206.0,1.32,78.8,43.0,25.6,1.12,12.02,48.42,,,,130.0,Moderate
257851,DL005,2019-09-20 20:00:00,67.75,245.5,1.98,89.08,48.95,25.17,1.45,14.15,23.77,,,,133.0,Moderate
257852,DL005,2019-09-20 21:00:00,77.75,253.0,2.72,88.93,49.53,25.1,1.38,13.12,27.9,,,,135.0,Moderate
257853,DL005,2019-09-20 22:00:00,71.25,222.0,3.25,88.3,49.6,24.57,1.62,10.18,44.5,,,,137.0,Moderate
257854,DL005,2019-09-20 23:00:00,65.5,231.75,9.8,88.9,55.28,25.0,1.75,9.8,43.88,,,,139.0,Moderate
257855,DL005,2019-09-21 00:00:00,74.75,214.75,33.48,86.07,72.97,25.12,1.8,9.7,41.9,,,,141.0,Moderate
257856,DL005,2019-09-21 01:00:00,93.25,226.25,44.77,82.55,80.45,24.23,1.77,9.3,30.62,,,,144.0,Moderate
257857,DL005,2019-09-21 02:00:00,122.0,246.25,24.05,81.35,62.9,24.45,1.57,9.15,17.6,,,,148.0,Moderate
257858,DL005,2019-09-21 03:00:00,89.0,167.0,20.9,77.8,58.4,35.4,1.3,6.8,13.0,,,,148.0,Moderate
257859,DL005,2019-09-21 04:00:00,98.5,176.75,14.8,77.78,53.42,29.27,1.33,8.47,10.22,,,,150.0,Moderate
257860,DL005,2019-09-21 05:00:00,111.25,206.25,27.5,70.7,60.05,25.45,1.25,8.53,8.1,,,,152.0,Moderate
257861,DL005,2019-09-21 06:00:00,69.25,155.5,27.65,69.5,59.43,23.45,1.23,8.38,7.75,,,,154.0,Moderate
257862,DL005,2019-09-21 07:00:00,86.75,166.0,29.35,67.47,59.95,22.83,1.35,8.7,9.68,,,,155.0,Moderate
257863,DL005,2019-09-21 08:00:00,83.0,159.0,10.72,62.3,41.9,23.25,1.1,9.05,6.78,,,,155.0,Moderate
257864,DL005,2019-09-21 09:00:00,57.5,115.25,7.62,66.88,41.65,25.05,1.12,10.47,8.82,,,,154.0,Moderate
257865,DL005,2019-09-21 10:00:00,63.0,129.0,6.18,69.05,41.72,28.05,1.12,9.65,18.1,,,,153.0,Moderate
257866,DL005,2019-09-21 11:00:00,64.25,129.5,3.23,67.92,38.77,29.65,1.05,9.62,32.45,,,,151.0,Moderate
257867,DL005,2019-09-21 12:00:00,59.0,117.75,2.5,62.17,34.95,31.02,0.97,9.43,83.85,,,,149.0,Moderate
257868,DL005,2019-09-21 13:00:00,63.0,115.25,1.93,68.28,38.08,33.9,1.08,9.62,151.95,,107.6,,176.0,Moderate
257869,DL005,2019-09-21 14:00:00,72.75,137.25,1.38,71.9,39.35,34.38,1.1,9.7,156.93,,,,184.0,Moderate
257870,DL005,2019-09-21 15:00:00,67.75,118.0,1.6,73.53,40.4,32.5,1.02,10.1,189.65,,,,254.0,Poor
257871,DL005,2019-09-21 16:00:00,74.0,143.75,1.35,72.03,39.4,32.23,0.8,11.62,195.18,,,,268.0,Poor
257872,DL005,2019-09-21 17:00:00,74.25,153.25,1.15,64.35,35.15,31.65,0.75,12.85,166.47,,,,268.0,Poor
257873,DL005,2019-09-21 18:00:00,57.75,197.5,1.23,64.18,34.92,30.9,0.75,11.65,74.72,,257.35,,268.0,Poor
257874,DL005,2019-09-21 19:00:00,29.5,291.5,1.35,67.8,37.25,29.18,0.93,9.1,34.12,,,,268.0,Poor
257875,DL005,2019-09-21 20:00:00,21.75,49.75,3.52,88.43,49.88,27.6,1.27,8.97,9.05,,141.4,,268.0,Poor
257876,DL005,2019-09-21 21:00:00,33.0,63.0,5.53,86.17,50.3,26.82,1.27,8.88,6.88,,,,268.0,Poor
257877,DL005,2019-09-21 22:00:00,41.5,75.0,4.1,79.3,45.52,28.02,1.18,8.88,9.05,,,,268.0,Poor
257878,DL005,2019-09-21 23:00:00,42.0,69.25,4.52,76.3,44.27,29.07,1.38,9.2,7.5,,,,268.0,Poor
257879,DL005,2019-09-22 00:00:00,52.75,96.0,38.67,73.3,70.53,27.35,1.7,9.97,9.77,,,,198.0,Moderate
257880,DL005,2019-09-22 01:00:00,81.0,163.5,37.95,76.2,71.6,27.3,1.52,10.7,7.82,,,,129.0,Moderate
257881,DL005,2019-09-22 02:00:00,98.0,170.25,4.22,72.8,42.17,27.23,0.93,9.85,,,,,127.0,Moderate
257882,DL005,2019-09-22 03:00:00,26.75,44.5,10.4,69.1,45.2,39.8,0.9,10.2,12.97,,,,123.0,Moderate
257883,DL005,2019-09-22 04:00:00,36.25,50.25,8.15,66.7,42.32,30.33,0.9,10.03,8.33,,,,120.0,Moderate
257884,DL005,2019-09-22 05:00:00,31.0,45.0,7.8,64.75,40.8,25.6,0.9,9.3,7.65,,,,115.0,Moderate
257885,DL005,2019-09-22 06:00:00,,,,,,,,,,,,,114.0,Moderate
257886,DL005,2019-09-22 07:00:00,,,,,,,,,,,,,113.0,Moderate
257887,DL005,2019-09-22 08:00:00,31.0,45.0,21.0,25.3,30.6,,,7.4,32.35,,,,110.0,Moderate
257888,DL005,2019-09-22 09:00:00,103.0,141.0,13.07,61.8,43.58,21.27,,9.1,31.57,,,,110.0,Moderate
257889,DL005,2019-09-22 10:00:00,93.0,130.0,8.68,74.43,46.65,23.07,,9.77,51.17,,,,110.0,Moderate
257890,DL005,2019-09-22 11:00:00,57.25,88.25,4.45,54.08,32.33,22.88,,9.22,12.9,,,,109.0,Moderate
257891,DL005,2019-09-22 12:00:00,36.25,56.75,3.88,51.9,30.75,26.17,,7.3,14.45,,,,107.0,Moderate
257892,DL005,2019-09-22 13:00:00,27.75,46.5,3.4,58.05,33.62,31.15,,5.8,28.28,,,,105.0,Moderate
257893,DL005,2019-09-22 14:00:00,34.0,62.5,2.72,64.17,36.38,30.45,,6.53,48.08,,,,103.0,Moderate
257894,DL005,2019-09-22 15:00:00,27.75,63.0,3.05,80.05,45.08,30.25,,6.4,83.42,,,,101.0,Moderate
257895,DL005,2019-09-22 16:00:00,25.25,65.5,3.93,87.5,49.75,30.85,0.3,9.05,49.62,,,,99.0,Satisfactory
257896,DL005,2019-09-22 17:00:00,20.0,58.0,3.65,88.65,50.1,31.38,0.4,9.5,50.23,,,,94.0,Satisfactory
257897,DL005,2019-09-22 18:00:00,22.5,65.5,2.15,79.93,44.3,29.75,,8.78,44.73,,,,88.0,Satisfactory
257898,DL005,2019-09-22 19:00:00,28.5,58.75,1.85,77.88,42.92,29.62,,7.85,37.08,,,,83.0,Satisfactory
257899,DL005,2019-09-22 20:00:00,26.25,54.25,2.05,81.4,44.98,31.4,,7.3,22.72,,,,83.0,Satisfactory
257900,DL005,2019-09-22 21:00:00,39.5,73.5,3.3,90.57,50.88,31.55,,7.6,18.22,,,,83.0,Satisfactory
257901,DL005,2019-09-22 22:00:00,58.75,110.25,3.9,85.67,48.73,30.48,0.62,8.18,10.93,,,,83.0,Satisfactory
257902,DL005,2019-09-22 23:00:00,58.0,108.75,6.12,83.45,49.4,29.58,0.4,7.92,46.4,,,,82.0,Satisfactory
257903,DL005,2019-09-23 00:00:00,56.25,108.0,8.38,83.05,51.02,29.75,,7.7,29.05,,,,82.0,Satisfactory
257904,DL005,2019-09-23 01:00:00,53.0,98.5,10.85,76.43,49.5,31.18,,7.95,6.3,,,,79.0,Satisfactory
257905,DL005,2019-09-23 02:00:00,57.5,90.75,5.12,71.2,42.05,31.62,,7.8,7.1,,,,76.0,Satisfactory
257906,DL005,2019-09-23 03:00:00,50.75,70.5,2.3,57.0,32.2,34.0,0.6,7.8,4.72,,,,77.0,Satisfactory
257907,DL005,2019-09-23 04:00:00,42.75,63.5,2.45,55.85,31.7,28.4,0.57,7.12,14.57,,,,77.0,Satisfactory
257908,DL005,2019-09-23 05:00:00,39.75,56.75,2.68,57.15,32.6,25.55,0.38,7.5,25.57,,,,78.0,Satisfactory
257909,DL005,2019-09-23 06:00:00,40.5,59.75,3.42,56.95,33.1,22.9,0.23,7.5,11.78,,,,77.0,Satisfactory
257910,DL005,2019-09-23 07:00:00,39.0,68.75,4.53,57.83,34.4,23.42,0.2,7.7,4.88,,,,77.0,Satisfactory
257911,DL005,2019-09-23 08:00:00,46.0,82.5,5.35,54.02,33.05,25.83,0.1,8.32,8.4,,,,78.0,Satisfactory
257912,DL005,2019-09-23 09:00:00,41.5,63.75,4.8,50.72,30.9,26.75,,9.08,27.3,,,,75.0,Satisfactory
257913,DL005,2019-09-23 10:00:00,45.75,66.5,3.8,50.1,29.73,26.92,,9.07,13.0,,,,73.0,Satisfactory
257914,DL005,2019-09-23 11:00:00,43.75,69.0,3.92,54.17,32.05,28.52,,10.85,20.35,,,,72.0,Satisfactory
257915,DL005,2019-09-23 12:00:00,42.75,76.0,3.35,58.15,33.65,31.6,,12.6,49.4,,134.9,,73.0,Satisfactory
257916,DL005,2019-09-23 13:00:00,52.5,90.25,2.15,59.85,33.6,33.3,,10.72,95.5,,,,96.0,Satisfactory
257917,DL005,2019-09-23 14:00:00,56.75,102.5,1.77,62.3,34.5,33.72,,9.12,125.95,,119.0,,138.0,Moderate
257918,DL005,2019-09-23 15:00:00,56.75,117.5,1.68,62.85,34.65,32.58,,8.62,155.88,,,,182.0,Moderate
257919,DL005,2019-09-23 16:00:00,55.5,110.25,1.45,60.92,33.52,30.68,1.5,10.62,155.35,,,,182.0,Moderate
257920,DL005,2019-09-23 17:00:00,45.75,104.5,1.3,60.55,33.3,29.8,1.5,11.0,144.3,,,,182.0,Moderate
257921,DL005,2019-09-23 18:00:00,47.5,120.0,1.12,64.05,35.0,28.35,1.6,10.75,110.55,,147.2,,182.0,Moderate
257922,DL005,2019-09-23 19:00:00,48.75,150.25,1.32,70.38,38.5,26.5,1.75,10.6,67.7,,266.57,,182.0,Moderate
257923,DL005,2019-09-23 20:00:00,57.25,178.5,1.52,77.03,42.2,25.52,1.92,10.55,36.27,,232.65,,182.0,Moderate
257924,DL005,2019-09-23 21:00:00,58.75,203.75,7.6,103.83,61.45,24.55,2.55,10.62,9.57,,227.6,,182.0,Moderate
257925,DL005,2019-09-23 22:00:00,58.5,183.5,12.3,100.93,63.73,23.8,2.45,10.7,3.93,,106.2,,182.0,Moderate
257926,DL005,2019-09-23 23:00:00,49.25,143.0,6.73,94.25,55.6,23.23,2.15,10.95,3.72,,,,181.0,Moderate
257927,DL005,2019-09-24 00:00:00,45.0,114.0,3.78,81.5,46.42,24.07,1.92,11.05,5.43,,,,165.0,Moderate
257928,DL005,2019-09-24 01:00:00,44.75,97.75,2.08,63.5,35.42,24.02,1.67,10.58,8.12,,,,116.0,Moderate
257929,DL005,2019-09-24 02:00:00,34.0,63.5,1.73,57.98,32.25,22.5,1.6,10.27,,,,,107.0,Moderate
257930,DL005,2019-09-24 03:00:00,32.0,51.75,2.4,52.1,29.6,27.8,1.5,9.1,13.55,,,,107.0,Moderate
257931,DL005,2019-09-24 04:00:00,35.75,49.25,2.8,53.67,30.85,25.0,1.6,9.6,5.1,,,,107.0,Moderate
257932,DL005,2019-09-24 05:00:00,39.0,59.25,15.28,54.73,41.52,22.5,1.67,9.5,4.23,,,,106.0,Moderate
257933,DL005,2019-09-24 06:00:00,41.75,79.75,22.12,55.25,47.4,20.25,1.75,9.7,4.08,,,,102.0,Moderate
257934,DL005,2019-09-24 07:00:00,45.25,91.75,41.47,57.0,64.2,18.98,1.98,9.5,5.28,,,,102.0,Moderate
257935,DL005,2019-09-24 08:00:00,59.0,111.5,11.03,59.98,41.1,21.0,1.92,10.12,6.58,,,,103.0,Moderate
257936,DL005,2019-09-24 09:00:00,62.0,107.75,5.88,58.85,36.08,23.32,1.85,11.77,14.2,,,,104.0,Moderate
257937,DL005,2019-09-24 10:00:00,59.25,102.0,4.65,55.1,33.08,24.45,1.77,12.82,38.23,,,,105.0,Moderate
257938,DL005,2019-09-24 11:00:00,52.0,102.25,5.65,58.0,35.45,25.07,1.58,15.7,50.25,,,,106.0,Moderate
257939,DL005,2019-09-24 12:00:00,57.75,99.5,6.22,63.77,39.05,25.43,1.67,25.27,116.15,,,,124.0,Moderate
257940,DL005,2019-09-24 13:00:00,65.25,115.0,2.5,57.85,32.83,25.62,1.7,18.55,161.38,,,,190.0,Moderate
257941,DL005,2019-09-24 14:00:00,60.5,112.0,1.65,53.58,29.85,25.82,1.6,14.62,124.5,,,,190.0,Moderate
257942,DL005,2019-09-24 15:00:00,48.25,103.75,1.5,49.5,27.57,25.32,1.5,12.4,93.35,,,,190.0,Moderate
257943,DL005,2019-09-24 16:00:00,32.5,75.25,1.12,49.65,27.35,25.93,1.5,10.82,98.2,,,,190.0,Moderate
257944,DL005,2019-09-24 17:00:00,29.25,64.75,1.42,50.68,28.1,25.45,1.55,11.1,93.38,,,,190.0,Moderate
257945,DL005,2019-09-24 18:00:00,32.5,77.0,1.4,54.4,30.12,22.9,1.68,10.7,74.4,,116.0,,190.0,Moderate
257946,DL005,2019-09-24 19:00:00,31.75,118.5,1.75,67.83,37.43,22.18,1.83,10.85,42.12,,170.62,,190.0,Moderate
257947,DL005,2019-09-24 20:00:00,33.25,138.5,1.57,75.22,41.27,22.3,1.93,11.07,24.17,,,,190.0,Moderate
257948,DL005,2019-09-24 21:00:00,33.25,103.25,2.83,88.22,49.22,23.5,2.25,11.53,6.6,,,,136.0,Moderate
257949,DL005,2019-09-24 22:00:00,41.25,127.0,5.0,93.2,53.62,24.23,2.32,11.75,3.45,,,,104.0,Moderate
257950,DL005,2019-09-24 23:00:00,42.75,113.75,4.65,90.7,52.0,23.8,2.25,11.7,4.85,,,,104.0,Moderate
257951,DL005,2019-09-25 00:00:00,35.5,77.75,3.15,83.35,46.9,23.05,2.1,11.82,5.85,,,,104.0,Moderate
257952,DL005,2019-09-25 01:00:00,33.0,57.5,2.6,74.93,41.98,21.92,1.97,11.47,7.48,,,,104.0,Moderate
257953,DL005,2019-09-25 02:00:00,30.0,44.0,2.17,66.4,37.3,20.42,1.9,11.18,,,,,104.0,Moderate
257954,DL005,2019-09-25 03:00:00,29.0,31.0,2.2,61.9,34.7,26.5,1.8,8.4,13.2,,,,104.0,Moderate
257955,DL005,2019-09-25 04:00:00,30.5,32.25,2.35,57.0,32.0,23.33,1.8,10.42,7.4,,,,104.0,Moderate
257956,DL005,2019-09-25 05:00:00,35.0,36.0,3.3,55.33,32.23,21.3,1.88,10.58,7.8,,,,104.0,Moderate
257957,DL005,2019-09-25 06:00:00,77.0,86.0,10.93,63.05,42.43,21.0,2.1,10.95,8.77,,,,103.0,Moderate
257958,DL005,2019-09-25 07:00:00,75.25,84.5,11.12,57.8,39.83,20.05,2.18,11.03,5.05,,,,102.0,Moderate
257959,DL005,2019-09-25 08:00:00,69.25,78.0,13.57,54.6,40.1,19.8,2.2,11.18,5.15,,,,102.0,Moderate
257960,DL005,2019-09-25 09:00:00,65.75,70.0,7.05,48.92,31.78,21.1,2.08,11.82,7.72,,,,102.0,Moderate
257961,DL005,2019-09-25 10:00:00,56.5,60.75,2.93,41.73,24.6,20.65,1.85,11.78,21.6,,,,102.0,Moderate
257962,DL005,2019-09-25 11:00:00,40.25,58.0,1.92,41.67,23.75,23.1,1.85,10.78,52.42,,,,102.0,Moderate
257963,DL005,2019-09-25 12:00:00,42.75,82.0,1.75,47.75,26.8,28.48,1.85,11.38,87.7,,136.25,,102.0,Moderate
257964,DL005,2019-09-25 13:00:00,47.0,90.25,1.6,47.92,26.82,29.92,1.88,11.25,115.85,,,,123.0,Moderate
257965,DL005,2019-09-25 14:00:00,38.75,81.25,1.3,48.3,26.8,27.8,1.8,10.6,100.3,,,,123.0,Moderate
257966,DL005,2019-09-25 15:00:00,23.0,58.75,1.15,43.95,24.32,28.43,1.5,9.4,89.38,,,,123.0,Moderate
257967,DL005,2019-09-25 16:00:00,23.0,53.75,1.48,44.62,24.92,23.88,1.45,10.03,89.47,,,,123.0,Moderate
257968,DL005,2019-09-25 17:00:00,23.25,60.0,1.55,47.02,26.27,21.05,1.42,10.05,91.67,,,,123.0,Moderate
257969,DL005,2019-09-25 18:00:00,24.25,79.5,1.12,52.75,28.95,20.2,1.52,9.73,78.12,,155.4,,123.0,Moderate
257970,DL005,2019-09-25 19:00:00,28.25,127.25,1.48,66.0,36.28,22.68,1.7,9.47,39.52,,,,123.0,Moderate
257971,DL005,2019-09-25 20:00:00,38.0,115.0,3.08,86.65,48.6,24.98,2.05,9.98,8.6,,139.5,,123.0,Moderate
257972,DL005,2019-09-25 21:00:00,37.0,93.25,8.3,97.68,58.7,25.7,2.33,9.6,4.48,,,,104.0,Moderate
257973,DL005,2019-09-25 22:00:00,34.25,90.5,15.98,99.15,65.75,24.45,2.4,9.43,3.85,,,,105.0,Moderate
257974,DL005,2019-09-25 23:00:00,35.75,85.5,28.95,91.53,72.3,24.32,2.48,9.62,4.55,,,,106.0,Moderate
257975,DL005,2019-09-26 00:00:00,39.5,74.5,35.83,91.0,77.6,24.35,2.55,9.9,6.2,,,,107.0,Moderate
257976,DL005,2019-09-26 01:00:00,49.0,76.0,20.8,88.65,64.1,25.35,2.4,10.32,95.4,,,,107.0,Moderate
257977,DL005,2019-09-26 02:00:00,59.5,77.0,5.83,71.6,42.85,23.65,1.93,11.1,,,,,107.0,Moderate
257978,DL005,2019-09-26 03:00:00,46.0,53.0,2.4,62.1,35.0,40.5,1.7,10.8,10.4,,,,107.0,Moderate
257979,DL005,2019-09-26 04:00:00,,,2.4,56.23,31.85,32.0,1.73,10.25,5.97,,,,107.0,Moderate
257980,DL005,2019-09-26 05:00:00,,,2.48,52.88,30.15,25.8,1.8,9.82,4.62,,,,107.0,Moderate
257981,DL005,2019-09-26 06:00:00,,,2.3,51.97,29.53,22.4,1.77,9.82,3.73,,,,107.0,Moderate
257982,DL005,2019-09-26 07:00:00,,,3.7,54.45,31.98,20.8,1.88,10.65,21.45,,,,107.0,Moderate
257983,DL005,2019-09-26 08:00:00,,,4.33,51.48,30.68,20.23,1.85,11.15,7.35,,,,105.0,Moderate
257984,DL005,2019-09-26 09:00:00,,,4.68,48.45,29.58,21.35,1.73,12.62,47.62,,,,96.0,Satisfactory
257985,DL005,2019-09-26 10:00:00,,,6.38,49.08,31.32,23.32,1.75,15.8,30.08,,,,94.0,Satisfactory
257986,DL005,2019-09-26 11:00:00,,,5.62,49.98,30.93,25.95,1.77,16.9,37.2,,,,94.0,Satisfactory
257987,DL005,2019-09-26 12:00:00,,,2.95,45.55,26.62,28.55,1.6,13.2,25.75,,,,251.0,Satisfactory
257988,DL005,2019-09-26 13:00:00,28.0,30.0,2.15,44.32,25.35,29.98,1.6,10.1,44.83,,,,251.0,Satisfactory
257989,DL005,2019-09-26 14:00:00,28.0,31.5,1.97,45.65,25.88,31.43,1.6,10.82,56.3,,,,251.0,Satisfactory
257990,DL005,2019-09-26 15:00:00,24.5,34.25,1.85,44.55,25.23,30.85,1.6,10.05,49.23,,,,251.0,Satisfactory
257991,DL005,2019-09-26 16:00:00,14.75,29.5,1.62,43.52,24.5,29.45,1.35,9.0,50.02,,,,251.0,Satisfactory
257992,DL005,2019-09-26 17:00:00,19.0,33.0,2.12,50.52,28.57,27.68,1.4,10.95,63.3,,204.6,,251.0,Satisfactory
257993,DL005,2019-09-26 18:00:00,24.5,38.75,1.85,48.38,27.2,25.15,1.42,10.85,45.98,,,,251.0,Satisfactory
257994,DL005,2019-09-26 19:00:00,27.0,43.0,1.45,53.93,29.88,25.82,1.62,9.22,30.47,,,,251.0,Satisfactory
257995,DL005,2019-09-26 20:00:00,37.0,61.5,1.97,63.42,35.33,25.08,1.77,8.85,13.97,,,,251.0,Satisfactory
257996,DL005,2019-09-26 21:00:00,33.75,72.5,2.4,64.85,36.62,24.1,1.83,8.8,7.12,,,,251.0,Satisfactory
257997,DL005,2019-09-26 22:00:00,45.5,74.0,3.7,68.47,39.43,24.42,2.02,9.32,4.75,,,,251.0,Satisfactory
257998,DL005,2019-09-26 23:00:00,55.0,71.25,5.52,68.3,40.88,23.73,1.85,9.28,3.2,,,,251.0,Satisfactory
257999,DL005,2019-09-27 00:00:00,49.25,59.0,3.02,55.82,32.17,23.25,1.6,9.3,6.72,,,,251.0,Satisfactory
258000,DL005,2019-09-27 01:00:00,37.5,45.25,1.85,50.7,28.47,22.93,1.5,9.23,10.5,,,,251.0,Satisfactory
258001,DL005,2019-09-27 02:00:00,27.0,40.0,1.98,49.02,27.65,22.98,1.45,11.23,,,,,251.0,Satisfactory
258002,DL005,2019-09-27 03:00:00,20.0,24.0,2.2,41.9,24.1,28.1,1.4,6.6,13.8,,,,251.0,Satisfactory
258003,DL005,2019-09-27 04:00:00,20.0,24.0,1.85,40.98,23.3,25.58,1.4,8.43,7.3,,,,100.0,Satisfactory
258004,DL005,2019-09-27 05:00:00,19.0,25.0,1.65,38.38,21.8,22.12,1.42,8.05,6.38,,,,100.0,Satisfactory
258005,DL005,2019-09-27 06:00:00,19.0,25.0,1.82,39.1,22.27,19.32,1.5,8.98,6.6,,,,92.0,Satisfactory
258006,DL005,2019-09-27 07:00:00,,,1.88,37.15,21.3,17.75,1.52,9.88,7.45,,,,80.0,Satisfactory
258007,DL005,2019-09-27 08:00:00,,,2.38,37.6,21.95,17.62,1.6,10.05,8.53,,,,80.0,Satisfactory
258008,DL005,2019-09-27 09:00:00,,,2.47,34.92,20.6,19.15,1.5,9.8,11.28,,,,80.0,Satisfactory
258009,DL005,2019-09-27 10:00:00,20.0,25.0,2.35,33.57,19.73,20.5,1.5,9.07,14.5,,,,80.0,Satisfactory
258010,DL005,2019-09-27 11:00:00,20.0,25.0,2.2,32.6,19.12,21.57,1.5,8.23,20.35,,,,80.0,Satisfactory
258011,DL005,2019-09-27 12:00:00,35.0,,2.42,35.08,20.65,23.8,1.5,8.68,25.75,,,,80.0,Satisfactory
258012,DL005,2019-09-27 13:00:00,30.75,77.0,1.98,34.42,19.93,24.82,1.5,9.22,34.67,,,,80.0,Satisfactory
258013,DL005,2019-09-27 14:00:00,19.25,75.0,1.68,35.92,20.48,26.07,1.48,8.35,45.5,,,,80.0,Satisfactory
258014,DL005,2019-09-27 15:00:00,22.25,77.5,1.65,37.68,21.38,25.6,1.5,8.68,53.55,,,,80.0,Satisfactory
258015,DL005,2019-09-27 16:00:00,18.0,103.0,1.8,37.35,21.35,25.55,1.45,7.15,53.12,,,,75.0,Satisfactory
258016,DL005,2019-09-27 17:00:00,16.75,100.25,1.77,38.75,22.05,24.5,1.5,7.55,55.3,,114.55,,75.0,Satisfactory
258017,DL005,2019-09-27 18:00:00,17.75,95.25,1.85,37.7,21.58,22.38,1.5,6.75,44.92,,,,75.0,Satisfactory
258018,DL005,2019-09-27 19:00:00,16.5,103.5,1.43,43.67,24.38,21.3,1.55,7.02,36.4,,160.6,,78.0,Satisfactory
258019,DL005,2019-09-27 20:00:00,25.0,103.25,1.73,50.1,28.07,21.05,1.75,6.45,22.88,,213.12,,88.0,Satisfactory
258020,DL005,2019-09-27 21:00:00,29.5,121.5,2.8,53.88,30.93,20.33,1.9,6.55,30.85,,180.45,,95.0,Satisfactory
258021,DL005,2019-09-27 22:00:00,35.5,135.75,2.83,57.25,32.92,20.6,1.92,6.47,72.15,,,,96.0,Satisfactory
258022,DL005,2019-09-27 23:00:00,38.25,119.75,2.65,53.95,30.85,20.3,1.83,6.3,26.02,,,,96.0,Satisfactory
258023,DL005,2019-09-28 00:00:00,34.25,91.25,2.07,49.88,28.2,20.07,1.75,6.8,80.8,,,,96.0,Satisfactory
258024,DL005,2019-09-28 01:00:00,38.75,80.5,1.82,48.27,27.18,19.73,1.65,7.1,36.8,,,,96.0,Satisfactory
258025,DL005,2019-09-28 02:00:00,37.0,55.0,1.98,45.0,25.52,19.52,1.6,6.62,15.4,,,,96.0,Satisfactory
258026,DL005,2019-09-28 03:00:00,29.75,55.25,1.8,45.8,25.8,25.2,1.6,2.8,9.85,,,,96.0,Satisfactory
258027,DL005,2019-09-28 04:00:00,44.5,57.25,2.83,45.1,26.32,22.95,1.7,5.98,6.47,,,,96.0,Satisfactory
258028,DL005,2019-09-28 05:00:00,43.5,58.75,3.1,42.42,25.1,20.95,1.62,6.33,9.27,,,,96.0,Satisfactory
258029,DL005,2019-09-28 06:00:00,37.5,54.25,2.58,39.7,23.18,19.98,1.62,6.27,7.17,,,,92.0,Satisfactory
258030,DL005,2019-09-28 07:00:00,43.5,64.0,3.55,41.33,24.85,18.85,1.75,7.08,6.35,,,,88.0,Satisfactory
258031,DL005,2019-09-28 08:00:00,44.75,68.5,3.98,39.17,24.08,17.7,1.75,7.78,8.38,,,,88.0,Satisfactory
258032,DL005,2019-09-28 09:00:00,35.25,54.5,4.45,37.58,23.62,18.15,1.73,8.5,11.4,,,,88.0,Satisfactory
258033,DL005,2019-09-28 10:00:00,32.5,58.25,3.6,32.42,20.2,18.77,1.6,8.9,15.1,,,,88.0,Satisfactory
258034,DL005,2019-09-28 11:00:00,26.0,80.25,2.67,32.23,19.3,20.57,1.62,8.15,32.02,,,,88.0,Satisfactory
258035,DL005,2019-09-28 12:00:00,37.0,97.75,1.93,33.55,19.45,22.12,1.6,7.45,47.97,,,,88.0,Satisfactory
258036,DL005,2019-09-28 13:00:00,31.5,94.0,1.53,33.55,19.1,23.07,1.55,7.45,50.45,,,,88.0,Satisfactory
258037,DL005,2019-09-28 14:00:00,24.25,92.0,1.4,33.0,18.73,23.12,1.5,8.05,50.23,,,,88.0,Satisfactory
258038,DL005,2019-09-28 15:00:00,22.75,89.5,1.65,33.38,19.1,22.92,1.5,8.07,48.08,,,,88.0,Satisfactory
258039,DL005,2019-09-28 16:00:00,16.75,95.75,1.7,34.42,19.73,22.5,1.35,9.0,50.88,,,,86.0,Satisfactory
258040,DL005,2019-09-28 17:00:00,22.0,80.5,1.93,38.67,22.12,21.8,1.48,8.97,44.3,,107.8,,84.0,Satisfactory
258041,DL005,2019-09-28 18:00:00,28.0,79.0,1.7,41.67,23.55,19.57,1.48,9.35,67.8,,,,83.0,Satisfactory
258042,DL005,2019-09-28 19:00:00,21.5,103.0,1.73,50.85,28.45,19.4,1.6,9.55,47.15,,179.98,,83.0,Satisfactory
258043,DL005,2019-09-28 20:00:00,30.75,119.25,2.9,57.2,32.8,20.02,1.7,10.45,28.75,,,,85.0,Satisfactory
258044,DL005,2019-09-28 21:00:00,37.0,116.25,4.33,61.95,36.5,19.98,1.77,12.07,17.5,,,,88.0,Satisfactory
258045,DL005,2019-09-28 22:00:00,38.25,108.25,2.83,51.33,29.62,20.02,1.65,9.03,56.02,,,,88.0,Satisfactory
258046,DL005,2019-09-28 23:00:00,30.75,56.5,1.95,41.0,23.38,19.03,1.5,7.65,95.43,,,,95.0,Satisfactory
258047,DL005,2019-09-29 00:00:00,21.5,37.25,1.48,40.65,22.8,18.38,1.5,8.43,16.1,,,,95.0,Satisfactory
258048,DL005,2019-09-29 01:00:00,16.0,42.5,1.5,44.6,24.98,17.88,1.5,10.3,49.83,,,,95.0,Satisfactory
258049,DL005,2019-09-29 02:00:00,20.5,27.5,1.3,41.82,23.33,17.48,1.45,10.7,,,,,95.0,Satisfactory
258050,DL005,2019-09-29 03:00:00,14.25,21.25,1.3,36.6,20.5,24.0,1.4,7.1,29.5,,,,95.0,Satisfactory
258051,DL005,2019-09-29 04:00:00,9.0,16.0,1.6,38.05,21.52,22.33,1.4,6.1,22.3,,,,95.0,Satisfactory
258052,DL005,2019-09-29 05:00:00,,,1.77,37.15,21.17,20.43,1.5,6.0,19.1,,,,95.0,Satisfactory
258053,DL005,2019-09-29 06:00:00,19.0,22.0,1.6,35.62,20.25,18.08,1.5,6.45,14.07,,,,95.0,Satisfactory
258054,DL005,2019-09-29 07:00:00,20.25,25.25,2.1,35.8,20.75,16.8,1.55,6.38,10.08,,,,78.0,Satisfactory
258055,DL005,2019-09-29 08:00:00,24.25,37.25,3.4,36.75,22.3,16.1,1.6,6.8,13.92,,,,80.0,Satisfactory
258056,DL005,2019-09-29 09:00:00,26.0,43.25,3.6,37.0,22.65,16.25,1.6,6.6,10.85,,,,80.0,Satisfactory
258057,DL005,2019-09-29 10:00:00,30.0,44.75,4.17,37.25,23.25,17.6,1.6,7.65,19.85,,,,80.0,Satisfactory
258058,DL005,2019-09-29 11:00:00,31.75,55.0,3.22,37.5,22.57,19.05,1.62,8.77,28.75,,,,81.0,Satisfactory
258059,DL005,2019-09-29 12:00:00,31.5,60.25,3.42,42.15,25.2,21.98,1.7,9.6,51.58,,,,85.0,Satisfactory
258060,DL005,2019-09-29 13:00:00,45.75,89.25,2.58,43.88,25.4,23.65,1.67,11.43,68.4,,,,85.0,Satisfactory
258061,DL005,2019-09-29 14:00:00,54.75,103.25,2.27,43.45,25.0,23.7,1.65,11.88,77.1,,148.35,,85.0,Satisfactory
258062,DL005,2019-09-29 15:00:00,43.75,101.0,1.7,36.48,20.77,23.83,1.52,10.68,77.72,,,,85.0,Satisfactory
258063,DL005,2019-09-29 16:00:00,31.0,85.0,1.88,35.62,20.47,23.75,1.4,8.75,78.9,,,,85.0,Satisfactory
258064,DL005,2019-09-29 17:00:00,27.5,87.5,1.3,36.33,20.38,22.95,1.4,7.83,71.55,,,,85.0,Satisfactory
258065,DL005,2019-09-29 18:00:00,19.5,78.75,1.6,37.92,21.48,21.83,1.45,6.85,52.7,,,,85.0,Satisfactory
258066,DL005,2019-09-29 19:00:00,27.25,84.0,1.57,41.12,23.15,21.7,1.57,6.05,36.7,,,,85.0,Satisfactory
258067,DL005,2019-09-29 20:00:00,32.0,88.0,1.75,47.62,26.77,22.1,1.68,5.95,41.3,,,,84.0,Satisfactory
258068,DL005,2019-09-29 21:00:00,42.75,102.5,2.52,51.42,29.42,22.82,1.75,6.25,16.3,,,,88.0,Satisfactory
258069,DL005,2019-09-29 22:00:00,38.0,106.75,4.78,55.5,33.38,20.52,1.77,5.75,15.2,,,,88.0,Satisfactory
258070,DL005,2019-09-29 23:00:00,33.25,88.25,5.45,62.47,37.62,19.2,1.75,6.1,6.88,,,,88.0,Satisfactory
258071,DL005,2019-09-30 00:00:00,27.75,59.75,2.9,56.08,32.35,18.85,1.67,5.88,8.7,,,,88.0,Satisfactory
258072,DL005,2019-09-30 01:00:00,26.5,48.25,2.28,52.42,29.75,19.02,1.58,6.35,8.68,,,,88.0,Satisfactory
258073,DL005,2019-09-30 02:00:00,25.0,33.25,1.95,47.02,26.6,18.33,1.5,6.53,,,,,88.0,Satisfactory
258074,DL005,2019-09-30 03:00:00,23.75,31.0,1.8,42.7,24.1,23.6,1.4,6.2,18.25,,,,88.0,Satisfactory
258075,DL005,2019-09-30 04:00:00,20.5,29.25,1.83,38.9,22.18,21.8,1.4,5.75,12.4,,,,88.0,Satisfactory
258076,DL005,2019-09-30 05:00:00,20.75,22.75,1.92,38.17,21.88,20.25,1.4,6.82,11.23,,,,88.0,Satisfactory
258077,DL005,2019-09-30 06:00:00,17.0,19.0,1.62,36.97,20.98,18.2,1.4,6.62,11.57,,,,88.0,Satisfactory
258078,DL005,2019-09-30 07:00:00,22.0,30.0,2.47,40.62,23.62,17.25,1.48,6.8,10.32,,,,84.0,Satisfactory
258079,DL005,2019-09-30 08:00:00,23.75,35.5,5.38,44.92,28.27,17.23,1.6,6.65,9.7,,,,80.0,Satisfactory
258080,DL005,2019-09-30 09:00:00,28.0,50.0,4.38,40.62,25.18,18.17,1.62,6.85,13.97,,,,81.0,Satisfactory
258081,DL005,2019-09-30 10:00:00,27.25,47.25,5.4,44.83,28.23,20.05,1.75,6.75,15.37,,,,88.0,Satisfactory
258082,DL005,2019-09-30 11:00:00,34.25,60.75,6.47,43.33,28.33,20.17,1.7,7.05,23.12,,,,88.0,Satisfactory
258083,DL005,2019-09-30 12:00:00,34.0,68.0,2.0,35.5,20.5,23.0,1.55,7.33,53.3,,,,88.0,Satisfactory
258084,DL005,2019-09-30 13:00:00,29.25,69.5,2.25,39.77,22.98,22.98,1.7,6.78,80.97,,,,88.0,Satisfactory
258085,DL005,2019-09-30 14:00:00,32.25,119.75,2.27,45.82,26.2,25.07,1.73,7.55,116.7,,,,125.0,Moderate
258086,DL005,2019-09-30 15:00:00,58.25,149.25,1.8,32.7,18.88,24.32,1.7,8.6,130.35,,,,145.0,Moderate
258087,DL005,2019-09-30 16:00:00,61.75,148.75,1.55,21.68,12.8,23.1,1.7,7.5,155.85,,,,182.0,Moderate
258088,DL005,2019-09-30 17:00:00,61.25,150.5,1.32,29.45,16.75,23.15,1.65,6.2,163.67,,125.6,,194.0,Moderate
258089,DL005,2019-09-30 18:00:00,61.0,165.5,1.25,39.67,22.12,23.83,1.62,4.6,128.12,,,,194.0,Moderate
258090,DL005,2019-09-30 19:00:00,60.5,169.25,1.5,50.22,27.93,24.58,1.77,4.0,79.33,,,,194.0,Moderate
258091,DL005,2019-09-30 20:00:00,92.5,221.0,1.98,66.28,38.55,30.77,2.02,4.97,36.6,,,,194.0,Moderate
258092,DL005,2019-09-30 21:00:00,156.5,293.75,3.7,67.43,39.7,30.93,2.15,4.38,15.58,,,,194.0,Moderate
258093,DL005,2019-09-30 22:00:00,119.0,261.0,17.73,74.9,54.32,24.32,2.6,5.68,28.02,,,,194.0,Moderate
258094,DL005,2019-09-30 23:00:00,86.0,216.5,30.88,79.62,67.5,23.38,2.6,6.78,28.93,,,,194.0,Moderate
258095,DL005,2019-10-01 00:00:00,63.5,148.0,20.73,70.03,54.15,21.8,2.23,5.97,11.35,,,,194.0,Moderate
258096,DL005,2019-10-01 01:00:00,52.75,120.75,19.12,60.6,47.83,21.45,2.0,5.4,10.22,,,,141.0,Moderate
258097,DL005,2019-10-01 02:00:00,57.75,100.5,20.95,53.2,45.4,20.77,1.95,5.1,,,,,109.0,Moderate
258098,DL005,2019-10-01 03:00:00,52.75,101.25,21.8,50.9,44.9,29.2,1.9,3.1,45.85,,,,111.0,Moderate
258099,DL005,2019-10-01 04:00:00,71.0,121.0,20.35,44.8,40.4,26.88,1.88,4.45,51.03,,,,114.0,Moderate
258100,DL005,2019-10-01 05:00:00,71.0,116.25,16.12,44.92,37.02,23.05,1.67,4.62,20.97,,,,116.0,Moderate
258101,DL005,2019-10-01 06:00:00,33.25,62.0,9.55,46.23,32.33,19.95,1.58,4.73,11.35,,,,117.0,Moderate
258102,DL005,2019-10-01 07:00:00,30.0,58.25,14.72,44.62,35.75,18.98,1.75,4.65,13.6,,,,118.0,Moderate
258103,DL005,2019-10-01 08:00:00,38.0,83.0,16.43,47.92,38.85,19.38,1.75,4.95,12.1,,,,119.0,Moderate
258104,DL005,2019-10-01 09:00:00,43.25,88.75,14.12,52.75,39.55,19.73,1.8,6.25,10.07,,,,121.0,Moderate
258105,DL005,2019-10-01 10:00:00,41.25,105.25,9.07,50.62,34.35,20.88,1.82,7.15,15.4,,,,122.0,Moderate
258106,DL005,2019-10-01 11:00:00,45.5,104.25,4.55,50.12,30.38,22.62,1.73,6.62,36.55,,,,123.0,Moderate
258107,DL005,2019-10-01 12:00:00,54.0,113.5,2.9,49.0,28.45,24.52,1.73,6.2,61.52,,111.7,,125.0,Moderate
258108,DL005,2019-10-01 13:00:00,51.5,135.0,2.35,52.2,29.65,26.82,1.73,6.47,119.2,,146.6,,128.0,Moderate
258109,DL005,2019-10-01 14:00:00,62.0,153.5,1.4,52.53,29.1,28.4,1.62,7.53,190.2,,103.7,,255.0,Poor
258110,DL005,2019-10-01 15:00:00,61.75,163.0,1.8,50.75,28.48,28.2,1.52,7.58,133.32,,,,255.0,Poor
258111,DL005,2019-10-01 16:00:00,56.75,160.25,1.5,54.38,30.15,27.23,1.68,10.93,104.85,,,,255.0,Poor
258112,DL005,2019-10-01 17:00:00,43.5,158.0,1.32,52.08,28.73,25.38,1.55,9.9,106.12,,159.3,,255.0,Poor
258113,DL005,2019-10-01 18:00:00,41.0,148.0,1.52,54.2,30.07,24.03,1.55,7.92,89.52,,141.9,,255.0,Poor
258114,DL005,2019-10-01 19:00:00,40.25,150.25,1.45,68.45,37.68,23.25,1.82,7.32,50.67,,,,255.0,Poor
258115,DL005,2019-10-01 20:00:00,48.0,162.75,1.93,79.77,44.02,23.98,1.92,6.92,22.07,,,,255.0,Poor
258116,DL005,2019-10-01 21:00:00,48.5,144.5,2.47,80.43,44.83,24.55,1.92,7.22,12.45,,,,255.0,Poor
258117,DL005,2019-10-01 22:00:00,43.5,121.25,5.15,86.35,50.15,25.12,2.15,7.55,6.85,,,,149.0,Moderate
258118,DL005,2019-10-01 23:00:00,49.5,132.5,8.85,82.97,51.3,25.02,2.2,7.7,6.7,,,,115.0,Moderate
258119,DL005,2019-10-02 00:00:00,45.25,140.0,18.38,75.83,55.33,25.62,2.15,7.15,7.1,,,,115.0,Moderate
258120,DL005,2019-10-02 01:00:00,46.0,118.5,18.0,73.68,53.8,25.92,2.2,6.83,7.78,,,,115.0,Moderate
258121,DL005,2019-10-02 02:00:00,46.5,107.25,22.47,67.78,54.25,24.62,2.15,7.7,,,,,115.0,Moderate
258122,DL005,2019-10-02 03:00:00,47.0,103.5,38.7,70.5,69.1,33.7,2.2,6.4,19.8,,,,115.0,Moderate
258123,DL005,2019-10-02 04:00:00,58.25,117.5,42.92,63.58,69.1,30.6,2.25,7.42,11.1,,,,115.0,Moderate
258124,DL005,2019-10-02 05:00:00,95.75,169.25,42.4,58.83,66.0,27.48,2.2,7.78,27.27,,,,117.0,Moderate
258125,DL005,2019-10-02 06:00:00,78.5,155.0,44.45,54.0,64.97,24.7,2.18,7.85,30.58,,,,119.0,Moderate
258126,DL005,2019-10-02 07:00:00,71.25,140.25,40.72,54.03,61.92,22.95,2.05,7.95,20.88,,,,122.0,Moderate
258127,DL005,2019-10-02 08:00:00,59.75,117.25,20.9,60.17,49.03,24.18,1.85,8.45,12.53,,,,122.0,Moderate
258128,DL005,2019-10-02 09:00:00,49.5,97.25,9.57,54.38,36.75,24.47,1.65,9.3,11.43,,,,123.0,Moderate
258129,DL005,2019-10-02 10:00:00,47.75,89.75,7.85,53.52,34.88,25.0,1.6,10.78,16.57,,,,122.0,Moderate
258130,DL005,2019-10-02 11:00:00,49.0,98.0,3.62,47.88,28.43,27.4,1.62,12.18,71.83,,,,122.0,Moderate
258131,DL005,2019-10-02 12:00:00,54.0,112.75,1.9,42.02,23.88,29.95,1.5,11.68,111.45,,,,122.0,Moderate
258132,DL005,2019-10-02 13:00:00,49.25,101.5,1.42,42.15,23.55,32.33,1.42,10.2,107.45,,,,121.0,Moderate
258133,DL005,2019-10-02 14:00:00,41.75,95.0,1.3,44.2,24.57,31.9,1.35,11.3,104.07,,,,120.0,Moderate
258134,DL005,2019-10-02 15:00:00,35.0,83.75,1.5,46.52,25.92,29.83,1.3,10.5,107.75,,,,117.0,Moderate
258135,DL005,2019-10-02 16:00:00,33.5,68.5,1.38,44.02,24.53,28.23,1.38,7.28,115.32,,,,123.0,Moderate
258136,DL005,2019-10-02 17:00:00,28.75,72.25,1.33,43.33,24.12,27.2,1.33,6.1,111.03,,,,123.0,Moderate
258137,DL005,2019-10-02 18:00:00,28.0,79.0,1.25,44.55,24.72,26.33,1.4,5.72,97.85,,,,123.0,Moderate
258138,DL005,2019-10-02 19:00:00,28.0,79.0,1.15,49.77,27.42,26.2,1.5,5.15,75.67,,,,123.0,Moderate
258139,DL005,2019-10-02 20:00:00,36.0,119.0,1.3,54.97,30.27,25.85,1.6,4.75,54.62,,,,123.0,Moderate
258140,DL005,2019-10-02 21:00:00,48.0,138.0,1.35,56.1,30.95,25.38,1.73,4.85,36.9,,,,123.0,Moderate
258141,DL005,2019-10-02 22:00:00,56.0,143.0,1.4,55.95,30.92,25.35,1.77,4.97,25.78,,,,123.0,Moderate
258142,DL005,2019-10-02 23:00:00,62.0,132.0,1.93,60.08,33.58,25.75,1.9,5.55,11.7,,,,123.0,Moderate
258143,DL005,2019-10-03 00:00:00,75.0,169.0,4.95,66.5,39.38,26.1,1.97,5.92,8.3,,,,116.0,Moderate
258144,DL005,2019-10-03 01:00:00,70.0,168.0,30.23,69.67,61.7,25.45,2.2,6.6,8.83,,,,110.0,Moderate
258145,DL005,2019-10-03 02:00:00,90.0,204.0,16.6,70.58,50.85,26.8,2.08,6.4,14.0,,,,113.0,Moderate
258146,DL005,2019-10-03 03:00:00,81.0,143.0,3.1,61.5,35.1,33.3,1.8,6.1,9.53,,,,114.0,Moderate
258147,DL005,2019-10-03 04:00:00,72.0,130.0,7.02,66.4,41.05,29.43,1.8,6.22,8.08,,,,114.0,Moderate
258148,DL005,2019-10-03 05:00:00,78.0,135.0,9.05,61.6,40.1,27.93,1.75,6.22,9.27,,,,113.0,Moderate
258149,DL005,2019-10-03 06:00:00,69.0,117.0,2.73,53.77,30.8,25.67,1.73,6.6,10.03,,,,112.0,Moderate
258150,DL005,2019-10-03 07:00:00,80.0,129.0,7.53,63.55,39.05,25.12,1.92,7.65,9.33,,,,112.0,Moderate
258151,DL005,2019-10-03 08:00:00,86.0,158.0,7.3,57.93,36.8,26.65,1.95,10.0,11.2,,,,113.0,Moderate
258152,DL005,2019-10-03 09:00:00,83.0,164.0,4.88,45.92,28.43,28.15,1.77,12.72,14.38,,,,115.0,Moderate
258153,DL005,2019-10-03 10:00:00,53.0,133.0,3.98,47.33,28.4,29.5,1.73,14.2,26.18,,,,116.0,Moderate
258154,DL005,2019-10-03 11:00:00,64.0,152.0,2.55,53.08,30.33,30.6,1.75,12.4,72.72,,,,117.0,Moderate
258155,DL005,2019-10-03 12:00:00,69.0,156.0,2.17,63.9,35.98,32.9,1.8,11.93,142.05,,,,162.0,Moderate
258156,DL005,2019-10-03 13:00:00,78.0,158.0,1.77,57.95,32.27,33.98,1.68,11.07,183.27,,,,238.0,Poor
258157,DL005,2019-10-03 14:00:00,73.0,156.0,1.38,52.3,28.93,32.48,1.48,28.2,168.55,,,,238.0,Poor
258158,DL005,2019-10-03 15:00:00,53.0,125.0,1.48,52.83,29.3,31.65,1.5,8.88,145.43,,,,238.0,Poor
258159,DL005,2019-10-03 16:00:00,58.0,140.0,1.22,51.0,28.12,27.4,1.48,7.95,141.28,,107.6,,238.0,Poor
258160,DL005,2019-10-03 17:00:00,55.0,130.0,1.32,50.67,28.05,27.43,1.48,8.0,137.85,,,,238.0,Poor
258161,DL005,2019-10-03 18:00:00,51.0,133.0,1.38,53.83,29.75,29.38,1.52,8.28,116.15,,130.05,,238.0,Poor
258162,DL005,2019-10-03 19:00:00,62.0,196.0,1.35,63.97,35.17,31.4,1.73,8.47,85.12,,185.45,,238.0,Poor
258163,DL005,2019-10-03 20:00:00,79.0,238.0,1.23,63.5,34.8,32.25,1.7,8.15,74.25,,228.25,,238.0,Poor
258164,DL005,2019-10-03 21:00:00,79.0,219.0,0.98,47.92,26.3,31.33,1.48,6.95,78.72,,136.8,,201.0,Poor
258165,DL005,2019-10-03 22:00:00,48.0,161.0,1.12,47.77,26.35,29.1,1.6,6.47,80.88,,,,167.0,Moderate
258166,DL005,2019-10-03 23:00:00,24.0,118.0,1.25,53.6,29.52,28.32,1.6,5.85,56.97,,,,161.0,Moderate
258167,DL005,2019-10-04 00:00:00,31.0,78.0,1.45,52.38,29.0,27.5,1.6,6.15,48.33,,,,156.0,Moderate
258168,DL005,2019-10-04 01:00:00,31.0,55.0,1.3,50.07,27.7,27.18,1.7,6.17,37.5,,,,131.0,Moderate
258169,DL005,2019-10-04 02:00:00,56.0,68.0,1.35,36.33,20.43,26.62,1.52,7.05,,,,,128.0,Moderate
258170,DL005,2019-10-04 03:00:00,41.0,64.0,0.8,34.9,19.2,31.7,1.5,6.4,58.2,,,,125.0,Moderate
258171,DL005,2019-10-04 04:00:00,,,1.02,34.35,19.1,29.02,1.5,5.32,39.95,,,,126.0,Moderate
258172,DL005,2019-10-04 05:00:00,42.0,44.0,1.2,39.23,21.8,26.33,1.5,5.1,36.48,,,,123.0,Moderate
258173,DL005,2019-10-04 06:00:00,,,1.95,49.5,27.9,25.12,1.55,4.95,17.7,,,,123.0,Moderate
258174,DL005,2019-10-04 07:00:00,50.0,59.0,2.88,46.08,26.85,23.4,1.65,4.78,13.57,,,,121.0,Moderate
258175,DL005,2019-10-04 08:00:00,52.0,70.0,4.03,44.67,27.07,24.4,1.7,5.3,13.85,,,,119.0,Moderate
258176,DL005,2019-10-04 09:00:00,57.0,81.0,4.5,39.73,24.8,24.58,1.62,5.53,19.77,,,,116.0,Moderate
258177,DL005,2019-10-04 10:00:00,51.0,72.0,2.65,33.92,20.2,23.77,1.55,6.1,38.95,,,,114.0,Moderate
258178,DL005,2019-10-04 11:00:00,45.0,67.0,2.1,33.8,19.7,25.68,1.6,7.05,68.1,,,,112.0,Moderate
258179,DL005,2019-10-04 12:00:00,47.0,85.0,1.5,34.25,19.45,27.88,1.5,7.57,85.72,,,,110.0,Moderate
258180,DL005,2019-10-04 13:00:00,48.0,77.0,1.45,36.1,20.4,30.38,1.5,6.97,95.42,,105.85,,107.0,Moderate
258181,DL005,2019-10-04 14:00:00,50.0,96.0,1.55,34.47,19.58,30.68,1.45,6.35,92.97,,111.45,,105.0,Moderate
258182,DL005,2019-10-04 15:00:00,38.0,86.0,1.4,35.6,20.07,31.3,1.4,6.45,97.0,,118.6,,104.0,Moderate
258183,DL005,2019-10-04 16:00:00,38.0,105.0,1.77,38.55,21.98,31.98,1.4,7.53,101.25,,122.92,,103.0,Moderate
258184,DL005,2019-10-04 17:00:00,50.0,113.0,1.62,39.53,22.32,32.15,1.42,7.97,101.8,,143.4,,103.0,Moderate
258185,DL005,2019-10-04 18:00:00,52.0,116.0,1.43,43.95,24.55,29.45,1.52,9.0,95.7,,132.68,,103.0,Moderate
258186,DL005,2019-10-04 19:00:00,52.0,127.0,1.5,52.9,29.3,28.12,1.65,9.15,73.17,,170.73,,103.0,Moderate
258187,DL005,2019-10-04 20:00:00,61.0,151.0,1.58,54.47,30.25,27.4,1.68,8.6,49.98,,129.95,,103.0,Moderate
258188,DL005,2019-10-04 21:00:00,56.0,125.0,15.28,88.4,59.38,26.2,2.08,6.9,8.33,,,,103.0,Moderate
258189,DL005,2019-10-04 22:00:00,63.0,189.0,8.4,72.4,45.42,26.05,1.88,6.7,10.27,,,,103.0,Moderate
258190,DL005,2019-10-04 23:00:00,52.0,133.0,13.57,60.9,43.52,21.8,1.88,6.7,14.6,,,,103.0,Moderate
258191,DL005,2019-10-05 00:00:00,63.0,141.0,3.1,50.95,29.65,26.85,1.88,7.05,19.58,,,,103.0,Moderate
258192,DL005,2019-10-05 01:00:00,207.0,273.0,3.13,38.88,23.22,24.7,1.68,7.2,13.38,,,,104.0,Moderate
258193,DL005,2019-10-05 02:00:00,66.0,107.0,2.0,35.72,20.62,25.12,1.58,6.8,,,,,105.0,Moderate
258194,DL005,2019-10-05 03:00:00,52.0,91.0,1.7,29.8,17.2,28.1,1.5,6.7,26.07,,,,106.0,Moderate
258195,DL005,2019-10-05 04:00:00,45.0,66.0,1.62,28.57,16.55,25.5,1.45,6.95,23.15,,,,105.0,Moderate
258196,DL005,2019-10-05 05:00:00,39.0,61.0,1.35,29.25,16.65,22.7,1.5,6.92,24.25,,,,106.0,Moderate
258197,DL005,2019-10-05 06:00:00,42.0,58.0,1.55,31.45,18.0,20.38,1.55,6.97,21.18,,,,104.0,Moderate
258198,DL005,2019-10-05 07:00:00,45.0,66.0,3.15,36.95,22.23,19.72,1.62,6.67,12.73,,,,104.0,Moderate
258199,DL005,2019-10-05 08:00:00,50.0,74.0,5.12,35.8,23.23,21.07,1.62,7.0,15.38,,,,104.0,Moderate
258200,DL005,2019-10-05 09:00:00,55.0,73.0,3.9,31.62,20.0,22.55,1.5,8.07,33.2,,,,104.0,Moderate
258201,DL005,2019-10-05 10:00:00,48.0,68.0,2.4,29.02,17.4,22.25,1.42,8.9,65.78,,,,104.0,Moderate
258202,DL005,2019-10-05 11:00:00,31.0,67.0,1.92,25.65,15.2,22.97,1.35,8.6,88.38,,,,104.0,Moderate
258203,DL005,2019-10-05 12:00:00,31.0,67.0,1.55,25.38,14.75,23.65,1.3,8.32,101.5,,,,104.0,Moderate
258204,DL005,2019-10-05 13:00:00,25.0,74.0,1.43,24.77,14.35,23.28,1.3,7.57,109.5,,,,114.0,Moderate
258205,DL005,2019-10-05 14:00:00,30.0,68.0,1.65,23.2,13.68,22.48,1.3,7.2,114.38,,,,121.0,Moderate
258206,DL005,2019-10-05 15:00:00,25.0,84.0,1.48,23.65,13.77,21.35,1.3,7.72,119.55,,,,129.0,Moderate
258207,DL005,2019-10-05 16:00:00,27.0,68.0,1.27,25.35,14.52,21.0,1.35,8.72,121.65,,,,132.0,Moderate
258208,DL005,2019-10-05 17:00:00,44.0,94.0,1.1,27.65,15.6,20.58,1.3,9.18,119.1,,,,132.0,Moderate
258209,DL005,2019-10-05 18:00:00,34.0,108.0,1.1,30.3,17.0,20.68,1.42,9.3,107.8,,,,132.0,Moderate
258210,DL005,2019-10-05 19:00:00,38.0,122.0,1.5,55.17,30.52,20.18,1.77,8.72,52.45,,,,132.0,Moderate
258211,DL005,2019-10-05 20:00:00,56.0,163.0,1.55,66.82,36.83,22.12,1.93,8.32,33.0,,,,132.0,Moderate
258212,DL005,2019-10-05 21:00:00,73.0,180.0,2.47,68.62,38.52,21.12,1.97,7.83,20.8,,,,132.0,Moderate
258213,DL005,2019-10-05 22:00:00,78.0,213.0,3.0,70.78,40.08,22.2,1.92,7.85,13.57,,,,132.0,Moderate
258214,DL005,2019-10-05 23:00:00,75.0,153.0,4.95,71.83,42.25,23.2,2.1,7.92,9.18,,,,132.0,Moderate
258215,DL005,2019-10-06 00:00:00,107.0,222.0,5.62,61.5,37.33,24.8,1.9,8.7,13.75,,,,128.0,Moderate
258216,DL005,2019-10-06 01:00:00,81.0,152.0,1.77,48.85,27.45,24.1,1.7,8.43,24.15,,,,111.0,Moderate
258217,DL005,2019-10-06 02:00:00,75.0,135.0,1.27,45.2,25.12,23.88,1.7,8.18,,,,,104.0,Moderate
258218,DL005,2019-10-06 03:00:00,80.0,122.0,1.7,41.1,23.2,30.4,1.6,8.0,29.38,,,,104.0,Moderate
258219,DL005,2019-10-06 04:00:00,66.0,107.0,1.55,42.55,23.9,28.0,1.6,7.97,21.23,,,,106.0,Moderate
258220,DL005,2019-10-06 05:00:00,64.0,94.0,1.7,45.6,25.62,26.42,1.7,8.12,16.7,,,,106.0,Moderate
258221,DL005,2019-10-06 06:00:00,72.0,107.0,2.75,49.48,28.6,24.27,1.75,8.57,12.7,,,,108.0,Moderate
258222,DL005,2019-10-06 07:00:00,78.0,119.0,7.6,60.35,38.42,24.38,1.85,8.53,8.45,,,,109.0,Moderate
258223,DL005,2019-10-06 08:00:00,89.0,145.0,6.3,61.7,37.98,26.8,1.92,8.82,16.3,,,,111.0,Moderate
258224,DL005,2019-10-06 09:00:00,92.0,136.0,3.33,55.1,32.02,29.48,1.83,9.4,43.4,,,,113.0,Moderate
258225,DL005,2019-10-06 10:00:00,100.0,135.0,2.12,50.7,28.7,29.82,1.68,11.47,92.08,,,,115.0,Moderate
258226,DL005,2019-10-06 11:00:00,83.0,153.0,1.62,47.62,26.68,32.62,1.6,12.88,115.6,,,,123.0,Moderate
258227,DL005,2019-10-06 12:00:00,68.0,151.0,1.42,45.1,25.18,36.12,1.45,12.93,121.3,,,,131.0,Moderate
258228,DL005,2019-10-06 13:00:00,56.0,119.0,1.23,44.3,24.52,38.02,1.4,11.9,129.1,,,,143.0,Moderate
258229,DL005,2019-10-06 14:00:00,47.0,124.0,1.25,42.05,23.38,36.35,1.4,11.05,130.62,,,,145.0,Moderate
258230,DL005,2019-10-06 15:00:00,52.0,133.0,1.42,42.33,23.7,33.4,1.35,10.7,126.7,,,,145.0,Moderate
258231,DL005,2019-10-06 16:00:00,50.0,135.0,1.3,40.55,22.65,30.85,1.3,9.2,128.57,,,,145.0,Moderate
258232,DL005,2019-10-06 17:00:00,46.0,130.0,1.35,43.58,24.27,30.7,1.4,8.95,126.2,,116.25,,145.0,Moderate
258233,DL005,2019-10-06 18:00:00,50.0,163.0,1.33,51.03,28.2,30.45,1.52,8.82,98.78,,148.72,,145.0,Moderate
258234,DL005,2019-10-06 19:00:00,55.0,167.0,1.55,74.07,40.67,29.95,1.82,8.53,39.4,,128.75,,145.0,Moderate
258235,DL005,2019-10-06 20:00:00,79.0,233.0,1.95,85.08,46.83,30.58,1.98,7.6,22.2,,,,145.0,Moderate
258236,DL005,2019-10-06 21:00:00,88.0,232.0,2.15,63.27,35.38,31.57,1.8,8.07,52.38,,135.35,,145.0,Moderate
258237,DL005,2019-10-06 22:00:00,79.0,186.0,1.4,51.55,28.55,31.2,1.73,8.65,55.75,,119.7,,142.0,Moderate
258238,DL005,2019-10-06 23:00:00,77.0,147.0,1.15,49.28,27.15,31.15,1.67,8.0,58.78,,,,142.0,Moderate
258239,DL005,2019-10-07 00:00:00,79.0,152.0,1.2,44.5,24.7,31.1,1.65,7.82,60.8,,,,139.0,Moderate
258240,DL005,2019-10-07 01:00:00,77.0,136.0,1.3,38.17,21.35,30.82,1.65,8.22,62.55,,,,136.0,Moderate
258241,DL005,2019-10-07 02:00:00,75.0,119.0,1.27,39.3,21.92,31.0,1.6,7.6,,,,,136.0,Moderate
258242,DL005,2019-10-07 03:00:00,73.0,111.0,1.1,42.1,23.3,39.1,1.6,7.0,34.45,,,,135.0,Moderate
258243,DL005,2019-10-07 04:00:00,97.0,146.0,1.48,44.27,24.75,35.23,1.67,7.43,24.98,,,,140.0,Moderate
258244,DL005,2019-10-07 05:00:00,85.0,144.0,1.52,46.0,25.7,31.35,1.7,7.1,18.4,,,,143.0,Moderate
258245,DL005,2019-10-07 06:00:00,81.0,124.0,2.4,47.45,27.23,29.27,1.7,7.33,11.62,,,,144.0,Moderate
258246,DL005,2019-10-07 07:00:00,88.0,132.0,4.7,52.02,31.5,28.38,1.8,7.2,9.35,,,,145.0,Moderate
258247,DL005,2019-10-07 08:00:00,79.0,129.0,4.03,50.12,29.93,31.4,1.8,7.38,15.22,,,,144.0,Moderate
258248,DL005,2019-10-07 09:00:00,79.0,139.0,2.62,46.58,26.93,31.6,1.67,9.47,36.25,,,,142.0,Moderate
258249,DL005,2019-10-07 10:00:00,68.0,129.0,2.47,45.4,26.17,35.2,1.58,9.72,64.75,,,,138.0,Moderate
258250,DL005,2019-10-07 11:00:00,58.0,118.0,1.93,42.7,24.27,38.25,1.55,9.62,86.32,,,,134.0,Moderate
258251,DL005,2019-10-07 12:00:00,59.0,146.0,2.02,44.52,25.33,37.83,1.5,9.97,97.85,,,,133.0,Moderate
258252,DL005,2019-10-07 13:00:00,51.0,141.0,1.73,41.92,23.7,35.35,1.48,8.75,101.8,,,,132.0,Moderate
258253,DL005,2019-10-07 14:00:00,47.0,118.0,1.52,42.38,23.8,34.38,1.5,8.85,108.12,,,,132.0,Moderate
258254,DL005,2019-10-07 15:00:00,53.0,141.0,1.48,40.02,22.48,32.4,1.4,8.48,113.9,,,,132.0,Moderate
258255,DL005,2019-10-07 16:00:00,39.0,114.0,1.45,39.62,22.27,33.18,1.45,8.15,119.22,,,,131.0,Moderate
258256,DL005,2019-10-07 17:00:00,46.0,135.0,1.43,43.58,24.32,31.25,1.42,8.38,114.35,,117.15,,131.0,Moderate
258257,DL005,2019-10-07 18:00:00,41.0,144.0,1.55,49.52,27.55,29.6,1.52,8.28,86.38,,109.3,,130.0,Moderate
258258,DL005,2019-10-07 19:00:00,61.0,168.0,2.1,81.9,45.28,30.7,1.95,7.97,25.3,,,,130.0,Moderate
258259,DL005,2019-10-07 20:00:00,99.0,263.0,2.95,82.52,46.3,30.4,1.98,7.7,17.38,,,,133.0,Moderate
258260,DL005,2019-10-07 21:00:00,81.0,230.0,1.45,56.15,31.07,31.15,1.62,7.28,46.55,,,,132.0,Moderate
258261,DL005,2019-10-07 22:00:00,61.0,160.0,1.25,50.25,27.75,29.07,1.52,7.5,45.8,,,,130.0,Moderate
258262,DL005,2019-10-07 23:00:00,46.0,129.0,1.4,48.88,27.15,29.4,1.55,7.28,38.03,,,,130.0,Moderate
258263,DL005,2019-10-08 00:00:00,56.0,140.0,2.02,48.25,27.32,27.7,1.52,10.15,28.42,,,,129.0,Moderate
258264,DL005,2019-10-08 01:00:00,117.0,199.0,1.1,39.52,21.93,26.38,1.5,9.98,33.27,,,,131.0,Moderate
258265,DL005,2019-10-08 02:00:00,64.0,116.0,1.25,37.6,21.02,27.32,1.5,8.35,,,,,131.0,Moderate
258266,DL005,2019-10-08 03:00:00,61.0,103.0,,,,,,,35.85,,,,131.0,Moderate
258267,DL005,2019-10-08 04:00:00,56.0,92.0,,,,,,,43.0,,,,129.0,Moderate
258268,DL005,2019-10-08 05:00:00,42.0,81.0,,,,,,,38.3,,,,128.0,Moderate
258269,DL005,2019-10-08 06:00:00,39.0,69.0,,,,,,,34.02,,,,126.0,Moderate
258270,DL005,2019-10-08 07:00:00,48.0,85.0,,,,,,,20.25,,,,125.0,Moderate
258271,DL005,2019-10-08 08:00:00,55.0,97.0,4.5,38.5,24.1,,1.6,,21.1,,,,124.0,Moderate
258272,DL005,2019-10-08 09:00:00,70.0,110.0,3.48,30.2,18.9,15.45,1.52,9.72,48.05,,,,123.0,Moderate
258273,DL005,2019-10-08 10:00:00,69.0,117.0,2.25,22.58,13.88,17.3,1.48,10.82,81.72,,,,123.0,Moderate
258274,DL005,2019-10-08 11:00:00,62.0,117.0,1.65,19.73,11.85,16.4,1.4,10.32,105.83,,,,123.0,Moderate
258275,DL005,2019-10-08 12:00:00,44.0,103.0,1.38,19.38,11.4,14.65,1.3,9.82,124.17,,,,136.0,Moderate
258276,DL005,2019-10-08 13:00:00,39.0,92.0,1.38,20.43,12.0,13.65,1.27,9.78,128.05,,,,141.0,Moderate
258277,DL005,2019-10-08 14:00:00,35.0,90.0,1.38,20.48,11.98,13.53,1.2,9.1,126.58,,,,141.0,Moderate
258278,DL005,2019-10-08 15:00:00,33.0,85.0,1.32,21.12,12.32,13.73,1.2,8.8,124.15,,,,141.0,Moderate
258279,DL005,2019-10-08 16:00:00,28.0,66.0,1.32,21.95,12.75,13.9,1.2,10.12,127.17,,,,141.0,Moderate
258280,DL005,2019-10-08 17:00:00,33.0,75.0,2.17,43.6,24.9,25.68,1.88,12.1,111.2,,,,141.0,Moderate
258281,DL005,2019-10-08 18:00:00,243.0,359.0,1.55,36.17,20.5,18.35,1.4,10.05,90.55,,,,141.0,Moderate
258282,DL005,2019-10-08 19:00:00,56.0,143.0,1.05,45.62,25.15,17.77,1.52,9.35,70.38,,,,141.0,Moderate
258283,DL005,2019-10-08 20:00:00,45.0,135.0,1.27,52.88,29.15,19.62,1.77,8.7,55.9,,,,141.0,Moderate
258284,DL005,2019-10-08 21:00:00,73.0,175.0,1.27,50.33,27.85,21.9,1.97,9.2,42.35,,,,140.0,Moderate
258285,DL005,2019-10-08 22:00:00,95.0,259.0,4.6,56.38,33.67,19.85,2.12,10.12,17.82,,,,140.0,Moderate
258286,DL005,2019-10-08 23:00:00,97.0,273.0,12.78,78.5,52.15,19.8,2.1,9.85,7.9,,,,140.0,Moderate
258287,DL005,2019-10-09 00:00:00,77.0,194.0,5.47,65.22,42.75,22.02,2.0,9.8,56.83,,,,123.0,Moderate
258288,DL005,2019-10-09 01:00:00,83.0,238.0,8.35,67.28,42.6,22.2,2.15,11.1,145.5,,,,167.0,Moderate
258289,DL005,2019-10-09 02:00:00,101.0,246.0,10.77,73.35,47.8,23.4,2.08,11.0,110.3,,,,167.0,Moderate
258290,DL005,2019-10-09 03:00:00,99.0,189.0,3.1,65.7,37.5,28.7,1.9,10.2,75.8,,,,167.0,Moderate
258291,DL005,2019-10-09 04:00:00,100.0,162.0,6.3,66.45,40.62,26.8,1.9,10.7,64.7,,,,167.0,Moderate
258292,DL005,2019-10-09 05:00:00,103.0,179.0,7.15,67.8,41.88,25.88,1.88,10.8,55.12,,,,167.0,Moderate
258293,DL005,2019-10-09 06:00:00,101.0,168.0,45.1,71.7,74.78,23.02,2.27,10.52,25.88,,,,167.0,Moderate
258294,DL005,2019-10-09 07:00:00,125.0,259.0,69.07,86.5,102.25,24.0,2.55,10.85,14.33,,,,167.0,Moderate
258295,DL005,2019-10-09 08:00:00,128.0,263.0,42.22,102.95,89.2,27.73,2.55,11.35,16.52,,,,169.0,Moderate
258296,DL005,2019-10-09 09:00:00,133.0,287.0,8.55,80.47,49.8,28.4,2.0,17.52,59.2,,,,178.0,Moderate
258297,DL005,2019-10-09 10:00:00,132.0,235.0,6.67,91.9,54.35,29.35,2.0,24.98,161.15,,,,190.0,Moderate
258298,DL005,2019-10-09 11:00:00,106.0,219.0,7.3,121.05,70.35,31.8,2.22,25.27,174.4,,,,216.0,Poor
258299,DL005,2019-10-09 12:00:00,111.0,230.0,3.27,73.42,41.73,33.0,1.62,19.15,169.82,,,,216.0,Poor
258300,DL005,2019-10-09 13:00:00,74.0,119.0,2.17,66.08,36.93,33.98,1.48,17.8,194.95,,,,267.0,Poor
258301,DL005,2019-10-09 14:00:00,62.0,128.0,1.42,53.92,29.77,30.7,1.48,17.3,,,,,267.0,Poor
258302,DL005,2019-10-09 15:00:00,33.0,141.0,1.1,34.0,19.0,34.7,0.6,9.1,191.07,,,,267.0,Poor
258303,DL005,2019-10-09 16:00:00,56.0,110.0,1.43,50.35,27.88,32.95,0.9,12.2,188.05,,,,267.0,Poor
258304,DL005,2019-10-09 17:00:00,73.0,172.0,1.25,52.85,29.12,28.38,0.93,13.03,194.5,,126.05,,267.0,Poor
258305,DL005,2019-10-09 18:00:00,75.0,189.0,1.27,59.5,32.75,27.77,0.97,12.35,148.88,,192.65,,267.0,Poor
258306,DL005,2019-10-09 19:00:00,72.0,249.0,1.5,82.68,45.1,30.38,1.15,11.28,87.32,,182.57,,267.0,Poor
258307,DL005,2019-10-09 20:00:00,81.0,310.0,2.05,90.95,50.08,32.0,1.27,11.32,62.3,,200.6,,267.0,Poor
258308,DL005,2019-10-09 21:00:00,111.0,342.0,2.6,104.05,57.48,35.03,1.52,13.45,32.88,,229.62,,266.0,Poor
258309,DL005,2019-10-09 22:00:00,157.0,423.0,2.05,91.97,50.57,34.93,1.48,13.57,32.92,,202.9,,266.0,Poor
258310,DL005,2019-10-09 23:00:00,133.0,317.0,1.65,77.98,42.85,32.35,1.27,13.8,37.3,,165.02,,266.0,Poor
258311,DL005,2019-10-10 00:00:00,105.0,252.0,3.38,83.18,47.0,32.77,1.57,12.55,11.53,,110.95,,266.0,Poor
258312,DL005,2019-10-10 01:00:00,123.0,305.0,8.0,91.0,54.9,32.45,1.6,11.67,8.98,,149.05,,232.0,Poor
258313,DL005,2019-10-10 02:00:00,122.0,274.0,18.23,75.9,55.2,33.58,1.45,10.58,,,128.52,,235.0,Poor
258314,DL005,2019-10-10 03:00:00,123.0,241.0,14.8,68.1,48.1,41.8,1.5,9.5,11.55,,,,239.0,Poor
258315,DL005,2019-10-10 04:00:00,132.0,234.0,22.85,65.17,53.35,37.0,1.5,9.93,7.95,,,,243.0,Poor
258316,DL005,2019-10-10 05:00:00,152.0,273.0,25.05,65.05,54.83,32.83,1.5,9.65,7.17,,,,250.0,Poor
258317,DL005,2019-10-10 06:00:00,156.0,273.0,22.12,71.6,54.9,30.95,1.6,9.93,7.88,,,,258.0,Poor
258318,DL005,2019-10-10 07:00:00,162.0,269.0,63.25,71.15,89.57,31.23,1.8,10.53,8.68,,,,263.0,Poor
258319,DL005,2019-10-10 08:00:00,175.0,322.0,53.43,87.75,90.18,37.4,2.05,11.03,8.3,,,,269.0,Poor
258320,DL005,2019-10-10 09:00:00,215.0,371.0,11.1,93.97,59.08,40.75,1.75,19.55,21.78,,115.7,,281.0,Poor
258321,DL005,2019-10-10 10:00:00,224.0,405.0,4.6,82.55,47.65,40.6,1.55,27.65,78.38,,,,293.0,Poor
258322,DL005,2019-10-10 11:00:00,191.0,366.0,2.97,76.38,43.05,40.28,1.35,25.75,140.23,,100.8,,301.0,Very Poor
258323,DL005,2019-10-10 12:00:00,166.0,311.0,1.65,72.42,41.17,40.97,1.38,23.15,170.6,,101.55,,303.0,Very Poor
258324,DL005,2019-10-10 13:00:00,191.0,313.0,1.5,67.72,37.25,41.17,1.2,18.55,,,,,307.0,Very Poor
258325,DL005,2019-10-10 14:00:00,132.0,255.0,1.67,69.12,37.73,42.0,1.12,17.15,,,,,309.0,Very Poor
258326,DL005,2019-10-10 15:00:00,121.0,259.0,1.33,56.17,31.25,40.7,0.95,15.77,179.3,,,,312.0,Very Poor
258327,DL005,2019-10-10 16:00:00,92.0,178.0,1.15,49.55,27.25,46.0,0.9,12.0,161.12,,,,313.0,Very Poor
258328,DL005,2019-10-10 17:00:00,75.0,158.0,1.45,39.92,22.4,43.03,0.85,11.65,145.88,,136.45,,313.0,Very Poor
258329,DL005,2019-10-10 18:00:00,88.75,204.5,1.23,56.28,30.88,35.65,0.67,12.95,117.65,,174.85,,313.0,Very Poor
258330,DL005,2019-10-10 19:00:00,102.75,274.0,1.17,69.73,38.02,31.7,0.85,13.1,88.95,,244.02,,314.0,Very Poor
258331,DL005,2019-10-10 20:00:00,106.75,303.0,1.15,73.95,40.3,35.5,0.95,12.45,78.85,,312.4,,315.0,Very Poor
258332,DL005,2019-10-10 21:00:00,125.25,324.5,1.65,75.95,41.72,39.12,1.12,12.0,70.3,,251.73,,316.0,Very Poor
258333,DL005,2019-10-10 22:00:00,138.5,330.75,1.3,71.68,39.2,39.77,1.25,11.15,44.23,,178.75,,315.0,Very Poor
258334,DL005,2019-10-10 23:00:00,137.0,278.5,2.08,73.33,40.75,40.28,1.1,9.88,32.4,,138.18,,315.0,Very Poor
258335,DL005,2019-10-11 00:00:00,127.75,237.5,1.65,64.22,35.45,40.33,0.95,9.35,35.92,,,,316.0,Very Poor
258336,DL005,2019-10-11 01:00:00,127.5,220.0,1.6,65.5,36.18,39.02,0.95,8.75,28.38,,,,316.0,Very Poor
258337,DL005,2019-10-11 02:00:00,130.75,202.5,2.12,62.85,35.2,40.7,0.97,8.38,16.6,,,,316.0,Very Poor
258338,DL005,2019-10-11 03:00:00,139.5,213.5,1.6,52.9,29.5,46.6,1.0,8.3,19.57,,,,317.0,Very Poor
258339,DL005,2019-10-11 04:00:00,158.25,226.5,3.58,57.95,33.75,40.98,1.0,8.77,9.97,,,,318.0,Very Poor
258340,DL005,2019-10-11 05:00:00,198.25,280.5,9.32,65.75,42.83,36.85,1.12,8.75,6.0,,,,319.0,Very Poor
258341,DL005,2019-10-11 06:00:00,248.0,355.5,23.23,66.3,54.85,36.1,1.17,9.1,6.15,,,,322.0,Very Poor
258342,DL005,2019-10-11 07:00:00,252.0,388.75,37.75,76.58,71.53,36.77,1.35,9.65,5.28,,,,325.0,Very Poor
258343,DL005,2019-10-11 08:00:00,223.0,335.25,30.02,83.2,68.75,39.58,1.48,10.4,6.8,,,,327.0,Very Poor
258344,DL005,2019-10-11 09:00:00,198.0,303.0,8.47,75.7,47.2,39.55,1.25,14.32,18.2,,,,326.0,Very Poor
258345,DL005,2019-10-11 10:00:00,163.5,252.5,4.85,73.12,42.83,39.93,1.15,16.47,60.77,,,,324.0,Very Poor
258346,DL005,2019-10-11 11:00:00,133.75,232.5,2.15,45.17,25.93,40.05,0.55,16.18,106.25,,,,322.0,Very Poor
258347,DL005,2019-10-11 12:00:00,88.0,147.5,2.02,42.98,24.6,41.9,0.53,13.65,131.62,,,,320.0,Very Poor
258348,DL005,2019-10-11 13:00:00,95.25,165.75,2.9,45.47,27.65,40.1,0.5,13.43,150.45,,,,317.0,Very Poor
258349,DL005,2019-10-11 14:00:00,87.5,160.25,1.6,48.12,26.95,40.0,0.5,13.62,163.95,,,,315.0,Very Poor
258350,DL005,2019-10-11 15:00:00,76.0,144.75,1.15,43.95,24.35,38.95,0.43,12.97,155.25,,,,314.0,Very Poor
258351,DL005,2019-10-11 16:00:00,61.75,112.25,0.93,39.0,21.48,37.75,0.4,12.05,146.6,,,,313.0,Very Poor
258352,DL005,2019-10-11 17:00:00,55.5,116.25,1.35,42.12,23.48,37.55,0.5,11.53,134.15,,118.1,,312.0,Very Poor
258353,DL005,2019-10-11 18:00:00,59.5,149.75,1.23,49.25,27.18,36.42,0.65,11.82,111.38,,173.72,,311.0,Very Poor
258354,DL005,2019-10-11 19:00:00,73.75,182.25,1.27,73.25,40.08,36.8,0.93,11.35,59.58,,214.18,,310.0,Very Poor
258355,DL005,2019-10-11 20:00:00,94.25,227.75,1.97,100.42,55.03,36.88,1.2,10.47,24.15,,142.1,,310.0,Very Poor
258356,DL005,2019-10-11 21:00:00,99.0,223.5,5.93,112.27,64.53,37.53,1.38,10.35,10.4,,,,309.0,Very Poor
258357,DL005,2019-10-11 22:00:00,119.0,233.0,9.57,105.62,63.97,40.1,1.58,11.05,7.0,,,,309.0,Very Poor
258358,DL005,2019-10-11 23:00:00,175.75,320.75,9.88,99.03,60.73,41.83,1.73,12.2,8.07,,,,310.0,Very Poor
258359,DL005,2019-10-12 00:00:00,245.75,365.25,4.4,86.53,49.6,40.35,1.25,11.6,13.68,,,,314.0,Very Poor
258360,DL005,2019-10-12 01:00:00,156.5,236.0,1.87,63.22,35.2,38.9,1.0,10.62,25.62,,,,315.0,Very Poor
258361,DL005,2019-10-12 02:00:00,142.25,195.5,1.45,51.73,28.7,41.38,1.0,9.98,,,,,315.0,Very Poor
258362,DL005,2019-10-12 03:00:00,142.25,194.5,1.7,53.1,29.7,50.0,1.1,8.3,23.45,,,,315.0,Very Poor
258363,DL005,2019-10-12 04:00:00,148.25,203.75,1.75,51.82,28.98,42.2,1.05,9.45,20.9,,,,315.0,Very Poor
258364,DL005,2019-10-12 05:00:00,151.5,221.25,2.38,53.92,30.62,34.47,1.05,9.45,10.82,,,,313.0,Very Poor
258365,DL005,2019-10-12 06:00:00,164.75,265.5,3.9,60.33,35.3,31.7,1.15,9.45,7.62,,,,310.0,Very Poor
258366,DL005,2019-10-12 07:00:00,158.25,213.25,5.5,61.25,37.05,34.6,1.17,9.35,7.53,,,,307.0,Very Poor
258367,DL005,2019-10-12 08:00:00,175.0,247.25,10.15,69.6,45.33,38.5,1.23,9.93,10.03,,,,306.0,Very Poor
258368,DL005,2019-10-12 09:00:00,191.75,287.75,6.67,66.42,40.8,39.75,1.12,14.1,20.95,,,,306.0,Very Poor
258369,DL005,2019-10-12 10:00:00,171.75,265.5,3.42,53.85,31.47,37.92,1.07,18.5,54.85,,,,306.0,Very Poor
258370,DL005,2019-10-12 11:00:00,140.5,237.0,1.98,48.35,27.32,38.58,0.8,18.68,108.4,,,,306.0,Very Poor
258371,DL005,2019-10-12 12:00:00,104.0,193.75,1.12,41.42,22.98,41.18,0.57,15.32,124.53,,,,307.0,Very Poor
258372,DL005,2019-10-12 13:00:00,92.5,160.5,1.93,45.17,25.52,41.02,0.62,14.65,132.3,,,,307.0,Very Poor
258373,DL005,2019-10-12 14:00:00,123.25,201.25,1.25,37.6,21.02,37.6,0.5,17.83,150.1,,,,308.0,Very Poor
258374,DL005,2019-10-12 15:00:00,94.5,171.5,1.2,34.27,19.22,33.62,0.5,15.73,156.32,,,,308.0,Very Poor
258375,DL005,2019-10-12 16:00:00,67.0,135.25,1.12,32.92,18.42,31.5,0.4,12.5,149.28,,,,309.0,Very Poor
258376,DL005,2019-10-12 17:00:00,64.25,147.0,1.08,35.25,19.62,32.73,0.5,13.82,162.28,,,,309.0,Very Poor
258377,DL005,2019-10-12 18:00:00,73.0,184.75,1.0,39.2,21.65,32.82,0.53,11.82,131.1,,,,309.0,Very Poor
258378,DL005,2019-10-12 19:00:00,76.75,227.0,1.1,48.0,26.42,32.45,0.67,9.75,95.8,,,,309.0,Very Poor
258379,DL005,2019-10-12 20:00:00,101.0,235.0,1.52,83.43,45.58,29.85,1.18,8.9,43.97,,,,310.0,Very Poor
258380,DL005,2019-10-12 21:00:00,122.5,256.75,6.2,95.38,55.77,33.65,1.5,8.53,11.97,,,,310.0,Very Poor
258381,DL005,2019-10-12 22:00:00,150.75,279.0,6.47,96.53,56.58,32.97,1.6,9.68,11.25,,,,311.0,Very Poor
258382,DL005,2019-10-12 23:00:00,155.25,291.25,1.77,61.15,33.95,34.48,1.2,9.82,48.33,,,,311.0,Very Poor
258383,DL005,2019-10-13 00:00:00,177.5,311.25,1.25,51.33,28.27,35.38,1.12,11.18,49.55,,,,308.0,Very Poor
258384,DL005,2019-10-13 01:00:00,194.25,308.75,4.53,68.85,40.27,33.48,1.28,10.07,15.82,,,,310.0,Very Poor
258385,DL005,2019-10-13 02:00:00,181.0,280.25,7.45,70.05,43.35,34.9,1.35,8.8,,,,,311.0,Very Poor
258386,DL005,2019-10-13 03:00:00,169.0,253.25,14.2,61.3,44.1,43.1,1.3,6.8,14.52,,,,312.0,Very Poor
258387,DL005,2019-10-13 04:00:00,185.5,273.25,14.75,62.73,45.4,37.8,1.4,7.95,6.1,,,,313.0,Very Poor
258388,DL005,2019-10-13 05:00:00,224.0,330.75,14.35,60.92,44.1,32.12,1.3,7.9,5.55,,,,315.0,Very Poor
258389,DL005,2019-10-13 06:00:00,263.75,374.0,17.18,60.22,46.05,28.57,1.4,8.57,5.58,,,,318.0,Very Poor
258390,DL005,2019-10-13 07:00:00,246.25,349.25,10.78,68.55,45.15,30.6,1.45,8.72,6.03,,,,321.0,Very Poor
258391,DL005,2019-10-13 08:00:00,273.5,376.75,29.1,77.97,65.15,33.15,2.02,9.75,7.62,,,,324.0,Very Poor
258392,DL005,2019-10-13 09:00:00,285.75,407.5,11.62,82.05,53.17,36.55,1.77,12.45,14.0,,,,327.0,Very Poor
258393,DL005,2019-10-13 10:00:00,247.75,372.25,3.6,51.8,30.47,35.47,1.12,19.38,65.45,,,,330.0,Very Poor
258394,DL005,2019-10-13 11:00:00,162.0,287.5,1.5,42.3,23.73,35.12,0.8,18.88,116.85,,,,331.0,Very Poor
258395,DL005,2019-10-13 12:00:00,125.75,219.0,1.3,39.58,22.1,34.73,0.7,16.77,143.85,,,,331.0,Very Poor
258396,DL005,2019-10-13 13:00:00,108.0,195.0,1.1,42.47,23.48,35.23,0.67,17.38,145.88,,,,332.0,Very Poor
258397,DL005,2019-10-13 14:00:00,105.75,205.75,1.12,41.92,23.2,34.62,0.6,13.3,136.42,,,,331.0,Very Poor
258398,DL005,2019-10-13 15:00:00,88.5,181.0,1.15,41.32,22.9,34.8,0.53,11.35,136.93,,,,331.0,Very Poor
258399,DL005,2019-10-13 16:00:00,78.25,163.5,1.32,37.75,21.15,33.83,0.45,10.78,125.2,,,,331.0,Very Poor
258400,DL005,2019-10-13 17:00:00,62.25,141.25,1.42,38.8,21.77,32.4,0.43,10.05,117.53,,,,331.0,Very Poor
258401,DL005,2019-10-13 18:00:00,66.25,157.0,1.23,49.92,27.57,30.85,0.57,9.8,89.62,,,,331.0,Very Poor
258402,DL005,2019-10-13 19:00:00,74.0,196.0,1.3,60.45,33.2,31.1,0.8,10.38,64.28,,164.88,,331.0,Very Poor
258403,DL005,2019-10-13 20:00:00,102.25,272.25,1.28,70.95,38.77,30.48,1.02,11.35,53.47,,323.07,,331.0,Very Poor
258404,DL005,2019-10-13 21:00:00,128.75,311.75,1.23,67.1,36.97,31.25,1.1,11.15,58.52,,295.7,,331.0,Very Poor
258405,DL005,2019-10-13 22:00:00,138.25,298.75,1.35,56.25,31.02,31.25,0.93,10.9,76.7,,175.77,,331.0,Very Poor
258406,DL005,2019-10-13 23:00:00,126.5,256.75,0.97,47.57,26.1,31.75,0.9,10.7,79.3,,126.48,,330.0,Very Poor
258407,DL005,2019-10-14 00:00:00,141.5,244.5,1.25,45.15,25.0,31.88,0.97,10.45,67.43,,111.6,,329.0,Very Poor
258408,DL005,2019-10-14 01:00:00,156.75,241.75,1.22,51.2,28.2,30.82,1.0,9.43,33.58,,,,328.0,Very Poor
258409,DL005,2019-10-14 02:00:00,140.75,208.0,1.45,50.67,28.15,31.9,1.02,9.07,,,,,326.0,Very Poor
258410,DL005,2019-10-14 03:00:00,161.5,230.75,2.7,53.1,30.4,37.6,1.0,9.1,16.93,,,,326.0,Very Poor
258411,DL005,2019-10-14 04:00:00,183.5,256.0,2.23,52.08,29.48,33.4,1.05,9.98,17.98,,,,326.0,Very Poor
258412,DL005,2019-10-14 05:00:00,214.0,290.5,16.88,65.62,48.75,28.4,1.17,10.4,8.32,,,,326.0,Very Poor
258413,DL005,2019-10-14 06:00:00,197.75,311.75,54.65,61.88,77.47,26.5,1.33,9.85,6.33,,,,324.0,Very Poor
258414,DL005,2019-10-14 07:00:00,182.0,345.5,48.77,72.47,78.15,28.15,1.4,9.72,5.95,,,,322.0,Very Poor
258415,DL005,2019-10-14 08:00:00,177.0,302.5,47.62,81.72,82.25,30.17,1.52,9.93,7.22,,,,318.0,Very Poor
258416,DL005,2019-10-14 09:00:00,188.75,320.75,13.68,79.62,53.58,33.33,1.38,12.08,18.1,,,,315.0,Very Poor
258417,DL005,2019-10-14 10:00:00,181.75,305.0,5.05,57.5,34.7,33.35,1.05,13.18,51.5,,,,313.0,Very Poor
258418,DL005,2019-10-14 11:00:00,150.25,248.75,2.4,41.9,24.23,31.73,0.8,14.68,98.22,,,,313.0,Very Poor
258419,DL005,2019-10-14 12:00:00,112.0,185.75,1.72,36.5,20.82,33.83,0.7,13.2,133.6,,,,312.0,Very Poor
258420,DL005,2019-10-14 13:00:00,107.0,179.0,1.17,38.3,21.32,35.98,0.6,12.25,145.88,,,,312.0,Very Poor
258421,DL005,2019-10-14 14:00:00,87.0,171.75,1.27,37.15,20.8,34.88,0.5,11.6,138.93,,,,312.0,Very Poor
258422,DL005,2019-10-14 15:00:00,75.25,155.5,1.08,35.7,19.85,34.02,0.57,11.47,143.7,,,,311.0,Very Poor
258423,DL005,2019-10-14 16:00:00,84.5,172.75,1.35,36.55,20.52,33.4,0.55,10.82,143.95,,,,312.0,Very Poor
258424,DL005,2019-10-14 17:00:00,80.75,178.75,1.15,39.45,21.9,33.23,0.6,10.32,139.75,,121.0,,312.0,Very Poor
258425,DL005,2019-10-14 18:00:00,74.0,190.0,1.07,43.75,24.15,34.03,0.67,10.1,121.52,,132.07,,312.0,Very Poor
258426,DL005,2019-10-14 19:00:00,82.25,210.25,1.33,59.88,32.88,34.58,0.95,9.98,76.92,,222.85,,313.0,Very Poor
258427,DL005,2019-10-14 20:00:00,116.0,289.5,1.5,78.0,42.67,36.15,1.15,10.5,54.9,,276.25,,313.0,Very Poor
258428,DL005,2019-10-14 21:00:00,146.5,347.25,1.68,78.35,43.05,37.62,1.33,10.47,45.55,,378.17,,314.0,Very Poor
258429,DL005,2019-10-14 22:00:00,156.75,381.0,21.1,100.17,70.42,32.38,2.23,10.03,11.3,,274.6,,314.0,Very Poor
258430,DL005,2019-10-14 23:00:00,160.75,477.75,29.4,98.72,76.5,34.23,2.62,10.07,8.38,,172.3,,315.0,Very Poor
258431,DL005,2019-10-15 00:00:00,180.0,530.5,50.88,102.6,96.0,35.4,2.33,11.68,9.0,,239.57,,317.0,Very Poor
258432,DL005,2019-10-15 01:00:00,199.25,529.25,79.82,100.32,118.4,36.9,2.35,12.88,8.97,,291.6,,318.0,Very Poor
258433,DL005,2019-10-15 02:00:00,208.0,458.75,73.8,93.9,110.1,38.83,2.32,12.18,12.3,,293.38,,320.0,Very Poor
258434,DL005,2019-10-15 03:00:00,194.0,393.0,57.2,72.5,85.2,45.0,1.9,10.1,8.9,,257.57,,321.0,Very Poor
258435,DL005,2019-10-15 04:00:00,183.25,347.0,57.55,83.53,91.15,38.92,1.9,10.75,8.53,,224.2,,321.0,Very Poor
258436,DL005,2019-10-15 05:00:00,178.25,348.75,73.18,83.9,104.3,34.3,1.98,10.65,9.1,,216.12,,320.0,Very Poor
258437,DL005,2019-10-15 06:00:00,203.5,392.5,82.97,75.7,107.62,30.4,1.88,10.65,8.05,,208.25,,320.0,Very Poor
258438,DL005,2019-10-15 07:00:00,195.75,393.25,56.78,81.75,89.7,31.45,1.98,10.25,8.92,,185.78,,321.0,Very Poor
258439,DL005,2019-10-15 08:00:00,200.75,385.0,82.2,91.3,115.55,34.7,2.4,10.45,9.45,,172.52,,321.0,Very Poor
258440,DL005,2019-10-15 09:00:00,218.0,430.75,26.17,113.47,81.67,37.52,2.03,14.25,13.77,,131.33,,322.0,Very Poor
258441,DL005,2019-10-15 10:00:00,206.5,432.5,9.4,97.03,59.2,39.17,1.6,20.73,48.5,,,,323.0,Very Poor
258442,DL005,2019-10-15 11:00:00,169.75,344.75,4.5,86.07,49.42,38.42,1.35,19.02,115.03,,,,324.0,Very Poor
258443,DL005,2019-10-15 12:00:00,154.25,306.5,1.98,62.7,34.9,40.75,0.95,16.35,168.35,,,,325.0,Very Poor
258444,DL005,2019-10-15 13:00:00,124.5,236.5,1.32,53.0,29.3,40.88,0.75,15.27,,,,,326.0,Very Poor
258445,DL005,2019-10-15 14:00:00,109.0,222.25,0.95,48.55,26.6,40.67,0.62,14.12,188.2,,,,326.0,Very Poor
258446,DL005,2019-10-15 15:00:00,94.0,204.5,1.08,42.97,23.72,40.08,0.55,13.73,183.85,,,,327.0,Very Poor
258447,DL005,2019-10-15 16:00:00,89.0,207.25,1.17,38.48,21.42,38.27,0.5,13.32,160.2,,,,327.0,Very Poor
258448,DL005,2019-10-15 17:00:00,78.0,200.0,1.23,39.42,21.98,38.23,0.57,13.15,157.93,,,,327.0,Very Poor
258449,DL005,2019-10-15 18:00:00,91.0,234.0,0.93,56.35,30.75,37.85,0.72,12.18,82.9,,195.43,,328.0,Very Poor
258450,DL005,2019-10-15 19:00:00,102.25,293.75,1.5,86.98,47.45,35.92,1.35,11.88,49.65,,263.82,,328.0,Very Poor
258451,DL005,2019-10-15 20:00:00,145.5,442.75,2.48,108.12,59.6,41.22,2.35,11.9,20.08,,196.0,,329.0,Very Poor
258452,DL005,2019-10-15 21:00:00,203.25,674.0,4.28,110.78,62.38,44.1,2.08,12.53,15.75,,258.5,,331.0,Very Poor
258453,DL005,2019-10-15 22:00:00,204.5,540.5,2.25,73.25,40.85,43.55,1.62,12.77,30.67,,196.93,,333.0,Very Poor
258454,DL005,2019-10-15 23:00:00,191.25,401.0,3.48,88.08,49.67,44.03,1.75,11.2,10.18,,128.2,,333.0,Very Poor
258455,DL005,2019-10-16 00:00:00,206.0,401.5,3.6,88.55,50.0,42.62,1.77,10.38,20.23,,,,334.0,Very Poor
258456,DL005,2019-10-16 01:00:00,225.75,401.75,5.45,87.12,50.78,41.8,1.9,9.8,23.07,,,,335.0,Very Poor
258457,DL005,2019-10-16 02:00:00,239.5,395.25,5.8,77.85,46.12,43.67,1.8,10.2,,,,,336.0,Very Poor
258458,DL005,2019-10-16 03:00:00,236.0,383.25,14.1,,47.3,55.3,1.8,10.2,34.5,,,,337.0,Very Poor
258459,DL005,2019-10-16 04:00:00,234.5,375.75,29.93,73.72,63.53,45.47,2.05,10.15,97.8,,,,339.0,Very Poor
258460,DL005,2019-10-16 05:00:00,247.5,388.25,62.98,62.6,84.8,35.52,2.1,10.03,79.8,,,,341.0,Very Poor
258461,DL005,2019-10-16 06:00:00,246.5,400.75,82.45,69.88,104.22,31.12,2.3,10.35,104.18,,,,343.0,Very Poor
258462,DL005,2019-10-16 07:00:00,244.0,417.75,90.78,80.88,116.97,38.23,2.55,10.57,67.03,,,,344.0,Very Poor
258463,DL005,2019-10-16 08:00:00,242.25,408.5,71.0,100.2,111.1,41.25,2.88,10.67,50.72,,104.0,,346.0,Very Poor
258464,DL005,2019-10-16 09:00:00,257.25,442.5,27.32,109.07,80.3,41.1,1.88,11.82,26.93,,104.9,,347.0,Very Poor
258465,DL005,2019-10-16 10:00:00,191.25,358.75,7.42,73.15,45.0,43.15,1.3,16.12,20.32,,,,346.0,Very Poor
258466,DL005,2019-10-16 11:00:00,133.5,296.5,3.12,53.85,31.2,46.83,1.05,16.52,68.08,,,,345.0,Very Poor
258467,DL005,2019-10-16 12:00:00,130.75,276.5,1.75,49.82,27.95,52.48,0.83,15.03,132.47,,,,344.0,Very Poor
258468,DL005,2019-10-16 13:00:00,135.25,252.0,1.35,47.1,26.17,48.58,0.8,14.07,160.9,,,,345.0,Very Poor
258469,DL005,2019-10-16 14:00:00,134.75,248.25,1.25,47.05,26.02,42.85,0.88,15.65,,,,,346.0,Very Poor
258470,DL005,2019-10-16 15:00:00,138.0,278.75,1.23,45.88,25.43,45.25,0.75,16.57,,,,,347.0,Very Poor
258471,DL005,2019-10-16 16:00:00,136.75,284.75,1.35,43.67,24.35,48.9,1.02,14.65,,,,,349.0,Very Poor
258472,DL005,2019-10-16 17:00:00,146.5,332.5,1.35,42.35,23.6,45.22,1.0,13.55,176.8,,,,351.0,Very Poor
258473,DL005,2019-10-16 18:00:00,134.5,347.25,1.15,50.3,27.68,39.17,1.17,12.05,113.7,,,,352.0,Very Poor
258474,DL005,2019-10-16 19:00:00,143.75,398.25,1.55,63.18,34.78,40.9,1.38,10.32,68.25,,,,353.0,Very Poor
258475,DL005,2019-10-16 20:00:00,159.0,427.5,1.3,66.9,36.62,49.0,1.4,10.15,49.42,,,,354.0,Very Poor
258476,DL005,2019-10-16 21:00:00,167.25,416.75,1.6,70.73,38.9,49.95,1.5,9.65,39.3,,,,353.0,Very Poor
258477,DL005,2019-10-16 22:00:00,183.0,411.25,1.75,64.12,35.55,48.75,1.5,9.05,35.58,,,,352.0,Very Poor
258478,DL005,2019-10-16 23:00:00,182.75,363.5,1.9,60.78,33.88,47.33,1.5,8.93,27.02,,,,352.0,Very Poor
258479,DL005,2019-10-17 00:00:00,180.25,336.25,2.1,58.3,32.72,45.33,1.42,8.78,18.38,,,,351.0,Very Poor
258480,DL005,2019-10-17 01:00:00,171.75,302.0,1.8,56.65,31.6,44.57,1.23,8.83,16.23,,,,349.0,Very Poor
258481,DL005,2019-10-17 02:00:00,159.75,264.75,2.45,56.33,32.0,46.3,1.2,8.57,,,,,347.0,Very Poor
258482,DL005,2019-10-17 03:00:00,154.75,249.75,3.2,56.5,32.6,54.2,1.1,9.1,14.1,,,,344.0,Very Poor
258483,DL005,2019-10-17 04:00:00,160.5,246.25,3.38,56.12,32.6,43.85,1.2,8.15,7.58,,,,342.0,Very Poor
258484,DL005,2019-10-17 05:00:00,163.5,257.5,5.2,55.78,34.0,33.88,1.2,8.18,9.35,,,,339.0,Very Poor
258485,DL005,2019-10-17 06:00:00,172.25,276.75,12.47,61.25,42.75,31.32,1.3,8.32,12.1,,,,337.0,Very Poor
258486,DL005,2019-10-17 07:00:00,183.5,318.75,14.53,60.83,44.28,34.92,1.25,8.82,9.08,,,,335.0,Very Poor
258487,DL005,2019-10-17 08:00:00,182.0,313.5,11.43,64.2,44.0,37.03,1.43,9.88,9.5,,,,333.0,Very Poor
258488,DL005,2019-10-17 09:00:00,195.0,328.5,10.27,63.85,42.52,37.75,1.45,12.7,20.85,,,,331.0,Very Poor
258489,DL005,2019-10-17 10:00:00,210.75,379.75,6.98,66.03,40.78,38.42,1.6,16.02,76.53,,,,331.0,Very Poor
258490,DL005,2019-10-17 11:00:00,223.5,446.75,5.08,74.03,43.5,39.47,1.65,17.97,139.77,,,,334.0,Very Poor
258491,DL005,2019-10-17 12:00:00,201.25,416.5,3.33,57.4,33.17,40.12,1.05,17.62,140.95,,,,337.0,Very Poor
258492,DL005,2019-10-17 13:00:00,120.0,255.5,2.05,52.4,29.55,41.88,1.0,14.35,172.65,,,,336.0,Very Poor
258493,DL005,2019-10-17 14:00:00,115.5,250.25,1.7,48.45,27.18,40.0,0.93,14.22,196.5,,,,335.0,Very Poor
258494,DL005,2019-10-17 15:00:00,108.25,237.25,1.28,41.88,23.27,38.75,0.8,14.7,,,,,334.0,Very Poor
258495,DL005,2019-10-17 16:00:00,104.0,254.25,1.3,42.2,23.5,37.0,0.95,15.63,,,,,333.0,Very Poor
258496,DL005,2019-10-17 17:00:00,116.5,337.0,1.02,43.8,24.15,38.5,1.0,14.97,,,,,332.0,Very Poor
258497,DL005,2019-10-17 18:00:00,121.75,401.25,1.15,49.9,27.45,36.28,1.18,12.03,126.18,,,,332.0,Very Poor
258498,DL005,2019-10-17 19:00:00,144.75,469.5,1.45,61.65,33.65,38.0,1.33,12.57,80.47,,,,332.0,Very Poor
258499,DL005,2019-10-17 20:00:00,176.75,515.5,1.6,67.3,37.52,40.25,1.48,12.35,59.52,,,,333.0,Very Poor
258500,DL005,2019-10-17 21:00:00,174.5,476.5,1.68,71.07,39.2,41.85,1.62,11.67,31.9,,,,333.0,Very Poor
258501,DL005,2019-10-17 22:00:00,194.0,456.75,2.08,69.25,38.58,41.48,1.55,10.52,22.23,,,,333.0,Very Poor
258502,DL005,2019-10-17 23:00:00,189.75,404.25,2.38,63.38,35.8,40.2,1.65,10.25,15.8,,,,333.0,Very Poor
258503,DL005,2019-10-18 00:00:00,208.25,385.5,4.07,67.35,38.77,39.3,1.7,9.73,17.68,,,,334.0,Very Poor
258504,DL005,2019-10-18 01:00:00,242.25,414.25,7.75,70.2,43.65,41.33,1.83,9.35,41.15,,,,337.0,Very Poor
258505,DL005,2019-10-18 02:00:00,291.0,468.75,13.0,69.73,47.65,44.83,1.65,10.12,,,,,341.0,Very Poor
258506,DL005,2019-10-18 03:00:00,233.5,388.25,11.3,64.0,43.3,53.5,1.4,10.2,19.3,,,,343.0,Very Poor
258507,DL005,2019-10-18 04:00:00,197.5,316.5,13.85,62.0,44.27,45.45,1.38,10.2,19.47,,,,345.0,Very Poor
258508,DL005,2019-10-18 05:00:00,196.25,324.25,21.8,60.9,50.08,34.83,1.27,9.97,25.28,,,,346.0,Very Poor
258509,DL005,2019-10-18 06:00:00,177.25,303.75,22.98,63.72,53.17,31.95,1.23,10.28,20.85,,,,346.0,Very Poor
258510,DL005,2019-10-18 07:00:00,175.25,329.25,17.8,63.0,48.05,34.83,1.23,10.2,36.25,,,,345.0,Very Poor
258511,DL005,2019-10-18 08:00:00,185.25,361.0,16.15,63.02,46.65,37.1,1.43,11.18,47.7,,,,346.0,Very Poor
258512,DL005,2019-10-18 09:00:00,185.5,379.0,16.0,74.4,52.58,38.8,1.52,15.55,51.62,,,,345.0,Very Poor
258513,DL005,2019-10-18 10:00:00,184.0,370.0,11.0,78.3,50.58,39.92,1.55,18.8,61.17,,,,344.0,Very Poor
258514,DL005,2019-10-18 11:00:00,188.0,421.0,6.78,77.88,46.98,42.25,1.52,19.35,72.45,,,,343.0,Very Poor
258515,DL005,2019-10-18 12:00:00,184.0,415.0,4.38,76.68,44.33,45.22,1.25,18.9,102.4,,,,343.0,Very Poor
258516,DL005,2019-10-18 13:00:00,140.0,367.0,2.75,61.0,34.7,46.1,0.95,15.38,145.97,,,,343.0,Very Poor
258517,DL005,2019-10-18 14:00:00,94.0,252.0,1.82,50.43,28.35,45.88,0.78,14.55,178.4,,,,343.0,Very Poor
258518,DL005,2019-10-18 15:00:00,91.0,269.0,1.25,39.7,22.12,43.8,0.55,13.7,156.98,,,,342.0,Very Poor
258519,DL005,2019-10-18 16:00:00,70.0,210.0,1.2,42.55,23.62,43.8,0.7,10.95,140.85,,166.9,,341.0,Very Poor
258520,DL005,2019-10-18 17:00:00,69.0,249.0,1.42,45.35,25.3,43.17,0.8,9.62,124.32,,150.0,,340.0,Very Poor
258521,DL005,2019-10-18 18:00:00,83.0,299.0,1.38,63.23,34.75,43.5,1.05,9.55,78.6,,,,338.0,Very Poor
258522,DL005,2019-10-18 19:00:00,110.0,406.0,1.18,30.07,16.85,43.05,0.5,8.4,105.78,,,,337.0,Very Poor
258523,DL005,2019-10-18 20:00:00,105.0,571.0,0.9,32.65,18.08,40.0,0.45,6.65,86.55,,146.5,,335.0,Very Poor
258524,DL005,2019-10-18 21:00:00,31.0,41.0,1.15,39.48,21.98,37.23,0.5,6.62,66.62,,148.9,,330.0,Very Poor
258525,DL005,2019-10-18 22:00:00,,,1.32,35.33,19.85,34.88,0.55,6.12,52.05,,,,329.0,Very Poor
258526,DL005,2019-10-18 23:00:00,,,1.32,35.45,19.93,34.67,0.53,6.4,41.22,,,,328.0,Very Poor
258527,DL005,2019-10-19 00:00:00,,,1.98,49.17,27.77,33.95,0.65,6.1,16.4,,,,326.0,Very Poor
258528,DL005,2019-10-19 01:00:00,40.0,56.0,5.1,52.92,32.3,34.65,0.8,6.12,10.93,,,,319.0,Very Poor
258529,DL005,2019-10-19 02:00:00,,,2.05,38.85,22.43,39.15,0.53,6.0,24.4,,,,313.0,Very Poor
258530,DL005,2019-10-19 03:00:00,,63.0,1.7,39.7,22.5,43.6,0.5,6.0,21.05,,,,309.0,Very Poor
258531,DL005,2019-10-19 04:00:00,67.0,72.0,1.42,34.83,19.67,37.03,0.5,6.95,24.85,,194.57,,304.0,Very Poor
258532,DL005,2019-10-19 05:00:00,29.0,78.0,2.8,38.8,22.95,28.93,0.6,6.05,17.2,,156.5,,287.0,Poor
258533,DL005,2019-10-19 06:00:00,47.0,70.0,15.92,42.77,35.75,26.9,0.7,6.3,18.82,,,,265.0,Poor
258534,DL005,2019-10-19 07:00:00,57.0,106.0,20.92,47.62,42.48,29.25,0.8,6.3,19.2,,,,244.0,Poor
258535,DL005,2019-10-19 08:00:00,64.0,129.0,13.8,42.2,33.72,32.5,0.78,6.03,9.88,,,,223.0,Poor
258536,DL005,2019-10-19 09:00:00,72.0,133.0,11.8,47.53,34.9,34.02,0.9,8.12,14.57,,,,203.0,Poor
258537,DL005,2019-10-19 10:00:00,127.0,202.0,8.45,55.7,36.88,35.08,1.0,14.8,30.17,,,,193.0,Moderate
258538,DL005,2019-10-19 11:00:00,135.0,232.0,5.22,48.7,30.15,37.07,0.88,16.57,62.58,,,,183.0,Moderate
258539,DL005,2019-10-19 12:00:00,130.0,223.0,2.6,37.6,22.12,38.45,0.65,14.57,106.65,,,,174.0,Moderate
258540,DL005,2019-10-19 13:00:00,99.0,162.0,1.6,30.82,17.7,38.92,0.55,12.1,137.47,,,,167.0,Moderate
258541,DL005,2019-10-19 14:00:00,57.0,118.0,1.4,27.15,15.55,42.05,,9.95,175.0,,,,218.0,Poor
258542,DL005,2019-10-19 15:00:00,85.0,133.0,1.3,68.6,37.12,37.05,2.73,10.55,159.0,,,,218.0,Poor
258543,DL005,2019-10-19 16:00:00,80.5,128.75,1.48,66.2,36.57,37.55,,10.8,43.42,,,,218.0,Poor
258544,DL005,2019-10-19 17:00:00,96.75,153.0,1.52,63.5,34.98,41.9,,9.52,71.92,,,,218.0,Poor
258545,DL005,2019-10-19 18:00:00,82.5,151.0,1.55,80.88,44.25,42.28,0.73,8.27,58.55,,,,218.0,Poor
258546,DL005,2019-10-19 19:00:00,101.75,210.75,2.8,120.35,66.27,37.62,0.25,7.8,16.45,,,,218.0,Poor
258547,DL005,2019-10-19 20:00:00,122.75,268.5,7.62,118.0,69.0,37.6,0.42,7.65,8.12,,,,218.0,Poor
258548,DL005,2019-10-19 21:00:00,139.75,259.5,18.65,112.65,75.1,39.9,,7.75,6.9,,,,218.0,Poor
258549,DL005,2019-10-19 22:00:00,157.75,268.75,7.33,100.48,59.4,40.5,0.55,7.93,7.7,,,,198.0,Moderate
258550,DL005,2019-10-19 23:00:00,179.5,294.75,30.93,95.85,75.93,46.73,0.1,8.45,6.6,,,,213.0,Poor
258551,DL005,2019-10-20 00:00:00,221.5,377.75,8.5,90.25,54.88,45.65,,8.48,6.25,,,,232.0,Poor
258552,DL005,2019-10-20 01:00:00,162.75,250.75,3.07,42.12,24.95,44.4,,8.68,28.73,,,,251.0,Poor
258553,DL005,2019-10-20 02:00:00,135.0,175.0,1.7,35.42,20.23,47.88,,8.38,35.2,,,,255.0,Poor
258554,DL005,2019-10-20 03:00:00,134.75,193.25,1.7,36.7,20.9,50.7,,6.5,26.55,,,,259.0,Poor
258555,DL005,2019-10-20 04:00:00,136.25,199.5,6.43,40.42,26.7,42.88,0.7,6.88,15.7,,,,269.0,Poor
258556,DL005,2019-10-20 05:00:00,142.5,211.75,4.12,47.45,28.62,35.52,0.17,6.57,8.72,,,,284.0,Poor
258557,DL005,2019-10-20 06:00:00,142.0,198.5,3.48,46.0,27.3,33.4,,6.2,7.25,,,,298.0,Poor
258558,DL005,2019-10-20 07:00:00,147.0,199.75,8.68,50.93,34.15,36.5,,6.15,5.85,,,,302.0,Very Poor
258559,DL005,2019-10-20 08:00:00,156.5,215.5,11.48,50.6,36.35,38.72,,6.05,7.3,,,,305.0,Very Poor
258560,DL005,2019-10-20 09:00:00,169.0,238.0,9.92,51.77,35.65,39.75,,7.72,13.55,,,,308.0,Very Poor
258561,DL005,2019-10-20 10:00:00,167.75,233.75,5.58,47.0,29.55,39.57,,10.68,33.12,,,,310.0,Very Poor
258562,DL005,2019-10-20 11:00:00,146.0,221.0,2.8,38.1,22.55,36.98,,11.0,65.0,,,,310.0,Very Poor
258563,DL005,2019-10-20 12:00:00,95.0,163.5,1.85,33.88,19.52,36.97,0.7,10.2,94.95,,,,309.0,Very Poor
258564,DL005,2019-10-20 13:00:00,71.5,136.25,1.55,29.58,17.0,36.65,0.6,9.57,107.38,,104.3,,308.0,Very Poor
258565,DL005,2019-10-20 14:00:00,56.0,127.5,1.58,28.65,16.52,33.85,0.7,9.0,111.22,,,,308.0,Very Poor
258566,DL005,2019-10-20 15:00:00,54.75,138.75,1.52,27.93,16.1,29.8,0.75,8.5,114.58,,,,307.0,Very Poor
258567,DL005,2019-10-20 16:00:00,43.0,122.0,1.5,27.88,16.05,28.18,0.83,11.5,119.55,,110.5,,306.0,Very Poor
258568,DL005,2019-10-20 17:00:00,46.0,121.0,1.35,30.4,17.3,28.75,0.7,11.38,107.25,,110.7,,304.0,Very Poor
258569,DL005,2019-10-20 18:00:00,49.75,136.75,1.38,46.35,25.77,29.72,0.6,10.43,67.4,,,,303.0,Very Poor
258570,DL005,2019-10-20 19:00:00,68.75,180.5,2.53,76.75,42.98,30.83,0.53,9.2,27.98,,,,302.0,Very Poor
258571,DL005,2019-10-20 20:00:00,105.75,262.75,35.6,107.8,86.32,34.12,0.57,8.8,8.32,,,,302.0,Very Poor
258572,DL005,2019-10-20 21:00:00,142.75,368.0,24.77,95.55,71.0,35.57,0.67,8.78,6.05,,,,302.0,Very Poor
258573,DL005,2019-10-20 22:00:00,144.5,333.25,19.77,78.45,57.8,38.72,0.7,8.5,6.83,,,,301.0,Very Poor
258574,DL005,2019-10-20 23:00:00,184.0,315.25,6.1,61.55,37.75,39.85,0.75,8.47,18.58,,,,301.0,Very Poor
258575,DL005,2019-10-21 00:00:00,170.75,268.0,1.68,36.38,20.7,38.25,0.67,9.8,45.58,,,,299.0,Poor
258576,DL005,2019-10-21 01:00:00,171.75,243.25,1.67,36.95,21.02,38.83,0.57,9.32,32.08,,,,300.0,Poor
258577,DL005,2019-10-21 02:00:00,178.75,239.25,1.93,45.6,25.83,37.38,0.5,8.55,14.1,,,,301.0,Very Poor
258578,DL005,2019-10-21 03:00:00,165.25,220.0,9.5,49.6,34.1,43.5,0.4,7.5,10.53,,,,302.0,Very Poor
258579,DL005,2019-10-21 04:00:00,193.5,262.25,7.92,50.33,33.28,39.58,0.4,7.95,6.57,,,,304.0,Very Poor
258580,DL005,2019-10-21 05:00:00,210.0,274.5,4.28,46.05,27.95,35.83,0.38,8.1,8.9,,,,306.0,Very Poor
258581,DL005,2019-10-21 06:00:00,215.75,271.25,5.0,47.12,29.15,32.88,0.3,8.45,7.5,,,,309.0,Very Poor
258582,DL005,2019-10-21 07:00:00,197.25,259.5,5.27,50.6,31.23,34.52,0.3,8.48,7.92,,,,310.0,Very Poor
258583,DL005,2019-10-21 08:00:00,240.5,308.5,14.0,62.83,44.75,34.68,0.3,9.2,9.02,,,,313.0,Very Poor
258584,DL005,2019-10-21 09:00:00,204.5,260.0,24.23,60.38,51.85,35.65,0.3,10.97,11.73,,,,314.0,Very Poor
258585,DL005,2019-10-21 10:00:00,194.25,215.75,4.33,41.2,25.42,35.77,0.3,13.57,42.73,,,,315.0,Very Poor
258586,DL005,2019-10-21 11:00:00,177.0,182.0,2.32,35.2,20.62,35.58,0.23,14.62,88.58,,,,316.0,Very Poor
258587,DL005,2019-10-21 12:00:00,,,1.9,31.2,18.12,36.62,0.2,14.78,127.12,,,,318.0,Very Poor
258588,DL005,2019-10-21 13:00:00,110.0,117.0,1.65,27.22,15.82,34.7,0.15,12.95,130.72,,,,319.0,Very Poor
258589,DL005,2019-10-21 14:00:00,101.25,112.5,1.65,23.58,13.9,31.93,0.1,12.47,123.82,,,,320.0,Very Poor
258590,DL005,2019-10-21 15:00:00,74.5,102.5,1.75,24.25,14.3,29.88,,11.72,125.62,,,,321.0,Very Poor
258591,DL005,2019-10-21 16:00:00,68.0,108.25,1.12,22.62,12.98,27.98,0.85,11.3,119.28,,,,322.0,Very Poor
258592,DL005,2019-10-21 17:00:00,52.75,94.75,1.07,24.38,13.82,26.43,0.8,11.32,120.8,,,,322.0,Very Poor
258593,DL005,2019-10-21 18:00:00,54.5,103.0,1.48,42.52,23.83,27.25,0.7,10.0,76.35,,,,322.0,Very Poor
258594,DL005,2019-10-21 19:00:00,71.25,135.0,3.1,77.35,43.67,27.85,0.78,10.65,25.35,,,,322.0,Very Poor
258595,DL005,2019-10-21 20:00:00,98.25,177.75,13.32,86.08,56.68,27.98,0.83,9.93,10.78,,129.2,,322.0,Very Poor
258596,DL005,2019-10-21 21:00:00,108.75,191.0,45.8,90.55,85.45,30.48,0.95,10.6,6.3,,,,321.0,Very Poor
258597,DL005,2019-10-21 22:00:00,145.5,228.75,49.85,81.7,84.07,28.8,1.15,11.4,5.6,,,,321.0,Very Poor
258598,DL005,2019-10-21 23:00:00,139.75,230.75,37.05,73.88,69.43,30.35,1.2,10.88,6.57,,,,320.0,Very Poor
258599,DL005,2019-10-22 00:00:00,143.75,194.0,5.22,58.35,36.67,31.65,1.15,10.55,11.93,,,,319.0,Very Poor
258600,DL005,2019-10-22 01:00:00,168.75,206.25,45.08,60.25,68.7,30.92,1.1,11.5,4.75,,,,319.0,Very Poor
258601,DL005,2019-10-22 02:00:00,174.0,243.0,6.68,46.8,30.38,33.5,1.1,10.68,,,,,318.0,Very Poor
258602,DL005,2019-10-22 03:00:00,,,6.8,49.4,31.7,36.9,0.7,12.3,17.2,,,,318.0,Very Poor
258603,DL005,2019-10-22 04:00:00,,,4.53,47.35,28.88,33.55,0.7,11.8,13.18,,,,316.0,Very Poor
258604,DL005,2019-10-22 05:00:00,,,2.0,35.55,20.55,30.4,0.65,12.25,19.1,,,,313.0,Very Poor
258605,DL005,2019-10-22 06:00:00,,,1.95,34.83,20.1,27.07,0.55,12.1,16.9,,,,310.0,Very Poor
258606,DL005,2019-10-22 07:00:00,,,3.17,39.88,23.77,26.25,0.5,11.55,12.73,,,,307.0,Very Poor
258607,DL005,2019-10-22 08:00:00,,,10.95,46.67,33.72,27.0,0.5,13.75,9.8,,,,302.0,Very Poor
258608,DL005,2019-10-22 09:00:00,,,7.48,42.7,28.8,27.93,0.5,20.15,29.1,,,,292.0,Poor
258609,DL005,2019-10-22 10:00:00,,,2.8,31.12,18.85,27.7,0.5,18.25,65.93,,,,251.0,Satisfactory
258610,DL005,2019-10-22 11:00:00,,,1.93,25.75,15.22,27.23,0.5,16.33,103.85,,,,251.0,Satisfactory
258611,DL005,2019-10-22 12:00:00,,,1.6,22.25,13.18,25.95,0.47,12.73,120.33,,,,251.0,Satisfactory
258612,DL005,2019-10-22 13:00:00,,,1.48,21.3,12.55,25.88,0.4,11.42,124.9,,,,251.0,Satisfactory
258613,DL005,2019-10-22 14:00:00,41.0,48.0,1.4,18.05,10.78,24.2,0.32,10.68,116.65,,,,251.0,Satisfactory
258614,DL005,2019-10-22 15:00:00,36.5,48.0,1.5,16.42,9.9,22.08,0.3,10.2,117.0,,,,251.0,Satisfactory
258615,DL005,2019-10-22 16:00:00,28.5,119.0,6.5,25.9,19.1,26.5,0.1,4.9,123.38,,,,251.0,Satisfactory
258616,DL005,2019-10-22 17:00:00,45.25,119.5,1.5,28.35,16.27,25.45,0.1,7.45,119.2,,,,251.0,Satisfactory
258617,DL005,2019-10-22 18:00:00,51.75,143.25,1.5,57.2,31.67,23.1,0.18,7.9,68.3,,,,251.0,Satisfactory
258618,DL005,2019-10-22 19:00:00,78.5,226.75,11.97,103.7,64.88,25.05,0.3,8.22,15.73,,,,251.0,Satisfactory
258619,DL005,2019-10-22 20:00:00,111.5,273.0,7.8,86.03,52.15,27.07,0.43,11.25,13.43,,,,251.0,Satisfactory
258620,DL005,2019-10-22 21:00:00,134.0,276.5,15.82,80.12,55.45,28.05,0.55,13.32,10.78,,,,251.0,Satisfactory
258621,DL005,2019-10-22 22:00:00,163.5,354.75,77.5,86.62,109.18,30.08,0.72,13.43,5.75,,117.78,,251.0,Satisfactory
258622,DL005,2019-10-22 23:00:00,175.5,448.5,81.58,77.12,107.47,33.05,0.85,12.35,5.47,,121.17,,251.0,Satisfactory
258623,DL005,2019-10-23 00:00:00,190.25,439.25,57.03,67.55,82.4,30.58,0.9,10.88,5.4,,,,251.0,Satisfactory
258624,DL005,2019-10-23 01:00:00,194.75,399.75,22.98,63.42,52.55,30.62,0.9,9.6,5.58,,,,251.0,Satisfactory
258625,DL005,2019-10-23 02:00:00,194.25,315.5,7.97,58.2,37.6,30.53,0.9,9.2,,,,,251.0,Satisfactory
258626,DL005,2019-10-23 03:00:00,190.75,292.25,5.4,61.1,36.9,35.0,0.8,8.9,10.18,,,,251.0,Satisfactory
258627,DL005,2019-10-23 04:00:00,203.0,303.25,21.85,60.4,49.88,32.65,0.8,9.1,5.1,,,,251.0,Satisfactory
258628,DL005,2019-10-23 05:00:00,192.5,320.75,45.77,58.92,68.67,29.52,0.8,8.85,4.62,,,,305.0,Very Poor
258629,DL005,2019-10-23 06:00:00,182.5,330.5,46.28,58.05,68.62,28.3,0.8,8.7,5.2,,,,308.0,Very Poor
258630,DL005,2019-10-23 07:00:00,193.0,325.5,59.25,54.95,77.32,28.35,0.8,8.35,5.4,,,,311.0,Very Poor
258631,DL005,2019-10-23 08:00:00,192.0,339.75,31.07,62.3,58.5,30.7,0.8,10.62,7.03,,,,313.0,Very Poor
258632,DL005,2019-10-23 09:00:00,194.75,323.5,27.83,71.9,60.93,30.18,0.9,17.4,11.07,,,,315.0,Very Poor
258633,DL005,2019-10-23 10:00:00,204.5,360.75,6.17,42.4,27.6,31.85,0.9,20.48,38.88,,,,318.0,Very Poor
258634,DL005,2019-10-23 11:00:00,172.75,293.0,2.75,29.75,18.08,30.98,0.78,17.75,92.17,,,,319.0,Very Poor
258635,DL005,2019-10-23 12:00:00,137.25,219.5,1.35,24.0,13.88,30.27,0.65,14.75,140.12,,,,318.0,Very Poor
258636,DL005,2019-10-23 13:00:00,114.0,197.75,1.23,23.0,13.25,30.4,0.55,14.5,163.1,,,,317.0,Very Poor
258637,DL005,2019-10-23 14:00:00,106.5,196.5,1.02,24.27,13.73,29.3,0.45,14.15,177.0,,,,319.0,Very Poor
258638,DL005,2019-10-23 15:00:00,84.0,186.0,1.4,25.48,14.65,25.52,0.32,12.0,146.28,,,,321.0,Very Poor
258639,DL005,2019-10-23 16:00:00,81.0,199.0,1.38,24.77,14.32,26.58,0.1,9.47,146.38,,111.05,,323.0,Very Poor
258640,DL005,2019-10-23 17:00:00,83.0,199.75,1.23,29.6,16.77,28.0,0.1,9.92,128.53,,141.32,,324.0,Very Poor
258641,DL005,2019-10-23 18:00:00,91.0,224.75,1.45,55.25,30.6,28.33,0.12,9.07,76.47,,,,325.0,Very Poor
258642,DL005,2019-10-23 19:00:00,110.5,312.75,1.58,95.12,51.9,28.75,0.3,9.32,27.17,,157.7,,326.0,Very Poor
258643,DL005,2019-10-23 20:00:00,157.0,398.5,14.28,108.35,69.3,31.75,0.55,10.03,10.57,,226.55,,328.0,Very Poor
258644,DL005,2019-10-23 21:00:00,177.75,505.0,59.12,105.15,104.12,33.53,0.93,10.55,8.57,,297.62,,329.0,Very Poor
258645,DL005,2019-10-23 22:00:00,198.25,602.0,61.65,92.22,99.3,36.1,1.25,11.22,9.07,,256.4,,330.0,Very Poor
258646,DL005,2019-10-23 23:00:00,227.5,617.75,51.12,87.07,88.08,36.72,1.5,11.05,21.28,,204.53,,332.0,Very Poor
258647,DL005,2019-10-24 00:00:00,199.75,493.5,26.9,88.7,69.08,36.15,1.5,10.67,28.78,,162.5,,332.0,Very Poor
258648,DL005,2019-10-24 01:00:00,189.0,393.25,11.55,91.15,57.95,35.9,1.45,10.27,12.1,,118.05,,332.0,Very Poor
258649,DL005,2019-10-24 02:00:00,203.0,337.0,8.95,80.78,50.28,36.2,1.35,10.58,,,,,332.0,Very Poor
258650,DL005,2019-10-24 03:00:00,203.0,336.25,54.4,67.6,80.0,41.6,1.2,9.6,12.22,,106.9,,333.0,Very Poor
258651,DL005,2019-10-24 04:00:00,204.5,348.5,55.35,62.42,78.32,37.05,1.2,9.15,6.65,,126.75,,333.0,Very Poor
258652,DL005,2019-10-24 05:00:00,186.5,305.0,29.95,66.88,60.0,33.35,1.12,8.5,7.22,,124.2,,332.0,Very Poor
258653,DL005,2019-10-24 06:00:00,207.25,304.0,33.5,65.7,62.5,31.52,1.05,9.3,6.4,,115.62,,333.0,Very Poor
258654,DL005,2019-10-24 07:00:00,238.0,363.75,35.32,67.72,64.75,32.58,1.0,12.25,6.9,,102.4,,335.0,Very Poor
258655,DL005,2019-10-24 08:00:00,262.25,403.75,27.95,70.7,60.4,33.48,1.0,12.7,7.62,,,,337.0,Very Poor
258656,DL005,2019-10-24 09:00:00,257.0,441.0,20.25,72.32,54.93,34.38,1.0,15.28,11.2,,,,339.0,Very Poor
258657,DL005,2019-10-24 10:00:00,274.25,449.5,16.07,98.55,65.5,36.8,1.0,18.85,38.05,,,,341.0,Very Poor
258658,DL005,2019-10-24 11:00:00,278.5,474.25,9.15,103.75,62.5,36.35,1.1,20.9,122.62,,,,345.0,Very Poor
258659,DL005,2019-10-24 12:00:00,195.75,331.5,2.9,49.12,28.6,35.67,0.88,15.6,162.12,,,,346.0,Very Poor
258660,DL005,2019-10-24 13:00:00,133.0,237.5,1.95,44.48,25.25,34.98,0.65,16.57,192.9,,,,347.0,Very Poor
258661,DL005,2019-10-24 14:00:00,137.0,244.75,1.32,35.2,19.82,33.8,0.45,15.65,,,,,348.0,Very Poor
258662,DL005,2019-10-24 15:00:00,136.75,230.5,1.23,31.9,17.92,32.43,0.35,15.05,,,,,350.0,Very Poor
258663,DL005,2019-10-24 16:00:00,125.5,215.75,1.03,30.4,17.0,31.08,0.1,12.45,196.1,,111.85,,351.0,Very Poor
258664,DL005,2019-10-24 17:00:00,120.5,221.5,0.95,38.4,21.18,31.28,0.1,10.68,165.55,,,,352.0,Very Poor
258665,DL005,2019-10-24 18:00:00,123.0,280.25,1.43,47.65,26.5,36.15,0.1,8.85,105.52,,,,353.0,Very Poor
258666,DL005,2019-10-24 19:00:00,145.0,402.75,2.12,74.38,41.3,38.15,0.12,9.65,65.33,,175.82,,354.0,Very Poor
258667,DL005,2019-10-24 20:00:00,199.0,587.0,62.1,138.35,124.2,43.92,0.35,10.9,8.22,,287.18,,356.0,Very Poor
258668,DL005,2019-10-24 21:00:00,258.75,781.75,17.53,119.2,77.67,43.4,0.75,10.38,7.7,,306.95,,358.0,Very Poor
258669,DL005,2019-10-24 22:00:00,217.0,529.25,6.2,98.8,57.6,41.17,0.9,8.32,12.4,,136.2,,359.0,Very Poor
258670,DL005,2019-10-24 23:00:00,212.75,420.25,2.58,82.92,46.17,41.9,0.9,7.5,13.23,,,,359.0,Very Poor
258671,DL005,2019-10-25 00:00:00,247.5,416.5,3.55,83.53,47.3,42.05,0.8,6.22,9.0,,,,360.0,Very Poor
258672,DL005,2019-10-25 01:00:00,256.25,412.5,8.3,81.07,49.9,40.95,0.8,5.88,7.12,,,,362.0,Very Poor
258673,DL005,2019-10-25 02:00:00,254.75,387.5,14.85,75.32,52.17,40.6,0.8,5.28,,,,,364.0,Very Poor
258674,DL005,2019-10-25 03:00:00,239.0,392.75,35.0,82.5,72.4,47.5,0.7,6.3,56.92,,,,365.0,Very Poor
258675,DL005,2019-10-25 04:00:00,223.75,376.25,24.9,83.67,64.78,41.65,0.7,7.42,115.38,,,,366.0,Very Poor
258676,DL005,2019-10-25 05:00:00,182.25,295.75,19.32,79.22,57.9,32.55,0.65,6.75,90.97,,,,366.0,Very Poor
258677,DL005,2019-10-25 06:00:00,194.75,308.75,24.1,72.57,58.25,29.72,0.6,5.85,92.35,,,,365.0,Very Poor
258678,DL005,2019-10-25 07:00:00,204.75,341.75,28.12,68.5,59.17,31.98,0.5,5.65,44.27,,,,364.0,Very Poor
258679,DL005,2019-10-25 08:00:00,234.75,392.75,21.68,65.85,52.7,33.88,0.5,6.9,10.7,,,,363.0,Very Poor
258680,DL005,2019-10-25 09:00:00,227.0,374.25,13.73,65.15,45.85,35.67,0.5,8.3,18.77,,,,362.0,Very Poor
258681,DL005,2019-10-25 10:00:00,204.5,353.25,7.9,57.02,36.62,37.0,0.45,9.97,55.15,,,,360.0,Very Poor
258682,DL005,2019-10-25 11:00:00,137.75,302.75,4.32,59.33,34.88,35.2,0.35,8.95,94.12,,,,355.0,Very Poor
258683,DL005,2019-10-25 12:00:00,111.25,263.25,3.73,55.8,32.7,35.7,0.3,9.2,134.32,,,,353.0,Very Poor
258684,DL005,2019-10-25 13:00:00,107.0,249.25,2.35,46.62,26.7,36.38,0.18,10.0,161.15,,,,352.0,Very Poor
258685,DL005,2019-10-25 14:00:00,108.75,234.75,1.6,37.4,21.15,42.38,,9.55,192.95,,,,351.0,Very Poor
258686,DL005,2019-10-25 15:00:00,107.0,239.25,1.23,24.93,14.22,34.15,,10.23,,,,,350.0,Very Poor
258687,DL005,2019-10-25 16:00:00,111.75,229.25,1.05,23.38,13.25,31.4,0.2,11.3,190.45,,,,350.0,Very Poor
258688,DL005,2019-10-25 17:00:00,104.75,241.75,1.33,27.3,15.6,29.85,0.2,9.72,153.93,,,,349.0,Very Poor
258689,DL005,2019-10-25 18:00:00,101.0,296.75,1.38,48.78,27.1,30.8,0.2,9.98,103.07,,,,348.0,Very Poor
258690,DL005,2019-10-25 19:00:00,127.5,414.75,1.4,69.9,38.27,32.2,0.32,10.0,46.3,,133.7,,348.0,Very Poor
258691,DL005,2019-10-25 20:00:00,154.75,516.5,6.0,101.45,58.88,32.35,0.5,8.82,8.93,,165.7,,346.0,Very Poor
258692,DL005,2019-10-25 21:00:00,163.5,504.5,3.65,91.17,51.42,35.82,0.65,8.35,11.7,,,,343.0,Very Poor
258693,DL005,2019-10-25 22:00:00,185.25,414.0,2.42,86.45,47.98,38.25,0.72,8.32,11.23,,,,342.0,Very Poor
258694,DL005,2019-10-25 23:00:00,225.75,425.25,2.23,75.03,41.73,40.83,0.8,8.35,12.18,,,,343.0,Very Poor
258695,DL005,2019-10-26 00:00:00,264.5,447.25,3.03,74.05,41.85,45.12,0.93,8.85,9.05,,,,343.0,Very Poor
258696,DL005,2019-10-26 01:00:00,298.5,495.0,7.8,74.72,46.05,39.9,1.0,9.12,8.0,,,,345.0,Very Poor
258697,DL005,2019-10-26 02:00:00,231.0,421.5,30.0,73.72,63.68,36.73,1.0,9.45,10.4,,,,344.0,Very Poor
258698,DL005,2019-10-26 03:00:00,223.75,423.25,45.1,65.9,71.8,41.9,1.0,8.7,11.47,,,,343.0,Very Poor
258699,DL005,2019-10-26 04:00:00,226.5,414.25,44.3,65.12,70.6,39.2,1.0,9.78,12.18,,,,344.0,Very Poor
258700,DL005,2019-10-26 05:00:00,218.5,414.75,49.17,67.7,75.65,34.33,0.97,10.0,10.32,,,,345.0,Very Poor
258701,DL005,2019-10-26 06:00:00,218.75,418.5,69.67,60.78,89.12,32.05,0.9,9.78,20.55,,,,345.0,Very Poor
258702,DL005,2019-10-26 07:00:00,225.5,409.0,85.83,61.33,102.82,34.08,0.95,10.17,18.42,,,,346.0,Very Poor
258703,DL005,2019-10-26 08:00:00,233.75,428.0,86.17,68.97,106.7,37.12,1.0,10.5,16.8,,163.25,,346.0,Very Poor
258704,DL005,2019-10-26 09:00:00,239.0,446.0,61.42,94.47,100.33,38.3,1.0,12.6,13.55,,115.3,,346.0,Very Poor
258705,DL005,2019-10-26 10:00:00,207.5,408.0,11.47,70.9,47.08,39.57,0.95,14.1,26.77,,,,347.0,Very Poor
258706,DL005,2019-10-26 11:00:00,161.0,306.25,4.47,47.67,28.95,38.28,0.7,13.12,73.28,,,,347.0,Very Poor
258707,DL005,2019-10-26 12:00:00,132.5,246.5,2.17,26.82,16.05,36.62,0.48,11.65,120.9,,,,348.0,Very Poor
258708,DL005,2019-10-26 13:00:00,97.75,190.25,1.15,15.18,9.03,35.38,0.25,9.97,149.82,,,,348.0,Very Poor
258709,DL005,2019-10-26 14:00:00,90.25,165.5,1.1,16.35,9.62,36.45,0.1,9.57,172.15,,,,347.0,Very Poor
258710,DL005,2019-10-26 15:00:00,99.5,179.25,0.9,17.73,10.15,37.78,,9.78,172.57,,,,347.0,Very Poor
258711,DL005,2019-10-26 16:00:00,112.0,190.5,1.0,19.32,11.12,39.88,0.2,8.9,179.0,,,,347.0,Very Poor
258712,DL005,2019-10-26 17:00:00,,231.5,1.0,19.7,11.3,41.65,0.1,9.5,159.5,,,,349.0,Very Poor
258713,DL005,2019-10-26 18:00:00,151.0,266.25,1.33,26.1,14.95,43.35,0.4,9.6,130.65,,,,351.0,Very Poor
258714,DL005,2019-10-26 19:00:00,165.75,323.5,1.6,59.7,33.02,41.8,0.85,9.88,72.85,,,,352.0,Very Poor
258715,DL005,2019-10-26 20:00:00,219.5,450.0,5.75,111.92,64.17,41.12,1.55,9.3,18.4,,,,355.0,Very Poor
258716,DL005,2019-10-26 21:00:00,290.5,552.75,44.5,102.35,90.62,53.65,2.52,10.68,8.88,,,,359.0,Very Poor
258717,DL005,2019-10-26 22:00:00,415.75,749.0,34.77,86.22,74.22,56.05,2.55,16.35,10.2,,104.45,,367.0,Very Poor
258718,DL005,2019-10-26 23:00:00,414.0,713.0,83.12,67.12,103.88,59.88,2.6,14.1,9.4,,107.55,,373.0,Very Poor
258719,DL005,2019-10-27 00:00:00,411.5,671.5,38.1,79.1,72.97,59.15,1.67,11.27,7.6,,,,378.0,Very Poor
258720,DL005,2019-10-27 01:00:00,349.5,492.75,12.4,69.33,47.03,59.75,1.4,10.8,8.1,,,,379.0,Very Poor
258721,DL005,2019-10-27 02:00:00,312.75,411.0,6.53,58.62,36.45,57.95,1.2,11.4,7.98,,,,382.0,Very Poor
258722,DL005,2019-10-27 03:00:00,289.25,412.5,13.82,61.65,44.03,55.02,1.25,10.2,6.47,,,,384.0,Very Poor
258723,DL005,2019-10-27 04:00:00,309.5,436.0,3.85,53.05,31.38,57.73,1.0,8.85,8.6,,,,387.0,Very Poor
258724,DL005,2019-10-27 05:00:00,337.5,456.0,1.67,38.15,21.7,53.67,0.83,8.75,13.93,,,,391.0,Very Poor
258725,DL005,2019-10-27 06:00:00,271.25,342.25,1.75,37.3,21.27,52.98,0.93,12.62,15.82,,,,393.0,Very Poor
258726,DL005,2019-10-27 07:00:00,272.0,348.5,2.88,51.3,29.65,55.83,1.12,14.2,12.35,,,,394.0,Very Poor
258727,DL005,2019-10-27 08:00:00,295.0,398.25,4.38,50.1,30.2,54.2,1.05,11.85,12.88,,,,396.0,Very Poor
258728,DL005,2019-10-27 09:00:00,303.25,406.75,3.42,31.5,19.55,52.17,0.8,12.68,21.38,,,,399.0,Very Poor
258729,DL005,2019-10-27 10:00:00,279.25,375.0,2.65,26.48,16.25,52.05,0.8,13.43,41.67,,,,401.0,Severe
258730,DL005,2019-10-27 11:00:00,263.0,368.0,2.2,30.12,17.83,51.98,0.72,11.88,79.35,,,,404.0,Severe
258731,DL005,2019-10-27 12:00:00,240.75,349.0,1.38,22.77,13.23,51.28,0.55,11.03,115.77,,,,408.0,Severe
258732,DL005,2019-10-27 13:00:00,194.75,304.5,2.35,20.2,12.7,45.1,0.23,10.95,135.48,,,,411.0,Severe
258733,DL005,2019-10-27 14:00:00,111.5,226.5,1.43,12.53,7.83,40.12,0.1,10.27,143.62,,,,412.0,Severe
258734,DL005,2019-10-27 15:00:00,77.0,197.5,1.0,10.83,6.58,35.35,,9.1,146.62,,,,411.0,Severe
258735,DL005,2019-10-27 16:00:00,67.0,172.5,1.02,9.95,6.12,32.52,,8.83,148.28,,,,410.0,Severe
258736,DL005,2019-10-27 17:00:00,64.75,152.25,1.0,11.35,6.85,31.25,,8.88,143.32,,,,403.0,Severe
258737,DL005,2019-10-27 18:00:00,74.0,153.5,1.15,20.98,12.1,31.27,0.2,8.88,105.38,,,,401.0,Severe
258738,DL005,2019-10-27 19:00:00,105.75,203.5,1.35,49.42,27.35,31.27,0.68,9.52,63.85,,,,399.0,Very Poor
258739,DL005,2019-10-27 20:00:00,179.75,300.25,7.52,68.9,42.67,35.9,1.2,12.07,28.23,,,,398.0,Very Poor
258740,DL005,2019-10-27 21:00:00,352.0,535.5,11.32,71.12,47.22,38.72,1.2,45.5,15.88,,,,400.0,Very Poor
258741,DL005,2019-10-27 22:00:00,429.5,622.75,2.88,58.52,33.6,38.83,1.1,23.05,16.25,,,,400.0,Very Poor
258742,DL005,2019-10-27 23:00:00,246.0,371.25,4.1,50.57,30.32,39.3,1.07,16.57,19.1,,,,395.0,Very Poor
258743,DL005,2019-10-28 00:00:00,265.5,374.5,1.75,41.2,23.33,39.65,1.02,14.68,20.9,,,,390.0,Very Poor
258744,DL005,2019-10-28 01:00:00,258.25,339.5,1.35,28.12,16.05,39.02,0.88,13.4,40.78,,,,387.0,Very Poor
258745,DL005,2019-10-28 02:00:00,251.5,326.25,1.02,28.23,15.82,38.65,0.97,13.0,20.67,,,,385.0,Very Poor
258746,DL005,2019-10-28 03:00:00,261.5,351.75,1.0,26.0,14.62,41.08,1.0,11.93,24.73,,,,384.0,Very Poor
258747,DL005,2019-10-28 04:00:00,284.5,373.25,1.4,25.1,14.5,41.22,0.97,12.35,25.45,,,,384.0,Very Poor
258748,DL005,2019-10-28 05:00:00,304.0,378.25,1.25,25.23,14.45,42.08,1.0,13.72,21.98,,,,382.0,Very Poor
258749,DL005,2019-10-28 06:00:00,293.5,370.0,1.35,24.6,14.18,42.48,1.0,12.98,22.2,,,,383.0,Very Poor
258750,DL005,2019-10-28 07:00:00,262.25,335.25,1.57,30.1,17.3,40.98,1.02,11.05,23.05,,,,383.0,Very Poor
258751,DL005,2019-10-28 08:00:00,271.0,352.75,5.12,42.67,26.88,42.05,1.12,9.92,13.35,,,,382.0,Very Poor
258752,DL005,2019-10-28 09:00:00,294.5,391.5,3.17,35.8,21.65,42.88,1.05,10.85,30.7,,,,382.0,Very Poor
258753,DL005,2019-10-28 10:00:00,291.75,383.75,2.27,29.82,17.7,43.15,1.02,12.85,54.65,,,,382.0,Very Poor
258754,DL005,2019-10-28 11:00:00,285.75,380.75,1.7,27.27,15.88,43.78,1.05,13.4,86.4,,,,383.0,Very Poor
258755,DL005,2019-10-28 12:00:00,277.5,371.75,1.5,26.12,15.1,45.17,1.0,13.32,117.12,,,,384.0,Very Poor
258756,DL005,2019-10-28 13:00:00,266.0,360.0,1.48,25.57,14.85,43.73,0.97,12.9,145.82,,,,386.0,Very Poor
258757,DL005,2019-10-28 14:00:00,227.5,326.75,1.33,22.2,12.9,39.88,0.78,12.62,157.82,,,,390.0,Very Poor
258758,DL005,2019-10-28 15:00:00,166.0,257.25,1.4,19.98,11.73,36.88,0.6,12.7,156.38,,,,393.0,Very Poor
258759,DL005,2019-10-28 16:00:00,139.25,208.75,1.65,23.35,13.77,36.62,,11.47,136.18,,,,395.0,Very Poor
258760,DL005,2019-10-28 17:00:00,139.0,202.5,2.0,32.58,18.98,36.7,0.1,11.03,106.7,,,,398.0,Very Poor
258761,DL005,2019-10-28 18:00:00,142.5,230.0,1.67,41.6,23.48,36.53,0.3,10.53,87.75,,,,400.0,Very Poor
258762,DL005,2019-10-28 19:00:00,185.0,282.5,2.1,62.8,35.18,39.05,0.72,10.77,57.0,,,,402.0,Severe
258763,DL005,2019-10-28 20:00:00,257.25,375.0,4.0,75.97,43.6,42.0,0.97,11.07,33.98,,,,405.0,Severe
258764,DL005,2019-10-28 21:00:00,276.5,420.0,43.33,82.45,79.25,45.42,1.68,10.75,6.22,,,,402.0,Severe
258765,DL005,2019-10-28 22:00:00,304.25,479.75,20.1,70.68,53.97,47.38,1.43,10.62,6.05,,,,398.0,Very Poor
258766,DL005,2019-10-28 23:00:00,335.0,482.25,8.85,53.6,35.7,53.48,1.57,10.1,9.32,,,,401.0,Severe
258767,DL005,2019-10-29 00:00:00,421.75,578.0,8.7,48.35,32.78,51.6,1.43,10.38,8.12,,,,406.0,Severe
258768,DL005,2019-10-29 01:00:00,366.25,489.25,18.05,44.25,38.3,46.02,1.23,9.8,7.98,,112.15,,410.0,Severe
258769,DL005,2019-10-29 02:00:00,302.0,404.75,4.05,35.8,22.33,46.55,0.88,9.2,10.8,,,,411.0,Severe
258770,DL005,2019-10-29 03:00:00,278.0,355.5,3.8,33.4,20.8,53.8,0.8,8.0,10.47,,,,412.0,Severe
258771,DL005,2019-10-29 04:00:00,285.25,364.25,3.42,31.65,19.62,50.38,0.8,8.15,15.72,,,,412.0,Severe
258772,DL005,2019-10-29 05:00:00,310.75,400.75,4.6,38.17,24.05,48.03,0.95,8.18,8.03,,,,412.0,Severe
258773,DL005,2019-10-29 06:00:00,318.75,414.75,9.88,37.77,28.15,44.4,0.97,8.07,6.47,,,,413.0,Severe
258774,DL005,2019-10-29 07:00:00,309.25,404.75,7.45,37.03,25.8,44.65,1.02,7.62,8.38,,,,414.0,Severe
258775,DL005,2019-10-29 08:00:00,313.5,409.5,6.08,36.55,24.38,47.03,1.08,7.58,8.62,,,,416.0,Severe
258776,DL005,2019-10-29 09:00:00,326.0,427.75,8.05,38.85,27.23,48.22,1.02,8.4,10.43,,,,417.0,Severe
258777,DL005,2019-10-29 10:00:00,322.25,434.0,6.17,35.93,24.15,46.15,0.93,10.75,17.4,,,,418.0,Severe
258778,DL005,2019-10-29 11:00:00,289.0,437.0,3.77,29.18,18.58,45.7,0.78,11.4,34.2,,,,418.0,Severe
258779,DL005,2019-10-29 12:00:00,276.0,423.75,3.5,28.1,17.85,46.78,0.75,11.53,54.72,,,,418.0,Severe
258780,DL005,2019-10-29 13:00:00,271.5,384.25,2.7,25.25,15.65,46.9,0.72,11.78,76.88,,,,418.0,Severe
258781,DL005,2019-10-29 14:00:00,279.0,396.5,2.48,30.0,17.98,49.27,0.8,10.82,83.1,,,,420.0,Severe
258782,DL005,2019-10-29 15:00:00,325.0,442.0,1.4,25.7,14.9,73.1,,,95.53,,,,425.0,Severe
258783,DL005,2019-10-29 16:00:00,341.25,461.75,1.45,51.65,28.7,62.1,0.3,8.72,94.6,,,,431.0,Severe
258784,DL005,2019-10-29 17:00:00,294.25,421.5,1.9,93.05,48.8,49.55,0.42,9.05,61.7,,,,436.0,Severe
258785,DL005,2019-10-29 18:00:00,280.25,422.25,4.92,122.57,69.1,48.33,0.6,9.32,29.32,,,,441.0,Severe
258786,DL005,2019-10-29 19:00:00,294.75,439.0,33.0,152.18,108.3,49.33,1.05,10.03,9.25,,,,444.0,Severe
258787,DL005,2019-10-29 20:00:00,316.0,478.75,72.05,162.9,145.45,50.38,1.5,10.45,6.2,,,,446.0,Severe
258788,DL005,2019-10-29 21:00:00,347.25,526.25,59.48,140.62,123.2,48.12,1.95,10.85,7.5,,,,448.0,Severe
258789,DL005,2019-10-29 22:00:00,383.25,579.75,42.77,136.27,107.35,51.85,2.23,10.32,8.18,,156.25,,451.0,Severe
258790,DL005,2019-10-29 23:00:00,394.5,560.0,31.45,124.05,91.58,62.08,1.88,9.15,7.35,,126.1,,453.0,Severe
258791,DL005,2019-10-30 00:00:00,382.0,514.25,67.85,116.83,117.52,64.5,1.92,9.05,7.62,,110.5,,451.0,Severe
258792,DL005,2019-10-30 01:00:00,383.25,527.75,114.12,123.67,158.92,68.4,2.0,8.85,7.05,,118.93,,452.0,Severe
258793,DL005,2019-10-30 02:00:00,368.5,531.25,54.8,118.28,107.47,63.85,1.62,8.4,,,109.0,,454.0,Severe
258794,DL005,2019-10-30 03:00:00,346.0,481.5,47.1,95.5,89.2,57.8,1.4,8.8,16.02,,,,456.0,Severe
258795,DL005,2019-10-30 04:00:00,358.75,477.25,23.52,104.42,74.78,52.48,1.23,8.92,6.6,,,,459.0,Severe
258796,DL005,2019-10-30 05:00:00,361.0,479.75,9.28,99.1,60.25,51.75,0.95,10.05,7.03,,,,460.0,Severe
258797,DL005,2019-10-30 06:00:00,430.0,562.25,18.05,106.25,71.2,53.88,1.0,10.35,6.38,,,,464.0,Severe
258798,DL005,2019-10-30 07:00:00,449.75,599.25,37.7,105.7,87.35,58.35,1.0,10.03,6.25,,,,468.0,Severe
258799,DL005,2019-10-30 08:00:00,358.25,488.25,54.55,110.7,103.25,59.9,1.05,9.7,6.15,,,,470.0,Severe
258800,DL005,2019-10-30 09:00:00,306.0,448.5,67.15,117.6,117.28,59.6,1.08,9.1,6.3,,,,469.0,Severe
258801,DL005,2019-10-30 10:00:00,284.75,434.0,29.2,103.83,78.97,55.55,0.72,9.8,7.53,,,,468.0,Severe
258802,DL005,2019-10-30 11:00:00,258.75,392.0,6.4,74.02,44.55,46.72,0.45,11.57,18.8,,,,467.0,Severe
258803,DL005,2019-10-30 12:00:00,260.0,394.5,3.17,62.58,36.17,47.62,0.57,13.5,53.9,,,,466.0,Severe
258804,DL005,2019-10-30 13:00:00,337.25,509.75,1.62,50.88,28.38,51.57,0.62,13.28,85.97,,,,469.0,Severe
258805,DL005,2019-10-30 14:00:00,364.25,507.75,1.88,49.33,27.75,51.75,0.55,13.72,100.45,,,,471.0,Severe
258806,DL005,2019-10-30 15:00:00,368.75,497.25,1.58,53.73,29.85,61.55,0.43,12.1,104.28,,,,474.0,Severe
258807,DL005,2019-10-30 16:00:00,349.0,459.25,1.55,63.1,35.33,62.23,0.1,10.6,103.2,,,,474.0,Severe
258808,DL005,2019-10-30 17:00:00,300.25,419.5,2.35,99.43,54.77,59.47,0.15,9.75,72.25,,,,473.0,Severe
258809,DL005,2019-10-30 18:00:00,268.75,441.75,22.13,170.2,109.08,54.1,0.12,10.62,47.95,,,,474.0,Severe
258810,DL005,2019-10-30 19:00:00,268.75,408.5,65.67,227.15,173.8,51.25,0.7,11.35,7.75,,,,473.0,Severe
258811,DL005,2019-10-30 20:00:00,301.5,517.75,134.25,167.32,197.68,46.9,1.68,12.3,7.93,,,,475.0,Severe
258812,DL005,2019-10-30 21:00:00,327.5,602.75,60.47,134.6,120.65,48.1,0.82,13.85,17.6,,,,479.0,Severe
258813,DL005,2019-10-30 22:00:00,289.75,449.75,75.08,143.95,138.4,45.38,1.02,13.62,13.88,,,,472.0,Severe
258814,DL005,2019-10-30 23:00:00,305.25,501.5,191.43,135.15,226.88,56.48,1.75,12.07,6.17,,,,469.0,Severe
258815,DL005,2019-10-31 00:00:00,376.25,663.75,145.6,123.1,184.25,54.1,1.2,11.62,6.05,,,,477.0,Severe
258816,DL005,2019-10-31 01:00:00,354.25,522.5,116.95,114.35,156.27,54.2,0.75,10.18,5.78,,,,477.0,Severe
258817,DL005,2019-10-31 02:00:00,330.0,456.25,18.27,125.95,81.95,58.85,0.57,11.75,,,,,473.0,Severe
258818,DL005,2019-10-31 03:00:00,325.75,439.5,26.9,119.4,85.5,51.7,,11.1,11.5,,,,470.0,Severe
258819,DL005,2019-10-31 04:00:00,320.75,438.5,60.48,110.92,108.25,46.42,0.67,12.03,7.0,,120.67,,468.0,Severe
258820,DL005,2019-10-31 05:00:00,317.75,451.75,40.7,107.4,90.25,40.7,0.53,11.47,6.0,,135.6,,467.0,Severe
258821,DL005,2019-10-31 06:00:00,322.75,440.25,59.58,105.93,104.62,37.98,0.5,10.45,5.73,,105.35,,461.0,Severe
258822,DL005,2019-10-31 07:00:00,337.5,468.5,77.67,102.7,117.4,41.38,0.65,9.45,5.95,,,,454.0,Severe
258823,DL005,2019-10-31 08:00:00,354.25,483.75,89.15,113.0,132.6,45.0,0.83,10.12,6.05,,,,454.0,Severe
258824,DL005,2019-10-31 09:00:00,353.75,499.0,104.05,122.25,149.65,47.5,1.02,13.82,7.4,,,,456.0,Severe
258825,DL005,2019-10-31 10:00:00,393.5,618.25,14.57,114.78,72.9,51.12,0.93,17.65,18.05,,,,466.0,Severe
258826,DL005,2019-10-31 11:00:00,458.25,732.25,7.25,114.45,66.72,50.65,1.15,17.65,30.23,,,,484.0,Severe
258827,DL005,2019-10-31 12:00:00,514.0,739.25,3.1,73.9,42.15,50.33,0.9,16.62,57.0,,111.3,,502.0,Severe
258828,DL005,2019-10-31 13:00:00,552.25,699.0,1.97,76.05,42.02,53.55,1.0,15.88,87.3,,,,511.0,Severe
258829,DL005,2019-10-31 14:00:00,561.5,718.5,1.58,69.28,38.15,50.38,0.68,16.23,126.27,,,,522.0,Severe
258830,DL005,2019-10-31 15:00:00,513.75,665.5,1.4,64.3,35.23,52.15,0.6,15.43,131.95,,,,531.0,Severe
258831,DL005,2019-10-31 16:00:00,494.25,668.5,1.2,68.05,37.48,54.55,,16.35,120.8,,,,542.0,Severe
258832,DL005,2019-10-31 17:00:00,445.25,623.5,1.33,101.15,54.9,53.95,0.12,14.32,72.5,,,,553.0,Severe
258833,DL005,2019-10-31 18:00:00,443.75,626.25,7.25,160.12,91.0,55.85,0.6,12.9,28.93,,,,562.0,Severe
258834,DL005,2019-10-31 19:00:00,465.75,694.75,64.95,185.05,150.7,52.2,1.2,13.43,8.45,,,,577.0,Severe
258835,DL005,2019-10-31 20:00:00,505.0,754.0,51.42,189.2,142.93,51.43,1.25,14.62,7.35,,,,589.0,Severe
258836,DL005,2019-10-31 21:00:00,527.25,752.25,33.25,182.93,124.45,55.2,1.38,16.38,12.8,,,,597.0,Severe
258837,DL005,2019-10-31 22:00:00,530.25,739.75,3.12,150.57,82.6,52.5,0.75,18.23,19.83,,,,612.0,Severe
258838,DL005,2019-10-31 23:00:00,533.0,714.25,4.05,157.27,86.97,55.38,0.95,21.05,16.1,,,,623.0,Severe
258839,DL005,2019-11-01 00:00:00,548.5,702.75,4.05,139.38,77.42,59.65,0.7,19.85,19.15,,,,625.0,Severe
258840,DL005,2019-11-01 01:00:00,556.25,700.75,2.35,108.45,59.62,58.8,0.47,15.6,21.77,,,,635.0,Severe
258841,DL005,2019-11-01 02:00:00,579.25,715.25,5.97,113.47,65.25,62.92,0.75,13.07,,,,,648.0,Severe
258842,DL005,2019-11-01 03:00:00,619.25,797.5,37.7,134.5,102.3,62.7,1.2,10.6,13.18,,,,667.0,Severe
258843,DL005,2019-11-01 04:00:00,690.5,866.25,21.55,123.3,83.2,56.38,1.08,11.75,7.02,,101.1,,689.0,Severe
258844,DL005,2019-11-01 05:00:00,656.25,824.0,20.82,121.73,81.72,51.72,0.95,13.2,6.2,,,,709.0,Severe
258845,DL005,2019-11-01 06:00:00,641.25,808.5,29.5,106.38,80.57,46.52,0.9,11.6,5.9,,,,728.0,Severe
258846,DL005,2019-11-01 07:00:00,610.75,764.25,33.67,100.2,80.75,48.5,1.05,9.88,7.7,,,,743.0,Severe
258847,DL005,2019-11-01 08:00:00,582.25,724.5,83.15,119.53,131.5,54.45,1.27,10.1,7.8,,,,756.0,Severe
258848,DL005,2019-11-01 09:00:00,589.0,666.0,38.52,138.12,104.78,55.95,0.85,11.17,8.65,,,,764.0,Severe
258849,DL005,2019-11-01 10:00:00,,,10.95,116.5,70.9,58.55,0.85,19.27,22.15,,,,770.0,Severe
258850,DL005,2019-11-01 11:00:00,,,3.0,66.7,37.85,53.02,0.4,18.65,83.65,,112.4,,770.0,Severe
258851,DL005,2019-11-01 12:00:00,,,1.52,68.65,37.72,49.7,0.28,19.2,146.07,,,,769.0,Severe
258852,DL005,2019-11-01 13:00:00,,,1.77,78.7,43.33,47.8,0.2,19.75,175.15,,,,770.0,Severe
258853,DL005,2019-11-01 14:00:00,,,1.32,72.22,39.47,44.5,0.1,23.45,199.1,,,,771.0,Severe
258854,DL005,2019-11-01 15:00:00,,,1.23,58.95,32.7,44.42,,20.33,185.88,,,,775.0,Severe
258855,DL005,2019-11-01 16:00:00,,,1.52,62.02,34.88,48.2,,16.88,173.88,,,,780.0,Severe
258856,DL005,2019-11-01 17:00:00,,,1.52,77.47,42.45,46.7,,14.57,128.05,,,,788.0,Severe
258857,DL005,2019-11-01 18:00:00,,,1.35,85.4,46.5,47.25,,13.55,87.17,,,,251.0,Satisfactory
258858,DL005,2019-11-01 19:00:00,292.25,,2.12,108.97,59.75,42.23,0.25,14.45,53.15,,,,251.0,Satisfactory
258859,DL005,2019-11-01 20:00:00,323.25,,2.38,82.53,45.83,38.67,,14.85,58.4,,,,251.0,Satisfactory
258860,DL005,2019-11-01 21:00:00,227.25,,2.65,106.05,58.6,36.07,,12.92,37.33,,,,251.0,Satisfactory
258861,DL005,2019-11-01 22:00:00,182.0,,6.22,114.67,66.03,36.05,,12.1,20.0,,,,251.0,Satisfactory
258862,DL005,2019-11-01 23:00:00,191.25,,6.72,98.72,58.02,39.0,,12.27,15.95,,,,251.0,Satisfactory
258863,DL005,2019-11-02 00:00:00,200.0,,1.52,80.08,43.8,42.03,,11.55,19.3,,,,251.0,Satisfactory
258864,DL005,2019-11-02 01:00:00,217.0,,1.98,74.22,41.1,41.92,,11.9,17.55,,,,251.0,Satisfactory
258865,DL005,2019-11-02 02:00:00,277.75,,1.95,64.67,36.0,46.23,,11.9,18.5,,,,251.0,Satisfactory
258866,DL005,2019-11-02 03:00:00,277.25,,1.9,57.6,32.2,41.4,,11.3,16.08,,,,251.0,Satisfactory
258867,DL005,2019-11-02 04:00:00,270.75,,2.4,57.33,32.5,37.35,,11.02,10.28,,,,251.0,Satisfactory
258868,DL005,2019-11-02 05:00:00,270.75,,13.25,64.9,45.35,33.62,,11.75,7.07,,,,251.0,Satisfactory
258869,DL005,2019-11-02 06:00:00,253.5,,50.48,68.78,77.67,32.27,,11.55,4.9,,,,251.0,Satisfactory
258870,DL005,2019-11-02 07:00:00,266.25,,48.58,72.03,77.9,35.77,,10.48,4.92,,,,251.0,Satisfactory
258871,DL005,2019-11-02 08:00:00,318.0,,29.25,71.75,62.0,41.75,,11.0,4.9,,,,251.0,Satisfactory
258872,DL005,2019-11-02 09:00:00,318.0,,58.8,77.25,88.85,47.73,3.5,12.35,2.2,,,,251.0,Satisfactory
258873,DL005,2019-11-02 10:00:00,364.0,,22.1,90.93,66.38,57.9,0.82,13.6,9.35,,,,412.0,Severe
258874,DL005,2019-11-02 11:00:00,384.25,,6.67,73.55,44.65,60.08,,13.25,23.0,,,,417.0,Severe
258875,DL005,2019-11-02 12:00:00,435.0,,4.12,68.12,39.6,56.4,,18.57,58.62,,117.15,,424.0,Severe
258876,DL005,2019-11-02 13:00:00,406.75,,2.02,56.85,31.88,53.5,,15.75,91.25,,,,429.0,Severe
258877,DL005,2019-11-02 14:00:00,400.25,517.0,1.85,47.08,26.58,49.85,,14.12,89.45,,,,434.0,Severe
258878,DL005,2019-11-02 15:00:00,378.75,529.0,1.57,51.45,28.65,50.65,2.2,10.85,81.05,,,,437.0,Severe
258879,DL005,2019-11-02 16:00:00,437.0,584.0,1.45,57.55,31.65,62.4,2.42,9.57,64.97,,,,442.0,Severe
258880,DL005,2019-11-02 17:00:00,516.75,673.0,1.85,62.3,34.9,70.53,2.83,8.57,47.2,,,,449.0,Severe
258881,DL005,2019-11-02 18:00:00,595.25,759.0,1.3,64.68,35.48,74.0,2.77,8.75,43.83,,,,458.0,Severe
258882,DL005,2019-11-02 19:00:00,554.75,699.0,1.88,62.55,34.82,66.78,2.73,8.85,32.08,,,,466.0,Severe
258883,DL005,2019-11-02 20:00:00,506.5,612.25,12.32,94.65,60.25,57.7,3.1,8.5,10.82,,,,472.0,Severe
258884,DL005,2019-11-02 21:00:00,523.5,632.25,5.08,84.28,49.0,55.03,3.02,8.12,7.95,,,,482.0,Severe
258885,DL005,2019-11-02 22:00:00,570.25,697.0,11.9,94.57,60.0,58.38,3.53,8.2,5.72,,,,494.0,Severe
258886,DL005,2019-11-02 23:00:00,668.0,813.75,14.05,86.28,57.35,61.42,3.55,7.8,5.85,,,,509.0,Severe
258887,DL005,2019-11-03 00:00:00,725.75,867.5,14.3,77.1,52.67,73.58,3.65,7.18,5.33,,,,526.0,Severe
258888,DL005,2019-11-03 01:00:00,750.75,888.75,13.07,82.22,54.4,78.3,3.7,7.7,5.03,,,,543.0,Severe
258889,DL005,2019-11-03 02:00:00,748.25,894.25,16.95,85.18,59.1,84.4,3.95,7.35,8.4,,,,558.0,Severe
258890,DL005,2019-11-03 03:00:00,784.5,976.0,13.9,70.7,49.0,82.1,4.1,8.1,6.38,,,,575.0,Severe
258891,DL005,2019-11-03 04:00:00,808.75,,14.62,65.6,46.95,72.85,4.18,7.78,5.5,,,,592.0,Severe
258892,DL005,2019-11-03 05:00:00,828.75,,12.9,59.92,42.42,64.7,4.18,8.25,5.05,,,,610.0,Severe
258893,DL005,2019-11-03 06:00:00,831.5,,8.32,56.3,36.73,60.85,4.0,8.4,5.95,,,,628.0,Severe
258894,DL005,2019-11-03 07:00:00,862.25,,4.8,59.52,35.62,56.97,3.77,7.47,6.47,,,,647.0,Severe
258895,DL005,2019-11-03 08:00:00,850.25,,11.2,73.25,47.23,64.62,3.82,6.8,6.2,,,,664.0,Severe
258896,DL005,2019-11-03 09:00:00,903.0,,12.48,74.23,49.62,72.15,4.03,6.83,6.1,,,,683.0,Severe
258897,DL005,2019-11-03 10:00:00,987.0,,10.32,79.85,50.9,78.47,4.15,6.95,8.55,,,,703.0,Severe
258898,DL005,2019-11-03 11:00:00,991.0,,6.25,68.5,41.58,73.85,3.9,7.55,13.3,,,,723.0,Severe
258899,DL005,2019-11-03 12:00:00,970.5,,4.7,69.7,41.0,63.05,3.65,7.83,18.07,,,,740.0,Severe
258900,DL005,2019-11-03 13:00:00,915.75,,2.38,63.33,35.55,58.17,3.6,8.18,23.43,,,,756.0,Severe
258901,DL005,2019-11-03 14:00:00,941.25,,2.05,76.23,42.88,56.0,3.55,8.45,25.88,,,,773.0,Severe
258902,DL005,2019-11-03 15:00:00,959.75,,1.58,76.4,41.92,53.15,3.42,7.35,32.6,,,,792.0,Severe
258903,DL005,2019-11-03 16:00:00,934.5,941.0,2.0,69.33,38.5,58.72,2.85,7.58,44.03,,,,808.0,Severe
258904,DL005,2019-11-03 17:00:00,691.75,783.0,1.05,61.95,33.75,59.92,1.38,7.55,57.9,,,,814.0,Severe
258905,DL005,2019-11-03 18:00:00,267.25,325.75,8.57,111.7,66.65,58.45,1.77,7.25,27.92,,,,803.0,Severe
258906,DL005,2019-11-03 19:00:00,299.75,417.25,46.17,141.43,112.65,52.65,2.38,8.93,7.22,,,,795.0,Severe
258907,DL005,2019-11-03 20:00:00,372.75,526.25,26.38,127.72,89.45,45.12,2.33,9.92,6.65,,,,791.0,Severe
258908,DL005,2019-11-03 21:00:00,356.5,473.25,22.35,107.08,75.15,37.27,2.12,9.53,6.58,,,,785.0,Severe
258909,DL005,2019-11-03 22:00:00,340.5,435.5,13.53,94.12,61.05,34.95,1.98,9.07,5.65,,,,778.0,Severe
258910,DL005,2019-11-03 23:00:00,319.25,399.75,26.43,93.28,71.22,34.25,2.05,8.2,3.9,,,,767.0,Severe
258911,DL005,2019-11-04 00:00:00,300.5,391.0,55.55,89.15,92.67,45.23,1.95,8.07,2.67,,,,753.0,Severe
258912,DL005,2019-11-04 01:00:00,279.0,358.75,19.6,80.12,58.58,53.83,1.62,7.7,1.27,,,,738.0,Severe
258913,DL005,2019-11-04 02:00:00,270.5,327.25,7.5,78.42,47.82,55.95,1.65,7.85,,,,,723.0,Severe
258914,DL005,2019-11-04 03:00:00,335.75,410.5,6.7,61.6,38.3,51.5,2.0,8.6,10.05,,,,708.0,Severe
258915,DL005,2019-11-04 04:00:00,420.0,511.25,8.15,63.08,40.2,47.5,2.1,9.45,5.93,,,,696.0,Severe
258916,DL005,2019-11-04 05:00:00,530.25,640.5,13.8,69.05,47.42,44.42,2.45,9.97,6.43,,,,686.0,Severe
258917,DL005,2019-11-04 06:00:00,626.75,752.0,14.88,65.12,46.8,42.83,2.6,9.85,6.2,,,,680.0,Severe
258918,DL005,2019-11-04 07:00:00,677.0,816.75,29.5,68.15,60.25,41.33,2.7,9.28,5.65,,,,674.0,Severe
258919,DL005,2019-11-04 08:00:00,667.0,804.0,30.3,77.4,65.85,46.6,2.83,9.05,6.15,,,,668.0,Severe
258920,DL005,2019-11-04 09:00:00,672.5,805.0,19.9,82.6,60.23,51.65,2.88,10.15,8.23,,,,660.0,Severe
258921,DL005,2019-11-04 10:00:00,677.0,781.25,6.03,66.33,40.23,50.98,2.38,11.75,20.02,,,,651.0,Severe
258922,DL005,2019-11-04 11:00:00,552.25,637.0,2.9,52.6,30.3,45.15,1.77,12.1,47.38,,,,636.0,Severe
258923,DL005,2019-11-04 12:00:00,327.0,408.25,1.93,37.4,21.45,35.73,1.2,12.38,81.92,,,,616.0,Severe
258924,DL005,2019-11-04 13:00:00,191.0,285.0,1.97,35.58,20.52,31.08,0.97,12.9,98.67,,,,593.0,Severe
258925,DL005,2019-11-04 14:00:00,140.5,241.25,1.33,33.0,18.68,29.38,0.9,12.1,113.35,,,,567.0,Severe
258926,DL005,2019-11-04 15:00:00,125.25,215.0,1.27,31.47,17.77,26.88,0.9,,118.7,,,,540.0,Severe
258927,DL005,2019-11-04 16:00:00,100.0,172.0,1.45,33.08,18.77,27.73,0.85,,115.75,,,,513.0,Severe
258928,DL005,2019-11-04 17:00:00,95.5,152.25,1.3,41.18,22.98,28.73,0.9,,108.47,,,,494.0,Severe
258929,DL005,2019-11-04 18:00:00,105.25,174.0,1.25,78.08,42.62,28.45,1.23,,63.62,,,,489.0,Severe
258930,DL005,2019-11-04 19:00:00,131.75,260.25,25.92,145.52,98.58,30.95,2.0,,8.03,,,,484.0,Severe
258931,DL005,2019-11-04 20:00:00,161.0,353.75,45.15,123.47,102.3,28.82,1.95,,5.7,,,,477.0,Severe
258932,DL005,2019-11-04 21:00:00,154.0,321.5,31.58,120.72,89.95,28.18,1.67,,6.47,,,,470.0,Severe
258933,DL005,2019-11-04 22:00:00,161.5,264.0,30.85,108.55,82.85,28.75,1.65,,6.4,,,,465.0,Severe
258934,DL005,2019-11-04 23:00:00,171.75,284.75,3.03,67.57,38.4,28.38,1.4,,26.32,,,,460.0,Severe
258935,DL005,2019-11-05 00:00:00,207.5,273.75,1.62,62.95,35.08,32.57,1.48,,32.42,,,,457.0,Severe
258936,DL005,2019-11-05 01:00:00,302.25,361.0,1.45,55.45,30.67,38.5,1.85,,31.02,,,,458.0,Severe
258937,DL005,2019-11-05 02:00:00,430.5,483.75,1.03,55.42,30.35,41.0,2.0,,,,,,463.0,Severe
258938,DL005,2019-11-05 03:00:00,464.25,523.75,3.1,57.4,33.1,40.9,2.1,,18.45,,,,467.0,Severe
258939,DL005,2019-11-05 04:00:00,473.5,540.5,2.27,52.95,30.0,37.95,2.1,,15.0,,,,469.0,Severe
258940,DL005,2019-11-05 05:00:00,486.0,553.25,1.75,52.05,29.12,35.7,2.2,,14.88,,,,467.0,Severe
258941,DL005,2019-11-05 06:00:00,497.25,566.75,5.05,52.58,32.03,33.03,2.3,,11.02,,,,463.0,Severe
258942,DL005,2019-11-05 07:00:00,479.25,559.0,24.15,65.22,53.48,28.9,2.32,,6.85,,,,457.0,Severe
258943,DL005,2019-11-05 08:00:00,446.75,540.0,11.98,65.35,44.5,29.0,2.15,,10.45,,,,450.0,Severe
258944,DL005,2019-11-05 09:00:00,394.5,473.25,6.85,60.8,39.35,30.85,2.0,,24.48,,,,441.0,Severe
258945,DL005,2019-11-05 10:00:00,318.25,387.75,3.35,48.77,28.67,30.62,1.6,,64.1,,,,429.0,Severe
258946,DL005,2019-11-05 11:00:00,204.25,277.0,1.85,37.12,21.27,29.57,1.25,,91.75,,,,418.0,Severe
258947,DL005,2019-11-05 12:00:00,126.75,201.0,1.85,31.65,18.35,26.38,1.23,,106.72,,,,412.0,Severe
258948,DL005,2019-11-05 13:00:00,111.25,177.0,1.67,28.67,16.62,24.35,1.1,,120.5,,,,409.0,Severe
258949,DL005,2019-11-05 14:00:00,87.5,159.75,1.38,26.1,15.0,22.12,1.0,,126.25,,,,408.0,Severe
258950,DL005,2019-11-05 15:00:00,66.75,137.25,1.77,25.85,15.18,20.73,1.02,,131.65,,,,406.0,Severe
258951,DL005,2019-11-05 16:00:00,64.75,142.0,1.12,31.18,17.55,22.88,0.83,,140.48,,,,405.0,Severe
258952,DL005,2019-11-05 17:00:00,71.75,138.0,1.48,40.92,22.98,24.3,0.83,,129.32,,,,404.0,Severe
258953,DL005,2019-11-05 18:00:00,77.0,145.75,1.3,71.62,39.3,24.43,1.0,,83.35,,,,403.0,Severe
258954,DL005,2019-11-05 19:00:00,84.75,163.0,2.72,111.6,61.55,26.88,1.35,,42.28,,,,401.0,Severe
258955,DL005,2019-11-05 20:00:00,111.5,212.0,27.53,128.93,90.95,24.95,1.73,,21.7,,,,400.0,Very Poor
258956,DL005,2019-11-05 21:00:00,127.25,268.75,76.9,141.6,137.97,24.75,2.02,,5.8,,,,399.0,Very Poor
258957,DL005,2019-11-05 22:00:00,144.75,314.25,73.47,124.22,125.78,23.78,1.95,,5.78,,,,398.0,Very Poor
258958,DL005,2019-11-05 23:00:00,158.75,312.5,114.55,115.67,154.7,22.6,2.12,,5.78,,,,398.0,Very Poor
258959,DL005,2019-11-06 00:00:00,193.25,375.75,84.28,107.8,125.57,26.07,1.93,,5.83,,110.08,,398.0,Very Poor
258960,DL005,2019-11-06 01:00:00,218.75,361.25,62.42,101.35,104.5,29.55,1.8,,5.8,,112.3,,395.0,Very Poor
258961,DL005,2019-11-06 02:00:00,219.75,325.75,42.0,100.6,87.72,29.65,1.68,,,,105.55,,388.0,Very Poor
258962,DL005,2019-11-06 03:00:00,209.25,307.5,23.7,97.0,70.9,27.8,1.4,,8.5,,100.9,,380.0,Very Poor
258963,DL005,2019-11-06 04:00:00,178.0,264.25,26.55,86.8,67.8,26.45,1.38,,5.92,,,,370.0,Very Poor
258964,DL005,2019-11-06 05:00:00,145.0,208.5,19.82,82.12,59.85,23.4,1.25,,5.47,,,,360.0,Very Poor
258965,DL005,2019-11-06 06:00:00,147.0,218.0,41.03,75.12,73.22,21.5,1.33,,4.97,,,,348.0,Very Poor
258966,DL005,2019-11-06 07:00:00,153.5,257.25,38.98,86.42,77.82,19.88,1.4,,4.6,,,,338.0,Very Poor
258967,DL005,2019-11-06 08:00:00,156.25,224.0,47.52,102.97,93.53,19.62,1.42,,5.97,,,,329.0,Very Poor
258968,DL005,2019-11-06 09:00:00,158.25,234.75,56.93,113.78,107.0,21.9,1.42,,7.05,,,,321.0,Very Poor
258969,DL005,2019-11-06 10:00:00,159.25,260.5,36.95,119.73,93.8,23.6,1.55,,16.0,,,,316.0,Very Poor
258970,DL005,2019-11-06 11:00:00,161.25,278.0,10.43,85.85,54.1,22.33,1.07,,62.72,,,,314.0,Very Poor
258971,DL005,2019-11-06 12:00:00,122.5,251.25,4.35,64.5,37.85,21.98,1.15,,146.05,,,,314.0,Very Poor
258972,DL005,2019-11-06 13:00:00,137.0,287.25,2.35,54.4,29.88,20.32,0.78,,170.7,,,,315.0,Very Poor
258973,DL005,2019-11-06 14:00:00,72.5,166.25,1.35,40.35,22.52,18.35,0.57,,171.77,,,,315.0,Very Poor
258974,DL005,2019-11-06 15:00:00,55.5,126.75,1.25,29.85,16.9,17.18,0.5,,168.77,,,,314.0,Very Poor
258975,DL005,2019-11-06 16:00:00,45.75,105.75,1.27,31.05,17.58,17.0,0.7,,173.83,,,,314.0,Very Poor
258976,DL005,2019-11-06 17:00:00,48.75,118.25,0.73,44.47,24.2,18.4,0.8,,151.1,,,,313.0,Very Poor
258977,DL005,2019-11-06 18:00:00,61.0,186.25,1.25,84.83,46.15,20.27,1.18,,85.97,,,,312.0,Very Poor
258978,DL005,2019-11-06 19:00:00,93.25,314.5,13.35,170.05,101.3,21.73,1.93,,17.88,,,,313.0,Very Poor
258979,DL005,2019-11-06 20:00:00,113.25,363.25,5.75,142.98,80.83,23.45,1.9,,26.65,,102.2,,313.0,Very Poor
258980,DL005,2019-11-06 21:00:00,160.75,367.0,2.4,137.8,75.22,23.88,2.0,,23.35,,,,314.0,Very Poor
258981,DL005,2019-11-06 22:00:00,181.25,381.25,2.75,137.15,75.17,22.73,2.08,,17.18,,,,315.0,Very Poor
258982,DL005,2019-11-06 23:00:00,174.25,363.25,5.62,142.17,80.2,21.8,2.12,,7.75,,,,316.0,Very Poor
258983,DL005,2019-11-07 00:00:00,174.0,331.75,8.7,134.07,78.38,21.93,1.85,,8.1,,,,315.0,Very Poor
258984,DL005,2019-11-07 01:00:00,159.25,287.25,3.25,115.85,64.28,23.2,1.55,,9.82,,,,313.0,Very Poor
258985,DL005,2019-11-07 02:00:00,152.25,250.75,10.35,128.03,76.53,25.07,1.48,,,,,,311.0,Very Poor
258986,DL005,2019-11-07 03:00:00,150.25,231.75,9.8,108.1,65.5,29.9,1.4,,11.32,,,,309.0,Very Poor
258987,DL005,2019-11-07 04:00:00,142.75,231.0,16.7,117.47,76.08,27.98,1.52,,8.07,,,,308.0,Very Poor
258988,DL005,2019-11-07 05:00:00,178.25,300.0,40.55,126.25,100.17,26.88,1.85,,7.97,,114.85,,309.0,Very Poor
258989,DL005,2019-11-07 06:00:00,197.0,345.0,28.02,103.17,77.67,26.62,1.62,,7.1,,128.05,,311.0,Very Poor
258990,DL005,2019-11-07 07:00:00,202.25,348.75,12.23,90.47,58.1,24.95,1.55,,5.97,,,,312.0,Very Poor
258991,DL005,2019-11-07 08:00:00,221.75,362.75,16.38,93.9,63.27,25.2,1.65,,7.62,,,,314.0,Very Poor
258992,DL005,2019-11-07 09:00:00,232.25,371.25,13.15,97.43,62.55,27.05,1.57,,12.95,,,,317.0,Very Poor
258993,DL005,2019-11-07 10:00:00,241.5,382.0,8.8,95.95,58.2,29.88,1.6,,15.85,,,,319.0,Very Poor
258994,DL005,2019-11-07 11:00:00,275.5,416.75,4.95,88.43,51.05,33.58,1.52,,22.0,,115.05,,323.0,Very Poor
258995,DL005,2019-11-07 12:00:00,276.25,419.5,8.3,94.3,56.9,35.6,1.6,11.45,12.38,,165.38,,328.0,Very Poor
258996,DL005,2019-11-07 13:00:00,276.5,381.75,14.47,105.0,67.65,35.1,1.57,11.25,17.48,,143.35,,332.0,Very Poor
258997,DL005,2019-11-07 14:00:00,253.5,365.25,16.7,120.45,77.67,35.12,1.52,12.38,73.15,,,,338.0,Very Poor
258998,DL005,2019-11-07 15:00:00,229.25,324.5,5.95,87.25,51.25,35.33,1.05,13.28,74.32,,,,344.0,Very Poor
258999,DL005,2019-11-07 16:00:00,189.5,266.75,3.4,84.8,47.88,36.12,1.5,13.02,83.18,,,,348.0,Very Poor
259000,DL005,2019-11-07 17:00:00,198.25,278.25,3.15,82.47,46.45,39.78,1.48,10.88,71.28,,,,353.0,Very Poor
259001,DL005,2019-11-07 18:00:00,204.0,272.0,2.15,84.78,46.83,39.05,1.4,10.1,68.15,,,,358.0,Very Poor
259002,DL005,2019-11-07 19:00:00,181.0,252.25,2.77,94.18,52.3,39.65,1.45,10.07,53.45,,,,360.0,Very Poor
259003,DL005,2019-11-07 20:00:00,179.75,261.75,3.23,96.47,53.92,38.33,1.6,10.6,35.73,,,,363.0,Very Poor
259004,DL005,2019-11-07 21:00:00,195.25,281.5,3.28,94.78,53.07,33.35,1.6,9.97,30.15,,,,364.0,Very Poor
259005,DL005,2019-11-07 22:00:00,202.0,291.25,3.62,94.15,53.03,31.18,1.75,10.1,18.3,,,,364.0,Very Poor
259006,DL005,2019-11-07 23:00:00,215.0,298.5,3.97,96.62,54.62,31.18,1.7,10.32,12.4,,,,366.0,Very Poor
259007,DL005,2019-11-08 00:00:00,224.75,299.0,9.6,111.25,66.95,33.35,1.5,8.93,6.58,,,,367.0,Very Poor
259008,DL005,2019-11-08 01:00:00,223.25,298.5,12.38,111.03,69.12,39.25,1.5,8.68,5.53,,,,369.0,Very Poor
259009,DL005,2019-11-08 02:00:00,237.5,307.0,18.17,108.47,72.5,42.08,1.5,9.3,7.8,,,,372.0,Very Poor
259010,DL005,2019-11-08 03:00:00,230.5,310.5,24.4,109.5,78.1,46.4,1.4,9.0,5.53,,,,375.0,Very Poor
259011,DL005,2019-11-08 04:00:00,216.25,300.5,7.1,92.33,54.85,34.55,1.32,10.1,8.38,,,,377.0,Very Poor
259012,DL005,2019-11-08 05:00:00,187.0,253.25,4.1,69.7,40.42,29.27,1.08,10.43,10.95,,,,377.0,Very Poor
259013,DL005,2019-11-08 06:00:00,158.0,212.75,6.97,84.62,50.7,26.73,1.02,11.65,5.97,,,,376.0,Very Poor
259014,DL005,2019-11-08 07:00:00,157.0,219.75,30.28,82.83,68.7,26.62,1.2,10.2,6.4,,,,375.0,Very Poor
259015,DL005,2019-11-08 08:00:00,174.5,267.75,54.4,100.03,97.55,28.27,1.4,10.43,7.55,,,,373.0,Very Poor
259016,DL005,2019-11-08 09:00:00,183.5,289.25,46.1,103.15,92.4,32.33,1.35,12.65,8.98,,,,371.0,Very Poor
259017,DL005,2019-11-08 10:00:00,188.5,305.75,27.15,123.0,87.6,34.78,1.35,16.48,16.25,,108.9,,370.0,Very Poor
259018,DL005,2019-11-08 11:00:00,185.25,327.75,11.28,115.83,70.82,33.88,1.1,18.4,49.7,,139.3,,367.0,Very Poor
259019,DL005,2019-11-08 12:00:00,169.75,288.75,5.78,102.38,59.12,31.38,1.07,15.35,101.9,,130.73,,363.0,Very Poor
259020,DL005,2019-11-08 13:00:00,158.5,290.5,3.52,63.03,36.33,26.85,0.68,15.4,134.77,,196.97,,360.0,Very Poor
259021,DL005,2019-11-08 14:00:00,128.75,196.5,2.9,55.75,32.02,25.0,0.62,15.35,151.07,,,,356.0,Very Poor
259022,DL005,2019-11-08 15:00:00,105.25,162.5,8.93,69.05,44.58,24.07,0.53,15.15,137.07,,,,352.0,Very Poor
259023,DL005,2019-11-08 16:00:00,98.5,166.0,2.55,57.27,32.5,24.07,1.0,12.8,145.0,,,,349.0,Very Poor
259024,DL005,2019-11-08 17:00:00,93.5,175.5,2.28,73.3,40.77,27.42,1.07,11.77,109.2,,103.3,,345.0,Very Poor
259025,DL005,2019-11-08 18:00:00,96.75,203.0,3.33,109.65,61.02,29.48,1.33,10.65,60.88,,135.53,,342.0,Very Poor
259026,DL005,2019-11-08 19:00:00,118.5,262.75,3.6,124.17,69.0,31.1,1.55,11.23,31.43,,134.5,,340.0,Very Poor
259027,DL005,2019-11-08 20:00:00,150.5,305.25,3.1,94.78,52.9,32.92,1.65,15.38,44.6,,256.93,,339.0,Very Poor
259028,DL005,2019-11-08 21:00:00,171.75,334.75,3.28,79.33,44.88,29.75,1.45,13.77,43.9,,357.05,,338.0,Very Poor
259029,DL005,2019-11-08 22:00:00,151.25,278.75,2.88,80.05,44.92,27.8,1.45,12.47,34.38,,258.77,,337.0,Very Poor
259030,DL005,2019-11-08 23:00:00,161.0,290.5,15.15,96.4,63.7,26.32,1.65,12.0,14.35,,173.45,,335.0,Very Poor
259031,DL005,2019-11-09 00:00:00,182.75,306.5,42.92,114.03,95.55,26.55,1.68,11.15,4.82,,188.0,,334.0,Very Poor
259032,DL005,2019-11-09 01:00:00,196.75,293.25,16.65,103.15,68.38,31.78,1.45,9.57,5.47,,,,333.0,Very Poor
259033,DL005,2019-11-09 02:00:00,215.0,292.5,5.15,84.97,49.4,34.58,1.4,12.17,,,,,332.0,Very Poor
259034,DL005,2019-11-09 03:00:00,261.25,328.25,4.2,76.9,44.3,39.8,1.6,10.4,14.15,,,,333.0,Very Poor
259035,DL005,2019-11-09 04:00:00,298.75,357.75,3.27,69.68,39.73,33.83,1.52,10.85,14.72,,,,336.0,Very Poor
259036,DL005,2019-11-09 05:00:00,262.25,322.0,3.85,61.27,35.73,27.67,1.52,10.2,10.73,,,,338.0,Very Poor
259037,DL005,2019-11-09 06:00:00,268.0,321.25,6.03,59.92,36.85,25.28,1.6,10.45,6.53,,,,342.0,Very Poor
259038,DL005,2019-11-09 07:00:00,307.25,360.5,11.65,58.98,40.85,23.67,1.6,11.05,5.17,,,,346.0,Very Poor
259039,DL005,2019-11-09 08:00:00,297.0,350.75,12.8,61.97,43.38,23.95,1.7,12.22,6.65,,,,350.0,Very Poor
259040,DL005,2019-11-09 09:00:00,285.5,342.75,8.88,63.0,40.8,,1.48,18.93,14.15,,,,354.0,Very Poor
259041,DL005,2019-11-09 10:00:00,244.5,286.75,6.1,58.95,36.48,,1.15,18.6,29.62,,,,355.0,Very Poor
259042,DL005,2019-11-09 11:00:00,171.0,211.0,4.68,55.42,33.28,,0.88,14.3,57.1,,,,355.0,Very Poor
259043,DL005,2019-11-09 12:00:00,81.0,125.0,4.32,54.2,32.33,34.05,0.75,12.4,73.7,,,,352.0,Very Poor
259044,DL005,2019-11-09 13:00:00,73.0,123.0,3.15,43.4,25.68,28.2,1.03,11.22,100.9,,,,349.0,Very Poor
259045,DL005,2019-11-09 14:00:00,53.0,110.0,2.95,42.17,24.82,25.77,1.15,10.22,110.95,,,,347.0,Very Poor
259046,DL005,2019-11-09 15:00:00,51.0,111.0,2.35,42.3,24.4,25.02,1.3,9.65,118.75,,,,345.0,Very Poor
259047,DL005,2019-11-09 16:00:00,46.0,117.0,1.97,44.9,25.52,23.58,0.82,8.65,126.67,,,,344.0,Very Poor
259048,DL005,2019-11-09 17:00:00,53.0,134.0,2.6,53.45,30.55,25.02,1.05,8.12,119.03,,,,342.0,Very Poor
259049,DL005,2019-11-09 18:00:00,64.0,146.0,2.83,73.72,41.52,26.38,1.28,9.48,80.85,,,,341.0,Very Poor
259050,DL005,2019-11-09 19:00:00,94.0,213.0,3.9,113.3,63.42,27.62,1.93,11.12,28.85,,,,340.0,Very Poor
259051,DL005,2019-11-09 20:00:00,157.0,306.0,8.6,124.47,73.22,30.55,2.77,17.83,10.42,,,,341.0,Very Poor
259052,DL005,2019-11-09 21:00:00,230.0,417.0,7.02,94.95,56.25,28.65,2.55,19.65,18.62,,,,342.0,Very Poor
259053,DL005,2019-11-09 22:00:00,263.0,387.0,3.62,84.25,47.78,26.27,2.18,17.85,21.77,,,,346.0,Very Poor
259054,DL005,2019-11-09 23:00:00,267.0,362.0,5.08,78.27,45.77,24.35,2.05,15.22,19.2,,,,349.0,Very Poor
259055,DL005,2019-11-10 00:00:00,219.0,312.0,2.95,58.43,33.5,23.95,1.9,18.8,40.88,,,,351.0,Very Poor
259056,DL005,2019-11-10 01:00:00,216.0,296.0,3.45,68.57,39.3,25.98,1.88,14.45,25.6,,,,351.0,Very Poor
259057,DL005,2019-11-10 02:00:00,223.0,278.0,2.33,65.25,36.62,29.08,2.15,16.98,32.4,,,,351.0,Very Poor
259058,DL005,2019-11-10 03:00:00,311.0,381.0,2.6,64.4,36.5,31.7,2.2,16.4,26.23,,,,353.0,Very Poor
259059,DL005,2019-11-10 04:00:00,327.0,393.0,3.88,62.68,36.52,28.67,2.23,16.6,19.12,,,,354.0,Very Poor
259060,DL005,2019-11-10 05:00:00,353.0,421.0,4.25,53.78,32.08,24.4,2.27,15.67,14.22,,,,357.0,Very Poor
259061,DL005,2019-11-10 06:00:00,362.0,429.0,5.3,53.85,32.95,22.45,2.35,16.98,10.97,,,,360.0,Very Poor
259062,DL005,2019-11-10 07:00:00,393.0,458.0,9.67,58.52,39.12,21.52,2.42,16.65,8.0,,,,363.0,Very Poor
259063,DL005,2019-11-10 08:00:00,395.0,480.0,21.2,59.75,48.9,21.1,2.62,16.88,8.2,,,,366.0,Very Poor
259064,DL005,2019-11-10 09:00:00,374.0,458.0,11.43,65.0,43.9,23.98,2.53,25.65,17.72,,,,369.0,Very Poor
259065,DL005,2019-11-10 10:00:00,359.0,448.0,5.45,67.92,40.15,,2.27,28.3,53.7,,,,372.0,Very Poor
259066,DL005,2019-11-10 11:00:00,272.0,373.0,4.25,65.35,38.23,,2.18,26.52,89.62,,,,376.0,Very Poor
259067,DL005,2019-11-10 12:00:00,232.0,320.0,3.25,53.8,31.27,,1.93,20.35,133.53,,,,380.0,Very Poor
259068,DL005,2019-11-10 13:00:00,188.0,262.0,2.7,41.95,24.52,,1.75,18.6,144.72,,,,384.0,Very Poor
259069,DL005,2019-11-10 14:00:00,135.0,191.0,2.85,37.67,22.35,,1.67,15.15,148.32,,,,387.0,Very Poor
259070,DL005,2019-11-10 15:00:00,106.0,169.0,2.72,35.6,21.15,,1.62,10.75,147.62,,,,388.0,Very Poor
259071,DL005,2019-11-10 16:00:00,80.0,150.0,2.58,36.92,21.75,,0.88,10.6,141.95,,,,390.0,Very Poor
259072,DL005,2019-11-10 17:00:00,89.0,152.0,2.75,43.88,25.57,,1.0,10.5,124.47,,,,391.0,Very Poor
259073,DL005,2019-11-10 18:00:00,88.0,177.0,3.15,76.5,43.17,,1.4,11.18,60.85,,,,391.0,Very Poor
259074,DL005,2019-11-10 19:00:00,151.0,291.0,5.28,98.62,56.8,,1.75,11.07,25.38,,,,393.0,Very Poor
259075,DL005,2019-11-10 20:00:00,175.0,353.0,9.32,103.62,62.73,24.8,1.9,10.95,14.12,,,,394.0,Very Poor
259076,DL005,2019-11-10 21:00:00,205.0,374.0,21.35,97.22,68.93,22.98,1.98,14.45,8.12,,,,393.0,Very Poor
259077,DL005,2019-11-10 22:00:00,217.0,392.0,7.42,79.0,48.12,23.75,1.8,15.38,18.0,,,,392.0,Very Poor
259078,DL005,2019-11-10 23:00:00,232.0,357.0,2.95,70.92,40.12,23.52,1.8,17.55,23.12,,,,390.0,Very Poor
259079,DL005,2019-11-11 00:00:00,359.0,469.0,3.22,71.9,40.93,22.4,1.57,23.9,24.35,,105.4,,395.0,Very Poor
259080,DL005,2019-11-11 01:00:00,254.0,339.0,2.83,59.92,34.17,,1.42,19.1,33.77,,,,396.0,Very Poor
259081,DL005,2019-11-11 02:00:00,252.0,316.0,3.27,46.62,27.45,,1.57,16.92,,,,,397.0,Very Poor
259082,DL005,2019-11-11 03:00:00,300.0,370.0,3.1,44.3,26.2,27.2,1.6,13.3,54.2,,,,397.0,Very Poor
259083,DL005,2019-11-11 04:00:00,326.0,389.0,2.9,51.03,29.5,24.9,1.6,12.02,38.95,,,,397.0,Very Poor
259084,DL005,2019-11-11 05:00:00,329.0,392.0,2.95,51.67,29.9,22.55,1.6,11.85,19.7,,,,396.0,Very Poor
259085,DL005,2019-11-11 06:00:00,306.0,372.0,10.05,51.8,35.77,22.1,1.73,13.3,9.27,,,,394.0,Very Poor
259086,DL005,2019-11-11 07:00:00,329.0,432.0,33.88,52.65,55.75,20.93,2.03,14.72,6.5,,,,392.0,Very Poor
259087,DL005,2019-11-11 08:00:00,374.0,508.0,39.7,56.58,62.55,21.38,2.2,17.35,7.38,,,,391.0,Very Poor
259088,DL005,2019-11-11 09:00:00,411.0,569.0,13.2,62.38,43.92,,2.27,25.9,12.38,,,,393.0,Very Poor
259089,DL005,2019-11-11 10:00:00,473.0,596.0,11.47,72.88,48.15,,2.5,31.2,28.2,,,,396.0,Very Poor
259090,DL005,2019-11-11 11:00:00,520.0,791.0,5.53,64.47,38.9,,2.25,34.27,89.22,,,,404.0,Severe
259091,DL005,2019-11-11 12:00:00,495.0,639.0,3.77,50.1,29.68,,1.8,28.3,142.93,,104.4,,413.0,Severe
259092,DL005,2019-11-11 13:00:00,406.0,515.0,2.15,37.22,21.57,,1.3,23.73,177.27,,,,420.0,Severe
259093,DL005,2019-11-11 14:00:00,256.0,331.0,2.5,30.85,18.45,,1.1,15.95,170.38,,,,423.0,Severe
259094,DL005,2019-11-11 15:00:00,166.0,228.0,2.67,31.08,18.75,,1.1,13.65,165.55,,,,425.0,Severe
259095,DL005,2019-11-11 16:00:00,160.0,233.0,2.45,33.6,19.88,,1.05,12.43,157.48,,,,428.0,Severe
259096,DL005,2019-11-11 17:00:00,133.0,226.0,2.5,38.02,22.23,,1.12,11.4,130.78,,,,429.0,Severe
259097,DL005,2019-11-11 18:00:00,128.0,219.0,3.92,81.25,46.42,,1.62,11.65,57.35,,,,431.0,Severe
259098,DL005,2019-11-11 19:00:00,195.0,381.0,7.23,111.35,65.15,,2.02,13.4,15.6,,173.5,,432.0,Severe
259099,DL005,2019-11-11 20:00:00,216.0,480.0,4.25,95.75,54.4,23.8,2.0,15.6,28.88,,236.68,,433.0,Severe
259100,DL005,2019-11-11 21:00:00,249.0,429.0,4.7,93.85,53.75,25.77,2.05,16.6,25.35,,235.0,,435.0,Severe
259101,DL005,2019-11-11 22:00:00,283.0,447.0,15.68,91.93,61.7,24.85,2.18,16.32,8.15,,161.7,,437.0,Severe
259102,DL005,2019-11-11 23:00:00,342.0,476.0,5.95,81.45,48.15,25.23,2.15,15.47,15.15,,,,440.0,Severe
259103,DL005,2019-11-12 00:00:00,421.0,548.0,4.85,73.7,43.15,25.0,2.02,15.2,15.5,,,,442.0,Severe
259104,DL005,2019-11-12 01:00:00,423.0,520.0,4.08,67.8,39.0,25.5,2.02,16.43,19.93,,,,448.0,Severe
259105,DL005,2019-11-12 02:00:00,460.0,567.0,4.12,67.42,39.23,,2.15,14.28,,,,,455.0,Severe
259106,DL005,2019-11-12 03:00:00,547.0,644.0,3.6,65.0,37.5,32.0,2.2,14.9,19.97,,,,462.0,Severe
259107,DL005,2019-11-12 04:00:00,610.0,710.0,5.72,66.55,40.15,29.55,2.25,14.15,14.85,,,,472.0,Severe
259108,DL005,2019-11-12 05:00:00,644.0,759.0,3.3,57.02,33.05,27.32,2.32,13.6,20.75,,,,482.0,Severe
259109,DL005,2019-11-12 06:00:00,672.0,768.0,4.52,61.1,36.15,25.52,2.38,12.85,14.72,,,,493.0,Severe
259110,DL005,2019-11-12 07:00:00,691.0,779.0,13.27,62.98,44.33,25.4,2.5,12.65,7.8,,,,506.0,Severe
259111,DL005,2019-11-12 08:00:00,769.0,897.0,18.1,58.1,45.65,25.65,2.55,14.9,8.07,,,,527.0,Severe
259112,DL005,2019-11-12 09:00:00,732.0,878.0,11.43,59.7,41.08,25.8,2.42,23.77,14.65,,,,543.0,Severe
259113,DL005,2019-11-12 10:00:00,705.0,858.0,6.65,53.58,33.92,,2.23,39.72,44.38,,,,556.0,Severe
259114,DL005,2019-11-12 11:00:00,685.0,832.0,3.25,48.52,28.42,,1.77,29.83,96.58,,,,559.0,Severe
259115,DL005,2019-11-12 12:00:00,505.0,643.0,2.6,40.23,23.52,,1.48,18.88,142.32,,,,559.0,Severe
259116,DL005,2019-11-12 13:00:00,399.0,494.0,1.95,37.42,21.48,,1.27,17.7,175.73,,,,558.0,Severe
259117,DL005,2019-11-12 14:00:00,354.0,433.0,2.48,34.4,20.32,,1.1,16.65,189.02,,,,563.0,Severe
259118,DL005,2019-11-12 15:00:00,282.0,357.0,2.3,32.22,19.0,,1.08,15.45,194.6,,,,570.0,Severe
259119,DL005,2019-11-12 16:00:00,265.0,343.0,2.35,33.6,19.77,,1.45,15.02,189.55,,,,575.0,Severe
259120,DL005,2019-11-12 17:00:00,246.0,343.0,2.5,44.02,25.43,,1.48,14.05,144.57,,,,582.0,Severe
259121,DL005,2019-11-12 18:00:00,244.0,364.0,2.9,75.28,42.4,,1.85,13.0,71.4,,,,589.0,Severe
259122,DL005,2019-11-12 19:00:00,293.0,448.0,11.75,117.22,71.78,,2.67,13.9,17.4,,,,593.0,Severe
259123,DL005,2019-11-12 20:00:00,401.0,636.0,18.3,120.4,78.9,66.3,3.05,24.45,7.72,,,,601.0,Severe
259124,DL005,2019-11-12 21:00:00,426.0,,5.5,97.68,56.45,46.25,2.45,23.45,20.0,,,,609.0,Severe
259125,DL005,2019-11-12 22:00:00,465.0,614.0,15.72,95.8,63.9,40.45,2.6,22.3,12.85,,,,619.0,Severe
259126,DL005,2019-11-12 23:00:00,515.0,691.0,11.3,84.72,52.8,39.1,2.3,21.8,20.67,,,,630.0,Severe
259127,DL005,2019-11-13 00:00:00,484.0,635.0,4.93,71.4,42.0,35.5,1.95,17.27,29.48,,139.5,,635.0,Severe
259128,DL005,2019-11-13 01:00:00,444.0,560.0,7.38,74.2,45.48,35.3,2.08,13.68,11.05,,117.85,,637.0,Severe
259129,DL005,2019-11-13 02:00:00,480.0,581.0,5.47,64.35,38.7,40.92,2.05,12.62,,,,,638.0,Severe
259130,DL005,2019-11-13 03:00:00,528.0,627.0,2.2,54.6,30.7,52.9,2.2,13.5,46.6,,,,637.0,Severe
259131,DL005,2019-11-13 04:00:00,621.0,747.0,3.3,53.5,31.12,52.27,2.05,13.75,38.5,,,,639.0,Severe
259132,DL005,2019-11-13 05:00:00,588.0,704.0,3.0,48.2,28.1,43.6,1.8,13.35,35.73,,,,636.0,Severe
259133,DL005,2019-11-13 06:00:00,482.0,585.0,8.15,53.85,35.3,43.1,2.0,10.95,7.58,,,,626.0,Severe
259134,DL005,2019-11-13 07:00:00,548.0,636.0,24.4,53.73,48.55,43.67,2.17,9.88,5.75,,,,618.0,Severe
259135,DL005,2019-11-13 08:00:00,633.0,755.0,17.85,58.95,45.9,43.92,2.38,10.82,7.38,,,,611.0,Severe
259136,DL005,2019-11-13 09:00:00,620.0,760.0,20.2,68.72,53.0,45.95,2.53,24.22,12.43,,,,604.0,Severe
259137,DL005,2019-11-13 10:00:00,691.0,857.0,10.38,69.65,45.58,49.2,2.02,31.27,36.1,,,,604.0,Severe
259138,DL005,2019-11-13 11:00:00,610.0,795.0,5.05,64.5,38.42,50.7,1.6,37.03,88.12,,157.3,,602.0,Severe
259139,DL005,2019-11-13 12:00:00,434.0,635.0,5.03,56.32,34.02,48.1,1.3,33.0,130.05,,156.75,,602.0,Severe
259140,DL005,2019-11-13 13:00:00,350.0,473.0,3.2,40.85,24.32,43.35,1.17,22.18,163.73,,,,600.0,Severe
259141,DL005,2019-11-13 14:00:00,328.0,421.0,2.95,36.25,21.62,39.45,1.2,19.68,170.88,,,,600.0,Severe
259142,DL005,2019-11-13 15:00:00,332.0,407.0,2.93,36.1,21.57,42.95,1.15,19.25,175.72,,,,603.0,Severe
259143,DL005,2019-11-13 16:00:00,337.0,418.0,2.55,32.6,19.4,44.2,1.55,17.73,169.43,,,,607.0,Severe
259144,DL005,2019-11-13 17:00:00,282.0,354.0,3.05,42.75,25.2,43.62,1.62,16.65,131.4,,,,607.0,Severe
259145,DL005,2019-11-13 18:00:00,280.0,377.0,33.15,180.75,123.15,49.77,1.83,13.68,26.23,,,,608.0,Severe
259146,DL005,2019-11-13 19:00:00,300.0,433.0,14.57,170.35,102.4,56.9,2.42,13.07,9.38,,,,607.0,Severe
259147,DL005,2019-11-13 20:00:00,348.0,539.0,9.92,160.32,93.35,59.33,2.38,21.68,7.88,,145.9,,602.0,Severe
259148,DL005,2019-11-13 21:00:00,414.0,619.0,15.1,138.6,86.0,61.65,2.42,28.22,10.07,,129.1,,603.0,Severe
259149,DL005,2019-11-13 22:00:00,434.0,611.0,15.9,127.68,80.83,62.47,2.5,27.73,7.5,,,,603.0,Severe
259150,DL005,2019-11-13 23:00:00,473.0,643.0,5.33,101.43,58.35,62.38,2.15,23.62,17.05,,,,601.0,Severe
259151,DL005,2019-11-14 00:00:00,449.0,596.0,2.28,85.75,47.48,61.9,1.92,22.88,28.02,,,,599.0,Severe
259152,DL005,2019-11-14 01:00:00,436.0,565.0,2.25,75.28,41.9,63.95,1.98,21.4,20.62,,,,599.0,Severe
259153,DL005,2019-11-14 02:00:00,471.0,586.0,2.8,72.02,40.62,68.05,2.0,17.18,,,,,599.0,Severe
259154,DL005,2019-11-14 03:00:00,484.0,592.0,5.5,74.8,44.2,76.4,2.0,11.9,15.22,,,,597.0,Severe
259155,DL005,2019-11-14 04:00:00,539.0,665.0,21.75,68.6,54.15,69.2,1.98,11.23,6.53,,,,593.0,Severe
259156,DL005,2019-11-14 05:00:00,501.0,643.0,16.88,75.85,54.05,65.03,1.8,10.78,6.9,,,,590.0,Severe
259157,DL005,2019-11-14 06:00:00,449.0,581.0,21.7,62.75,51.15,59.6,1.88,11.88,6.0,,,,590.0,Severe
259158,DL005,2019-11-14 07:00:00,451.0,591.0,37.9,57.8,61.55,56.32,2.0,11.45,6.25,,,,587.0,Severe
259159,DL005,2019-11-14 08:00:00,476.0,627.0,67.62,66.05,90.25,59.8,2.2,11.65,7.23,,,,581.0,Severe
259160,DL005,2019-11-14 09:00:00,492.0,649.0,36.38,91.3,78.22,66.25,2.23,18.5,10.77,,,,575.0,Severe
259161,DL005,2019-11-14 10:00:00,568.25,707.75,12.22,87.62,56.5,73.45,1.85,34.52,36.78,,,,567.0,Severe
259162,DL005,2019-11-14 11:00:00,509.25,661.0,4.38,72.8,42.28,71.15,1.55,32.65,89.82,,,,560.0,Severe
259163,DL005,2019-11-14 12:00:00,420.0,527.0,2.7,57.52,32.77,66.12,1.23,28.0,146.85,,,,554.0,Severe
259164,DL005,2019-11-14 13:00:00,359.25,457.5,1.68,47.73,26.75,57.52,1.15,23.42,185.1,,,,554.0,Severe
259165,DL005,2019-11-14 14:00:00,327.5,449.75,1.47,41.42,23.25,47.75,1.05,20.7,163.32,,115.08,,555.0,Severe
259166,DL005,2019-11-14 15:00:00,268.5,402.25,1.67,33.83,19.4,37.08,0.7,18.35,164.62,,112.95,,555.0,Severe
259167,DL005,2019-11-14 16:00:00,192.5,303.75,1.3,33.45,18.85,35.67,1.25,17.27,164.25,,,,549.0,Severe
259168,DL005,2019-11-14 17:00:00,193.0,290.75,1.45,51.7,28.68,41.32,1.45,16.73,142.17,,,,546.0,Severe
259169,DL005,2019-11-14 18:00:00,226.5,396.25,2.38,115.78,63.78,48.9,1.88,14.32,73.33,,,,547.0,Severe
259170,DL005,2019-11-14 19:00:00,245.25,471.5,7.07,129.85,74.8,44.12,1.85,14.62,16.05,,148.32,,549.0,Severe
259171,DL005,2019-11-14 20:00:00,222.0,402.5,4.07,95.93,54.3,49.4,1.73,18.8,23.0,,226.07,,542.0,Severe
259172,DL005,2019-11-14 21:00:00,241.25,436.5,16.42,96.88,64.9,44.92,1.98,16.4,18.6,,323.38,,532.0,Severe
259173,DL005,2019-11-14 22:00:00,247.75,410.25,72.0,111.67,118.23,43.27,2.33,14.9,6.17,,193.92,,522.0,Severe
259174,DL005,2019-11-14 23:00:00,273.0,414.0,43.25,100.45,88.62,44.1,2.2,16.12,6.72,,113.8,,510.0,Severe
259175,DL005,2019-11-15 00:00:00,318.25,468.25,34.9,90.47,76.53,46.45,1.95,16.7,5.83,,103.5,,503.0,Severe
259176,DL005,2019-11-15 01:00:00,309.0,416.25,19.08,79.17,57.05,52.1,2.0,14.57,5.75,,,,495.0,Severe
259177,DL005,2019-11-15 02:00:00,365.75,452.0,5.0,54.17,32.88,59.77,2.2,12.05,11.2,,,,488.0,Severe
259178,DL005,2019-11-15 03:00:00,526.25,616.25,1.6,61.6,33.8,87.8,3.0,10.1,12.9,,,,490.0,Severe
259179,DL005,2019-11-15 04:00:00,750.25,858.25,1.45,61.35,33.82,87.35,3.1,10.95,13.22,,,,500.0,Severe
259180,DL005,2019-11-15 05:00:00,849.5,955.25,2.12,61.42,34.4,82.1,3.02,10.47,11.12,,,,516.0,Severe
259181,DL005,2019-11-15 06:00:00,818.0,918.25,5.05,60.05,36.05,76.88,3.08,10.7,9.3,,,,533.0,Severe
259182,DL005,2019-11-15 07:00:00,869.25,940.0,15.43,63.9,46.55,83.8,3.3,,8.38,,,,552.0,Severe
259183,DL005,2019-11-15 08:00:00,969.75,,12.5,65.6,45.05,87.3,3.35,,8.78,,,,548.0,Severe
259184,DL005,2019-11-15 09:00:00,968.0,,9.53,71.85,45.95,86.6,3.23,,11.28,,,,561.0,Severe
259185,DL005,2019-11-15 10:00:00,934.5,,5.68,73.67,43.8,91.42,2.88,,29.98,,,,573.0,Severe
259186,DL005,2019-11-15 11:00:00,828.5,925.0,3.38,77.4,43.92,89.55,2.4,,70.68,,,,583.0,Severe
259187,DL005,2019-11-15 12:00:00,671.0,888.75,2.58,74.38,41.7,85.7,2.02,,112.18,,175.77,,591.0,Severe
259188,DL005,2019-11-15 13:00:00,495.5,681.25,2.02,49.68,28.07,58.5,1.12,,138.45,,173.45,,596.0,Severe
259189,DL005,2019-11-15 14:00:00,269.0,384.5,1.35,38.58,21.62,49.48,1.2,,155.85,,100.5,,594.0,Severe
259190,DL005,2019-11-15 15:00:00,262.25,364.0,1.45,36.62,20.65,45.15,0.93,,173.35,,,,594.0,Severe
259191,DL005,2019-11-15 16:00:00,221.0,315.75,1.98,44.12,24.98,43.33,1.48,,153.35,,,,595.0,Severe
259192,DL005,2019-11-15 17:00:00,242.25,345.25,1.3,57.02,31.42,46.7,1.6,,119.58,,,,596.0,Severe
259193,DL005,2019-11-15 18:00:00,249.0,365.25,1.85,108.83,59.38,50.97,1.8,,55.4,,,,597.0,Severe
259194,DL005,2019-11-15 19:00:00,258.75,428.25,39.72,177.93,126.8,57.58,2.52,,10.02,,,,597.0,Severe
259195,DL005,2019-11-15 20:00:00,308.25,518.75,71.93,158.92,143.22,59.65,2.67,,5.17,,,,600.0,Severe
259196,DL005,2019-11-15 21:00:00,293.75,486.25,35.1,136.3,101.0,62.65,2.35,9.7,6.15,,,,602.0,Severe
259197,DL005,2019-11-15 22:00:00,317.0,456.25,54.22,128.88,112.4,54.32,2.47,11.22,5.93,,,,604.0,Severe
259198,DL005,2019-11-15 23:00:00,338.75,488.5,35.58,101.62,83.1,55.67,2.22,11.68,5.25,,,,606.0,Severe
259199,DL005,2019-11-16 00:00:00,349.75,478.0,17.62,88.72,61.55,52.67,2.0,12.97,5.22,,,,607.0,Severe
259200,DL005,2019-11-16 01:00:00,347.25,453.5,9.25,78.25,49.2,51.83,1.85,14.22,6.58,,,,608.0,Severe
259201,DL005,2019-11-16 02:00:00,341.0,427.25,4.38,69.1,40.3,56.77,1.73,13.57,7.9,,,,608.0,Severe
259202,DL005,2019-11-16 03:00:00,333.75,405.0,3.8,63.1,36.7,61.8,1.6,9.8,6.68,,,,601.0,Severe
259203,DL005,2019-11-16 04:00:00,319.5,394.75,2.7,56.33,32.05,58.95,1.6,12.03,9.65,,,,588.0,Severe
259204,DL005,2019-11-16 05:00:00,322.0,393.0,3.15,53.02,30.8,57.48,1.6,13.55,7.68,,,,571.0,Severe
259205,DL005,2019-11-16 06:00:00,332.75,410.75,3.58,43.77,26.18,47.1,1.6,12.18,8.3,,,,555.0,Severe
259206,DL005,2019-11-16 07:00:00,308.0,373.5,15.55,48.7,38.6,45.98,1.65,10.98,5.28,,,,537.0,Severe
259207,DL005,2019-11-16 08:00:00,328.25,404.5,24.65,50.88,47.2,46.85,1.8,10.7,6.12,,,,517.0,Severe
259208,DL005,2019-11-16 09:00:00,344.25,432.25,19.02,53.62,44.02,53.4,1.8,13.95,11.3,,,,497.0,Severe
259209,DL005,2019-11-16 10:00:00,343.75,434.0,7.65,53.65,34.85,52.3,1.38,23.45,38.35,,,,478.0,Severe
259210,DL005,2019-11-16 11:00:00,238.0,313.75,3.42,45.5,26.98,47.0,1.12,26.2,82.12,,,,459.0,Severe
259211,DL005,2019-11-16 12:00:00,157.75,245.5,2.55,38.85,22.75,41.95,0.83,18.07,95.43,,,,442.0,Severe
259212,DL005,2019-11-16 13:00:00,96.25,266.25,1.77,33.55,19.35,37.42,0.7,9.85,100.17,,,,430.0,Severe
259213,DL005,2019-11-16 14:00:00,67.25,280.75,1.5,25.85,15.0,28.58,0.83,9.28,113.28,,,,423.0,Severe
259214,DL005,2019-11-16 15:00:00,65.75,274.25,1.12,22.73,13.03,24.25,0.8,9.8,114.38,,,,417.0,Severe
259215,DL005,2019-11-16 16:00:00,65.0,376.0,1.02,24.23,13.75,23.75,0.93,9.78,119.2,,,,412.0,Severe
259216,DL005,2019-11-16 17:00:00,86.0,485.5,0.97,27.77,15.6,25.1,1.0,10.27,116.85,,,,407.0,Severe
259217,DL005,2019-11-16 18:00:00,99.75,301.75,1.88,55.2,30.85,31.3,1.25,8.82,70.78,,144.68,,402.0,Severe
259218,DL005,2019-11-16 19:00:00,110.25,267.25,3.42,84.8,47.92,32.92,1.38,8.9,25.02,,108.3,,397.0,Very Poor
259219,DL005,2019-11-16 20:00:00,109.25,249.25,8.78,108.5,64.85,38.2,1.62,10.3,9.35,,,,391.0,Very Poor
259220,DL005,2019-11-16 21:00:00,156.5,287.25,4.7,84.6,48.8,41.35,1.58,9.55,15.85,,,,386.0,Very Poor
259221,DL005,2019-11-16 22:00:00,217.5,306.5,2.88,61.05,34.75,41.45,1.7,10.32,20.65,,,,383.0,Very Poor
259222,DL005,2019-11-16 23:00:00,264.5,332.0,2.95,53.5,30.85,43.45,1.7,10.35,15.53,,,,381.0,Very Poor
259223,DL005,2019-11-17 00:00:00,291.5,341.25,4.03,49.4,29.6,43.17,1.6,10.95,12.23,,,,379.0,Very Poor
259224,DL005,2019-11-17 01:00:00,256.25,306.75,2.03,39.88,22.85,38.9,1.58,10.77,15.35,,,,376.0,Very Poor
259225,DL005,2019-11-17 02:00:00,235.0,267.5,1.6,38.83,21.98,40.33,1.38,9.25,,,,,373.0,Very Poor
259226,DL005,2019-11-17 03:00:00,195.5,216.5,2.0,38.2,22.0,45.0,1.2,7.0,18.48,,,,368.0,Very Poor
259227,DL005,2019-11-17 04:00:00,163.25,189.0,1.73,37.88,21.55,42.88,1.2,7.17,18.1,,,,363.0,Very Poor
259228,DL005,2019-11-17 05:00:00,150.25,171.5,1.55,38.2,21.57,39.77,1.17,7.55,16.85,,,,358.0,Very Poor
259229,DL005,2019-11-17 06:00:00,143.75,163.5,2.38,34.35,20.2,33.3,1.33,9.43,13.0,,,,352.0,Very Poor
259230,DL005,2019-11-17 07:00:00,142.25,164.5,2.67,32.77,19.6,31.0,1.42,9.62,12.18,,,,346.0,Very Poor
259231,DL005,2019-11-17 08:00:00,142.25,166.5,3.82,33.42,20.9,30.52,1.4,10.25,16.27,,,,340.0,Very Poor
259232,DL005,2019-11-17 09:00:00,119.75,146.5,3.6,30.77,19.35,30.62,1.27,13.48,32.82,,,,333.0,Very Poor
259233,DL005,2019-11-17 10:00:00,105.5,132.25,2.77,30.75,18.62,31.85,1.15,13.95,51.38,,,,326.0,Very Poor
259234,DL005,2019-11-17 11:00:00,79.5,118.25,2.32,31.67,18.77,32.23,1.05,10.22,66.15,,,,321.0,Very Poor
259235,DL005,2019-11-17 12:00:00,64.75,120.0,2.22,29.35,17.45,32.45,1.0,8.17,80.83,,,,318.0,Very Poor
259236,DL005,2019-11-17 13:00:00,50.25,145.75,2.27,30.1,17.88,31.42,0.97,7.25,86.9,,,,316.0,Very Poor
259237,DL005,2019-11-17 14:00:00,42.25,127.75,2.05,24.45,14.67,26.02,0.97,7.53,91.8,,,,315.0,Very Poor
259238,DL005,2019-11-17 15:00:00,37.0,114.75,1.68,19.7,11.82,20.95,1.05,8.65,98.75,,,,314.0,Very Poor
259239,DL005,2019-11-17 16:00:00,43.5,126.75,1.7,17.45,10.62,18.35,0.7,7.88,96.47,,,,314.0,Very Poor
259240,DL005,2019-11-17 17:00:00,37.0,129.75,1.62,20.4,12.18,17.52,0.72,8.0,92.05,,,,312.0,Very Poor
259241,DL005,2019-11-17 18:00:00,43.0,107.0,1.3,45.45,25.25,21.35,0.93,7.88,61.0,,,,310.0,Very Poor
259242,DL005,2019-11-17 19:00:00,61.5,122.75,3.42,90.45,50.88,27.45,1.27,8.15,20.43,,,,309.0,Very Poor
259243,DL005,2019-11-17 20:00:00,103.25,164.5,17.1,105.15,69.8,33.75,1.6,11.03,8.25,,,,309.0,Very Poor
259244,DL005,2019-11-17 21:00:00,150.5,207.25,17.8,96.62,65.82,35.78,1.65,12.62,10.72,,,,308.0,Very Poor
259245,DL005,2019-11-17 22:00:00,176.75,216.5,3.33,74.35,42.25,33.72,1.52,11.2,26.68,,,,307.0,Very Poor
259246,DL005,2019-11-17 23:00:00,188.0,197.0,1.88,59.52,33.2,33.8,1.58,11.12,27.3,,,,305.0,Very Poor
259247,DL005,2019-11-18 00:00:00,,,1.75,51.88,29.02,36.05,1.67,10.5,24.12,,,,296.0,Poor
259248,DL005,2019-11-18 01:00:00,,,1.95,48.42,27.35,36.75,1.6,9.5,22.02,,,,275.0,Poor
259249,DL005,2019-11-18 02:00:00,,,1.82,44.17,24.95,39.88,1.65,8.55,,,,,256.0,Poor
259250,DL005,2019-11-18 03:00:00,,,1.9,44.5,25.2,48.8,1.6,5.9,19.05,,,,241.0,Poor
259251,DL005,2019-11-18 04:00:00,,,1.88,43.7,24.77,51.9,1.58,6.1,16.02,,,,230.0,Poor
259252,DL005,2019-11-18 05:00:00,,,2.2,42.9,24.65,42.35,1.42,9.57,16.23,,,,221.0,Poor
259253,DL005,2019-11-18 06:00:00,,,2.8,40.2,23.7,36.1,1.4,11.65,14.73,,,,211.0,Poor
259254,DL005,2019-11-18 07:00:00,,,4.53,42.2,26.12,32.67,1.45,11.62,10.88,,,,201.0,Poor
259255,DL005,2019-11-18 08:00:00,,,6.45,45.35,29.35,32.17,1.55,11.28,12.25,,,,251.0,Satisfactory
259256,DL005,2019-11-18 09:00:00,,,5.95,37.9,24.98,33.6,1.3,11.88,20.62,,,,251.0,Satisfactory
259257,DL005,2019-11-18 10:00:00,,,4.08,33.83,21.32,34.38,1.2,16.6,39.7,,,,251.0,Satisfactory
259258,DL005,2019-11-18 11:00:00,117.75,,3.27,33.85,20.68,35.35,1.1,15.47,68.28,,,,251.0,Satisfactory
259259,DL005,2019-11-18 12:00:00,100.25,,2.25,33.6,19.7,35.7,1.0,13.38,96.83,,,,251.0,Satisfactory
259260,DL005,2019-11-18 13:00:00,81.5,,1.8,31.58,18.25,34.48,0.97,10.18,110.0,,,,251.0,Satisfactory
259261,DL005,2019-11-18 14:00:00,65.0,,1.82,26.2,15.45,28.48,0.95,8.2,114.83,,,,251.0,Satisfactory
259262,DL005,2019-11-18 15:00:00,58.5,,1.78,20.15,12.15,23.0,1.0,9.22,124.85,,,,251.0,Satisfactory
259263,DL005,2019-11-18 16:00:00,62.0,,1.3,20.57,12.0,21.05,0.8,9.9,129.1,,,,251.0,Satisfactory
259264,DL005,2019-11-18 17:00:00,51.5,,1.4,26.23,15.1,19.38,0.83,9.4,109.85,,,,251.0,Satisfactory
259265,DL005,2019-11-18 18:00:00,56.0,,1.52,80.4,44.08,21.83,1.1,8.07,51.82,,,,251.0,Satisfactory
259266,DL005,2019-11-18 19:00:00,156.0,,22.3,131.95,88.32,30.05,1.75,7.57,8.95,,,,251.0,Satisfactory
259267,DL005,2019-11-18 20:00:00,152.0,,44.2,120.25,99.72,32.3,1.78,9.7,8.7,,,,251.0,Satisfactory
259268,DL005,2019-11-18 21:00:00,152.75,,114.78,130.47,163.43,33.55,2.48,21.0,5.67,,,,251.0,Satisfactory
259269,DL005,2019-11-18 22:00:00,193.25,,114.62,114.88,155.18,35.33,2.4,19.77,6.05,,,,251.0,Satisfactory
259270,DL005,2019-11-18 23:00:00,198.25,,61.47,94.85,100.47,33.3,1.95,17.45,5.77,,,,251.0,Satisfactory
259271,DL005,2019-11-19 00:00:00,184.25,,18.48,82.62,59.02,32.12,1.48,17.52,9.75,,,,251.0,Satisfactory
259272,DL005,2019-11-19 01:00:00,164.0,,4.35,59.98,35.4,36.25,1.27,19.3,25.02,,,,251.0,Satisfactory
259273,DL005,2019-11-19 02:00:00,188.0,,2.42,55.38,31.43,39.58,1.2,22.03,,,,,303.0,Very Poor
259274,DL005,2019-11-19 03:00:00,195.5,,3.6,69.1,39.7,36.7,1.2,11.2,17.6,,,,306.0,Very Poor
259275,DL005,2019-11-19 04:00:00,167.25,,2.55,62.05,35.1,36.42,1.12,9.82,16.18,,,,308.0,Very Poor
259276,DL005,2019-11-19 05:00:00,180.0,,5.7,65.85,39.62,37.52,1.27,9.67,8.27,,,,310.0,Very Poor
259277,DL005,2019-11-19 06:00:00,194.75,,23.88,72.4,58.03,39.2,1.52,11.23,5.45,,,,312.0,Very Poor
259278,DL005,2019-11-19 07:00:00,202.0,,58.53,63.87,81.7,33.15,1.62,11.7,4.77,,,,315.0,Very Poor
259279,DL005,2019-11-19 08:00:00,177.25,,65.7,61.25,86.12,32.85,1.77,10.55,5.17,,,,316.0,Very Poor
259280,DL005,2019-11-19 09:00:00,199.0,,44.8,72.47,75.03,36.1,1.73,14.53,7.72,,,,318.0,Very Poor
259281,DL005,2019-11-19 10:00:00,218.0,,17.15,61.5,46.7,39.9,1.55,22.3,26.38,,,,320.0,Very Poor
259282,DL005,2019-11-19 11:00:00,208.75,,4.6,42.22,26.18,37.0,1.18,17.52,68.92,,,,323.0,Very Poor
259283,DL005,2019-11-19 12:00:00,169.75,,1.98,35.67,20.6,36.62,1.05,14.12,98.92,,,,325.0,Very Poor
259284,DL005,2019-11-19 13:00:00,152.5,,1.3,31.8,17.95,33.95,0.9,11.43,125.42,,,,328.0,Very Poor
259285,DL005,2019-11-19 14:00:00,110.75,,1.68,30.68,17.7,29.73,0.8,9.5,142.1,,,,329.0,Very Poor
259286,DL005,2019-11-19 15:00:00,78.75,,1.5,21.65,12.77,22.82,0.9,9.8,144.6,,,,330.0,Very Poor
259287,DL005,2019-11-19 16:00:00,71.75,,1.32,26.02,14.93,24.2,0.8,8.72,133.18,,,,330.0,Very Poor
259288,DL005,2019-11-19 17:00:00,63.75,,1.4,32.9,18.65,22.77,0.95,8.38,117.75,,,,331.0,Very Poor
259289,DL005,2019-11-19 18:00:00,72.75,,1.9,76.38,42.1,23.57,1.27,9.47,64.43,,,,331.0,Very Poor
259290,DL005,2019-11-19 19:00:00,94.25,,23.25,146.65,96.72,29.03,1.7,8.32,10.82,,,,329.0,Very Poor
259291,DL005,2019-11-19 20:00:00,136.0,,53.52,144.35,120.48,29.2,2.05,14.68,9.45,,,,329.0,Very Poor
259292,DL005,2019-11-19 21:00:00,177.75,,135.8,152.47,192.22,33.83,2.67,16.25,5.35,,,,329.0,Very Poor
259293,DL005,2019-11-19 22:00:00,210.25,,50.38,128.27,108.8,35.77,2.2,18.3,5.6,,,,330.0,Very Poor
259294,DL005,2019-11-19 23:00:00,239.5,,12.3,113.97,70.6,43.92,1.9,20.4,10.12,,,,331.0,Very Poor
259295,DL005,2019-11-20 00:00:00,258.5,,27.5,110.42,81.17,36.98,1.9,17.7,8.07,,136.9,,334.0,Very Poor
259296,DL005,2019-11-20 01:00:00,222.25,,25.97,103.28,76.0,37.42,1.77,12.6,7.9,,127.65,,336.0,Very Poor
259297,DL005,2019-11-20 02:00:00,237.75,,9.12,93.27,56.98,39.4,1.67,14.88,16.9,,106.8,,337.0,Very Poor
259298,DL005,2019-11-20 03:00:00,269.75,,2.2,76.4,42.5,49.0,1.5,16.6,24.62,,123.35,,340.0,Very Poor
259299,DL005,2019-11-20 04:00:00,260.0,,22.32,80.47,61.05,44.8,1.52,13.78,6.58,,,,342.0,Very Poor
259300,DL005,2019-11-20 05:00:00,261.25,,20.48,87.42,63.2,43.48,1.6,11.1,4.85,,,,345.0,Very Poor
259301,DL005,2019-11-20 06:00:00,287.5,,16.0,83.45,57.52,52.95,1.65,10.9,5.17,,,,348.0,Very Poor
259302,DL005,2019-11-20 07:00:00,345.75,,116.62,73.12,134.1,43.25,2.1,9.85,5.6,,,,353.0,Very Poor
259303,DL005,2019-11-20 08:00:00,324.75,,140.9,84.57,161.12,47.32,2.38,9.77,6.42,,,,357.0,Very Poor
259304,DL005,2019-11-20 09:00:00,349.25,,59.7,98.9,100.68,53.75,2.17,15.47,9.85,,,,362.0,Very Poor
259305,DL005,2019-11-20 10:00:00,376.0,,20.2,89.03,63.77,60.35,2.0,36.6,31.0,,,,367.0,Very Poor
259306,DL005,2019-11-20 11:00:00,393.5,,8.45,84.33,51.75,53.9,1.68,37.95,85.15,,,,373.0,Very Poor
259307,DL005,2019-11-20 12:00:00,300.0,,4.33,73.72,42.75,45.55,1.27,25.38,153.6,,,,377.0,Very Poor
259308,DL005,2019-11-20 13:00:00,232.0,,2.52,59.53,33.75,40.65,1.18,18.27,189.9,,,,380.0,Very Poor
259309,DL005,2019-11-20 14:00:00,189.0,,1.62,42.28,23.82,31.77,0.78,13.0,199.0,,,,382.0,Very Poor
259310,DL005,2019-11-20 15:00:00,130.0,,1.4,31.2,17.75,29.3,0.8,14.9,,,,,384.0,Very Poor
259311,DL005,2019-11-20 16:00:00,123.75,,1.23,27.32,15.55,37.2,0.8,12.95,,,,,386.0,Very Poor
259312,DL005,2019-11-20 17:00:00,121.5,,1.23,36.92,20.62,31.78,0.93,12.4,139.68,,,,388.0,Very Poor
259313,DL005,2019-11-20 18:00:00,128.75,,22.03,89.03,65.22,32.72,1.85,11.9,56.4,,,,389.0,Very Poor
259314,DL005,2019-11-20 19:00:00,177.5,,39.72,129.45,101.28,36.32,2.52,12.25,14.43,,,,392.0,Very Poor
259315,DL005,2019-11-20 20:00:00,238.0,,94.52,129.55,145.82,44.8,4.05,12.4,8.05,,199.58,,395.0,Very Poor
259316,DL005,2019-11-20 21:00:00,316.75,,100.45,118.78,145.18,49.5,5.18,14.62,9.18,,265.75,,400.0,Very Poor
259317,DL005,2019-11-20 22:00:00,357.0,,99.4,101.17,134.78,44.45,4.65,15.0,8.45,,302.7,,404.0,Severe
259318,DL005,2019-11-20 23:00:00,300.0,,72.7,93.75,109.1,42.35,3.6,15.05,8.03,,319.9,,406.0,Severe
259319,DL005,2019-11-21 00:00:00,275.75,,67.0,95.27,105.4,42.1,3.3,14.45,7.75,,391.17,,407.0,Severe
259320,DL005,2019-11-21 01:00:00,283.5,,99.08,86.62,126.7,40.53,3.0,12.03,7.78,,294.85,,409.0,Severe
259321,DL005,2019-11-21 02:00:00,282.0,,61.8,87.72,97.0,45.65,2.6,10.3,,,243.95,,410.0,Severe
259322,DL005,2019-11-21 03:00:00,279.5,,36.8,87.7,76.6,52.5,2.3,9.5,8.35,,173.28,,411.0,Severe
259323,DL005,2019-11-21 04:00:00,276.5,,38.0,86.45,76.95,51.15,2.12,11.15,5.75,,121.5,,411.0,Severe
259324,DL005,2019-11-21 05:00:00,298.0,,16.07,77.27,54.2,50.68,2.1,15.9,6.53,,,,412.0,Severe
259325,DL005,2019-11-21 06:00:00,320.5,,17.82,66.5,49.92,48.2,2.1,16.32,6.72,,,,413.0,Severe
259326,DL005,2019-11-21 07:00:00,314.25,,23.25,67.15,54.65,46.88,2.27,14.0,6.03,,,,412.0,Severe
259327,DL005,2019-11-21 08:00:00,314.0,,22.98,69.97,55.9,46.4,2.58,17.65,8.0,,,,412.0,Severe
259328,DL005,2019-11-21 09:00:00,335.25,,22.52,76.95,59.3,51.0,2.48,40.17,11.85,,,,412.0,Severe
259329,DL005,2019-11-21 10:00:00,363.75,,28.07,110.25,81.53,60.62,2.85,60.62,20.6,,,,411.0,Severe
259330,DL005,2019-11-21 11:00:00,369.25,,24.0,129.32,88.33,59.65,2.75,50.75,40.83,,,,410.0,Severe
259331,DL005,2019-11-21 12:00:00,280.0,,11.9,109.42,67.93,53.27,2.4,29.5,99.6,,,,410.0,Severe
259332,DL005,2019-11-21 13:00:00,208.25,,4.12,43.35,26.35,46.98,1.75,20.38,186.0,,,,409.0,Severe
259333,DL005,2019-11-21 14:00:00,158.5,,1.7,38.55,21.88,42.27,1.93,20.55,,,,,408.0,Severe
259334,DL005,2019-11-21 15:00:00,169.75,,1.27,41.17,22.92,43.28,2.0,20.6,,,,,409.0,Severe
259335,DL005,2019-11-21 16:00:00,164.25,,1.18,31.75,17.83,37.2,1.2,20.43,182.75,,116.0,,411.0,Severe
259336,DL005,2019-11-21 17:00:00,141.0,,1.55,40.55,22.83,39.85,1.27,20.15,140.55,,222.43,,411.0,Severe
259337,DL005,2019-11-21 18:00:00,169.0,,1.3,54.88,30.25,46.55,1.4,17.27,105.7,,312.57,,413.0,Severe
259338,DL005,2019-11-21 19:00:00,189.0,,1.58,69.03,38.05,51.02,1.73,16.42,68.35,,359.83,,413.0,Severe
259339,DL005,2019-11-21 20:00:00,235.0,,1.67,80.48,44.15,55.2,2.1,16.3,50.77,,437.52,,413.0,Severe
259340,DL005,2019-11-21 21:00:00,263.0,,44.85,121.83,101.5,55.25,3.15,14.95,10.28,,379.8,,411.0,Severe
259341,DL005,2019-11-21 22:00:00,294.0,,86.42,123.27,135.88,61.88,3.33,15.6,5.82,,359.9,,409.0,Severe
259342,DL005,2019-11-21 23:00:00,317.0,,92.48,92.97,124.85,54.6,4.75,14.3,8.18,,293.93,,410.0,Severe
259343,DL005,2019-11-22 00:00:00,320.0,,99.9,85.4,126.9,52.38,4.58,13.52,8.92,,292.88,,411.0,Severe
259344,DL005,2019-11-22 01:00:00,298.0,,78.32,100.05,117.1,51.4,3.23,12.65,7.82,,257.95,,412.0,Severe
259345,DL005,2019-11-22 02:00:00,280.0,,74.7,84.45,105.75,56.27,3.05,11.38,8.0,,237.4,,411.0,Severe
259346,DL005,2019-11-22 03:00:00,290.0,,74.6,73.6,99.9,61.6,3.0,8.8,7.28,,226.82,,412.0,Severe
259347,DL005,2019-11-22 04:00:00,272.0,,79.22,68.85,101.2,58.7,2.88,9.57,7.5,,235.9,,412.0,Severe
259348,DL005,2019-11-22 05:00:00,269.0,,75.28,70.0,98.55,56.02,2.75,9.15,7.45,,186.5,,411.0,Severe
259349,DL005,2019-11-22 06:00:00,269.0,,97.33,70.78,116.97,52.05,3.12,10.23,7.95,,170.38,,409.0,Severe
259350,DL005,2019-11-22 07:00:00,283.0,,81.5,90.15,114.42,55.73,3.17,10.77,8.32,,176.0,,408.0,Severe
259351,DL005,2019-11-22 08:00:00,349.0,,75.47,80.83,104.5,63.47,3.27,11.8,8.88,,158.3,,409.0,Severe
259352,DL005,2019-11-22 09:00:00,448.0,,44.8,95.25,87.15,69.3,3.12,20.12,11.15,,134.82,,413.0,Severe
259353,DL005,2019-11-22 10:00:00,465.0,,26.68,121.45,86.4,75.92,3.25,31.77,35.02,,146.95,,416.0,Severe
259354,DL005,2019-11-22 11:00:00,414.0,,12.68,109.75,68.7,78.55,2.78,27.75,99.15,,115.67,,417.0,Severe
259355,DL005,2019-11-22 12:00:00,366.0,,6.53,81.18,48.52,69.78,2.1,25.25,146.95,,,,420.0,Severe
259356,DL005,2019-11-22 13:00:00,248.0,,3.62,49.33,29.3,65.53,1.7,23.95,179.47,,,,422.0,Severe
259357,DL005,2019-11-22 14:00:00,202.0,,1.45,31.97,18.2,54.33,1.58,27.18,197.9,,,,423.0,Severe
259358,DL005,2019-11-22 15:00:00,182.0,,1.05,23.75,13.47,,1.4,25.07,187.35,,,,423.0,Severe
259359,DL005,2019-11-22 16:00:00,141.0,,1.15,23.58,13.48,,1.08,21.45,167.68,,121.7,,423.0,Severe
259360,DL005,2019-11-22 17:00:00,135.0,,0.98,27.93,15.65,,1.1,15.93,138.9,,222.9,,422.0,Severe
259361,DL005,2019-11-22 18:00:00,127.0,,1.45,44.2,24.7,,1.2,13.62,87.07,,345.48,,421.0,Severe
259362,DL005,2019-11-22 19:00:00,158.0,,5.88,92.35,53.77,,1.82,13.07,31.28,,325.92,,420.0,Severe
259363,DL005,2019-11-22 20:00:00,190.0,,6.88,115.9,67.25,,2.05,12.6,8.92,,222.98,,419.0,Severe
259364,DL005,2019-11-22 21:00:00,216.0,,3.0,56.88,32.75,,1.67,13.42,47.55,,249.28,,417.0,Severe
259365,DL005,2019-11-22 22:00:00,232.0,,1.5,38.2,21.57,,1.55,13.53,54.27,,189.6,,415.0,Severe
259366,DL005,2019-11-22 23:00:00,205.0,,1.3,36.65,20.55,,1.52,12.7,50.68,,126.77,,412.0,Severe
259367,DL005,2019-11-23 00:00:00,215.0,,1.23,34.95,19.62,,1.48,11.82,44.73,,144.8,,408.0,Severe
259368,DL005,2019-11-23 01:00:00,216.5,,1.05,25.45,14.4,,1.25,12.2,55.5,,110.75,,406.0,Severe
259369,DL005,2019-11-23 02:00:00,182.0,,1.25,26.28,15.02,44.2,1.15,9.47,51.1,,,,402.0,Severe
259370,DL005,2019-11-23 03:00:00,159.75,,1.6,32.8,18.8,47.7,1.2,6.9,41.03,,,,398.0,Very Poor
259371,DL005,2019-11-23 04:00:00,156.75,,1.78,36.17,20.68,47.82,1.2,7.55,24.0,,,,395.0,Very Poor
259372,DL005,2019-11-23 05:00:00,193.5,,2.42,37.15,21.73,49.9,1.23,9.4,15.38,,,,392.0,Very Poor
259373,DL005,2019-11-23 06:00:00,214.75,,2.77,29.55,18.0,47.55,1.38,13.2,12.7,,,,390.0,Very Poor
259374,DL005,2019-11-23 07:00:00,213.5,,9.85,34.15,26.23,45.23,1.5,16.52,5.0,,,,388.0,Very Poor
259375,DL005,2019-11-23 08:00:00,214.5,,11.53,32.05,26.45,43.35,1.6,19.82,6.1,,,,384.0,Very Poor
259376,DL005,2019-11-23 09:00:00,194.5,,10.88,30.52,25.12,41.83,1.52,20.95,8.7,,,,376.0,Very Poor
259377,DL005,2019-11-23 10:00:00,185.75,,6.42,28.73,20.5,42.48,1.3,20.07,20.77,,,,367.0,Very Poor
259378,DL005,2019-11-23 11:00:00,159.0,,4.28,27.48,18.12,46.33,1.2,16.38,35.62,,,,359.0,Very Poor
259379,DL005,2019-11-23 12:00:00,137.0,,3.12,25.75,16.25,44.75,1.12,12.67,53.25,,,,351.0,Very Poor
259380,DL005,2019-11-23 13:00:00,110.0,,2.3,23.05,14.12,42.03,1.08,10.5,68.58,,,,347.0,Very Poor
259381,DL005,2019-11-23 14:00:00,89.75,,1.7,16.55,10.2,35.92,1.0,10.55,82.45,,,,343.0,Very Poor
259382,DL005,2019-11-23 15:00:00,80.5,,1.5,14.5,8.95,30.93,0.97,9.75,92.75,,,,340.0,Very Poor
259383,DL005,2019-11-23 16:00:00,68.5,,1.07,14.18,8.43,28.78,0.8,9.32,99.18,,,,338.0,Very Poor
259384,DL005,2019-11-23 17:00:00,58.75,,1.3,19.05,11.17,29.23,0.8,9.72,81.12,,,,335.0,Very Poor
259385,DL005,2019-11-23 18:00:00,71.0,,1.5,36.52,20.65,32.93,0.95,9.15,48.4,,,,333.0,Very Poor
259386,DL005,2019-11-23 19:00:00,81.25,,6.05,71.22,42.8,39.38,1.38,8.27,12.82,,,,331.0,Very Poor
259387,DL005,2019-11-23 20:00:00,110.25,,10.88,71.35,46.85,43.75,1.52,8.12,7.85,,,,328.0,Very Poor
259388,DL005,2019-11-23 21:00:00,132.5,,6.67,58.25,36.38,45.4,1.33,7.95,9.85,,,,326.0,Very Poor
259389,DL005,2019-11-23 22:00:00,134.0,,5.45,46.05,28.95,42.42,1.32,8.73,13.97,,,,323.0,Very Poor
259390,DL005,2019-11-23 23:00:00,137.25,,3.18,38.77,23.2,39.12,1.38,8.9,14.62,,,,320.0,Very Poor
259391,DL005,2019-11-24 00:00:00,149.5,,4.15,40.08,24.73,38.38,1.42,9.32,10.48,,,,318.0,Very Poor
259392,DL005,2019-11-24 01:00:00,152.5,,2.27,27.52,16.5,36.3,1.18,9.33,24.55,,,,316.0,Very Poor
259393,DL005,2019-11-24 02:00:00,137.25,,1.85,24.68,14.65,37.02,1.08,8.27,,,,,315.0,Very Poor
259394,DL005,2019-11-24 03:00:00,132.25,,1.5,25.9,15.0,47.1,1.1,7.5,38.83,,,,314.0,Very Poor
259395,DL005,2019-11-24 04:00:00,133.5,,1.7,25.95,15.18,43.95,1.02,7.8,33.0,,,,313.0,Very Poor
259396,DL005,2019-11-24 05:00:00,137.0,,1.77,29.92,17.38,39.6,1.08,9.18,21.62,,,,311.0,Very Poor
259397,DL005,2019-11-24 06:00:00,142.5,,2.08,27.3,16.23,36.67,1.1,9.6,18.1,,,,309.0,Very Poor
259398,DL005,2019-11-24 07:00:00,139.0,,4.15,31.2,19.97,34.77,1.2,9.12,10.28,,,,307.0,Very Poor
259399,DL005,2019-11-24 08:00:00,141.5,,8.4,35.08,25.52,35.05,1.4,8.55,8.68,,,,304.0,Very Poor
259400,DL005,2019-11-24 09:00:00,165.25,,8.25,26.2,20.68,37.35,1.25,10.45,15.63,,,,303.0,Very Poor
259401,DL005,2019-11-24 10:00:00,158.75,,4.3,26.33,17.5,36.83,1.2,13.8,37.95,,,,303.0,Very Poor
259402,DL005,2019-11-24 11:00:00,149.25,,3.0,26.32,16.43,37.9,1.1,14.05,70.9,,,,302.0,Very Poor
259403,DL005,2019-11-24 12:00:00,120.25,,1.9,23.75,14.18,36.73,0.93,11.88,90.67,,,,302.0,Very Poor
259404,DL005,2019-11-24 13:00:00,78.5,,1.73,22.27,13.25,33.95,0.8,9.05,95.33,,,,301.0,Very Poor
259405,DL005,2019-11-24 14:00:00,56.25,,1.45,13.82,8.57,28.32,0.78,8.57,95.25,,,,298.0,Poor
259406,DL005,2019-11-24 15:00:00,46.25,,1.38,11.0,6.97,24.43,0.78,9.07,96.67,,,,293.0,Poor
259407,DL005,2019-11-24 16:00:00,43.25,,1.38,14.05,8.57,22.55,0.7,9.15,90.8,,,,290.0,Poor
259408,DL005,2019-11-24 17:00:00,54.75,,1.25,23.6,13.55,24.8,0.88,9.62,70.08,,,,289.0,Poor
259409,DL005,2019-11-24 18:00:00,75.5,,1.48,49.4,27.48,30.0,1.05,9.9,47.5,,,,290.0,Poor
259410,DL005,2019-11-24 19:00:00,104.75,,1.95,68.12,37.8,35.92,1.32,10.05,24.98,,,,293.0,Poor
259411,DL005,2019-11-24 20:00:00,137.75,,3.38,67.88,38.85,39.67,1.48,9.55,15.43,,,,297.0,Poor
259412,DL005,2019-11-24 21:00:00,149.75,,3.2,57.33,33.1,40.2,1.38,13.85,14.77,,,,300.0,Poor
259413,DL005,2019-11-24 22:00:00,171.25,,9.42,57.65,37.65,51.8,1.6,12.5,6.65,,,,301.0,Very Poor
259414,DL005,2019-11-24 23:00:00,230.5,,6.45,41.0,27.07,49.27,1.55,13.28,8.03,,,,304.0,Very Poor
259415,DL005,2019-11-25 00:00:00,227.75,,6.3,39.1,25.95,42.88,1.4,12.38,7.22,,,,307.0,Very Poor
259416,DL005,2019-11-25 01:00:00,207.5,,4.12,36.35,22.7,44.03,1.4,11.78,8.6,,,,308.0,Very Poor
259417,DL005,2019-11-25 02:00:00,201.25,,1.82,28.03,16.43,40.88,1.15,12.38,,,,,310.0,Very Poor
259418,DL005,2019-11-25 03:00:00,161.75,,1.7,22.6,13.4,42.7,1.0,11.0,45.45,,,,311.0,Very Poor
259419,DL005,2019-11-25 04:00:00,141.0,,1.45,23.62,13.78,41.58,1.05,9.62,37.1,,,,312.0,Very Poor
259420,DL005,2019-11-25 05:00:00,142.5,,1.48,27.5,15.83,38.3,1.08,8.75,26.3,,,,312.0,Very Poor
259421,DL005,2019-11-25 06:00:00,152.0,,2.08,30.48,17.9,40.95,1.23,9.5,14.28,,,,312.0,Very Poor
259422,DL005,2019-11-25 07:00:00,213.5,,25.05,34.8,38.92,48.35,1.55,12.85,5.45,,,,314.0,Very Poor
259423,DL005,2019-11-25 08:00:00,302.5,,25.02,35.3,39.17,60.23,1.77,19.23,5.82,,,,320.0,Very Poor
259424,DL005,2019-11-25 09:00:00,383.25,,21.57,36.12,36.88,58.42,1.7,34.72,10.03,,,,327.0,Very Poor
259425,DL005,2019-11-25 10:00:00,331.75,,11.97,41.88,32.0,47.98,1.55,33.6,26.7,,,,332.0,Very Poor
259426,DL005,2019-11-25 11:00:00,243.25,,4.43,28.88,18.98,38.17,1.05,26.4,67.43,,,,335.0,Very Poor
259427,DL005,2019-11-25 12:00:00,156.0,,3.33,39.5,23.72,40.45,1.12,26.45,107.17,,116.25,,336.0,Very Poor
259428,DL005,2019-11-25 13:00:00,164.0,,2.35,40.28,23.33,38.22,1.02,26.6,142.82,,186.83,,339.0,Very Poor
259429,DL005,2019-11-25 14:00:00,133.0,,1.55,27.0,15.65,32.75,0.93,21.95,171.75,,161.4,,341.0,Very Poor
259430,DL005,2019-11-25 15:00:00,105.75,,1.45,22.43,13.12,30.85,0.97,21.48,176.38,,136.48,,343.0,Very Poor
259431,DL005,2019-11-25 16:00:00,105.0,,1.25,19.65,11.48,27.25,0.85,17.9,144.75,,163.82,,345.0,Very Poor
259432,DL005,2019-11-25 17:00:00,77.25,,1.05,18.8,10.85,23.8,0.9,13.95,99.5,,148.38,,346.0,Very Poor
259433,DL005,2019-11-25 18:00:00,79.75,,1.27,44.12,24.52,25.2,1.38,12.2,51.3,,,,346.0,Very Poor
259434,DL005,2019-11-25 19:00:00,105.0,,4.6,72.1,42.1,30.68,1.98,11.3,17.68,,,,346.0,Very Poor
259435,DL005,2019-11-25 20:00:00,142.25,,26.77,95.28,72.53,36.58,2.42,11.0,6.4,,,,346.0,Very Poor
259436,DL005,2019-11-25 21:00:00,161.75,,24.0,92.8,68.88,38.98,2.27,12.75,8.75,,144.85,,347.0,Very Poor
259437,DL005,2019-11-25 22:00:00,176.5,,8.35,77.2,47.85,37.67,2.0,13.55,9.7,,254.05,,347.0,Very Poor
259438,DL005,2019-11-25 23:00:00,159.5,,5.27,60.88,36.65,36.75,1.72,12.93,9.25,,165.12,,345.0,Very Poor
259439,DL005,2019-11-26 00:00:00,156.25,,2.83,45.15,26.27,34.38,1.45,16.4,18.08,,,,342.0,Very Poor
259440,DL005,2019-11-26 01:00:00,148.25,,3.0,42.82,25.25,32.65,1.5,13.4,9.2,,,,340.0,Very Poor
259441,DL005,2019-11-26 02:00:00,140.25,,3.33,46.35,27.38,32.67,1.25,11.07,,,,,339.0,Very Poor
259442,DL005,2019-11-26 03:00:00,145.75,,5.2,51.4,31.6,40.9,1.1,7.4,8.82,,,,338.0,Very Poor
259443,DL005,2019-11-26 04:00:00,150.75,,3.08,44.23,26.02,37.05,1.1,8.97,12.52,,,,338.0,Very Poor
259444,DL005,2019-11-26 05:00:00,133.25,,2.88,46.0,26.85,40.17,1.17,9.68,7.5,,,,338.0,Very Poor
259445,DL005,2019-11-26 06:00:00,155.0,,5.93,48.07,30.4,35.1,1.27,10.98,5.42,,,,338.0,Very Poor
259446,DL005,2019-11-26 07:00:00,129.5,,13.12,44.38,34.25,32.2,1.45,12.6,5.38,,,,335.0,Very Poor
259447,DL005,2019-11-26 08:00:00,133.75,,12.07,43.88,33.65,31.45,1.48,13.18,6.38,,,,330.0,Very Poor
259448,DL005,2019-11-26 09:00:00,142.75,,21.85,49.42,44.2,33.45,1.68,14.38,8.9,,,,322.0,Very Poor
259449,DL005,2019-11-26 10:00:00,172.75,,15.45,58.32,43.67,35.52,1.6,24.95,23.5,,,,317.0,Very Poor
259450,DL005,2019-11-26 11:00:00,181.5,,11.85,78.8,51.52,43.4,1.78,42.35,100.52,,,,315.0,Very Poor
259451,DL005,2019-11-26 12:00:00,191.25,,8.3,85.33,52.12,47.02,1.68,38.83,114.15,,,,316.0,Very Poor
259452,DL005,2019-11-26 13:00:00,159.0,,7.68,104.43,61.75,50.15,1.73,26.95,118.4,,,,316.0,Very Poor
259453,DL005,2019-11-26 14:00:00,150.75,,4.62,90.72,52.02,50.55,1.73,22.85,153.35,,,,317.0,Very Poor
259454,DL005,2019-11-26 15:00:00,149.25,,1.97,51.6,29.07,41.55,1.4,21.12,174.18,,,,318.0,Very Poor
259455,DL005,2019-11-26 16:00:00,133.75,,1.32,41.35,23.07,37.08,1.25,18.88,157.35,,153.4,,319.0,Very Poor
259456,DL005,2019-11-26 17:00:00,119.75,,1.52,47.08,26.35,32.52,1.23,17.95,94.45,,158.5,,320.0,Very Poor
259457,DL005,2019-11-26 18:00:00,114.75,,1.62,45.55,25.52,35.25,1.12,18.43,63.7,,246.93,,322.0,Very Poor
259458,DL005,2019-11-26 19:00:00,101.5,,2.1,33.98,19.75,36.98,0.83,10.4,44.62,,171.68,,321.0,Very Poor
259459,DL005,2019-11-26 20:00:00,79.5,,2.4,40.65,23.55,43.2,0.72,12.62,35.7,,119.65,,319.0,Very Poor
259460,DL005,2019-11-26 21:00:00,91.5,,3.12,36.5,21.95,40.08,0.7,13.35,35.67,,162.18,,317.0,Very Poor
259461,DL005,2019-11-26 22:00:00,67.5,,1.42,23.98,13.95,36.23,0.8,10.9,38.6,,,,314.0,Very Poor
259462,DL005,2019-11-26 23:00:00,56.75,,1.2,18.38,10.8,30.7,0.72,10.5,38.5,,,,310.0,Very Poor
259463,DL005,2019-11-27 00:00:00,36.75,,1.3,20.72,12.07,26.25,0.7,11.1,39.25,,136.68,,307.0,Very Poor
259464,DL005,2019-11-27 01:00:00,32.25,,1.08,16.85,9.85,24.85,0.7,11.45,37.1,,131.6,,303.0,Very Poor
259465,DL005,2019-11-27 02:00:00,29.25,,1.07,17.5,10.23,26.1,0.6,13.07,,,,,297.0,Poor
259466,DL005,2019-11-27 03:00:00,31.75,,1.3,31.5,17.8,33.8,0.6,13.2,22.88,,,,281.0,Poor
259467,DL005,2019-11-27 04:00:00,44.0,,1.58,26.43,15.33,32.77,0.6,10.95,37.62,,,,266.0,Poor
259468,DL005,2019-11-27 05:00:00,37.0,,1.72,25.43,14.9,30.05,0.62,10.38,37.4,,,,253.0,Poor
259469,DL005,2019-11-27 06:00:00,39.5,,1.98,27.57,16.25,29.15,0.65,9.45,28.05,,,,237.0,Poor
259470,DL005,2019-11-27 07:00:00,49.5,,2.5,28.02,16.9,25.8,0.8,9.35,15.62,,,,226.0,Poor
259471,DL005,2019-11-27 08:00:00,35.25,,8.15,29.92,22.52,25.7,0.95,9.53,13.0,,,,212.0,Poor
259472,DL005,2019-11-27 09:00:00,55.75,,12.62,29.72,26.05,27.62,1.02,10.12,9.7,,,,200.0,Moderate
259473,DL005,2019-11-27 10:00:00,77.25,,10.25,29.92,24.27,30.3,1.0,14.18,21.02,,,,187.0,Moderate
259474,DL005,2019-11-27 11:00:00,95.75,,5.3,30.32,20.4,33.1,0.88,17.52,38.25,,,,175.0,Moderate
259475,DL005,2019-11-27 12:00:00,87.5,,5.2,35.55,23.12,38.88,0.95,15.47,49.0,,,,160.0,Moderate
259476,DL005,2019-11-27 13:00:00,96.5,,4.85,49.05,29.85,40.38,1.1,15.1,67.6,,,,152.0,Moderate
259477,DL005,2019-11-27 14:00:00,106.0,,3.98,50.02,29.83,42.05,1.12,15.38,84.4,,188.9,,146.0,Moderate
259478,DL005,2019-11-27 15:00:00,98.5,,2.08,45.45,25.88,40.25,1.4,16.02,134.3,,,,150.0,Moderate
259479,DL005,2019-11-27 16:00:00,116.5,,10.28,58.22,38.97,52.3,1.4,10.23,23.8,,,,150.0,Moderate
259480,DL005,2019-11-27 17:00:00,124.5,,4.6,51.6,31.2,51.83,1.17,10.43,47.58,,247.7,,150.0,Moderate
259481,DL005,2019-11-27 18:00:00,106.5,,3.6,54.78,32.05,52.0,1.27,9.88,43.88,,190.65,,150.0,Moderate
259482,DL005,2019-11-27 19:00:00,101.25,,3.65,55.48,32.48,55.1,1.17,8.2,43.85,,162.55,,150.0,Moderate
259483,DL005,2019-11-27 20:00:00,101.75,,4.1,60.58,36.28,63.22,1.2,7.58,32.4,,125.65,,150.0,Moderate
259484,DL005,2019-11-27 21:00:00,102.0,,3.45,44.62,26.52,56.12,0.88,7.7,64.55,,113.28,,150.0,Moderate
259485,DL005,2019-11-27 22:00:00,65.75,,3.27,36.62,22.12,49.88,0.7,6.85,65.43,,112.0,,150.0,Moderate
259486,DL005,2019-11-27 23:00:00,28.5,,3.38,30.85,19.15,43.85,0.7,7.75,77.6,,,,136.0,Moderate
259487,DL005,2019-11-28 00:00:00,25.75,,2.92,27.23,16.88,38.18,0.67,7.7,58.95,,,,134.0,Moderate
259488,DL005,2019-11-28 01:00:00,25.5,,2.98,24.88,15.65,34.4,0.6,7.85,56.8,,,,134.0,Moderate
259489,DL005,2019-11-28 02:00:00,32.5,,2.92,25.85,16.12,34.8,0.6,7.15,,,,,134.0,Moderate
259490,DL005,2019-11-28 03:00:00,19.75,,3.5,30.7,19.2,46.2,0.5,5.3,48.4,,,,132.0,Moderate
259491,DL005,2019-11-28 04:00:00,17.0,,3.28,33.12,20.27,45.12,0.55,6.18,43.2,,,,129.0,Moderate
259492,DL005,2019-11-28 05:00:00,28.75,,3.55,33.2,20.55,41.15,0.6,6.58,41.58,,,,127.0,Moderate
259493,DL005,2019-11-28 06:00:00,29.75,,3.88,32.27,20.32,38.22,0.6,6.6,41.22,,,,126.0,Moderate
259494,DL005,2019-11-28 07:00:00,35.25,,3.83,29.4,18.75,35.85,0.67,7.8,43.4,,,,124.0,Moderate
259495,DL005,2019-11-28 08:00:00,35.25,,3.55,26.75,17.1,33.75,0.7,7.62,48.98,,,,124.0,Moderate
259496,DL005,2019-11-28 09:00:00,31.75,,3.55,27.47,17.5,33.45,0.75,7.57,50.2,,,,121.0,Moderate
259497,DL005,2019-11-28 10:00:00,28.0,,4.0,25.8,16.95,32.75,0.7,7.4,48.5,,,,114.0,Moderate
259498,DL005,2019-11-28 11:00:00,32.5,,4.33,35.53,22.48,37.9,0.75,7.22,47.33,,,,105.0,Moderate
259499,DL005,2019-11-28 12:00:00,45.0,,4.6,36.73,23.3,42.97,0.75,7.33,50.73,,134.72,,100.0,Satisfactory
259500,DL005,2019-11-28 13:00:00,44.0,,4.3,31.65,20.3,45.1,0.75,7.5,59.05,,,,96.0,Satisfactory
259501,DL005,2019-11-28 14:00:00,49.0,,4.15,34.55,21.75,45.42,0.9,7.15,69.95,,,,92.0,Satisfactory
259502,DL005,2019-11-28 15:00:00,46.5,,4.07,27.02,17.72,40.6,0.9,7.35,67.25,,,,88.0,Satisfactory
259503,DL005,2019-11-28 16:00:00,47.0,,3.68,23.55,15.5,36.42,0.8,8.15,79.17,,,,84.0,Satisfactory
259504,DL005,2019-11-28 17:00:00,41.5,,3.18,24.25,15.48,33.83,0.83,8.33,75.0,,,,79.0,Satisfactory
259505,DL005,2019-11-28 18:00:00,38.5,,3.33,27.68,17.42,33.95,0.9,8.98,58.92,,,,79.0,Satisfactory
259506,DL005,2019-11-28 19:00:00,53.75,,3.35,39.9,23.95,38.43,1.05,7.9,35.48,,,,79.0,Satisfactory
259507,DL005,2019-11-28 20:00:00,57.0,,3.45,42.3,25.3,42.55,0.9,6.2,37.38,,,,79.0,Satisfactory
259508,DL005,2019-11-28 21:00:00,52.25,,3.28,43.15,25.62,43.25,0.93,6.03,32.48,,,,79.0,Satisfactory
259509,DL005,2019-11-28 22:00:00,56.75,,5.9,70.7,41.78,47.0,1.3,7.4,14.28,,,,79.0,Satisfactory
259510,DL005,2019-11-28 23:00:00,60.75,,31.18,68.1,61.83,49.73,1.45,8.2,8.32,,111.7,,79.0,Satisfactory
259511,DL005,2019-11-29 00:00:00,66.0,,46.9,59.7,69.9,48.65,1.42,8.25,6.78,,120.0,,75.0,Satisfactory
259512,DL005,2019-11-29 01:00:00,72.25,,19.38,49.88,42.35,41.6,1.18,8.57,7.12,,,,72.0,Satisfactory
259513,DL005,2019-11-29 02:00:00,87.5,,10.05,53.4,36.6,39.27,0.97,10.1,6.1,,151.53,,75.0,Satisfactory
259514,DL005,2019-11-29 03:00:00,78.75,,4.5,45.1,27.6,45.2,0.8,7.3,8.7,,122.55,,79.0,Satisfactory
259515,DL005,2019-11-29 04:00:00,89.25,,4.85,47.92,29.48,52.8,0.7,7.5,9.7,,132.8,,84.0,Satisfactory
259516,DL005,2019-11-29 05:00:00,98.0,,4.78,45.9,28.32,43.6,0.7,8.75,10.38,,112.6,,89.0,Satisfactory
259517,DL005,2019-11-29 06:00:00,72.25,,4.22,41.0,25.25,38.05,0.78,9.88,10.95,,,,92.0,Satisfactory
259518,DL005,2019-11-29 07:00:00,61.0,,6.42,37.62,25.25,39.58,0.93,9.4,5.57,,,,93.0,Satisfactory
259519,DL005,2019-11-29 08:00:00,70.5,,12.15,38.88,30.35,35.85,1.15,8.88,8.45,,,,96.0,Satisfactory
259520,DL005,2019-11-29 09:00:00,77.5,,11.92,36.78,29.25,37.33,1.1,12.07,13.32,,,,99.0,Satisfactory
259521,DL005,2019-11-29 10:00:00,89.25,,10.68,35.0,27.38,35.6,1.05,15.22,24.48,,,,106.0,Moderate
259522,DL005,2019-11-29 11:00:00,66.75,,7.0,31.23,22.33,32.12,0.78,13.5,40.2,,,,111.0,Moderate
259523,DL005,2019-11-29 12:00:00,41.0,,4.73,28.62,19.05,32.02,0.65,11.03,59.0,,,,111.0,Moderate
259524,DL005,2019-11-29 13:00:00,40.25,,4.18,30.95,19.85,35.8,0.65,11.25,76.45,,,,110.0,Moderate
259525,DL005,2019-11-29 14:00:00,53.25,,3.9,36.38,22.52,40.9,0.7,11.97,101.45,,131.95,,111.0,Moderate
259526,DL005,2019-11-29 15:00:00,66.0,,3.65,30.0,18.9,38.8,0.7,10.88,108.35,,,,113.0,Moderate
259527,DL005,2019-11-29 16:00:00,47.5,,3.38,27.2,17.23,35.28,0.78,9.8,103.95,,,,114.0,Moderate
259528,DL005,2019-11-29 17:00:00,47.0,,3.25,27.8,17.45,33.42,0.83,9.38,91.3,,115.4,,114.0,Moderate
259529,DL005,2019-11-29 18:00:00,54.25,,3.38,45.95,26.87,35.83,1.05,9.7,50.8,,161.75,,116.0,Moderate
259530,DL005,2019-11-29 19:00:00,74.0,,45.35,85.45,82.38,52.43,1.95,7.08,4.8,,124.3,,119.0,Moderate
259531,DL005,2019-11-29 20:00:00,100.75,,73.7,85.4,105.42,65.85,1.95,6.4,4.07,,,,125.0,Moderate
259532,DL005,2019-11-29 21:00:00,121.75,,93.72,78.38,117.93,70.95,2.02,7.03,4.15,,,,135.0,Moderate
259533,DL005,2019-11-29 22:00:00,127.25,,34.67,77.17,69.4,61.27,1.55,5.83,4.15,,,,145.0,Moderate
259534,DL005,2019-11-29 23:00:00,110.75,,10.6,54.47,37.62,53.75,1.25,6.47,17.95,,,,152.0,Moderate
259535,DL005,2019-11-30 00:00:00,108.25,,4.28,39.1,24.27,45.52,0.97,7.1,21.95,,130.2,,158.0,Moderate
259536,DL005,2019-11-30 01:00:00,96.75,,7.12,47.67,31.23,45.52,1.1,7.0,6.78,,,,161.0,Moderate
259537,DL005,2019-11-30 02:00:00,114.75,,10.53,45.28,32.67,47.2,1.15,7.38,,,,,165.0,Moderate
259538,DL005,2019-11-30 03:00:00,134.5,,8.9,42.2,29.7,54.7,0.9,4.6,6.97,,,,173.0,Moderate
259539,DL005,2019-11-30 04:00:00,109.0,,9.57,41.48,29.88,55.65,0.9,4.6,4.75,,,,175.0,Moderate
259540,DL005,2019-11-30 05:00:00,117.75,,6.0,38.65,25.45,51.8,0.88,4.6,6.03,,,,178.0,Moderate
259541,DL005,2019-11-30 06:00:00,144.25,,7.37,41.08,27.2,67.1,1.08,5.35,4.53,,,,188.0,Moderate
259542,DL005,2019-11-30 07:00:00,189.5,,13.97,38.32,31.72,46.62,0.97,5.47,4.45,,,,206.0,Poor
259543,DL005,2019-11-30 08:00:00,81.25,,11.4,31.95,26.27,40.53,1.02,6.05,6.03,,,,207.0,Poor
259544,DL005,2019-11-30 09:00:00,83.5,,10.93,28.23,23.95,38.02,1.05,6.28,8.7,,,,208.0,Poor
259545,DL005,2019-11-30 10:00:00,81.75,,9.62,29.55,23.57,37.4,1.1,6.53,11.55,,,,207.0,Poor
259546,DL005,2019-11-30 11:00:00,85.0,,8.05,33.33,24.3,39.0,0.97,6.4,18.43,,,,210.0,Poor
259547,DL005,2019-11-30 12:00:00,70.0,,5.38,32.1,21.48,57.73,0.83,5.7,31.7,,,,214.0,Poor
259548,DL005,2019-11-30 13:00:00,94.0,,4.55,27.75,18.5,55.05,0.88,7.05,50.28,,,,221.0,Poor
259549,DL005,2019-11-30 14:00:00,105.0,,3.8,26.25,17.07,50.1,0.85,7.9,68.2,,,,228.0,Poor
259550,DL005,2019-11-30 15:00:00,102.0,,3.52,25.9,16.65,46.92,0.8,7.6,84.55,,,,233.0,Poor
259551,DL005,2019-11-30 16:00:00,90.0,,3.58,25.8,16.62,45.05,0.75,8.42,91.65,,,,239.0,Poor
259552,DL005,2019-11-30 17:00:00,73.0,,3.02,25.58,16.05,45.7,0.75,8.12,80.05,,,,243.0,Poor
259553,DL005,2019-11-30 18:00:00,69.0,,3.2,43.17,25.68,51.02,1.0,7.1,42.58,,,,245.0,Poor
259554,DL005,2019-11-30 19:00:00,75.0,,5.05,63.83,38.4,55.53,1.23,9.07,20.57,,,,245.0,Poor
259555,DL005,2019-11-30 20:00:00,99.0,,13.38,63.35,44.53,55.4,1.4,10.0,13.0,,,,245.0,Poor
259556,DL005,2019-11-30 21:00:00,110.0,,47.92,68.72,75.62,76.08,1.9,9.5,4.5,,,,243.0,Poor
259557,DL005,2019-11-30 22:00:00,183.0,,33.27,69.65,64.15,77.78,1.85,10.15,4.47,,,,251.0,Poor
259558,DL005,2019-11-30 23:00:00,261.0,,44.15,60.83,68.33,82.12,1.73,8.92,4.2,,,,272.0,Poor
259559,DL005,2019-12-01 00:00:00,193.0,,37.4,61.6,63.27,79.17,1.38,7.95,4.55,,,,284.0,Poor
259560,DL005,2019-12-01 01:00:00,163.0,,6.83,48.53,31.35,69.4,1.05,7.45,14.33,,,,293.0,Poor
259561,DL005,2019-12-01 02:00:00,141.0,,4.22,42.5,26.07,67.83,1.0,7.65,20.7,,,,296.0,Poor
259562,DL005,2019-12-01 03:00:00,162.0,,4.1,36.6,22.8,58.6,0.8,8.4,21.03,,,,300.0,Poor
259563,DL005,2019-12-01 04:00:00,97.0,,4.12,37.3,23.23,59.05,0.8,7.47,18.25,,,,299.0,Poor
259564,DL005,2019-12-01 05:00:00,96.0,,4.15,35.95,22.52,63.45,0.95,7.15,15.65,,,,296.0,Poor
259565,DL005,2019-12-01 06:00:00,139.0,,7.33,42.35,28.48,58.48,1.0,8.25,6.4,,,,295.0,Poor
259566,DL005,2019-12-01 07:00:00,136.0,,10.1,47.25,33.35,58.83,1.1,7.53,5.95,,,,287.0,Poor
259567,DL005,2019-12-01 08:00:00,143.0,,20.45,50.75,43.65,66.9,1.32,7.65,7.12,,,,296.0,Poor
259568,DL005,2019-12-01 09:00:00,201.0,,14.9,52.57,40.12,77.18,1.38,9.48,13.22,,,,303.0,Very Poor
259569,DL005,2019-12-01 10:00:00,205.0,,9.3,46.38,32.25,78.65,1.17,12.65,32.62,,,,307.0,Very Poor
259570,DL005,2019-12-01 11:00:00,238.0,,5.17,29.38,19.85,63.0,1.05,14.1,64.53,,,,312.0,Very Poor
259571,DL005,2019-12-01 12:00:00,208.0,,3.88,25.12,16.52,52.65,0.85,13.45,94.85,,,,316.0,Very Poor
259572,DL005,2019-12-01 13:00:00,149.0,,3.4,22.23,14.6,45.3,0.7,11.82,111.0,,,,318.0,Very Poor
259573,DL005,2019-12-01 14:00:00,97.0,,3.23,21.55,14.07,41.48,0.6,11.58,113.45,,,,318.0,Very Poor
259574,DL005,2019-12-01 15:00:00,83.0,,3.1,22.35,14.4,43.97,0.65,10.9,116.75,,,,317.0,Very Poor
259575,DL005,2019-12-01 16:00:00,88.0,,2.97,24.9,15.65,46.42,0.7,10.1,113.75,,,,317.0,Very Poor
259576,DL005,2019-12-01 17:00:00,83.0,,3.1,28.97,17.95,48.52,0.78,9.9,106.05,,,,317.0,Very Poor
259577,DL005,2019-12-01 18:00:00,92.0,,3.22,49.2,28.78,56.15,1.05,9.38,67.65,,,,318.0,Very Poor
259578,DL005,2019-12-01 19:00:00,107.0,,19.9,100.78,69.77,78.43,1.98,8.35,6.83,,,,319.0,Very Poor
259579,DL005,2019-12-01 20:00:00,218.0,,12.5,88.43,57.23,70.83,1.72,7.5,6.78,,,,323.0,Very Poor
259580,DL005,2019-12-01 21:00:00,178.0,,16.02,83.25,57.35,72.05,1.6,8.47,6.28,,,,325.0,Very Poor
259581,DL005,2019-12-01 22:00:00,178.0,,54.8,91.38,92.05,91.78,1.9,8.15,4.62,,,,325.0,Very Poor
259582,DL005,2019-12-01 23:00:00,233.0,,35.08,74.92,68.5,88.03,1.77,7.8,4.2,,,,324.0,Very Poor
259583,DL005,2019-12-02 00:00:00,234.0,,51.35,62.22,74.8,92.18,1.68,8.18,4.07,,,,325.0,Very Poor
259584,DL005,2019-12-02 01:00:00,223.0,,34.6,62.62,61.42,82.5,1.45,9.55,4.25,,,,327.0,Very Poor
259585,DL005,2019-12-02 02:00:00,266.0,,20.23,60.83,48.83,80.45,1.35,9.62,,,,,331.0,Very Poor
259586,DL005,2019-12-02 03:00:00,217.0,,26.2,56.0,51.1,83.1,1.3,10.2,6.55,,,,333.0,Very Poor
259587,DL005,2019-12-02 04:00:00,206.0,,12.4,56.88,40.72,90.15,1.25,9.32,5.95,,,,336.0,Very Poor
259588,DL005,2019-12-02 05:00:00,268.0,,8.35,53.72,35.4,87.5,1.2,8.97,6.33,,,,342.0,Very Poor
259589,DL005,2019-12-02 06:00:00,251.0,,6.6,52.9,33.12,77.0,1.23,9.5,6.8,,,,346.0,Very Poor
259590,DL005,2019-12-02 07:00:00,237.0,,13.2,53.62,39.45,93.05,1.25,10.65,5.28,,,,349.0,Very Poor
259591,DL005,2019-12-02 08:00:00,239.0,,31.57,61.22,58.3,85.42,1.35,9.32,5.2,,,,352.0,Very Poor
259592,DL005,2019-12-02 09:00:00,200.0,,25.48,67.97,56.92,83.65,1.23,9.93,9.75,,,,352.0,Very Poor
259593,DL005,2019-12-02 10:00:00,185.0,,12.82,52.17,38.23,77.23,1.05,12.25,28.57,,,,351.0,Very Poor
259594,DL005,2019-12-02 11:00:00,186.0,,6.15,37.85,25.15,65.22,0.95,13.62,54.97,,,,350.0,Very Poor
259595,DL005,2019-12-02 12:00:00,193.0,,4.35,29.53,19.25,57.45,0.78,13.5,86.67,,,,349.0,Very Poor
259596,DL005,2019-12-02 13:00:00,146.0,,3.7,26.58,17.17,48.88,0.65,12.7,119.1,,,,349.0,Very Poor
259597,DL005,2019-12-02 14:00:00,107.0,,3.45,26.4,16.85,45.65,0.6,12.45,127.0,,,,349.0,Very Poor
259598,DL005,2019-12-02 15:00:00,91.0,,3.52,27.93,17.73,48.7,0.5,11.4,125.33,,,,350.0,Very Poor
259599,DL005,2019-12-02 16:00:00,85.0,,3.3,31.0,19.2,51.25,0.8,10.75,128.38,,,,349.0,Very Poor
259600,DL005,2019-12-02 17:00:00,99.0,,3.28,33.75,20.65,53.73,0.8,10.57,124.72,,,,350.0,Very Poor
259601,DL005,2019-12-02 18:00:00,102.0,,5.15,79.72,46.75,69.3,1.33,9.12,48.85,,,,350.0,Very Poor
259602,DL005,2019-12-02 19:00:00,145.0,,21.27,105.55,73.55,79.78,1.9,9.22,7.9,,,,352.0,Very Poor
259603,DL005,2019-12-02 20:00:00,196.0,,61.48,109.45,108.25,93.97,2.35,9.32,5.6,,,,351.0,Very Poor
259604,DL005,2019-12-02 21:00:00,241.0,,46.88,94.85,88.7,84.22,1.85,8.93,4.62,,,,353.0,Very Poor
259605,DL005,2019-12-02 22:00:00,199.0,,76.7,83.8,107.15,97.72,2.15,8.98,4.8,,,,353.0,Very Poor
259606,DL005,2019-12-02 23:00:00,267.0,,23.52,79.45,61.35,86.03,1.5,7.53,5.65,,,,355.0,Very Poor
259607,DL005,2019-12-03 00:00:00,219.0,,44.17,69.85,73.1,99.22,1.48,7.65,4.35,,,,354.0,Very Poor
259608,DL005,2019-12-03 01:00:00,266.0,,12.68,67.67,46.2,88.83,1.3,8.75,5.42,,,,355.0,Very Poor
259609,DL005,2019-12-03 02:00:00,227.0,,10.25,66.83,43.85,94.1,1.4,9.45,,,,,354.0,Very Poor
259610,DL005,2019-12-03 03:00:00,254.0,,4.9,54.6,33.0,84.3,1.2,9.5,9.12,,,,355.0,Very Poor
259611,DL005,2019-12-03 04:00:00,240.0,,4.75,51.42,31.25,90.27,1.2,8.53,11.43,,,,357.0,Very Poor
259612,DL005,2019-12-03 05:00:00,282.0,,4.27,46.25,28.1,80.55,1.12,8.85,12.4,,,,357.0,Very Poor
259613,DL005,2019-12-03 06:00:00,240.0,,4.6,46.5,28.48,69.38,1.2,9.88,9.72,,,,357.0,Very Poor
259614,DL005,2019-12-03 07:00:00,212.0,,9.88,52.08,35.78,77.55,1.17,10.75,5.7,,,,356.0,Very Poor
259615,DL005,2019-12-03 08:00:00,202.0,,10.8,51.03,35.92,81.23,1.0,10.67,7.88,,,,355.0,Very Poor
259616,DL005,2019-12-03 09:00:00,202.0,,13.65,52.58,39.08,81.1,1.0,14.95,13.0,,,,355.0,Very Poor
259617,DL005,2019-12-03 10:00:00,200.0,,9.4,43.45,30.75,78.17,1.05,17.52,31.27,,,,355.0,Very Poor
259618,DL005,2019-12-03 11:00:00,222.0,,5.4,35.08,23.05,65.17,0.97,16.48,62.75,,,,356.0,Very Poor
259619,DL005,2019-12-03 12:00:00,186.0,,4.28,29.8,19.35,55.85,0.8,14.85,99.33,,,,356.0,Very Poor
259620,DL005,2019-12-03 13:00:00,133.0,,3.97,28.65,18.5,51.52,0.72,13.57,121.72,,,,356.0,Very Poor
259621,DL005,2019-12-03 14:00:00,123.0,,3.6,27.43,17.55,48.33,0.62,11.98,129.62,,,,356.0,Very Poor
259622,DL005,2019-12-03 15:00:00,96.0,,3.27,28.1,17.65,48.75,0.6,10.12,128.8,,,,356.0,Very Poor
259623,DL005,2019-12-03 16:00:00,83.0,,3.12,29.77,18.38,49.73,0.7,9.48,130.82,,,,356.0,Very Poor
259624,DL005,2019-12-03 17:00:00,80.0,,3.2,37.08,22.35,51.12,0.78,9.85,111.4,,,,356.0,Very Poor
259625,DL005,2019-12-03 18:00:00,80.0,,4.0,80.9,46.3,63.92,1.15,10.38,47.48,,,,355.0,Very Poor
259626,DL005,2019-12-03 19:00:00,124.0,,46.92,108.7,95.95,80.12,2.05,11.0,10.33,,,,354.0,Very Poor
259627,DL005,2019-12-03 20:00:00,186.0,,90.35,104.35,128.95,103.55,2.65,13.8,5.27,,,,354.0,Very Poor
259628,DL005,2019-12-03 21:00:00,285.0,,74.0,97.4,111.88,95.72,2.38,15.45,5.15,,,,355.0,Very Poor
259629,DL005,2019-12-03 22:00:00,283.0,,80.85,88.55,111.95,100.38,2.65,15.83,5.35,,,,358.0,Very Poor
259630,DL005,2019-12-03 23:00:00,338.0,,107.65,80.17,130.65,128.7,2.6,14.18,4.75,,,,360.0,Very Poor
259631,DL005,2019-12-04 00:00:00,389.0,,56.57,82.47,89.8,116.4,1.82,13.38,4.75,,,,366.0,Very Poor
259632,DL005,2019-12-04 01:00:00,326.0,,61.27,78.05,91.27,107.7,1.8,12.88,4.53,,,,368.0,Very Poor
259633,DL005,2019-12-04 02:00:00,290.0,,71.0,75.35,97.95,115.0,1.77,12.03,,,113.28,,370.0,Very Poor
259634,DL005,2019-12-04 03:00:00,282.0,,40.2,75.9,73.1,95.9,1.4,11.7,6.25,,126.95,,371.0,Very Poor
259635,DL005,2019-12-04 04:00:00,257.0,,59.02,66.85,83.12,95.42,1.42,11.15,4.8,,,,371.0,Very Poor
259636,DL005,2019-12-04 05:00:00,237.0,,38.75,66.55,66.92,81.97,1.18,10.72,4.4,,,,370.0,Very Poor
259637,DL005,2019-12-04 06:00:00,202.0,,26.55,63.77,55.55,71.65,1.0,11.07,3.65,,,,369.0,Very Poor
259638,DL005,2019-12-04 07:00:00,171.0,,22.4,62.0,51.27,74.9,0.95,10.7,3.7,,,,367.0,Very Poor
259639,DL005,2019-12-04 08:00:00,193.0,,30.0,62.65,57.78,80.28,1.32,10.5,5.2,,,,367.0,Very Poor
259640,DL005,2019-12-04 09:00:00,205.0,,30.4,70.25,61.45,86.05,1.4,15.12,9.02,,,,367.0,Very Poor
259641,DL005,2019-12-04 10:00:00,233.0,,18.38,65.08,49.55,85.53,1.08,20.95,20.95,,,,368.0,Very Poor
259642,DL005,2019-12-04 11:00:00,213.0,,9.4,56.9,37.93,81.25,1.1,21.4,52.22,,,,368.0,Very Poor
259643,DL005,2019-12-04 12:00:00,248.0,,5.92,56.02,34.65,77.23,1.02,21.9,100.4,,181.23,,370.0,Very Poor
259644,DL005,2019-12-04 13:00:00,223.0,,4.1,40.05,24.65,66.8,0.75,18.52,122.45,,145.5,,373.0,Very Poor
259645,DL005,2019-12-04 14:00:00,175.0,,3.3,31.02,19.18,55.62,0.5,15.2,128.3,,101.3,,374.0,Very Poor
259646,DL005,2019-12-04 15:00:00,106.0,,3.35,29.07,18.2,57.05,0.4,13.62,133.3,,,,375.0,Very Poor
259647,DL005,2019-12-04 16:00:00,94.0,,3.35,31.5,19.5,61.1,0.72,11.73,131.03,,,,375.0,Very Poor
259648,DL005,2019-12-04 17:00:00,91.0,,3.18,39.65,23.7,69.68,0.75,9.68,104.8,,,,375.0,Very Poor
259649,DL005,2019-12-04 18:00:00,95.0,,3.38,70.25,40.12,80.55,1.15,9.7,60.95,,187.65,,376.0,Very Poor
259650,DL005,2019-12-04 19:00:00,158.0,,14.22,114.38,72.4,89.65,2.88,13.98,11.62,,383.92,,377.0,Very Poor
259651,DL005,2019-12-04 20:00:00,269.0,,52.6,105.88,99.15,111.67,4.2,14.6,12.38,,471.3,,380.0,Very Poor
259652,DL005,2019-12-04 21:00:00,431.0,,114.12,102.65,147.78,120.92,3.83,13.53,9.25,,353.88,,384.0,Very Poor
259653,DL005,2019-12-04 22:00:00,316.0,,88.42,92.12,121.38,108.2,2.88,11.32,7.8,,204.1,,385.0,Very Poor
259654,DL005,2019-12-04 23:00:00,298.0,,263.57,98.12,267.2,,4.0,13.97,7.6,,313.85,,384.0,Very Poor
259655,DL005,2019-12-05 00:00:00,365.0,,163.2,95.62,184.17,132.8,2.85,12.93,5.23,,409.33,,383.0,Very Poor
259656,DL005,2019-12-05 01:00:00,311.0,,88.2,85.95,117.67,134.07,2.2,9.3,5.65,,255.3,,383.0,Very Poor
259657,DL005,2019-12-05 02:00:00,310.0,,128.35,68.62,141.25,,3.03,10.62,,,285.95,,383.0,Very Poor
259658,DL005,2019-12-05 03:00:00,338.0,,128.7,61.1,137.4,134.9,2.9,11.7,9.15,,327.38,,385.0,Very Poor
259659,DL005,2019-12-05 04:00:00,328.0,,124.35,58.95,132.77,127.67,2.9,12.47,8.5,,351.65,,388.0,Very Poor
259660,DL005,2019-12-05 05:00:00,338.0,,113.33,66.05,127.6,121.35,2.6,12.22,9.88,,337.75,,391.0,Very Poor
259661,DL005,2019-12-05 06:00:00,328.0,,104.62,63.9,119.28,120.6,2.53,12.05,12.82,,304.47,,395.0,Very Poor
259662,DL005,2019-12-05 07:00:00,366.0,,153.6,50.23,152.0,129.7,2.73,11.9,11.1,,305.23,,401.0,Severe
259663,DL005,2019-12-05 08:00:00,391.0,,176.32,64.65,178.1,,2.85,12.45,9.33,,307.58,,407.0,Severe
259664,DL005,2019-12-05 09:00:00,429.25,,144.78,109.83,176.62,,2.88,13.15,9.25,,276.3,,415.0,Severe
259665,DL005,2019-12-05 10:00:00,466.0,,49.73,145.3,118.07,138.05,1.95,13.68,13.02,,246.38,,422.0,Severe
259666,DL005,2019-12-05 11:00:00,409.25,,17.05,101.62,67.95,127.6,1.23,16.52,45.38,,135.05,,428.0,Severe
259667,DL005,2019-12-05 12:00:00,345.75,,7.12,58.83,37.17,98.62,0.7,16.05,110.8,,117.1,,431.0,Severe
259668,DL005,2019-12-05 13:00:00,265.5,,4.28,50.27,30.23,100.5,0.5,16.45,143.68,,,,433.0,Severe
259669,DL005,2019-12-05 14:00:00,258.5,,3.05,41.4,24.55,96.9,0.25,17.77,174.8,,,,435.0,Severe
259670,DL005,2019-12-05 15:00:00,207.0,,3.08,42.52,25.12,121.82,0.25,15.4,189.25,,,,439.0,Severe
259671,DL005,2019-12-05 16:00:00,245.75,,2.67,49.95,28.73,130.38,1.1,15.0,185.65,,130.47,,444.0,Severe
259672,DL005,2019-12-05 17:00:00,266.25,,3.25,62.12,35.7,123.32,1.2,14.12,148.95,,180.95,,449.0,Severe
259673,DL005,2019-12-05 18:00:00,251.5,,3.17,77.0,43.55,123.23,1.4,11.88,76.1,,269.48,,454.0,Severe
259674,DL005,2019-12-05 19:00:00,266.5,,9.45,120.7,71.97,121.17,1.92,11.48,16.75,,277.27,,458.0,Severe
259675,DL005,2019-12-05 20:00:00,298.5,,13.7,107.15,68.1,112.92,2.15,11.65,18.62,,296.8,,459.0,Severe
259676,DL005,2019-12-05 21:00:00,335.25,,61.72,114.85,111.4,133.53,2.58,11.88,5.5,,249.3,,456.0,Severe
259677,DL005,2019-12-05 22:00:00,364.5,,54.2,104.7,99.9,132.75,2.42,11.23,4.7,,190.15,,457.0,Severe
259678,DL005,2019-12-05 23:00:00,375.5,,79.92,90.45,113.33,,2.33,9.9,4.12,,104.25,,460.0,Severe
259679,DL005,2019-12-06 00:00:00,360.25,,62.83,89.58,98.77,,1.8,8.45,4.28,,,,459.0,Severe
259680,DL005,2019-12-06 01:00:00,328.75,,11.25,69.5,46.1,136.75,1.3,9.05,17.98,,123.22,,460.0,Severe
259681,DL005,2019-12-06 02:00:00,299.0,,4.28,59.4,34.98,,1.1,9.6,19.5,,,,460.0,Severe
259682,DL005,2019-12-06 03:00:00,284.25,,18.2,63.1,48.5,120.8,1.3,9.8,10.75,,120.25,,458.0,Severe
259683,DL005,2019-12-06 04:00:00,287.75,,25.43,58.48,51.92,110.9,1.38,9.32,4.35,,145.65,,457.0,Severe
259684,DL005,2019-12-06 05:00:00,299.25,,24.95,55.23,49.73,105.28,1.4,8.93,4.38,,,,455.0,Severe
259685,DL005,2019-12-06 06:00:00,316.75,,20.02,55.75,46.0,106.78,1.4,9.28,4.28,,,,455.0,Severe
259686,DL005,2019-12-06 07:00:00,343.25,,29.68,55.8,53.85,125.6,1.4,9.18,3.98,,,,454.0,Severe
259687,DL005,2019-12-06 08:00:00,362.25,,57.7,61.03,79.5,,1.95,9.35,4.75,,,,453.0,Severe
259688,DL005,2019-12-06 09:00:00,393.5,,44.4,83.25,80.42,,1.82,10.5,6.2,,,,452.0,Severe
259689,DL005,2019-12-06 10:00:00,397.75,,20.52,78.9,58.7,135.2,1.45,16.88,19.23,,,,450.0,Severe
259690,DL005,2019-12-06 11:00:00,354.75,,7.78,53.88,35.08,115.75,1.1,21.9,58.4,,112.2,,448.0,Severe
259691,DL005,2019-12-06 12:00:00,255.0,,4.97,39.65,25.12,90.98,0.72,21.35,81.55,,,,445.0,Severe
259692,DL005,2019-12-06 13:00:00,168.0,,4.15,35.58,22.3,88.33,0.6,24.27,101.78,,,,442.0,Severe
259693,DL005,2019-12-06 14:00:00,149.25,,3.8,37.6,23.1,91.47,0.6,24.98,100.22,,,,439.0,Severe
259694,DL005,2019-12-06 15:00:00,141.25,,3.25,34.8,21.17,100.05,0.5,17.85,98.97,,,,437.0,Severe
259695,DL005,2019-12-06 16:00:00,118.5,,4.03,38.75,23.9,114.67,0.83,13.57,94.55,,,,433.0,Severe
259696,DL005,2019-12-06 17:00:00,106.0,,11.55,51.75,37.0,111.72,0.9,11.77,71.92,,,,427.0,Severe
259697,DL005,2019-12-06 18:00:00,123.0,,11.15,80.53,51.3,121.52,1.15,8.75,26.68,,,,423.0,Severe
259698,DL005,2019-12-06 19:00:00,153.25,,33.88,104.23,82.55,125.45,1.85,8.6,6.72,,,,420.0,Severe
259699,DL005,2019-12-06 20:00:00,210.75,,66.72,95.72,105.3,126.08,2.4,9.3,5.78,,,,417.0,Severe
259700,DL005,2019-12-06 21:00:00,251.25,,14.55,93.4,61.55,115.52,1.98,8.4,5.85,,,,414.0,Severe
259701,DL005,2019-12-06 22:00:00,279.75,,18.88,83.85,60.02,121.0,2.18,8.38,5.05,,,,412.0,Severe
259702,DL005,2019-12-06 23:00:00,315.75,,11.95,81.88,53.22,128.05,1.83,7.43,6.47,,,,410.0,Severe
259703,DL005,2019-12-07 00:00:00,305.75,,10.57,73.95,47.95,,1.67,6.08,6.5,,,,408.0,Severe
259704,DL005,2019-12-07 01:00:00,308.25,,11.75,66.12,44.73,,1.6,5.03,5.72,,,,407.0,Severe
259705,DL005,2019-12-07 02:00:00,342.25,,8.12,60.05,38.58,,1.6,4.5,,,,,409.0,Severe
259706,DL005,2019-12-07 03:00:00,313.25,,5.8,46.4,29.4,116.4,1.5,5.7,8.95,,,,410.0,Severe
259707,DL005,2019-12-07 04:00:00,256.25,,9.75,44.52,31.6,106.1,1.65,6.35,6.07,,,,408.0,Severe
259708,DL005,2019-12-07 05:00:00,272.25,,24.0,40.75,41.25,97.38,1.67,6.72,4.6,,,,408.0,Severe
259709,DL005,2019-12-07 06:00:00,278.5,,19.98,43.45,39.4,99.93,1.8,7.0,4.78,,,,406.0,Severe
259710,DL005,2019-12-07 07:00:00,302.0,,39.55,42.97,55.17,113.2,2.05,7.15,3.97,,,,405.0,Severe
259711,DL005,2019-12-07 08:00:00,338.25,,95.8,51.0,105.05,136.4,2.75,6.72,5.62,,,,404.0,Severe
259712,DL005,2019-12-07 09:00:00,386.25,,99.0,63.88,114.68,,2.82,7.72,6.62,,,,404.0,Severe
259713,DL005,2019-12-07 10:00:00,386.25,,32.4,89.93,74.32,,2.12,8.97,8.82,,,,404.0,Severe
259714,DL005,2019-12-07 11:00:00,369.0,,23.38,78.5,60.8,,2.08,11.6,22.77,,,,404.0,Severe
259715,DL005,2019-12-07 12:00:00,361.75,,11.72,55.58,40.28,118.3,1.73,15.1,59.7,,106.78,,408.0,Severe
259716,DL005,2019-12-07 13:00:00,284.75,,6.5,39.38,26.25,99.07,1.25,16.35,95.77,,108.6,,411.0,Severe
259717,DL005,2019-12-07 14:00:00,190.25,,3.93,35.88,22.3,90.92,1.15,16.62,126.4,,,,413.0,Severe
259718,DL005,2019-12-07 15:00:00,143.25,,3.53,29.38,18.52,88.75,1.05,14.45,126.72,,,,413.0,Severe
259719,DL005,2019-12-07 16:00:00,94.5,,3.1,32.2,19.65,107.45,1.02,12.23,132.62,,,,412.0,Severe
259720,DL005,2019-12-07 17:00:00,110.5,,2.88,37.45,22.22,106.92,1.35,11.07,107.62,,,,412.0,Severe
259721,DL005,2019-12-07 18:00:00,128.5,,3.67,60.98,35.42,109.58,1.8,9.8,55.6,,,,412.0,Severe
259722,DL005,2019-12-07 19:00:00,204.75,,19.55,112.5,75.62,133.18,3.23,9.62,8.25,,193.55,,414.0,Severe
259723,DL005,2019-12-07 20:00:00,330.5,,43.45,90.17,83.33,116.67,3.48,10.5,12.23,,165.05,,418.0,Severe
259724,DL005,2019-12-07 21:00:00,306.75,,151.5,93.85,173.73,127.73,4.47,11.6,5.6,,178.03,,420.0,Severe
259725,DL005,2019-12-07 22:00:00,304.75,,114.7,79.78,135.9,124.3,3.88,10.45,5.05,,114.6,,420.0,Severe
259726,DL005,2019-12-07 23:00:00,302.25,,117.47,74.75,135.53,132.38,4.05,9.93,5.3,,,,420.0,Severe
259727,DL005,2019-12-08 00:00:00,355.75,,146.38,60.93,151.85,,4.17,9.5,6.3,,144.95,,421.0,Severe
259728,DL005,2019-12-08 01:00:00,332.0,,135.68,58.83,141.97,138.7,3.65,8.68,6.25,,129.2,,422.0,Severe
259729,DL005,2019-12-08 02:00:00,281.25,,91.12,57.4,104.88,134.25,2.75,7.75,,,105.9,,420.0,Severe
259730,DL005,2019-12-08 03:00:00,228.25,,81.9,40.2,88.1,126.0,2.5,7.6,6.45,,,,418.0,Severe
259731,DL005,2019-12-08 04:00:00,236.75,,87.55,44.48,95.1,113.7,2.6,8.62,5.78,,,,417.0,Severe
259732,DL005,2019-12-08 05:00:00,268.25,,51.98,50.08,69.05,107.15,2.4,8.57,5.12,,,,417.0,Severe
259733,DL005,2019-12-08 06:00:00,301.75,,67.03,43.67,77.78,115.6,2.53,8.9,4.97,,,,418.0,Severe
259734,DL005,2019-12-08 07:00:00,332.0,,91.8,47.23,100.03,121.4,2.88,9.6,5.38,,102.0,,419.0,Severe
259735,DL005,2019-12-08 08:00:00,372.0,,125.73,53.77,131.27,,3.58,9.72,6.38,,114.55,,420.0,Severe
259736,DL005,2019-12-08 09:00:00,451.75,,122.15,67.38,135.48,,3.52,9.9,6.2,,121.28,,422.0,Severe
259737,DL005,2019-12-08 10:00:00,437.5,,43.75,106.72,92.4,,2.88,10.1,8.18,,103.8,,423.0,Severe
259738,DL005,2019-12-08 11:00:00,418.25,,23.48,68.08,55.35,133.2,2.35,12.9,23.75,,,,425.0,Severe
259739,DL005,2019-12-08 12:00:00,347.0,,11.78,45.47,33.8,120.88,1.92,17.35,59.92,,,,424.0,Severe
259740,DL005,2019-12-08 13:00:00,253.5,,8.05,43.78,29.85,106.58,1.77,25.55,96.42,,,,423.0,Severe
259741,DL005,2019-12-08 14:00:00,195.0,,5.12,37.0,23.88,99.75,1.5,30.15,115.05,,,,424.0,Severe
259742,DL005,2019-12-08 15:00:00,123.25,,3.52,32.38,20.05,97.35,1.4,16.92,126.78,,,,423.0,Severe
259743,DL005,2019-12-08 16:00:00,98.25,,3.42,36.98,22.45,105.8,0.7,18.27,125.6,,,,423.0,Severe
259744,DL005,2019-12-08 17:00:00,104.0,,3.2,42.83,25.4,102.9,0.78,12.47,105.92,,,,423.0,Severe
259745,DL005,2019-12-08 18:00:00,120.0,,3.25,73.08,41.5,105.02,1.15,9.73,50.62,,,,423.0,Severe
259746,DL005,2019-12-08 19:00:00,167.25,,9.45,112.42,67.5,119.52,1.83,8.97,10.32,,,,421.0,Severe
259747,DL005,2019-12-08 20:00:00,249.0,,64.6,106.2,109.1,127.77,2.98,10.75,6.3,,,,419.0,Severe
259748,DL005,2019-12-08 21:00:00,321.0,,43.65,95.88,86.5,108.22,2.3,10.8,5.28,,,,419.0,Severe
259749,DL005,2019-12-08 22:00:00,265.5,,50.28,85.97,86.72,109.33,2.25,9.42,4.68,,,,418.0,Severe
259750,DL005,2019-12-08 23:00:00,269.25,,28.73,85.65,69.0,111.92,1.82,9.03,4.88,,,,417.0,Severe
259751,DL005,2019-12-09 00:00:00,273.75,,18.22,81.62,58.27,115.3,1.45,7.9,3.85,,,,414.0,Severe
259752,DL005,2019-12-09 01:00:00,213.0,,11.05,80.85,52.05,125.35,1.18,7.15,9.0,,,,410.0,Severe
259753,DL005,2019-12-09 02:00:00,208.25,,6.7,63.23,39.1,122.67,1.1,6.55,,,,,408.0,Severe
259754,DL005,2019-12-09 03:00:00,191.5,,51.0,46.7,66.4,115.1,1.5,6.6,5.2,,,,407.0,Severe
259755,DL005,2019-12-09 04:00:00,190.5,,33.03,49.1,52.98,100.02,1.4,7.1,4.67,,,,405.0,Severe
259756,DL005,2019-12-09 05:00:00,215.75,,50.83,45.15,65.47,91.83,1.5,7.85,4.55,,,,404.0,Severe
259757,DL005,2019-12-09 06:00:00,241.25,,57.55,50.58,73.85,98.17,1.7,8.33,4.52,,,,402.0,Severe
259758,DL005,2019-12-09 07:00:00,275.5,,61.67,51.6,77.72,109.25,1.9,8.55,4.47,,,,400.0,Very Poor
259759,DL005,2019-12-09 08:00:00,321.0,,113.97,60.47,125.3,120.4,2.25,8.35,4.88,,,,398.0,Very Poor
259760,DL005,2019-12-09 09:00:00,374.25,,75.9,79.68,104.08,,2.2,8.02,6.68,,,,396.0,Very Poor
259761,DL005,2019-12-09 10:00:00,380.25,,23.17,85.8,64.47,137.9,1.62,15.15,13.57,,,,394.0,Very Poor
259762,DL005,2019-12-09 11:00:00,378.0,,12.35,54.33,38.98,129.93,1.32,16.2,42.1,,,,393.0,Very Poor
259763,DL005,2019-12-09 12:00:00,299.0,,5.73,44.92,28.55,106.05,1.12,15.38,78.75,,,,391.0,Very Poor
259764,DL005,2019-12-09 13:00:00,204.0,,4.2,39.33,24.35,99.25,0.88,13.3,127.22,,,,390.0,Very Poor
259765,DL005,2019-12-09 14:00:00,164.0,,3.15,30.12,18.57,88.5,0.6,14.4,138.35,,,,389.0,Very Poor
259766,DL005,2019-12-09 15:00:00,114.0,,3.45,31.5,19.55,88.9,0.6,14.4,145.9,,,,388.0,Very Poor
259767,DL005,2019-12-09 16:00:00,113.0,,3.2,30.6,18.92,49.75,0.9,11.1,146.5,,,,389.0,Very Poor
259768,DL005,2019-12-09 17:00:00,120.0,,3.27,36.5,22.12,44.23,0.93,12.95,125.0,,150.58,,389.0,Very Poor
259769,DL005,2019-12-09 18:00:00,141.0,,4.42,93.07,53.15,42.65,1.38,9.62,32.85,,181.6,,390.0,Very Poor
259770,DL005,2019-12-09 19:00:00,181.75,,8.22,104.8,62.38,51.38,1.75,7.53,15.27,,,,391.0,Very Poor
259771,DL005,2019-12-09 20:00:00,231.5,,11.62,101.5,63.5,58.1,2.0,7.45,8.1,,,,390.0,Very Poor
259772,DL005,2019-12-09 21:00:00,267.5,,28.2,107.3,80.15,62.08,2.27,7.2,1.52,,,,388.0,Very Poor
259773,DL005,2019-12-09 22:00:00,317.25,,46.67,97.2,89.73,58.55,2.88,8.62,2.28,,,,390.0,Very Poor
259774,DL005,2019-12-09 23:00:00,369.25,,21.93,91.97,66.8,56.88,2.25,8.3,2.08,,,,393.0,Very Poor
259775,DL005,2019-12-10 00:00:00,358.0,,16.48,86.72,59.57,55.4,1.75,7.83,2.05,,,,396.0,Very Poor
259776,DL005,2019-12-10 01:00:00,344.0,,5.85,75.8,45.12,54.88,1.42,6.88,5.12,,,,400.0,Very Poor
259777,DL005,2019-12-10 02:00:00,316.25,,15.03,64.8,46.68,59.72,1.38,6.6,0.6,,121.53,,403.0,Severe
259778,DL005,2019-12-10 03:00:00,278.0,,40.8,59.7,65.1,66.3,1.5,4.0,0.73,,108.6,,406.0,Severe
259779,DL005,2019-12-10 04:00:00,283.0,,22.82,64.93,53.22,61.1,1.52,5.03,1.02,,,,409.0,Severe
259780,DL005,2019-12-10 05:00:00,293.25,,25.98,51.85,48.83,58.27,1.38,4.43,0.85,,,,412.0,Severe
259781,DL005,2019-12-10 06:00:00,292.75,,40.7,49.88,59.75,65.25,1.57,6.67,1.07,,,,413.0,Severe
259782,DL005,2019-12-10 07:00:00,332.5,,59.75,54.6,77.77,61.88,1.85,7.4,1.57,,,,415.0,Severe
259783,DL005,2019-12-10 08:00:00,342.75,,120.38,52.28,126.1,62.77,2.48,8.38,2.15,,,,416.0,Severe
259784,DL005,2019-12-10 09:00:00,392.75,,97.6,76.95,120.55,70.78,2.5,8.78,2.98,,102.1,,416.0,Severe
259785,DL005,2019-12-10 10:00:00,419.5,,55.75,106.15,101.83,76.9,2.2,10.5,4.6,,,,418.0,Severe
259786,DL005,2019-12-10 11:00:00,440.0,,19.38,86.7,61.92,79.03,1.7,12.72,30.17,,,,420.0,Severe
259787,DL005,2019-12-10 12:00:00,393.75,,6.73,55.88,35.25,72.32,1.17,13.5,74.2,,,,423.0,Severe
259788,DL005,2019-12-10 13:00:00,301.25,,3.9,40.15,24.57,67.0,0.78,12.98,118.6,,,,426.0,Severe
259789,DL005,2019-12-10 14:00:00,217.25,,3.2,31.12,19.17,65.75,0.7,11.6,144.18,,,,428.0,Severe
259790,DL005,2019-12-10 15:00:00,190.75,,3.08,26.6,16.68,57.85,0.62,10.55,158.48,,,,430.0,Severe
259791,DL005,2019-12-10 16:00:00,168.0,,2.8,23.82,14.95,52.9,0.93,10.12,158.15,,,,432.0,Severe
259792,DL005,2019-12-10 17:00:00,156.0,,2.92,34.88,20.95,48.48,1.0,9.55,125.8,,,,433.0,Severe
259793,DL005,2019-12-10 18:00:00,170.75,,4.28,101.5,57.47,52.85,1.65,8.18,30.4,,,,434.0,Severe
259794,DL005,2019-12-10 19:00:00,235.25,,6.45,113.15,65.45,65.35,1.92,6.9,13.2,,,,436.0,Severe
259795,DL005,2019-12-10 20:00:00,328.75,,39.9,115.97,94.12,77.58,3.27,6.78,3.02,,,,439.0,Severe
259796,DL005,2019-12-10 21:00:00,461.5,,71.15,104.0,113.33,84.82,5.4,7.8,5.85,,142.25,,445.0,Severe
259797,DL005,2019-12-10 22:00:00,551.5,,105.83,98.95,139.0,77.78,5.38,9.47,4.75,,195.1,,452.0,Severe
259798,DL005,2019-12-10 23:00:00,501.0,,89.15,91.1,120.97,68.53,4.97,10.2,4.8,,242.53,,457.0,Severe
259799,DL005,2019-12-11 00:00:00,440.5,,87.12,76.47,111.67,59.25,3.5,9.57,4.12,,236.23,,459.0,Severe
259800,DL005,2019-12-11 01:00:00,343.25,,65.17,68.65,89.4,56.33,2.73,8.55,86.23,,185.47,,459.0,Severe
259801,DL005,2019-12-11 02:00:00,341.5,,132.65,69.22,145.28,64.8,3.6,9.22,,,196.15,,460.0,Severe
259802,DL005,2019-12-11 03:00:00,388.25,,117.8,60.8,,77.0,3.4,8.1,47.12,,219.25,,464.0,Severe
259803,DL005,2019-12-11 04:00:00,392.0,,116.22,68.52,131.22,70.08,3.15,8.65,86.07,,224.8,,467.0,Severe
259804,DL005,2019-12-11 05:00:00,398.75,,95.62,73.35,116.97,67.35,2.6,7.83,153.5,,226.57,,471.0,Severe
259805,DL005,2019-12-11 06:00:00,388.25,,96.25,64.2,112.75,67.6,2.73,8.5,149.6,,185.45,,474.0,Severe
259806,DL005,2019-12-11 07:00:00,378.5,,151.5,59.7,155.3,62.52,3.35,10.2,108.55,,189.85,,475.0,Severe
259807,DL005,2019-12-11 08:00:00,404.0,,179.45,61.92,179.12,68.47,3.55,10.7,88.53,,189.3,,477.0,Severe
259808,DL005,2019-12-11 09:00:00,452.75,,117.38,89.47,143.32,75.4,2.67,10.53,66.65,,164.05,,479.0,Severe
259809,DL005,2019-12-11 10:00:00,435.5,,83.05,149.35,147.22,77.55,2.67,11.78,51.65,,115.15,,479.0,Severe
259810,DL005,2019-12-11 11:00:00,523.0,,53.92,164.75,131.5,88.55,2.92,19.05,67.03,,100.0,,482.0,Severe
259811,DL005,2019-12-11 12:00:00,520.5,,26.0,164.4,108.6,85.4,2.17,22.45,67.28,,117.1,,486.0,Severe
259812,DL005,2019-12-11 13:00:00,425.5,,11.85,132.32,80.25,93.12,1.9,21.7,99.0,,112.9,,490.0,Severe
259813,DL005,2019-12-11 14:00:00,414.75,,5.73,94.62,54.98,85.47,1.02,18.65,115.5,,,,496.0,Severe
259814,DL005,2019-12-11 15:00:00,281.75,,4.47,87.88,50.45,80.33,1.0,15.12,110.05,,,,499.0,Severe
259815,DL005,2019-12-11 16:00:00,292.25,,4.07,85.65,48.93,78.03,1.75,11.5,99.3,,,,503.0,Severe
259816,DL005,2019-12-11 17:00:00,299.5,,3.57,74.9,42.75,75.4,1.7,10.2,101.72,,,,508.0,Severe
259817,DL005,2019-12-11 18:00:00,317.25,,3.77,119.8,66.83,76.15,2.4,9.43,44.05,,,,513.0,Severe
259818,DL005,2019-12-11 19:00:00,387.75,,22.92,142.32,94.43,71.97,3.25,10.9,14.75,,186.15,,518.0,Severe
259819,DL005,2019-12-11 20:00:00,464.0,,32.02,124.1,92.1,71.28,4.43,9.9,11.57,,250.6,,522.0,Severe
259820,DL005,2019-12-11 21:00:00,486.75,,72.15,118.97,121.92,70.88,4.1,10.02,9.98,,227.7,,523.0,Severe
259821,DL005,2019-12-11 22:00:00,443.25,,20.75,109.72,75.38,68.65,2.78,9.77,6.5,,167.8,,519.0,Severe
259822,DL005,2019-12-11 23:00:00,413.25,,22.3,104.3,73.62,75.97,2.52,9.25,49.3,,101.4,,516.0,Severe
259823,DL005,2019-12-12 00:00:00,439.5,,8.47,94.22,57.03,87.8,2.1,9.47,20.33,,143.05,,516.0,Severe
259824,DL005,2019-12-12 01:00:00,442.5,,11.22,90.05,57.07,89.85,1.8,8.93,14.03,,154.2,,520.0,Severe
259825,DL005,2019-12-12 02:00:00,425.25,,12.22,89.22,57.42,89.83,1.6,8.97,58.7,,104.7,,522.0,Severe
259826,DL005,2019-12-12 03:00:00,397.5,,11.9,88.0,56.5,82.2,1.8,10.5,36.32,,,,523.0,Severe
259827,DL005,2019-12-12 04:00:00,421.75,,10.07,76.88,49.15,75.7,1.6,11.88,16.35,,101.3,,524.0,Severe
259828,DL005,2019-12-12 05:00:00,404.25,,4.22,61.97,36.55,68.43,1.5,11.53,6.88,,,,524.0,Severe
259829,DL005,2019-12-12 06:00:00,408.25,,4.93,64.2,38.15,64.53,1.48,11.43,2.53,,,,524.0,Severe
259830,DL005,2019-12-12 07:00:00,379.0,,6.28,63.88,39.1,67.53,1.42,11.38,1.95,,,,524.0,Severe
259831,DL005,2019-12-12 08:00:00,380.0,,12.78,66.88,45.88,80.42,1.72,11.88,1.72,,,,524.0,Severe
259832,DL005,2019-12-12 09:00:00,407.75,,14.2,68.03,47.75,83.67,1.68,12.02,8.05,,,,522.0,Severe
259833,DL005,2019-12-12 10:00:00,401.0,,10.72,69.75,45.78,84.15,1.77,12.15,10.12,,,,521.0,Severe
259834,DL005,2019-12-12 11:00:00,407.0,,14.85,85.25,57.45,81.0,2.2,15.38,17.05,,,,517.0,Severe
259835,DL005,2019-12-12 12:00:00,460.0,,10.67,86.03,54.4,71.25,1.6,20.52,48.3,,,,515.0,Severe
259836,DL005,2019-12-12 13:00:00,359.0,,5.15,60.35,36.3,68.3,1.22,17.2,83.5,,,,513.0,Severe
259837,DL005,2019-12-12 14:00:00,318.0,,3.88,53.42,31.1,68.15,0.97,17.92,103.57,,,,510.0,Severe
259838,DL005,2019-12-12 15:00:00,296.0,,3.75,47.85,28.48,69.68,0.78,14.93,108.12,,,,511.0,Severe
259839,DL005,2019-12-12 16:00:00,250.0,,3.23,41.2,24.5,66.5,1.23,11.45,109.6,,111.8,,509.0,Severe
259840,DL005,2019-12-12 17:00:00,237.0,,3.38,42.65,25.47,63.2,1.3,10.0,104.5,,115.6,,507.0,Severe
259841,DL005,2019-12-12 18:00:00,234.0,,3.25,47.18,27.77,62.95,1.35,8.0,88.38,,,,505.0,Severe
259842,DL005,2019-12-12 19:00:00,222.0,,3.75,60.02,35.03,61.4,1.73,7.7,43.97,,113.7,,499.0,Severe
259843,DL005,2019-12-12 20:00:00,252.0,,3.62,47.65,28.27,56.42,1.65,7.47,41.97,,,,492.0,Severe
259844,DL005,2019-12-12 21:00:00,266.0,,3.67,45.65,27.3,53.4,1.7,6.92,33.98,,,,485.0,Severe
259845,DL005,2019-12-12 22:00:00,256.0,,3.15,38.25,22.9,50.85,1.45,6.6,40.15,,,,479.0,Severe
259846,DL005,2019-12-12 23:00:00,196.0,,2.97,27.12,16.85,51.1,0.93,5.95,70.43,,,,472.0,Severe
259847,DL005,2019-12-13 00:00:00,130.0,,3.05,24.27,15.38,58.35,0.75,5.83,90.0,,,,463.0,Severe
259848,DL005,2019-12-13 01:00:00,103.0,,3.1,25.7,16.2,57.83,0.72,5.35,79.65,,,,452.0,Severe
259849,DL005,2019-12-13 02:00:00,114.0,,2.88,27.82,17.15,59.0,0.8,4.95,60.8,,,,442.0,Severe
259850,DL005,2019-12-13 03:00:00,106.0,,2.7,24.8,15.4,45.9,0.8,5.2,54.77,,,,432.0,Severe
259851,DL005,2019-12-13 04:00:00,108.0,,2.67,22.1,13.93,42.77,0.9,5.75,53.2,,,,422.0,Severe
259852,DL005,2019-12-13 05:00:00,105.0,,2.65,20.08,12.85,38.42,0.97,5.85,56.9,,,,413.0,Severe
259853,DL005,2019-12-13 06:00:00,100.0,,2.75,19.2,12.45,35.88,1.05,5.85,59.0,,,,403.0,Severe
259854,DL005,2019-12-13 07:00:00,91.0,,2.75,19.75,12.72,35.32,1.0,5.38,59.42,,,,394.0,Very Poor
259855,DL005,2019-12-13 08:00:00,77.0,,2.8,22.77,14.38,42.7,1.02,5.17,48.0,,,,384.0,Very Poor
259856,DL005,2019-12-13 09:00:00,72.0,,3.2,26.0,16.4,44.9,1.08,4.6,48.92,,,,373.0,Very Poor
259857,DL005,2019-12-13 10:00:00,52.0,,3.8,33.0,20.62,44.0,1.23,5.48,47.65,,,,362.0,Very Poor
259858,DL005,2019-12-13 11:00:00,64.0,,5.1,43.03,27.07,44.7,1.38,8.62,38.2,,,,351.0,Very Poor
259859,DL005,2019-12-13 12:00:00,89.0,,6.92,42.72,28.35,38.0,1.48,8.7,34.05,,,,339.0,Very Poor
259860,DL005,2019-12-13 13:00:00,85.0,,6.38,38.65,25.77,35.85,1.42,8.45,41.65,,,,330.0,Very Poor
259861,DL005,2019-12-13 14:00:00,85.0,,4.22,35.08,22.1,35.17,1.38,7.5,44.85,,,,323.0,Very Poor
259862,DL005,2019-12-13 15:00:00,88.0,,3.8,26.0,16.95,38.4,1.32,6.95,32.33,,,,316.0,Very Poor
259863,DL005,2019-12-13 16:00:00,129.0,,3.52,25.65,16.5,48.58,1.1,6.53,28.2,,,,312.0,Very Poor
259864,DL005,2019-12-13 17:00:00,141.0,,4.03,27.93,18.15,52.0,1.05,5.53,28.18,,,,309.0,Very Poor
259865,DL005,2019-12-13 18:00:00,135.0,,3.9,30.25,19.28,50.12,1.0,5.08,23.27,,,,306.0,Very Poor
259866,DL005,2019-12-13 19:00:00,121.0,,4.05,37.3,23.12,50.6,1.17,5.62,15.85,,,,303.0,Very Poor
259867,DL005,2019-12-13 20:00:00,151.0,,3.9,36.15,22.4,39.75,1.12,6.18,17.2,,,,298.0,Poor
259868,DL005,2019-12-13 21:00:00,106.0,,3.9,31.7,20.02,35.92,1.07,6.1,27.88,,,,276.0,Poor
259869,DL005,2019-12-13 22:00:00,99.0,,3.15,24.65,15.67,31.3,0.9,6.17,36.45,,,,254.0,Poor
259870,DL005,2019-12-13 23:00:00,72.0,,3.0,27.78,17.23,30.7,0.9,5.7,28.0,,,,237.0,Poor
259871,DL005,2019-12-14 00:00:00,78.0,,3.32,28.65,18.0,34.05,0.93,5.33,22.73,,,,229.0,Poor
259872,DL005,2019-12-14 01:00:00,73.0,,7.67,45.7,30.55,37.27,1.0,4.88,2.45,,,,225.0,Poor
259873,DL005,2019-12-14 02:00:00,81.0,,8.53,37.4,26.9,39.27,1.3,4.97,,,,,221.0,Poor
259874,DL005,2019-12-14 03:00:00,106.0,,16.3,28.6,28.5,33.7,1.3,5.2,3.5,,,,221.0,Poor
259875,DL005,2019-12-14 04:00:00,78.0,,22.93,28.3,33.98,31.7,1.3,6.6,3.33,,,,216.0,Poor
259876,DL005,2019-12-14 05:00:00,74.0,,6.52,27.75,20.07,27.93,1.02,6.5,5.85,,,,212.0,Poor
259877,DL005,2019-12-14 06:00:00,59.0,,4.38,25.75,17.25,30.73,1.08,7.33,8.57,,,,206.0,Poor
259878,DL005,2019-12-14 07:00:00,102.0,,6.2,29.35,20.65,31.43,1.05,6.67,9.88,,,,208.0,Poor
259879,DL005,2019-12-14 08:00:00,103.0,,3.9,29.4,18.8,31.2,1.07,6.0,12.52,,,,212.0,Poor
259880,DL005,2019-12-14 09:00:00,99.0,,8.6,39.58,28.07,34.98,1.12,5.78,7.43,,,,215.0,Poor
259881,DL005,2019-12-14 10:00:00,94.0,,7.1,33.0,23.33,30.05,0.8,6.75,20.7,,,,221.0,Poor
259882,DL005,2019-12-14 11:00:00,44.0,,4.75,21.0,15.02,28.5,0.75,7.57,37.35,,,,218.0,Poor
259883,DL005,2019-12-14 12:00:00,38.0,,4.03,19.42,13.55,26.32,0.85,7.92,50.88,,,,211.0,Poor
259884,DL005,2019-12-14 13:00:00,46.0,,3.95,19.88,13.82,25.02,0.9,8.0,56.83,,,,206.0,Poor
259885,DL005,2019-12-14 14:00:00,50.0,,4.35,22.5,15.53,25.12,1.0,7.92,67.33,,,,201.0,Poor
259886,DL005,2019-12-14 15:00:00,69.0,,4.38,26.17,17.48,26.77,1.02,7.88,77.1,,,,198.0,Moderate
259887,DL005,2019-12-14 16:00:00,81.75,,3.75,28.33,18.1,31.38,0.85,7.82,74.15,,,,192.0,Moderate
259888,DL005,2019-12-14 17:00:00,79.5,,3.65,33.23,20.62,34.03,0.8,6.47,48.67,,,,183.0,Moderate
259889,DL005,2019-12-14 18:00:00,67.0,,3.62,42.95,25.77,34.5,0.95,5.62,26.5,,,,174.0,Moderate
259890,DL005,2019-12-14 19:00:00,78.25,,10.2,64.85,42.88,35.05,1.38,5.38,2.85,,,,168.0,Moderate
259891,DL005,2019-12-14 20:00:00,112.5,,20.52,58.18,47.67,34.0,1.62,6.88,1.65,,,,162.0,Moderate
259892,DL005,2019-12-14 21:00:00,135.0,,19.98,50.35,43.02,32.12,1.45,7.15,2.05,,,,167.0,Moderate
259893,DL005,2019-12-14 22:00:00,126.75,,10.12,44.53,31.92,33.02,1.35,6.47,2.48,,,,170.0,Moderate
259894,DL005,2019-12-14 23:00:00,160.0,,10.75,42.83,31.55,36.33,1.27,6.05,2.38,,,,183.0,Moderate
259895,DL005,2019-12-15 00:00:00,156.0,,13.25,41.5,32.82,33.85,1.1,5.62,1.95,,,,193.0,Moderate
259896,DL005,2019-12-15 01:00:00,104.0,,4.93,33.03,21.6,37.03,0.9,6.05,12.9,,,,198.0,Moderate
259897,DL005,2019-12-15 02:00:00,88.25,,3.38,25.52,16.35,36.9,0.8,5.6,18.73,,,,199.0,Moderate
259898,DL005,2019-12-15 03:00:00,77.75,,3.38,24.85,15.97,34.67,0.83,5.53,13.12,,,,195.0,Moderate
259899,DL005,2019-12-15 04:00:00,81.25,,4.72,26.47,17.95,30.85,0.93,6.8,4.95,,,,195.0,Moderate
259900,DL005,2019-12-15 05:00:00,97.75,,5.82,25.62,18.4,31.6,1.05,6.82,1.83,,,,199.0,Moderate
259901,DL005,2019-12-15 06:00:00,132.75,,6.4,24.1,18.05,32.9,1.08,7.45,2.88,,,,209.0,Poor
259902,DL005,2019-12-15 07:00:00,126.25,,8.98,24.52,20.4,33.53,1.17,8.98,1.3,,,,212.0,Poor
259903,DL005,2019-12-15 08:00:00,140.0,,14.05,24.98,24.7,34.55,1.23,8.85,1.25,,,,217.0,Poor
259904,DL005,2019-12-15 09:00:00,153.5,,19.6,29.92,31.9,38.73,1.35,7.7,2.38,,,,225.0,Poor
259905,DL005,2019-12-15 10:00:00,152.25,,13.65,31.77,28.05,42.47,1.17,7.67,8.65,,,,233.0,Poor
259906,DL005,2019-12-15 11:00:00,132.0,,7.15,28.98,21.25,40.62,1.0,10.65,27.2,,,,245.0,Poor
259907,DL005,2019-12-15 12:00:00,114.25,,4.33,19.98,14.18,34.1,0.9,11.65,47.15,,,,256.0,Poor
259908,DL005,2019-12-15 13:00:00,87.0,,3.7,17.9,12.53,30.62,0.9,10.55,59.9,,,,261.0,Poor
259909,DL005,2019-12-15 14:00:00,81.0,,3.35,16.7,11.62,28.23,0.8,9.57,67.62,,,,266.0,Poor
259910,DL005,2019-12-15 15:00:00,73.75,,3.1,17.4,11.8,28.2,0.83,8.7,69.62,,,,266.0,Poor
259911,DL005,2019-12-15 16:00:00,75.25,,3.15,19.12,12.75,31.43,0.7,6.62,70.93,,,,266.0,Poor
259912,DL005,2019-12-15 17:00:00,67.25,,3.48,26.7,17.05,36.28,0.78,5.12,52.78,,,,264.0,Poor
259913,DL005,2019-12-15 18:00:00,81.75,,3.55,41.75,25.1,38.47,1.05,4.25,25.05,,,,266.0,Poor
259914,DL005,2019-12-15 19:00:00,99.75,,4.72,51.58,31.05,39.95,1.25,4.1,8.6,,,,269.0,Poor
259915,DL005,2019-12-15 20:00:00,110.0,,6.72,48.12,31.05,36.08,1.27,5.5,5.97,,,,269.0,Poor
259916,DL005,2019-12-15 21:00:00,109.5,,14.65,43.65,35.3,34.65,1.27,6.2,3.6,,,,265.0,Poor
259917,DL005,2019-12-15 22:00:00,114.0,,5.97,31.27,21.52,33.33,1.2,5.5,8.17,,,,263.0,Poor
259918,DL005,2019-12-15 23:00:00,103.75,,5.38,29.28,19.95,34.12,1.15,5.35,6.75,,,,255.0,Poor
259919,DL005,2019-12-16 00:00:00,102.5,,5.35,30.48,20.58,37.67,1.1,4.92,5.0,,,,248.0,Poor
259920,DL005,2019-12-16 01:00:00,107.5,,4.65,28.32,18.9,40.72,1.02,3.9,7.83,,,,248.0,Poor
259921,DL005,2019-12-16 02:00:00,95.75,,3.77,25.65,16.73,39.7,1.0,3.1,11.78,,,,250.0,Poor
259922,DL005,2019-12-16 03:00:00,83.5,,3.45,23.15,15.15,38.98,0.93,3.42,17.4,,,,250.0,Poor
259923,DL005,2019-12-16 04:00:00,82.5,,3.38,20.0,13.43,34.17,1.0,4.38,18.0,,,,250.0,Poor
259924,DL005,2019-12-16 05:00:00,73.5,,3.5,17.02,11.9,30.85,1.0,5.1,27.02,,,,247.0,Poor
259925,DL005,2019-12-16 06:00:00,69.0,,3.15,16.48,11.3,29.35,1.0,5.05,32.58,,,,238.0,Poor
259926,DL005,2019-12-16 07:00:00,68.25,,2.9,17.88,11.9,28.7,1.0,5.05,30.1,,,,230.0,Poor
259927,DL005,2019-12-16 08:00:00,68.25,,3.65,21.1,14.2,31.07,1.1,4.8,28.75,,,,220.0,Poor
259928,DL005,2019-12-16 09:00:00,74.25,,3.55,23.73,15.52,34.62,1.02,3.67,26.25,,,,209.0,Poor
259929,DL005,2019-12-16 10:00:00,70.0,,4.08,25.07,16.68,35.3,1.0,3.55,24.42,,,,198.0,Moderate
259930,DL005,2019-12-16 11:00:00,64.75,,4.25,26.2,17.43,36.23,1.02,3.28,21.52,,,,188.0,Moderate
259931,DL005,2019-12-16 12:00:00,72.25,,5.15,27.88,19.05,34.15,1.12,4.97,24.02,,,,183.0,Moderate
259932,DL005,2019-12-16 13:00:00,85.25,102.0,4.7,21.48,15.25,29.77,1.1,5.12,25.32,,,,182.0,Moderate
259933,DL005,2019-12-16 14:00:00,81.25,106.75,4.45,21.98,15.35,30.27,1.1,5.2,25.08,,,,182.0,Moderate
259934,DL005,2019-12-16 15:00:00,95.5,124.0,4.8,24.0,16.65,31.3,1.1,5.28,26.1,,,,185.0,Moderate
259935,DL005,2019-12-16 16:00:00,101.75,134.75,4.38,26.02,17.4,35.58,0.83,5.17,26.98,,,,189.0,Moderate
259936,DL005,2019-12-16 17:00:00,104.5,138.75,4.42,29.65,19.38,41.1,0.8,4.7,23.42,,,,194.0,Moderate
259937,DL005,2019-12-16 18:00:00,96.25,133.75,4.05,32.9,20.83,43.42,0.88,4.27,18.23,,,,196.0,Moderate
259938,DL005,2019-12-16 19:00:00,100.75,139.5,5.35,37.88,24.48,47.1,0.95,4.35,9.65,,,,196.0,Moderate
259939,DL005,2019-12-16 20:00:00,121.5,167.75,6.03,39.05,25.68,42.42,1.02,5.3,9.67,,,,198.0,Moderate
259940,DL005,2019-12-16 21:00:00,116.5,160.0,4.22,31.1,19.95,34.8,0.97,5.78,19.85,,,,199.0,Moderate
259941,DL005,2019-12-16 22:00:00,95.0,134.0,3.4,27.43,17.35,34.12,0.9,5.72,20.7,,,,196.0,Moderate
259942,DL005,2019-12-16 23:00:00,87.0,117.75,3.33,25.05,16.0,34.2,0.85,5.58,26.83,,,,194.0,Moderate
259943,DL005,2019-12-17 00:00:00,81.75,111.0,3.0,22.38,14.32,37.58,0.78,5.2,30.6,,,,191.0,Moderate
259944,DL005,2019-12-17 01:00:00,82.5,100.25,3.08,20.55,13.43,43.15,0.7,4.27,33.18,,,,188.0,Moderate
259945,DL005,2019-12-17 02:00:00,78.5,95.5,2.98,19.82,12.97,44.92,0.7,3.83,35.88,,,,185.0,Moderate
259946,DL005,2019-12-17 03:00:00,78.0,95.0,3.03,19.48,12.85,45.25,0.7,3.7,37.2,,,,185.0,Moderate
259947,DL005,2019-12-17 04:00:00,74.0,90.75,2.97,18.9,12.5,40.25,0.75,4.88,38.23,,,,183.0,Moderate
259948,DL005,2019-12-17 05:00:00,80.75,95.75,2.98,16.92,11.4,35.48,0.8,5.55,38.38,,,,184.0,Moderate
259949,DL005,2019-12-17 06:00:00,83.5,96.5,3.08,16.98,11.52,35.67,0.8,5.47,37.62,,,,186.0,Moderate
259950,DL005,2019-12-17 07:00:00,85.0,100.5,3.1,18.85,12.55,37.18,0.8,5.45,32.4,,,,189.0,Moderate
259951,DL005,2019-12-17 08:00:00,87.5,105.25,3.45,22.92,15.0,43.08,0.85,5.32,29.15,,,,191.0,Moderate
259952,DL005,2019-12-17 09:00:00,96.0,123.25,3.85,25.3,16.62,52.98,0.88,4.55,30.43,,,,194.0,Moderate
259953,DL005,2019-12-17 10:00:00,103.5,128.0,4.05,27.57,17.98,57.72,0.88,3.4,29.02,,,,199.0,Moderate
259954,DL005,2019-12-17 11:00:00,112.75,146.75,4.28,28.4,18.6,59.18,0.83,3.42,27.85,,,,206.0,Poor
259955,DL005,2019-12-17 12:00:00,98.5,139.0,4.3,24.7,16.65,52.33,0.9,4.9,29.35,,,,209.0,Poor
259956,DL005,2019-12-17 13:00:00,94.0,136.0,4.83,23.52,16.45,46.35,0.97,5.75,31.38,,,,211.0,Poor
259957,DL005,2019-12-17 14:00:00,111.0,160.0,4.4,22.95,15.8,47.55,0.95,6.25,33.28,,,,215.0,Poor
259958,DL005,2019-12-17 15:00:00,106.0,145.0,4.28,23.35,15.93,48.27,0.95,5.43,35.4,,,,216.0,Poor
259959,DL005,2019-12-17 16:00:00,100.0,144.0,4.68,27.9,18.65,59.83,0.83,4.75,31.5,,,,216.0,Poor
259960,DL005,2019-12-17 17:00:00,121.0,174.0,4.78,35.58,22.83,73.73,0.85,4.42,28.55,,,,218.0,Poor
259961,DL005,2019-12-17 18:00:00,124.0,169.0,4.1,38.02,23.6,75.0,0.88,3.62,27.0,,,,222.0,Poor
259962,DL005,2019-12-17 19:00:00,129.0,185.0,6.45,49.35,31.55,73.2,1.07,3.5,7.72,,,,226.0,Poor
259963,DL005,2019-12-17 20:00:00,144.0,212.0,36.05,55.62,59.0,63.67,1.5,4.35,1.9,,,,229.0,Poor
259964,DL005,2019-12-17 21:00:00,169.0,284.0,67.08,49.2,81.15,58.65,2.05,6.28,1.9,,,,236.0,Poor
259965,DL005,2019-12-17 22:00:00,208.0,329.0,82.55,47.35,92.33,61.75,2.17,7.1,1.57,,,,252.0,Poor
259966,DL005,2019-12-17 23:00:00,216.0,371.0,37.55,40.57,52.15,59.65,1.48,6.6,0.95,,,,270.0,Poor
259967,DL005,2019-12-18 00:00:00,197.0,273.0,28.72,42.6,46.1,62.75,1.35,7.4,1.18,,,,286.0,Poor
259968,DL005,2019-12-18 01:00:00,179.0,278.0,16.85,46.55,38.4,73.12,1.18,7.05,0.93,,,,299.0,Poor
259969,DL005,2019-12-18 02:00:00,188.0,280.0,6.7,43.75,28.73,67.78,0.93,5.38,2.22,,,,303.0,Very Poor
259970,DL005,2019-12-18 03:00:00,152.0,230.0,5.55,40.88,26.27,71.7,0.85,4.92,5.12,,,,306.0,Very Poor
259971,DL005,2019-12-18 04:00:00,168.0,273.0,4.3,35.25,22.27,65.12,0.8,5.4,20.85,,,,309.0,Very Poor
259972,DL005,2019-12-18 05:00:00,163.0,249.0,3.7,29.65,18.8,48.38,0.78,5.88,37.28,,,,311.0,Very Poor
259973,DL005,2019-12-18 06:00:00,112.0,175.0,4.3,27.03,17.85,48.27,0.72,5.7,42.7,,,,312.0,Very Poor
259974,DL005,2019-12-18 07:00:00,117.0,167.0,3.82,28.12,18.1,48.05,0.8,5.97,40.88,,,,313.0,Very Poor
259975,DL005,2019-12-18 08:00:00,133.0,177.0,3.75,31.12,19.6,50.92,0.8,5.75,37.42,,,,315.0,Very Poor
259976,DL005,2019-12-18 09:00:00,144.0,189.0,3.97,32.78,20.65,58.15,0.8,4.2,37.62,,,,316.0,Very Poor
259977,DL005,2019-12-18 10:00:00,150.0,186.0,4.75,31.07,20.4,57.52,0.85,3.92,40.4,,,,318.0,Very Poor
259978,DL005,2019-12-18 11:00:00,152.0,182.0,4.6,28.05,18.65,54.4,0.7,4.1,47.5,,,,319.0,Very Poor
259979,DL005,2019-12-18 12:00:00,128.0,144.0,4.15,27.62,18.07,50.8,0.75,5.25,55.4,,,,320.0,Very Poor
259980,DL005,2019-12-18 13:00:00,129.0,146.0,4.12,25.02,16.7,43.08,0.83,5.9,70.35,,,,321.0,Very Poor
259981,DL005,2019-12-18 14:00:00,130.0,157.0,3.83,25.02,16.45,42.35,0.9,6.28,82.05,,,,322.0,Very Poor
259982,DL005,2019-12-18 15:00:00,123.0,169.0,3.83,24.73,16.3,41.6,0.9,6.38,93.55,,,,322.0,Very Poor
259983,DL005,2019-12-18 16:00:00,129.0,162.0,3.62,25.6,16.57,43.67,0.9,6.05,95.42,,,,323.0,Very Poor
259984,DL005,2019-12-18 17:00:00,139.0,169.0,3.57,34.67,21.38,56.9,0.9,5.32,76.12,,,,324.0,Very Poor
259985,DL005,2019-12-18 18:00:00,144.0,215.0,4.2,41.8,25.65,69.45,0.95,4.8,63.0,,125.48,,324.0,Very Poor
259986,DL005,2019-12-18 19:00:00,189.0,299.0,3.6,48.12,28.55,67.05,1.1,4.72,39.05,,143.05,,326.0,Very Poor
259987,DL005,2019-12-18 20:00:00,204.0,316.0,13.03,62.67,43.95,63.48,1.7,5.1,4.33,,157.15,,328.0,Very Poor
259988,DL005,2019-12-18 21:00:00,246.0,398.0,35.02,56.17,58.35,54.88,2.28,6.7,2.88,,134.0,,331.0,Very Poor
259989,DL005,2019-12-18 22:00:00,293.0,475.0,55.95,53.12,73.85,58.62,2.53,7.85,2.92,,140.18,,333.0,Very Poor
259990,DL005,2019-12-18 23:00:00,328.0,559.0,38.7,47.9,57.12,58.27,1.88,7.1,2.08,,139.97,,337.0,Very Poor
259991,DL005,2019-12-19 00:00:00,251.0,460.0,15.52,42.9,35.33,57.35,1.35,6.23,1.45,,,,339.0,Very Poor
259992,DL005,2019-12-19 01:00:00,227.0,389.0,19.25,41.3,37.68,67.55,1.2,5.85,0.47,,,,340.0,Very Poor
259993,DL005,2019-12-19 02:00:00,207.0,359.0,20.85,40.4,38.5,73.2,1.15,5.1,1.0,,,,341.0,Very Poor
259994,DL005,2019-12-19 03:00:00,204.0,356.0,18.33,39.17,35.8,69.97,1.08,4.25,1.05,,,,343.0,Very Poor
259995,DL005,2019-12-19 04:00:00,178.0,313.0,14.97,37.53,32.15,65.78,1.0,4.45,1.2,,,,343.0,Very Poor
259996,DL005,2019-12-19 05:00:00,222.0,346.0,15.12,30.73,28.65,51.92,1.02,6.25,1.45,,,,345.0,Very Poor
259997,DL005,2019-12-19 06:00:00,180.0,278.0,20.93,27.1,31.48,48.73,1.02,6.55,0.93,,,,347.0,Very Poor
259998,DL005,2019-12-19 07:00:00,173.0,257.0,21.52,25.5,31.07,47.57,1.12,6.47,1.52,,,,349.0,Very Poor
259999,DL005,2019-12-19 08:00:00,190.0,289.0,30.88,26.68,39.38,48.55,1.5,6.55,3.0,,,,351.0,Very Poor
260000,DL005,2019-12-19 09:00:00,252.0,403.0,43.33,30.43,51.48,56.25,1.47,6.88,5.65,,,,354.0,Very Poor
260001,DL005,2019-12-19 10:00:00,224.0,301.0,38.27,31.98,48.2,54.8,1.5,5.65,22.02,,,,356.0,Very Poor
260002,DL005,2019-12-19 11:00:00,199.0,250.0,38.08,38.52,51.55,56.4,1.7,5.33,24.65,,,,358.0,Very Poor
260003,DL005,2019-12-19 12:00:00,235.0,342.0,34.15,53.88,56.68,62.65,2.0,6.75,21.35,,164.4,,361.0,Very Poor
260004,DL005,2019-12-19 13:00:00,338.0,532.0,27.5,49.73,48.88,55.95,1.8,8.62,17.18,,177.35,,368.0,Very Poor
260005,DL005,2019-12-19 14:00:00,370.0,486.0,16.5,48.5,39.27,58.3,1.67,8.73,19.62,,124.9,,376.0,Very Poor
260006,DL005,2019-12-19 15:00:00,368.0,483.0,7.97,42.2,28.95,63.97,1.5,8.88,48.2,,,,384.0,Very Poor
260007,DL005,2019-12-19 16:00:00,410.0,549.0,5.45,36.73,23.98,68.92,1.52,6.95,62.2,,,,393.0,Very Poor
260008,DL005,2019-12-19 17:00:00,396.0,527.0,4.65,40.55,25.35,87.03,1.52,5.85,54.75,,,,401.0,Severe
260009,DL005,2019-12-19 18:00:00,383.0,528.0,4.12,42.8,26.12,93.72,1.8,4.5,28.08,,,,409.0,Severe
260010,DL005,2019-12-19 19:00:00,421.0,587.0,10.58,48.85,34.68,99.0,2.88,4.57,8.9,,119.57,,416.0,Severe
260011,DL005,2019-12-19 20:00:00,549.0,808.0,44.88,50.23,63.3,94.9,4.0,5.85,9.07,,117.92,,427.0,Severe
260012,DL005,2019-12-19 21:00:00,552.0,851.0,57.5,45.08,70.85,81.72,4.57,8.1,5.43,,114.45,,437.0,Severe
260013,DL005,2019-12-19 22:00:00,556.0,818.0,28.4,35.15,41.9,72.05,2.8,7.0,4.92,,134.75,,445.0,Severe
260014,DL005,2019-12-19 23:00:00,458.0,646.0,20.78,29.15,32.5,66.78,2.25,6.23,4.65,,,,449.0,Severe
260015,DL005,2019-12-20 00:00:00,398.0,571.0,23.4,28.9,34.4,63.2,2.0,6.2,3.6,,,,454.0,Severe
260016,DL005,2019-12-20 01:00:00,376.0,555.0,8.8,31.88,24.12,71.4,1.6,5.38,3.8,,,,459.0,Severe
260017,DL005,2019-12-20 02:00:00,360.0,516.0,5.55,30.73,20.88,74.55,1.5,4.45,3.77,,,,466.0,Severe
260018,DL005,2019-12-20 03:00:00,273.0,405.0,4.93,28.77,19.35,72.28,1.38,3.33,5.0,,,,469.0,Severe
260019,DL005,2019-12-20 04:00:00,235.0,324.0,4.22,26.75,17.7,70.22,1.3,3.03,6.27,,,,469.0,Severe
260020,DL005,2019-12-20 05:00:00,212.0,288.0,4.35,23.45,16.02,57.08,1.4,4.65,4.75,,,,468.0,Severe
260021,DL005,2019-12-20 06:00:00,195.0,267.0,4.88,22.35,15.87,51.7,1.57,4.58,2.7,,,,468.0,Severe
260022,DL005,2019-12-20 07:00:00,215.0,284.0,7.17,21.98,17.55,52.65,1.62,5.08,1.85,,,,469.0,Severe
260023,DL005,2019-12-20 08:00:00,229.0,322.0,7.25,21.62,17.45,51.0,1.52,4.92,2.25,,,,471.0,Severe
260024,DL005,2019-12-20 09:00:00,223.0,328.0,7.55,22.48,18.1,56.6,1.38,4.67,2.97,,,,470.0,Severe
260025,DL005,2019-12-20 10:00:00,216.0,339.0,7.98,23.6,19.08,62.38,1.32,3.55,5.57,,,,469.0,Severe
260026,DL005,2019-12-20 11:00:00,232.0,370.0,9.18,27.5,22.12,66.5,1.48,3.75,6.1,,,,473.0,Severe
260027,DL005,2019-12-20 12:00:00,277.0,450.0,9.3,28.1,22.52,66.85,1.38,4.42,8.0,,127.3,,479.0,Severe
260028,DL005,2019-12-20 13:00:00,335.0,481.0,7.47,24.77,19.27,58.95,1.42,6.72,18.62,,110.67,,476.0,Severe
260029,DL005,2019-12-20 14:00:00,394.0,522.0,5.8,20.55,15.67,52.0,1.18,7.35,32.95,,112.65,,478.0,Severe
260030,DL005,2019-12-20 15:00:00,344.0,423.0,5.45,17.3,13.6,54.92,1.25,7.33,41.62,,,,475.0,Severe
260031,DL005,2019-12-20 16:00:00,403.0,505.0,4.47,17.88,13.18,57.9,1.52,9.03,52.32,,,,473.0,Severe
260032,DL005,2019-12-20 17:00:00,407.0,505.0,5.08,21.4,15.53,71.0,1.58,11.5,39.75,,,,472.0,Severe
260033,DL005,2019-12-20 18:00:00,476.0,611.0,5.15,22.48,16.15,77.28,1.65,6.97,16.55,,,,476.0,Severe
260034,DL005,2019-12-20 19:00:00,373.0,500.0,6.38,22.3,17.08,79.4,1.75,6.1,4.75,,,,473.0,Severe
260035,DL005,2019-12-20 20:00:00,365.0,525.0,8.73,21.43,18.48,77.72,1.9,5.25,1.88,,,,467.0,Severe
260036,DL005,2019-12-20 21:00:00,345.0,508.0,10.47,17.32,17.75,67.83,2.58,6.47,2.3,,,,461.0,Severe
260037,DL005,2019-12-20 22:00:00,388.0,581.0,15.62,12.93,19.65,62.22,2.67,7.2,1.67,,,,455.0,Severe
260038,DL005,2019-12-20 23:00:00,407.0,608.0,15.38,10.5,18.12,52.8,2.18,6.3,0.8,,,,454.0,Severe
260039,DL005,2019-12-21 00:00:00,272.0,340.0,12.1,10.03,15.2,50.88,2.0,6.1,1.0,,,,450.0,Severe
260040,DL005,2019-12-21 01:00:00,239.0,320.0,9.05,10.43,12.9,54.15,1.75,5.83,0.18,,,,445.0,Severe
260041,DL005,2019-12-21 02:00:00,239.0,371.0,7.55,10.73,11.85,59.5,1.5,4.5,0.6,,,,441.0,Severe
260042,DL005,2019-12-21 03:00:00,233.0,339.0,8.05,11.03,12.43,61.6,1.5,4.83,0.47,,,,440.0,Severe
260043,DL005,2019-12-21 04:00:00,277.0,420.0,6.75,9.75,10.7,61.95,,4.67,0.97,,,,442.0,Severe
260044,DL005,2019-12-21 05:00:00,215.0,365.0,5.62,7.95,8.82,52.05,1.1,4.88,3.6,,,,442.0,Severe
260045,DL005,2019-12-21 06:00:00,171.0,301.0,5.15,6.53,7.62,45.5,1.1,5.28,2.55,,,,441.0,Severe
260046,DL005,2019-12-21 07:00:00,158.0,269.0,5.22,5.3,7.08,44.67,1.1,5.15,2.27,,,,439.0,Severe
260047,DL005,2019-12-21 08:00:00,153.0,250.0,6.15,4.15,7.22,47.73,1.1,5.35,3.42,,,,437.0,Severe
260048,DL005,2019-12-21 09:00:00,166.0,256.0,5.75,5.62,7.7,63.88,1.15,4.53,3.3,,,,435.0,Severe
260049,DL005,2019-12-21 10:00:00,179.0,290.0,6.28,6.42,8.57,86.8,,3.88,4.15,,,,434.0,Severe
260050,DL005,2019-12-21 11:00:00,175.0,331.0,6.2,5.4,7.95,90.5,0.85,3.17,6.08,,,,432.0,Severe
260051,DL005,2019-12-21 12:00:00,193.0,312.0,4.27,96.68,54.97,90.4,0.9,2.27,6.33,,,,429.0,Severe
260052,DL005,2019-12-21 13:00:00,221.0,293.0,7.72,81.72,49.78,78.85,0.93,4.72,10.25,,,,425.0,Severe
260053,DL005,2019-12-21 14:00:00,233.0,302.0,6.98,51.62,33.17,77.75,0.88,4.92,16.53,,,,420.0,Severe
260054,DL005,2019-12-21 15:00:00,235.0,278.0,5.33,47.85,29.8,71.42,0.83,4.88,22.27,,,,417.0,Severe
260055,DL005,2019-12-21 16:00:00,224.0,280.0,4.6,43.95,27.12,71.92,1.38,6.58,33.52,,,,411.0,Severe
260056,DL005,2019-12-21 17:00:00,235.0,288.0,4.0,55.0,32.5,87.95,1.33,5.47,33.25,,,,406.0,Severe
260057,DL005,2019-12-21 18:00:00,221.0,289.0,6.7,75.2,45.53,101.03,1.48,5.0,11.45,,,,397.0,Very Poor
260058,DL005,2019-12-21 19:00:00,199.0,290.0,42.8,88.43,81.65,96.25,2.05,5.2,2.33,,,,392.0,Very Poor
260059,DL005,2019-12-21 20:00:00,250.0,398.0,25.42,80.75,63.62,93.83,1.95,4.6,1.77,,,,388.0,Very Poor
260060,DL005,2019-12-21 21:00:00,246.0,368.0,9.3,63.33,41.28,75.17,1.75,4.8,2.02,,,,385.0,Very Poor
260061,DL005,2019-12-21 22:00:00,224.0,307.0,21.65,57.47,48.23,66.4,1.88,6.28,0.8,,,,380.0,Very Poor
260062,DL005,2019-12-21 23:00:00,245.0,339.0,20.98,50.75,44.08,62.75,1.68,5.57,0.82,,,,374.0,Very Poor
260063,DL005,2019-12-22 00:00:00,194.0,269.0,21.53,45.7,41.85,60.03,1.52,5.88,0.88,,,,372.0,Very Poor
260064,DL005,2019-12-22 01:00:00,183.0,262.0,18.9,45.65,40.15,63.55,1.6,5.62,0.42,,,,370.0,Very Poor
260065,DL005,2019-12-22 02:00:00,250.0,309.0,15.2,42.62,34.55,67.3,1.45,4.75,0.53,,,,371.0,Very Poor
260066,DL005,2019-12-22 03:00:00,138.0,171.0,8.98,41.58,29.45,66.3,1.35,3.85,0.72,,,,367.0,Very Poor
260067,DL005,2019-12-22 04:00:00,128.0,155.0,5.33,40.9,26.08,64.72,1.3,3.45,3.0,,,,363.0,Very Poor
260068,DL005,2019-12-22 05:00:00,138.0,217.0,3.45,35.0,21.4,59.48,1.2,4.18,12.85,,,,360.0,Very Poor
260069,DL005,2019-12-22 06:00:00,111.0,147.0,3.17,32.05,19.65,50.67,1.2,4.67,11.7,,,,358.0,Very Poor
260070,DL005,2019-12-22 07:00:00,102.0,127.0,3.4,35.67,21.75,51.4,1.25,4.72,10.82,,,,357.0,Very Poor
260071,DL005,2019-12-22 08:00:00,102.0,130.0,3.38,37.15,22.5,54.1,1.2,5.0,16.15,,,,355.0,Very Poor
260072,DL005,2019-12-22 09:00:00,111.0,146.0,3.95,39.12,24.03,62.0,1.17,4.3,16.43,,,,353.0,Very Poor
260073,DL005,2019-12-22 10:00:00,111.0,158.0,4.65,43.1,26.73,75.05,1.15,4.07,17.07,,,,351.0,Very Poor
260074,DL005,2019-12-22 11:00:00,116.0,161.0,5.0,49.95,30.62,79.43,1.12,3.33,15.9,,,,349.0,Very Poor
260075,DL005,2019-12-22 12:00:00,117.0,145.0,4.67,44.33,27.38,79.1,1.17,3.73,18.68,,,,347.0,Very Poor
260076,DL005,2019-12-22 13:00:00,125.0,150.0,4.45,38.52,24.1,72.95,1.15,4.28,25.3,,,,344.0,Very Poor
260077,DL005,2019-12-22 14:00:00,132.0,152.0,4.67,37.75,23.9,61.45,1.3,5.25,28.23,,,,340.0,Very Poor
260078,DL005,2019-12-22 15:00:00,158.0,186.0,4.65,40.0,25.07,61.95,1.4,5.78,28.95,,,,338.0,Very Poor
260079,DL005,2019-12-22 16:00:00,188.0,227.0,4.7,38.17,24.15,59.52,1.1,5.82,32.85,,,,337.0,Very Poor
260080,DL005,2019-12-22 17:00:00,151.0,182.0,4.17,41.2,25.25,64.9,1.12,5.15,33.35,,,,334.0,Very Poor
260081,DL005,2019-12-22 18:00:00,157.0,200.0,3.88,52.23,30.95,75.55,1.27,4.53,23.3,,,,332.0,Very Poor
260082,DL005,2019-12-22 19:00:00,183.0,249.0,5.6,63.15,38.17,74.65,1.55,4.28,7.25,,,,331.0,Very Poor
260083,DL005,2019-12-22 20:00:00,216.0,307.0,6.75,62.42,38.7,70.9,1.6,3.73,6.38,,,,330.0,Very Poor
260084,DL005,2019-12-22 21:00:00,219.0,309.0,6.7,57.05,35.8,64.55,1.58,5.65,6.72,,121.4,,329.0,Very Poor
260085,DL005,2019-12-22 22:00:00,227.0,312.0,4.03,39.67,24.35,46.03,1.2,5.9,20.82,,,,330.0,Very Poor
260086,DL005,2019-12-22 23:00:00,158.0,207.0,3.67,36.25,22.27,45.98,1.12,5.72,21.2,,,,327.0,Very Poor
260087,DL005,2019-12-23 00:00:00,153.0,195.0,3.17,32.98,20.15,45.55,1.02,5.7,26.03,,,,325.0,Very Poor
260088,DL005,2019-12-23 01:00:00,150.0,186.0,3.3,32.4,19.93,45.83,0.97,4.93,26.95,,,,324.0,Very Poor
260089,DL005,2019-12-23 02:00:00,143.0,182.0,3.15,32.2,19.7,55.53,0.9,4.58,30.15,,,,321.0,Very Poor
260090,DL005,2019-12-23 03:00:00,141.0,161.0,2.88,32.4,19.6,59.4,0.97,3.17,27.97,,,,321.0,Very Poor
260091,DL005,2019-12-23 04:00:00,134.0,167.0,2.9,31.83,19.32,59.62,0.95,2.77,28.28,,,,321.0,Very Poor
260092,DL005,2019-12-23 05:00:00,151.0,177.0,2.95,29.55,18.15,56.45,0.95,3.8,33.08,,,,322.0,Very Poor
260093,DL005,2019-12-23 06:00:00,144.0,167.0,2.77,27.9,17.1,46.05,1.0,5.1,33.3,,,,323.0,Very Poor
260094,DL005,2019-12-23 07:00:00,144.0,180.0,2.8,28.82,17.62,43.95,1.02,5.2,31.5,,,,324.0,Very Poor
260095,DL005,2019-12-23 08:00:00,138.0,172.0,3.17,31.18,19.15,44.07,1.1,5.32,25.45,,,,325.0,Very Poor
260096,DL005,2019-12-23 09:00:00,143.0,177.0,4.28,34.83,22.05,45.15,1.15,5.1,19.6,,,,326.0,Very Poor
260097,DL005,2019-12-23 10:00:00,169.0,219.0,5.05,36.2,23.38,53.05,1.1,4.65,19.9,,,,328.0,Very Poor
260098,DL005,2019-12-23 11:00:00,164.0,215.0,4.92,35.1,22.65,54.47,1.05,3.65,17.15,,,,330.0,Very Poor
260099,DL005,2019-12-23 12:00:00,153.0,205.0,7.75,39.2,27.15,54.83,1.12,3.2,15.27,,,,331.0,Very Poor
260100,DL005,2019-12-23 13:00:00,191.0,233.0,5.95,35.35,23.65,52.38,1.05,4.03,20.6,,,,333.0,Very Poor
260101,DL005,2019-12-23 14:00:00,156.0,188.0,5.95,32.58,22.17,41.83,1.1,5.2,23.7,,,,334.0,Very Poor
260102,DL005,2019-12-23 15:00:00,155.0,186.0,5.8,32.33,21.93,42.2,1.12,5.7,26.82,,,,334.0,Very Poor
260103,DL005,2019-12-23 16:00:00,150.0,188.0,4.95,31.52,20.83,42.4,1.1,5.45,28.3,,,,332.0,Very Poor
260104,DL005,2019-12-23 17:00:00,140.0,171.0,5.4,37.85,24.53,43.77,1.12,5.38,19.25,,,,332.0,Very Poor
260105,DL005,2019-12-23 18:00:00,163.5,221.0,6.32,48.5,30.98,52.95,1.25,4.28,10.47,,,,332.0,Very Poor
260106,DL005,2019-12-23 19:00:00,179.5,261.25,19.82,59.6,47.85,56.15,1.6,3.77,1.4,,,,332.0,Very Poor
260107,DL005,2019-12-23 20:00:00,204.25,339.25,13.5,57.62,41.62,56.95,1.55,4.28,4.08,,133.18,,332.0,Very Poor
260108,DL005,2019-12-23 21:00:00,204.75,347.75,7.73,51.03,33.45,52.95,1.52,4.47,2.12,,183.15,,331.0,Very Poor
260109,DL005,2019-12-23 22:00:00,244.5,365.25,38.7,46.0,56.08,42.95,2.62,6.78,2.58,,155.65,,332.0,Very Poor
260110,DL005,2019-12-23 23:00:00,360.5,522.0,88.67,41.7,94.53,42.88,3.5,7.85,3.5,,131.7,,338.0,Very Poor
260111,DL005,2019-12-24 00:00:00,414.75,617.75,100.75,38.25,102.47,43.95,3.48,8.43,3.5,,121.97,,347.0,Very Poor
260112,DL005,2019-12-24 01:00:00,367.0,525.0,74.55,37.75,80.85,45.05,2.6,8.03,25.02,,,,354.0,Very Poor
260113,DL005,2019-12-24 02:00:00,292.5,419.0,64.85,41.25,74.85,47.65,1.88,7.45,16.85,,,,358.0,Very Poor
260114,DL005,2019-12-24 03:00:00,215.0,366.25,31.7,50.62,52.72,51.75,1.4,5.72,3.15,,,,361.0,Very Poor
260115,DL005,2019-12-24 04:00:00,194.25,376.75,31.93,49.5,52.4,51.98,1.42,4.62,1.93,,,,363.0,Very Poor
260116,DL005,2019-12-24 05:00:00,191.75,365.0,5.85,56.4,34.73,54.9,1.2,3.95,2.33,,,,364.0,Very Poor
260117,DL005,2019-12-24 06:00:00,182.25,345.75,3.75,55.35,32.5,45.7,1.2,5.47,3.17,,,,365.0,Very Poor
260118,DL005,2019-12-24 07:00:00,183.5,331.75,3.68,57.5,33.55,44.85,1.2,5.7,4.22,,,,367.0,Very Poor
260119,DL005,2019-12-24 08:00:00,188.5,328.0,4.6,55.22,33.15,46.02,1.23,5.9,4.7,,,,368.0,Very Poor
260120,DL005,2019-12-24 09:00:00,200.25,324.0,5.78,45.6,28.98,45.92,1.23,5.33,6.45,,,,370.0,Very Poor
260121,DL005,2019-12-24 10:00:00,205.0,311.5,7.22,42.83,28.65,53.25,1.1,4.75,7.92,,,,371.0,Very Poor
260122,DL005,2019-12-24 11:00:00,211.75,306.5,7.47,42.2,28.55,57.62,1.12,3.98,11.72,,,,373.0,Very Poor
260123,DL005,2019-12-24 12:00:00,234.25,312.5,10.62,47.88,34.15,57.27,1.25,3.45,14.92,,,,375.0,Very Poor
260124,DL005,2019-12-24 13:00:00,274.75,381.5,11.15,53.42,37.48,56.15,1.25,4.43,25.83,,129.5,,378.0,Very Poor
260125,DL005,2019-12-24 14:00:00,288.25,424.25,8.27,46.33,31.4,47.55,1.2,6.32,39.85,,118.7,,382.0,Very Poor
260126,DL005,2019-12-24 15:00:00,270.25,377.25,5.88,45.07,28.75,44.48,1.2,6.57,58.3,,,,386.0,Very Poor
260127,DL005,2019-12-24 16:00:00,282.75,382.5,4.45,47.25,28.75,44.42,1.4,5.72,72.45,,,,390.0,Very Poor
260128,DL005,2019-12-24 17:00:00,289.75,388.0,3.92,50.25,29.95,41.9,1.35,5.15,48.8,,,,395.0,Very Poor
260129,DL005,2019-12-24 18:00:00,258.5,378.0,7.25,68.7,42.45,47.75,1.55,4.42,11.65,,,,398.0,Very Poor
260130,DL005,2019-12-24 19:00:00,267.5,432.5,34.1,74.97,67.62,51.65,2.05,3.88,1.52,,,,401.0,Severe
260131,DL005,2019-12-24 20:00:00,298.75,476.0,49.33,69.47,77.2,54.05,2.17,3.98,1.67,,,,404.0,Severe
260132,DL005,2019-12-24 21:00:00,327.75,531.0,75.82,61.0,93.73,50.48,2.7,4.4,1.65,,,,408.0,Severe
260133,DL005,2019-12-24 22:00:00,414.25,636.75,93.32,63.88,109.82,41.92,2.83,6.93,1.85,,,,413.0,Severe
260134,DL005,2019-12-24 23:00:00,381.75,582.5,48.42,45.65,63.65,40.05,2.17,7.05,1.27,,,,414.0,Severe
260135,DL005,2019-12-25 00:00:00,299.5,440.75,41.7,44.78,57.88,37.15,1.92,6.53,3.65,,,,410.0,Severe
260136,DL005,2019-12-25 01:00:00,252.25,335.5,15.63,41.03,34.62,36.25,1.58,5.75,1.35,,,,407.0,Severe
260137,DL005,2019-12-25 02:00:00,178.25,243.25,3.93,33.9,21.23,36.6,1.0,4.95,4.6,,,,403.0,Severe
260138,DL005,2019-12-25 03:00:00,120.5,204.75,3.05,29.88,18.42,38.17,0.72,3.45,12.38,,,,400.0,Very Poor
260139,DL005,2019-12-25 04:00:00,106.75,203.5,2.95,29.4,18.05,39.25,0.7,2.5,16.45,,,,397.0,Very Poor
260140,DL005,2019-12-25 05:00:00,105.0,199.25,3.0,29.9,18.35,39.67,0.7,2.3,18.1,,,,394.0,Very Poor
260141,DL005,2019-12-25 06:00:00,101.5,187.75,3.08,27.7,17.25,35.83,0.8,4.05,19.3,,,,392.0,Very Poor
260142,DL005,2019-12-25 07:00:00,99.0,172.25,3.42,27.73,17.55,33.62,0.8,5.05,17.5,,,,389.0,Very Poor
260143,DL005,2019-12-25 08:00:00,94.5,151.0,3.77,28.27,18.12,32.72,0.8,4.85,17.75,,,,386.0,Very Poor
260144,DL005,2019-12-25 09:00:00,91.0,147.25,3.83,29.02,18.52,33.2,0.8,4.72,21.95,,,,382.0,Very Poor
260145,DL005,2019-12-25 10:00:00,98.75,179.0,4.83,38.05,24.18,37.48,0.8,3.88,18.1,,,,379.0,Very Poor
260146,DL005,2019-12-25 11:00:00,118.75,203.0,6.05,38.4,25.35,42.38,0.83,3.03,17.1,,,,376.0,Very Poor
260147,DL005,2019-12-25 12:00:00,138.0,211.5,7.15,35.8,24.88,44.73,0.8,2.22,18.02,,,,373.0,Very Poor
260148,DL005,2019-12-25 13:00:00,144.5,208.5,6.57,34.27,23.62,47.08,0.8,2.42,20.03,,,,369.0,Very Poor
260149,DL005,2019-12-25 14:00:00,145.75,204.5,5.97,31.58,21.7,42.38,0.8,4.75,27.12,,,,364.0,Very Poor
260150,DL005,2019-12-25 15:00:00,153.0,215.5,5.75,29.93,20.62,38.85,0.9,5.33,30.3,,,,361.0,Very Poor
260151,DL005,2019-12-25 16:00:00,178.5,246.0,5.38,32.15,21.48,38.95,1.02,5.5,32.5,,,,357.0,Very Poor
260152,DL005,2019-12-25 17:00:00,184.25,256.0,5.67,37.65,24.62,40.4,1.1,5.17,23.5,,,,354.0,Very Poor
260153,DL005,2019-12-25 18:00:00,190.25,273.5,5.72,44.05,28.12,46.83,1.1,4.45,14.9,,,,352.0,Very Poor
260154,DL005,2019-12-25 19:00:00,200.25,290.75,5.55,49.0,30.58,53.35,1.17,3.03,11.57,,,,349.0,Very Poor
260155,DL005,2019-12-25 20:00:00,218.25,304.25,13.9,56.2,41.12,52.9,1.35,2.72,3.55,,,,347.0,Very Poor
260156,DL005,2019-12-25 21:00:00,247.0,350.5,37.52,53.62,59.15,53.77,1.65,3.38,1.18,,,,344.0,Very Poor
260157,DL005,2019-12-25 22:00:00,260.75,406.0,69.92,51.58,84.6,45.6,2.08,6.17,1.58,,,,339.0,Very Poor
260158,DL005,2019-12-25 23:00:00,269.25,458.5,28.35,42.92,45.83,44.25,1.7,6.67,1.38,,,,336.0,Very Poor
260159,DL005,2019-12-26 00:00:00,256.5,425.5,7.05,41.72,27.82,42.08,1.3,6.6,4.97,,,,334.0,Very Poor
260160,DL005,2019-12-26 01:00:00,181.25,330.5,3.27,36.55,22.12,39.92,1.05,6.22,15.68,,,,332.0,Very Poor
260161,DL005,2019-12-26 02:00:00,159.0,298.5,3.12,36.5,21.93,43.97,1.0,4.95,19.77,,,,331.0,Very Poor
260162,DL005,2019-12-26 03:00:00,163.75,285.5,2.7,34.78,20.7,52.62,1.0,3.35,23.25,,,,333.0,Very Poor
260163,DL005,2019-12-26 04:00:00,171.0,274.75,2.72,32.95,19.73,55.93,0.9,2.22,28.9,,,,335.0,Very Poor
260164,DL005,2019-12-26 05:00:00,176.25,264.5,3.05,31.5,19.25,55.05,0.9,1.88,31.05,,,,337.0,Very Poor
260165,DL005,2019-12-26 06:00:00,170.75,260.75,3.05,29.25,18.02,47.25,0.9,4.28,31.9,,,,339.0,Very Poor
260166,DL005,2019-12-26 07:00:00,160.75,251.25,2.95,29.55,18.15,41.93,0.95,5.0,31.03,,,,341.0,Very Poor
260167,DL005,2019-12-26 08:00:00,163.5,246.0,3.38,33.17,20.4,41.27,1.02,5.03,30.7,,,,344.0,Very Poor
260168,DL005,2019-12-26 09:00:00,175.5,256.75,4.0,33.42,21.05,41.88,1.08,5.0,29.57,,,,346.0,Very Poor
260169,DL005,2019-12-26 10:00:00,180.75,260.0,4.18,34.1,21.52,45.45,1.02,4.35,29.23,,,,349.0,Very Poor
260170,DL005,2019-12-26 11:00:00,183.0,255.75,4.45,35.08,22.3,49.65,1.0,3.48,30.85,,,,351.0,Very Poor
260171,DL005,2019-12-26 12:00:00,185.5,260.75,5.53,35.32,23.28,50.25,0.97,2.53,31.97,,,,353.0,Very Poor
260172,DL005,2019-12-26 13:00:00,189.0,257.5,5.45,33.58,22.3,49.6,0.95,2.5,36.6,,,,354.0,Very Poor
260173,DL005,2019-12-26 14:00:00,173.25,242.25,4.67,29.0,19.2,45.52,0.9,4.52,45.52,,,,355.0,Very Poor
260174,DL005,2019-12-26 15:00:00,163.5,220.25,4.15,27.73,18.1,39.85,0.95,5.35,54.12,,,,355.0,Very Poor
260175,DL005,2019-12-26 16:00:00,176.25,236.25,4.33,31.62,20.32,39.4,1.05,5.35,55.07,,,,355.0,Very Poor
260176,DL005,2019-12-26 17:00:00,208.0,284.25,3.85,39.78,24.3,40.9,1.17,5.6,45.4,,,,356.0,Very Poor
260177,DL005,2019-12-26 18:00:00,244.5,342.75,8.53,68.53,43.42,43.55,1.45,5.1,11.62,,,,358.0,Very Poor
260178,DL005,2019-12-26 19:00:00,282.5,416.75,8.55,61.15,39.55,52.88,1.45,4.72,14.85,,142.45,,360.0,Very Poor
260179,DL005,2019-12-26 20:00:00,253.75,406.75,6.45,56.17,35.25,51.58,1.38,4.4,12.65,,212.82,,361.0,Very Poor
260180,DL005,2019-12-26 21:00:00,255.75,391.25,7.55,58.32,37.23,50.8,1.6,4.4,7.55,,175.4,,362.0,Very Poor
260181,DL005,2019-12-26 22:00:00,298.5,434.5,13.68,64.73,45.6,48.92,1.75,6.03,2.38,,127.45,,363.0,Very Poor
260182,DL005,2019-12-26 23:00:00,319.0,454.25,24.6,57.9,51.1,42.02,1.9,7.18,2.35,,,,364.0,Very Poor
260183,DL005,2019-12-27 00:00:00,301.25,440.75,36.88,48.15,55.62,40.85,1.85,7.2,1.3,,106.9,,366.0,Very Poor
260184,DL005,2019-12-27 01:00:00,249.75,377.75,28.4,43.38,46.25,40.35,1.45,6.98,0.73,,,,368.0,Very Poor
260185,DL005,2019-12-27 02:00:00,199.75,329.75,12.75,49.83,36.88,42.03,1.23,6.12,0.53,,,,369.0,Very Poor
260186,DL005,2019-12-27 03:00:00,193.0,361.0,18.9,46.38,40.08,46.38,1.25,5.0,0.57,,,,370.0,Very Poor
260187,DL005,2019-12-27 04:00:00,183.75,345.0,8.62,53.0,35.2,47.38,1.0,3.55,2.98,,,,371.0,Very Poor
260188,DL005,2019-12-27 05:00:00,181.0,350.0,3.5,48.65,28.7,46.85,0.83,3.05,15.53,,,,371.0,Very Poor
260189,DL005,2019-12-27 06:00:00,170.75,299.25,2.73,31.7,19.05,44.55,0.8,4.3,35.0,,,,371.0,Very Poor
260190,DL005,2019-12-27 07:00:00,160.0,235.25,2.88,29.35,17.95,40.08,0.8,5.23,31.2,,,,371.0,Very Poor
260191,DL005,2019-12-27 08:00:00,185.75,262.5,3.4,39.83,23.95,40.28,0.88,5.67,14.12,,,,372.0,Very Poor
260192,DL005,2019-12-27 09:00:00,258.5,378.5,7.0,45.8,30.08,40.83,0.97,6.1,11.57,,,,374.0,Very Poor
260193,DL005,2019-12-27 10:00:00,301.5,434.0,8.27,42.17,29.15,41.07,0.93,6.1,15.65,,,,378.0,Very Poor
260194,DL005,2019-12-27 11:00:00,309.5,438.0,8.07,42.08,28.95,43.6,0.93,4.7,20.0,,,,382.0,Very Poor
260195,DL005,2019-12-27 12:00:00,310.5,442.75,7.5,39.77,27.3,43.73,0.9,4.05,28.05,,,,386.0,Very Poor
260196,DL005,2019-12-27 13:00:00,309.75,422.25,7.47,40.68,27.7,43.17,0.93,4.03,42.4,,,,390.0,Very Poor
260197,DL005,2019-12-27 14:00:00,304.75,412.0,5.78,35.78,23.75,40.95,0.88,5.3,55.55,,,,394.0,Very Poor
260198,DL005,2019-12-27 15:00:00,286.25,376.5,5.0,35.05,22.75,34.92,0.95,6.9,68.3,,,,398.0,Very Poor
260199,DL005,2019-12-27 16:00:00,296.5,395.75,4.65,37.5,23.77,33.03,1.0,6.88,66.88,,,,402.0,Severe
260200,DL005,2019-12-27 17:00:00,298.0,395.0,4.7,39.7,24.9,32.8,1.1,6.8,63.5,,,,405.0,Severe
260201,DL005,2019-12-27 18:00:00,,,,,,,,,,,,,405.0,Severe
260202,DL005,2019-12-27 19:00:00,,,,,,,,,,,,,404.0,Severe
260203,DL005,2019-12-27 20:00:00,,,,,,,,,,,,,405.0,Severe
260204,DL005,2019-12-27 21:00:00,,,,,,,,,,,,,405.0,Severe
260205,DL005,2019-12-27 22:00:00,,,,,,,,,,,,,403.0,Severe
260206,DL005,2019-12-27 23:00:00,452.75,779.0,86.4,47.83,95.78,32.85,2.55,9.5,2.15,,134.75,,408.0,Severe
260207,DL005,2019-12-28 00:00:00,436.0,742.0,113.9,42.3,115.4,33.15,2.77,10.12,1.57,,113.47,,414.0,Severe
260208,DL005,2019-12-28 01:00:00,451.75,735.25,110.78,37.08,110.03,33.23,3.15,10.35,3.15,,109.3,,422.0,Severe
260209,DL005,2019-12-28 02:00:00,421.75,684.5,103.5,31.15,100.92,31.8,2.9,10.0,3.57,,113.75,,431.0,Severe
260210,DL005,2019-12-28 03:00:00,361.25,566.25,82.05,29.0,82.3,30.4,1.8,7.5,1.85,,108.0,,438.0,Severe
260211,DL005,2019-12-28 04:00:00,216.25,293.25,69.1,30.02,72.3,29.33,1.65,4.88,2.97,,,,439.0,Severe
260212,DL005,2019-12-28 05:00:00,181.25,197.75,51.25,39.22,62.68,28.85,1.7,4.28,2.58,,,,439.0,Severe
260213,DL005,2019-12-28 06:00:00,170.25,188.0,42.9,38.73,55.33,28.78,1.68,4.72,1.85,,,,439.0,Severe
260214,DL005,2019-12-28 07:00:00,164.5,191.5,35.78,36.65,48.68,26.8,1.73,6.8,2.42,,,,439.0,Severe
260215,DL005,2019-12-28 08:00:00,172.5,217.25,37.78,29.32,46.4,26.4,1.52,7.12,1.3,,,,439.0,Severe
260216,DL005,2019-12-28 09:00:00,167.0,249.75,19.65,29.72,31.85,26.98,1.3,6.72,1.32,,,,435.0,Severe
260217,DL005,2019-12-28 10:00:00,150.5,232.75,10.22,28.85,23.7,27.18,1.23,6.3,3.85,,,,429.0,Severe
260218,DL005,2019-12-28 11:00:00,163.5,299.75,6.35,32.0,22.2,29.6,1.02,4.75,9.03,,,,423.0,Severe
260219,DL005,2019-12-28 12:00:00,158.0,289.0,6.15,43.25,28.0,31.5,0.85,3.8,13.15,,,,417.0,Severe
260220,DL005,2019-12-28 13:00:00,158.0,267.75,6.25,36.35,24.4,31.95,0.8,3.6,21.4,,,,411.0,Severe
260221,DL005,2019-12-28 14:00:00,200.0,269.75,6.12,32.65,22.35,32.8,0.8,4.05,35.9,,,,406.0,Severe
260222,DL005,2019-12-28 15:00:00,217.75,283.5,5.08,31.38,20.8,30.35,0.8,6.53,49.22,,,,404.0,Severe
260223,DL005,2019-12-28 16:00:00,215.25,295.5,3.85,29.83,19.02,29.73,1.1,7.1,54.75,,,,400.0,Very Poor
260224,DL005,2019-12-28 17:00:00,217.75,295.0,3.65,35.85,22.05,30.92,1.27,7.35,48.15,,,,397.0,Very Poor
260225,DL005,2019-12-28 18:00:00,260.75,368.0,4.62,57.2,34.15,32.92,1.62,7.3,13.48,,,,398.0,Very Poor
260226,DL005,2019-12-28 19:00:00,330.0,485.75,6.55,63.85,39.27,37.98,1.88,5.47,4.22,,,,401.0,Severe
260227,DL005,2019-12-28 20:00:00,398.5,584.75,29.95,68.1,60.6,38.95,2.82,4.97,4.6,,103.3,,406.0,Severe
260228,DL005,2019-12-28 21:00:00,517.0,751.5,110.92,53.95,118.9,40.38,3.33,6.42,2.7,,134.2,,414.0,Severe
260229,DL005,2019-12-28 22:00:00,527.0,797.5,91.9,50.38,101.72,38.2,3.25,7.42,2.43,,121.88,,423.0,Severe
260230,DL005,2019-12-28 23:00:00,493.5,788.25,50.03,50.45,67.62,,2.4,9.43,2.4,,106.3,,424.0,Severe
260231,DL005,2019-12-29 00:00:00,350.0,588.75,10.55,47.48,33.83,,1.67,8.5,1.42,,,,421.0,Severe
260232,DL005,2019-12-29 01:00:00,247.0,399.0,4.72,47.85,29.27,,1.48,8.15,2.35,,,,415.0,Severe
260233,DL005,2019-12-29 02:00:00,240.25,450.5,3.27,43.55,25.82,,1.4,7.6,6.47,,,,409.0,Severe
260234,DL005,2019-12-29 03:00:00,230.0,462.25,3.0,43.3,25.47,,1.33,6.35,10.43,,,,405.0,Severe
260235,DL005,2019-12-29 04:00:00,231.25,432.75,3.38,48.12,28.35,,1.3,4.58,9.2,,,,405.0,Severe
260236,DL005,2019-12-29 05:00:00,225.25,410.75,3.3,51.77,30.2,,1.3,3.92,8.32,,,,407.0,Severe
260237,DL005,2019-12-29 06:00:00,224.0,399.5,2.9,48.75,28.3,,1.23,3.75,8.12,,,,408.0,Severe
260238,DL005,2019-12-29 07:00:00,227.5,395.75,3.35,42.15,25.15,,1.2,6.05,9.3,,,,410.0,Severe
260239,DL005,2019-12-29 08:00:00,232.75,399.5,4.3,40.9,25.25,,1.25,6.8,8.2,,,,412.0,Severe
260240,DL005,2019-12-29 09:00:00,250.0,409.25,5.6,41.07,26.4,,1.33,6.8,8.85,,,,415.0,Severe
260241,DL005,2019-12-29 10:00:00,274.5,428.75,8.12,40.02,27.9,,1.33,6.83,11.22,,,,419.0,Severe
260242,DL005,2019-12-29 11:00:00,304.0,448.0,10.1,42.48,30.83,,1.38,6.28,13.9,,,,423.0,Severe
260243,DL005,2019-12-29 12:00:00,328.75,461.25,8.88,39.83,28.38,,1.23,5.35,27.33,,,,429.0,Severe
260244,DL005,2019-12-29 13:00:00,313.5,433.5,7.0,40.6,27.33,,1.23,5.62,48.1,,,,437.0,Severe
260245,DL005,2019-12-29 14:00:00,318.0,457.0,5.53,46.12,29.03,,1.27,6.4,82.05,,113.0,,447.0,Severe
260246,DL005,2019-12-29 15:00:00,332.75,499.25,4.75,47.95,29.38,,1.4,8.43,103.05,,118.83,,458.0,Severe
260247,DL005,2019-12-29 16:00:00,339.75,522.75,4.23,48.1,29.02,,1.35,8.18,101.82,,119.97,,470.0,Severe
260248,DL005,2019-12-29 17:00:00,301.75,464.0,3.58,43.77,26.22,,1.3,7.1,80.53,,101.7,,479.0,Severe
260249,DL005,2019-12-29 18:00:00,297.0,435.0,4.07,63.23,36.92,,1.68,6.4,34.75,,,,483.0,Severe
260250,DL005,2019-12-29 19:00:00,364.75,545.25,21.25,87.1,63.7,,2.3,5.17,1.25,,,,486.0,Severe
260251,DL005,2019-12-29 20:00:00,411.25,617.0,31.6,73.75,65.1,,2.4,3.82,1.62,,,,487.0,Severe
260252,DL005,2019-12-29 21:00:00,402.5,596.25,35.92,69.17,65.97,,2.42,3.38,1.95,,,,479.0,Severe
260253,DL005,2019-12-29 22:00:00,402.25,611.5,9.62,64.47,42.08,,2.12,3.65,5.1,,127.65,,470.0,Severe
260254,DL005,2019-12-29 23:00:00,403.5,682.5,40.88,61.58,66.0,,2.85,6.75,3.02,,104.4,,464.0,Severe
260255,DL005,2019-12-30 00:00:00,461.75,742.5,50.23,52.65,69.0,,2.52,7.8,2.98,,116.6,,472.0,Severe
260256,DL005,2019-12-30 01:00:00,404.5,633.5,51.33,38.52,62.38,,2.3,7.4,2.0,,,,484.0,Severe
260257,DL005,2019-12-30 02:00:00,352.25,475.75,48.52,38.93,60.25,,2.02,6.4,1.33,,,,486.0,Severe
260258,DL005,2019-12-30 03:00:00,287.75,354.25,34.2,43.22,50.85,,1.82,5.0,0.95,,,,480.0,Severe
260259,DL005,2019-12-30 04:00:00,253.5,290.0,22.35,44.5,41.9,,1.75,3.62,1.03,,,,473.0,Severe
260260,DL005,2019-12-30 05:00:00,249.25,296.25,17.52,46.4,38.98,,1.73,2.95,1.05,,,,467.0,Severe
260261,DL005,2019-12-30 06:00:00,230.75,288.0,17.67,40.55,35.98,,1.42,2.62,0.35,,,,461.0,Severe
260262,DL005,2019-12-30 07:00:00,193.75,228.75,13.18,37.3,30.55,,1.3,4.62,1.43,,,,455.0,Severe
260263,DL005,2019-12-30 08:00:00,174.0,211.25,9.05,35.73,26.38,,1.38,5.45,2.6,,,,453.0,Severe
260264,DL005,2019-12-30 09:00:00,171.0,205.0,11.05,33.72,26.95,,1.4,5.38,1.75,,,,450.0,Severe
260265,DL005,2019-12-30 10:00:00,181.0,218.25,20.73,36.15,36.1,,1.65,5.35,3.52,,,,447.0,Severe
260266,DL005,2019-12-30 11:00:00,211.0,267.0,32.8,44.05,50.15,51.9,1.95,5.3,5.6,,,,444.0,Severe
260267,DL005,2019-12-30 12:00:00,232.0,332.0,38.17,52.12,58.88,47.6,2.3,4.75,4.65,,,,441.0,Severe
260268,DL005,2019-12-30 13:00:00,288.0,437.0,38.38,63.25,64.95,63.42,2.32,6.0,5.93,,,,441.0,Severe
260269,DL005,2019-12-30 14:00:00,310.0,488.0,36.85,79.78,72.47,73.55,2.48,6.15,6.0,,110.9,,440.0,Severe
260270,DL005,2019-12-30 15:00:00,368.0,583.0,34.02,77.3,68.85,76.25,2.58,6.9,7.03,,187.05,,441.0,Severe
260271,DL005,2019-12-30 16:00:00,409.0,587.0,21.62,60.12,49.62,77.43,2.25,4.47,6.05,,176.6,,444.0,Severe
260272,DL005,2019-12-30 17:00:00,393.0,533.0,24.52,74.65,59.73,81.83,2.67,4.38,7.6,,,,447.0,Severe
260273,DL005,2019-12-30 18:00:00,473.0,663.0,23.65,92.68,68.58,86.5,3.1,4.1,8.85,,,,452.0,Severe
260274,DL005,2019-12-30 19:00:00,581.0,788.0,23.32,82.42,62.88,71.95,2.97,4.58,7.8,,,,459.0,Severe
260275,DL005,2019-12-30 20:00:00,550.0,787.0,21.93,72.58,56.48,59.83,2.78,4.85,6.08,,,,464.0,Severe
260276,DL005,2019-12-30 21:00:00,505.0,762.0,24.5,68.2,56.23,56.58,2.75,5.58,6.35,,,,467.0,Severe
260277,DL005,2019-12-30 22:00:00,483.0,818.0,26.7,61.8,54.62,55.5,2.4,7.77,5.1,,,,470.0,Severe
260278,DL005,2019-12-30 23:00:00,407.0,724.0,17.43,57.97,45.02,58.15,1.98,6.25,5.05,,,,473.0,Severe
260279,DL005,2019-12-31 00:00:00,321.0,574.0,24.48,61.1,52.42,67.68,1.75,6.38,6.47,,,,465.0,Severe
260280,DL005,2019-12-31 01:00:00,323.0,521.0,19.15,56.95,45.93,69.8,1.43,6.25,5.95,,,,462.0,Severe
260281,DL005,2019-12-31 02:00:00,280.0,417.0,7.55,50.4,32.98,66.43,1.23,4.7,4.62,,,,460.0,Severe
260282,DL005,2019-12-31 03:00:00,204.0,271.0,6.25,46.35,29.77,59.02,1.23,4.33,4.65,,,,457.0,Severe
260283,DL005,2019-12-31 04:00:00,219.0,291.0,4.4,41.42,25.62,47.83,1.15,4.03,4.65,,,,456.0,Severe
260284,DL005,2019-12-31 05:00:00,196.0,259.0,3.27,37.83,22.8,44.95,1.1,3.8,4.65,,,,455.0,Severe
260285,DL005,2019-12-31 06:00:00,179.0,238.0,3.05,37.33,22.32,43.95,1.05,3.17,4.83,,,,453.0,Severe
260286,DL005,2019-12-31 07:00:00,171.0,235.0,3.08,38.75,23.12,47.6,0.97,2.88,5.6,,,,452.0,Severe
260287,DL005,2019-12-31 08:00:00,167.0,213.0,4.85,46.4,28.62,57.08,1.0,2.58,4.83,,,,452.0,Severe
260288,DL005,2019-12-31 09:00:00,200.0,255.0,9.15,47.12,32.5,58.77,1.08,2.67,5.38,,,,453.0,Severe
260289,DL005,2019-12-31 10:00:00,234.0,311.0,11.7,47.45,34.77,58.0,1.12,2.7,6.78,,,,455.0,Severe
260290,DL005,2019-12-31 11:00:00,257.0,339.0,12.72,46.45,34.9,53.75,1.32,3.62,11.65,,,,458.0,Severe
260291,DL005,2019-12-31 12:00:00,289.0,438.0,10.3,44.7,32.4,43.78,1.4,3.72,16.5,,,,463.0,Severe
260292,DL005,2019-12-31 13:00:00,345.0,469.0,8.62,47.73,32.38,43.45,1.4,4.43,26.3,,,,465.0,Severe
260293,DL005,2019-12-31 14:00:00,356.0,497.0,6.62,49.02,31.48,45.48,1.35,6.5,43.77,,,,465.0,Severe
260294,DL005,2019-12-31 15:00:00,322.0,480.0,5.53,55.27,33.98,49.2,1.33,8.95,61.4,,,,460.0,Severe
260295,DL005,2019-12-31 16:00:00,326.0,490.0,6.1,71.03,42.75,59.25,1.5,16.35,50.0,,,,457.0,Severe
260296,DL005,2019-12-31 17:00:00,338.0,514.0,5.92,82.55,48.7,61.5,1.57,21.12,38.58,,139.7,,455.0,Severe
260297,DL005,2019-12-31 18:00:00,318.0,487.0,4.43,86.35,49.55,60.73,1.82,9.57,21.25,,106.4,,450.0,Severe
260298,DL005,2019-12-31 19:00:00,346.0,517.0,122.88,114.53,161.55,55.4,4.15,8.43,9.98,,,,443.0,Severe
260299,DL005,2019-12-31 20:00:00,650.0,,178.22,105.67,201.68,43.92,5.93,12.28,9.55,,125.2,,446.0,Severe
260300,DL005,2019-12-31 21:00:00,980.0,,201.6,91.3,213.02,46.88,7.35,13.0,11.47,,172.77,,461.0,Severe
260301,DL005,2019-12-31 22:00:00,973.0,,221.98,73.25,219.88,52.6,7.53,14.45,14.38,,240.7,,477.0,Severe
260302,DL005,2019-12-31 23:00:00,976.0,,308.4,56.45,281.95,64.03,8.35,15.72,11.82,,232.6,,495.0,Severe
260303,DL005,2020-01-01 00:00:00,,,180.97,63.48,181.45,73.45,5.67,13.5,12.55,,217.4,,497.0,Severe
260304,DL005,2020-01-01 01:00:00,765.0,,148.4,54.03,149.82,71.07,4.6,11.47,13.27,,201.05,,512.0,Severe
260305,DL005,2020-01-01 02:00:00,693.0,951.0,149.53,49.5,148.18,69.8,3.82,11.48,11.78,,200.6,,526.0,Severe
260306,DL005,2020-01-01 03:00:00,606.0,856.0,116.85,46.92,120.22,62.5,3.1,10.58,10.15,,180.45,,539.0,Severe
260307,DL005,2020-01-01 04:00:00,498.0,681.0,73.2,37.88,79.85,44.27,2.25,8.0,8.8,,145.0,,548.0,Severe
260308,DL005,2020-01-01 05:00:00,383.0,523.0,70.83,31.15,74.3,43.55,2.08,7.62,8.22,,116.5,,555.0,Severe
260309,DL005,2020-01-01 06:00:00,371.0,494.0,66.77,33.47,72.22,43.12,2.03,6.88,7.33,,102.7,,561.0,Severe
260310,DL005,2020-01-01 07:00:00,355.0,475.0,58.92,36.3,67.42,44.82,1.67,6.7,6.4,,,,567.0,Severe
260311,DL005,2020-01-01 08:00:00,337.0,476.0,82.15,48.3,92.65,56.4,2.25,6.45,11.52,,,,573.0,Severe
260312,DL005,2020-01-01 09:00:00,455.0,593.0,69.08,64.12,90.55,60.2,2.7,8.1,23.85,,,,581.0,Severe
260313,DL005,2020-01-01 10:00:00,606.0,799.0,25.75,114.42,81.9,60.55,1.7,10.55,12.25,,,,594.0,Severe
260314,DL005,2020-01-01 11:00:00,411.0,547.0,11.23,63.3,42.83,56.62,1.27,10.5,14.02,,,,599.0,Severe
260315,DL005,2020-01-01 12:00:00,337.0,438.0,6.08,45.05,28.9,42.8,0.88,13.57,36.77,,,,601.0,Severe
260316,DL005,2020-01-01 13:00:00,256.0,353.0,4.58,44.33,27.3,39.4,0.9,17.07,84.85,,101.7,,598.0,Severe
260317,DL005,2020-01-01 14:00:00,235.0,351.0,4.07,41.35,25.33,38.35,0.75,19.45,83.67,,,,594.0,Severe
260318,DL005,2020-01-01 15:00:00,205.0,305.0,3.82,38.77,23.75,40.22,0.55,17.77,79.88,,,,590.0,Severe
260319,DL005,2020-01-01 16:00:00,172.0,284.0,4.27,48.92,29.52,55.27,1.02,26.3,65.9,,,,584.0,Severe
260320,DL005,2020-01-01 17:00:00,160.0,274.0,3.35,41.92,25.08,55.92,1.1,13.12,62.47,,,,579.0,Severe
260321,DL005,2020-01-01 18:00:00,157.0,288.0,3.98,75.8,43.58,55.78,1.75,12.3,22.27,,,,573.0,Severe
260322,DL005,2020-01-01 19:00:00,217.0,403.0,20.5,101.95,70.8,57.07,2.55,9.52,7.3,,151.65,,569.0,Severe
260323,DL005,2020-01-01 20:00:00,299.0,497.0,58.15,97.67,99.42,47.25,5.2,8.68,8.03,,172.18,,557.0,Severe
260324,DL005,2020-01-01 21:00:00,648.0,879.0,106.22,84.43,131.28,46.18,6.57,11.9,8.65,,125.43,,546.0,Severe
260325,DL005,2020-01-01 22:00:00,709.0,943.0,119.38,78.95,137.27,48.58,7.45,12.85,10.35,,125.53,,542.0,Severe
260326,DL005,2020-01-01 23:00:00,967.0,,135.85,66.9,146.4,56.83,7.98,13.5,11.03,,242.42,,542.0,Severe
260327,DL005,2020-01-02 00:00:00,,,115.28,62.57,127.22,69.28,5.47,12.2,10.18,,276.85,,542.0,Severe
260328,DL005,2020-01-02 01:00:00,661.0,900.0,114.2,62.75,126.0,71.05,4.1,10.72,9.5,,255.62,,562.0,Severe
260329,DL005,2020-01-02 02:00:00,575.0,754.0,70.28,68.58,93.75,69.2,2.95,8.85,8.5,,234.75,,551.0,Severe
260330,DL005,2020-01-02 03:00:00,438.0,558.0,56.85,56.82,76.75,63.97,2.48,7.57,8.55,,191.98,,534.0,Severe
260331,DL005,2020-01-02 04:00:00,384.0,489.0,92.45,45.7,99.62,51.27,2.52,8.53,9.4,,192.97,,523.0,Severe
260332,DL005,2020-01-02 05:00:00,357.0,477.0,100.7,34.05,100.25,45.65,2.42,8.72,9.55,,189.88,,520.0,Severe
260333,DL005,2020-01-02 06:00:00,365.0,483.0,62.48,38.12,71.2,44.33,1.92,8.28,7.45,,172.05,,520.0,Severe
260334,DL005,2020-01-02 07:00:00,291.0,392.0,51.53,42.02,64.3,44.3,1.78,8.38,6.45,,129.53,,517.0,Severe
260335,DL005,2020-01-02 08:00:00,272.0,365.0,65.35,45.75,77.62,53.65,2.05,7.28,7.05,,129.47,,515.0,Severe
260336,DL005,2020-01-02 09:00:00,331.0,460.0,90.62,91.15,122.28,59.83,3.1,8.43,8.97,,114.62,,510.0,Severe
260337,DL005,2020-01-02 10:00:00,506.0,683.0,32.25,90.18,74.47,61.4,1.77,13.72,7.9,,109.07,,507.0,Severe
260338,DL005,2020-01-02 11:00:00,309.0,443.0,17.05,69.08,50.6,55.55,1.25,19.07,10.53,,,,504.0,Severe
260339,DL005,2020-01-02 12:00:00,262.0,368.0,8.05,39.12,27.43,42.3,0.88,17.18,20.73,,,,501.0,Severe
260340,DL005,2020-01-02 13:00:00,183.0,274.0,4.45,30.02,19.57,41.75,0.65,14.97,36.67,,,,499.0,Severe
260341,DL005,2020-01-02 14:00:00,133.0,199.5,3.82,26.2,17.05,40.6,0.4,24.58,49.98,,,,495.0,Severe
260342,DL005,2020-01-02 15:00:00,94.0,146.25,3.8,28.58,18.3,41.52,0.4,29.03,62.83,,,,492.0,Severe
260343,DL005,2020-01-02 16:00:00,91.5,160.5,3.42,31.82,19.72,49.55,0.75,23.95,61.53,,,,489.0,Severe
260344,DL005,2020-01-02 17:00:00,86.5,168.0,3.52,38.1,23.15,,0.85,23.25,53.9,,,,486.0,Severe
260345,DL005,2020-01-02 18:00:00,103.5,221.5,3.1,57.0,33.15,,1.07,21.38,29.9,,124.8,,485.0,Severe
260346,DL005,2020-01-02 19:00:00,132.0,274.0,77.2,95.33,115.3,,2.52,12.8,10.9,,,,482.0,Severe
260347,DL005,2020-01-02 20:00:00,,,243.53,108.43,256.08,,6.8,18.77,10.18,,262.7,,484.0,Severe
260348,DL005,2020-01-02 21:00:00,733.0,,175.0,87.2,190.3,,3.4,,3.3,,,,487.0,Severe
260349,DL005,2020-01-02 22:00:00,,,,,,,,,,,,,474.0,Severe
260350,DL005,2020-01-02 23:00:00,,,,,,,,,,,,,450.0,Severe
260351,DL005,2020-01-03 00:00:00,,,,,,,,,,,,,450.0,Severe
260352,DL005,2020-01-03 01:00:00,,,,,,,,,,,,,436.0,Severe
260353,DL005,2020-01-03 02:00:00,,,,,,,,,,,,,424.0,Severe
260354,DL005,2020-01-03 03:00:00,,,,,,,,,,,,,417.0,Severe
260355,DL005,2020-01-03 04:00:00,,,,,,,,,,,,,412.0,Severe
260356,DL005,2020-01-03 05:00:00,,,,,,,,,,,,,208.0,Satisfactory
260357,DL005,2020-01-03 06:00:00,,,,,,,,,,,,,208.0,Satisfactory
260358,DL005,2020-01-03 07:00:00,733.0,,90.95,23.25,86.4,,,6.6,34.3,,136.6,,208.0,Satisfactory
260359,DL005,2020-01-03 08:00:00,,,137.5,28.45,127.47,,1.05,4.9,3.52,,137.75,,208.0,Satisfactory
260360,DL005,2020-01-03 09:00:00,414.0,537.0,135.32,57.6,141.03,,0.48,3.22,7.9,,118.0,,208.0,Satisfactory
260361,DL005,2020-01-03 10:00:00,473.0,627.0,46.58,87.32,84.38,,,6.78,8.27,,122.95,,208.0,Satisfactory
260362,DL005,2020-01-03 11:00:00,294.0,410.0,11.73,54.28,38.42,69.15,1.1,10.35,18.9,,,,208.0,Satisfactory
260363,DL005,2020-01-03 12:00:00,177.0,255.0,9.85,49.33,33.65,76.4,0.72,17.4,63.03,,,,208.0,Satisfactory
260364,DL005,2020-01-03 13:00:00,86.0,188.0,7.38,43.5,29.12,73.05,0.5,14.2,53.6,,,,208.0,Satisfactory
260365,DL005,2020-01-03 14:00:00,75.0,139.0,5.0,31.02,20.58,81.82,0.52,3.58,63.8,,,,208.0,Satisfactory
260366,DL005,2020-01-03 15:00:00,52.0,102.0,3.92,26.55,17.35,82.9,0.7,,73.03,,,,208.0,Satisfactory
260367,DL005,2020-01-03 16:00:00,46.0,95.0,3.75,27.25,17.55,,3.45,,71.4,,,,208.0,Satisfactory
260368,DL005,2020-01-03 17:00:00,,,,,,,,,,,,,208.0,Satisfactory
260369,DL005,2020-01-03 18:00:00,46.0,95.0,3.7,87.85,50.35,,2.6,,11.9,,,,208.0,Satisfactory
260370,DL005,2020-01-03 19:00:00,,,25.6,101.72,75.07,49.45,2.68,,8.28,,209.9,,208.0,Satisfactory
260371,DL005,2020-01-03 20:00:00,,,,,,,,,,,,,208.0,Satisfactory
260372,DL005,2020-01-03 21:00:00,,,,,,,,,,,,,208.0,Satisfactory
260373,DL005,2020-01-03 22:00:00,,,,,,,,,,,,,208.0,Satisfactory
260374,DL005,2020-01-03 23:00:00,,,,,,,,,,,,,208.0,Satisfactory
260375,DL005,2020-01-04 00:00:00,,,,,,,,,,,,,208.0,Satisfactory
260376,DL005,2020-01-04 01:00:00,,,,,,,,,,,,,208.0,Satisfactory
260377,DL005,2020-01-04 02:00:00,,,,,,,,,,,,,208.0,Satisfactory
260378,DL005,2020-01-04 03:00:00,,,,,,,,,,,,,208.0,Satisfactory
260379,DL005,2020-01-04 04:00:00,,,,,,,,,,,,,208.0,Satisfactory
260380,DL005,2020-01-04 05:00:00,,,,,,,,,,,,,208.0,Satisfactory
260381,DL005,2020-01-04 06:00:00,,,,,,,,,,,,,208.0,Satisfactory
260382,DL005,2020-01-04 07:00:00,,,,,,,,,,,,,208.0,Satisfactory
260383,DL005,2020-01-04 08:00:00,523.0,726.0,121.15,35.8,119.15,,,,17.0,,,,208.0,Satisfactory
260384,DL005,2020-01-04 09:00:00,519.5,714.75,91.75,35.67,93.8,76.48,1.0,,4.28,,,,208.0,Satisfactory
260385,DL005,2020-01-04 10:00:00,489.5,653.25,50.5,53.8,69.83,73.75,0.1,,5.5,,,,208.0,Satisfactory
260386,DL005,2020-01-04 11:00:00,388.5,518.0,21.38,61.83,50.33,83.68,1.8,,11.0,,,,208.0,Satisfactory
260387,DL005,2020-01-04 12:00:00,245.5,337.75,5.78,31.4,21.42,79.85,1.23,13.6,32.97,,,,208.0,Satisfactory
260388,DL005,2020-01-04 13:00:00,195.5,260.25,4.75,29.77,19.7,90.42,1.08,13.15,53.3,,,,208.0,Satisfactory
260389,DL005,2020-01-04 14:00:00,,,,,,,,,,,,,208.0,Satisfactory
260390,DL005,2020-01-04 15:00:00,,,,,,,,,,,,,208.0,Satisfactory
260391,DL005,2020-01-04 16:00:00,,,,,,,,,,,,,208.0,Satisfactory
260392,DL005,2020-01-04 17:00:00,,,,,,,,,,,,,208.0,Satisfactory
260393,DL005,2020-01-04 18:00:00,185.0,246.0,3.95,70.35,40.65,,3.6,4.85,15.27,,,,208.0,Satisfactory
260394,DL005,2020-01-04 19:00:00,163.0,,15.55,96.22,63.83,100.45,3.83,4.53,4.65,,,,208.0,Satisfactory
260395,DL005,2020-01-04 20:00:00,310.0,495.0,14.82,81.38,55.4,88.28,2.73,6.12,6.32,,,,208.0,Satisfactory
260396,DL005,2020-01-04 21:00:00,272.0,393.0,6.68,75.83,45.8,84.4,2.25,5.35,6.72,,,,208.0,Satisfactory
260397,DL005,2020-01-04 22:00:00,255.0,370.0,7.07,56.42,35.85,82.5,1.85,5.25,20.05,,,,208.0,Satisfactory
260398,DL005,2020-01-04 23:00:00,265.0,377.0,3.15,34.73,21.02,82.35,0.57,4.1,41.1,,,,208.0,Satisfactory
260399,DL005,2020-01-05 00:00:00,204.0,285.0,3.05,34.4,20.8,99.62,0.53,3.0,41.75,,,,208.0,Satisfactory
260400,DL005,2020-01-05 01:00:00,200.0,266.0,2.9,31.45,19.1,104.55,0.43,9.08,47.0,,,,208.0,Satisfactory
260401,DL005,2020-01-05 02:00:00,199.0,239.0,3.0,28.65,17.7,102.83,0.38,10.73,51.18,,,,208.0,Satisfactory
260402,DL005,2020-01-05 03:00:00,174.0,226.0,3.05,30.75,18.8,95.53,0.43,12.6,44.25,,,,428.0,Severe
260403,DL005,2020-01-05 04:00:00,171.0,234.0,3.47,41.45,24.88,64.6,0.2,11.6,15.33,,,,423.0,Severe
260404,DL005,2020-01-05 05:00:00,200.0,272.0,3.55,31.05,19.4,67.3,0.17,11.2,12.53,,,,420.0,Severe
260405,DL005,2020-01-05 06:00:00,241.0,306.0,5.93,39.72,25.95,71.83,0.35,13.15,7.37,,,,418.0,Severe
260406,DL005,2020-01-05 07:00:00,315.0,439.0,9.43,42.78,30.4,76.9,0.25,13.18,5.57,,,,420.0,Severe
260407,DL005,2020-01-05 08:00:00,223.0,309.0,23.77,45.9,43.8,91.92,0.57,9.88,4.67,,,,408.0,Severe
260408,DL005,2020-01-05 09:00:00,280.0,379.0,21.4,50.75,44.4,96.53,0.5,9.0,7.3,,,,399.0,Very Poor
260409,DL005,2020-01-05 10:00:00,273.0,379.0,12.45,46.23,34.77,96.22,0.4,12.43,16.7,,,,391.0,Very Poor
260410,DL005,2020-01-05 11:00:00,261.0,332.0,6.53,31.5,22.05,92.05,0.18,12.88,41.98,,,,386.0,Very Poor
260411,DL005,2020-01-05 12:00:00,216.0,290.0,4.97,27.93,18.92,66.2,,18.18,65.78,,,,385.0,Very Poor
260412,DL005,2020-01-05 13:00:00,202.0,269.0,4.33,23.98,16.25,65.05,,18.57,84.83,,,,385.0,Very Poor
260413,DL005,2020-01-05 14:00:00,168.0,223.0,3.5,20.38,13.7,64.45,,19.5,94.8,,,,383.0,Very Poor
260414,DL005,2020-01-05 15:00:00,116.0,179.0,3.32,20.9,13.82,67.1,,14.95,91.38,,,,379.0,Very Poor
260415,DL005,2020-01-05 16:00:00,101.0,164.0,3.02,27.2,16.98,88.78,0.75,10.67,82.38,,,,375.0,Very Poor
260416,DL005,2020-01-05 17:00:00,114.0,175.0,3.35,35.3,21.5,94.02,0.88,9.95,70.02,,,,371.0,Very Poor
260417,DL005,2020-01-05 18:00:00,127.0,217.0,3.15,39.65,23.62,92.33,1.07,11.32,52.88,,160.65,,370.0,Very Poor
260418,DL005,2020-01-05 19:00:00,167.0,268.0,3.55,44.42,26.5,89.12,1.17,11.82,44.05,,178.47,,370.0,Very Poor
260419,DL005,2020-01-05 20:00:00,215.0,311.0,3.5,52.3,30.68,69.8,1.3,16.32,20.75,,179.8,,367.0,Very Poor
260420,DL005,2020-01-05 21:00:00,260.0,342.0,5.1,56.95,34.42,61.45,1.28,16.4,16.4,,,,366.0,Very Poor
260421,DL005,2020-01-05 22:00:00,228.0,313.0,3.8,46.48,27.82,59.32,1.17,16.48,20.35,,107.2,,365.0,Very Poor
260422,DL005,2020-01-05 23:00:00,219.0,298.0,12.6,54.75,39.33,62.95,1.3,15.53,7.5,,,,364.0,Very Poor
260423,DL005,2020-01-06 00:00:00,234.0,317.0,7.6,44.3,29.75,83.3,1.07,12.2,19.1,,,,365.0,Very Poor
260424,DL005,2020-01-06 01:00:00,190.0,257.0,2.85,33.83,20.3,90.1,0.83,10.32,33.02,,120.55,,365.0,Very Poor
260425,DL005,2020-01-06 02:00:00,139.0,185.0,3.45,40.55,24.38,87.62,0.6,9.4,16.12,,,,363.0,Very Poor
260426,DL005,2020-01-06 03:00:00,155.0,195.0,5.3,48.53,30.1,85.83,0.67,9.93,6.93,,,,362.0,Very Poor
260427,DL005,2020-01-06 04:00:00,204.0,259.0,22.6,46.85,43.3,63.62,0.7,13.8,4.8,,,,363.0,Very Poor
260428,DL005,2020-01-06 05:00:00,202.0,282.0,19.55,45.15,40.0,56.85,0.67,15.18,4.5,,,,363.0,Very Poor
260429,DL005,2020-01-06 06:00:00,271.0,346.0,14.55,42.83,34.67,66.93,0.75,15.47,4.58,,,,364.0,Very Poor
260430,DL005,2020-01-06 07:00:00,461.0,560.0,22.93,43.53,41.82,69.18,0.88,15.25,4.75,,,,369.0,Very Poor
260431,DL005,2020-01-06 08:00:00,383.0,466.0,37.38,48.75,56.4,87.65,1.05,14.77,4.2,,,,374.0,Very Poor
260432,DL005,2020-01-06 09:00:00,271.0,357.0,53.75,48.6,69.65,91.03,1.15,13.9,4.85,,,,374.0,Very Poor
260433,DL005,2020-01-06 10:00:00,250.0,340.0,30.53,56.3,54.85,93.97,1.15,17.73,6.78,,,,373.0,Very Poor
260434,DL005,2020-01-06 11:00:00,295.0,398.0,9.32,44.12,31.1,92.43,0.95,17.23,20.07,,,,374.0,Very Poor
260435,DL005,2020-01-06 12:00:00,245.0,338.0,6.88,44.65,29.35,66.62,1.0,15.68,18.98,,,,375.0,Very Poor
260436,DL005,2020-01-06 13:00:00,255.0,368.0,7.08,39.82,26.95,59.73,0.78,20.68,28.15,,171.68,,377.0,Very Poor
260437,DL005,2020-01-06 14:00:00,215.0,354.0,5.15,28.38,19.27,57.02,0.5,21.7,41.7,,143.3,,378.0,Very Poor
260438,DL005,2020-01-06 15:00:00,123.0,228.0,4.7,32.6,21.18,56.88,0.6,20.72,41.95,,101.8,,378.0,Very Poor
260439,DL005,2020-01-06 16:00:00,134.0,265.0,5.47,45.33,28.57,74.88,0.95,19.47,33.1,,160.78,,379.0,Very Poor
260440,DL005,2020-01-06 17:00:00,144.0,283.0,6.17,49.27,30.8,88.75,1.1,17.35,24.3,,150.43,,380.0,Very Poor
260441,DL005,2020-01-06 18:00:00,173.0,316.0,4.88,49.62,30.35,88.53,1.12,15.4,20.2,,146.62,,382.0,Very Poor
260442,DL005,2020-01-06 19:00:00,171.0,274.0,7.12,53.9,34.45,87.4,1.32,13.6,10.82,,,,382.0,Very Poor
260443,DL005,2020-01-06 20:00:00,177.0,272.0,6.47,54.25,34.03,63.38,1.38,15.45,11.1,,177.35,,381.0,Very Poor
260444,DL005,2020-01-06 21:00:00,177.0,279.0,5.2,39.55,25.25,54.05,1.12,16.32,14.8,,166.75,,378.0,Very Poor
260445,DL005,2020-01-06 22:00:00,125.0,157.0,3.65,35.2,21.7,51.8,1.1,15.25,13.22,,,,375.0,Very Poor
260446,DL005,2020-01-06 23:00:00,110.0,135.0,3.75,35.23,21.83,54.98,1.02,13.72,12.45,,,,371.0,Very Poor
260447,DL005,2020-01-07 00:00:00,108.0,130.0,3.85,40.55,24.7,70.03,0.95,14.07,9.95,,,,367.0,Very Poor
260448,DL005,2020-01-07 01:00:00,95.0,118.0,3.5,38.6,23.38,83.67,0.9,11.32,15.23,,,,364.0,Very Poor
260449,DL005,2020-01-07 02:00:00,102.0,146.0,3.25,38.35,23.08,86.25,0.9,10.0,11.82,,,,363.0,Very Poor
260450,DL005,2020-01-07 03:00:00,112.0,141.0,3.98,37.95,23.43,84.82,0.93,10.5,8.28,,,,362.0,Very Poor
260451,DL005,2020-01-07 04:00:00,111.0,144.0,8.5,40.23,28.35,65.75,1.0,10.47,5.35,,,,359.0,Very Poor
260452,DL005,2020-01-07 05:00:00,129.0,167.0,5.45,36.27,23.72,52.95,1.02,13.07,7.0,,,,356.0,Very Poor
260453,DL005,2020-01-07 06:00:00,117.0,149.0,4.65,34.5,22.12,52.67,1.08,13.0,5.28,,,,351.0,Very Poor
260454,DL005,2020-01-07 07:00:00,122.0,162.0,9.1,33.0,24.98,54.73,1.12,14.48,4.25,,,,341.0,Very Poor
260455,DL005,2020-01-07 08:00:00,112.0,158.0,14.45,34.67,30.25,68.08,1.25,14.28,4.18,,,,332.0,Very Poor
260456,DL005,2020-01-07 09:00:00,127.0,191.0,16.57,37.88,33.67,83.52,1.38,13.4,5.4,,,,327.0,Very Poor
260457,DL005,2020-01-07 10:00:00,162.0,207.0,12.7,36.4,29.7,85.8,1.35,15.55,11.0,,,,324.0,Very Poor
260458,DL005,2020-01-07 11:00:00,156.0,204.0,7.33,35.42,24.83,83.55,1.2,16.6,26.65,,,,320.0,Very Poor
260459,DL005,2020-01-07 12:00:00,111.0,180.0,6.55,45.45,29.5,66.17,1.57,17.3,48.72,,,,316.0,Very Poor
260460,DL005,2020-01-07 13:00:00,140.0,265.0,6.42,55.45,34.75,53.2,1.4,16.73,26.35,,,,312.0,Very Poor
260461,DL005,2020-01-07 14:00:00,114.0,193.0,15.28,57.78,43.23,54.5,1.6,15.25,12.68,,157.15,,309.0,Very Poor
260462,DL005,2020-01-07 15:00:00,140.0,191.0,12.68,51.7,37.85,54.58,1.57,16.47,36.15,,,,309.0,Very Poor
260463,DL005,2020-01-07 16:00:00,157.0,221.0,6.67,43.4,28.57,68.42,1.25,17.9,38.9,,,,310.0,Very Poor
260464,DL005,2020-01-07 17:00:00,163.0,221.0,4.43,41.18,25.5,87.35,1.45,15.47,37.27,,112.6,,311.0,Very Poor
260465,DL005,2020-01-07 18:00:00,151.0,213.0,4.72,44.12,27.35,90.62,1.08,13.77,26.85,,,,310.0,Very Poor
260466,DL005,2020-01-07 19:00:00,144.0,197.0,5.1,46.92,29.12,88.4,1.15,12.22,20.9,,138.9,,309.0,Very Poor
260467,DL005,2020-01-07 20:00:00,152.0,195.0,5.08,46.25,28.75,69.28,1.25,11.28,15.15,,,,308.0,Very Poor
260468,DL005,2020-01-07 21:00:00,151.0,199.0,6.05,48.85,30.95,55.05,1.5,11.88,8.17,,,,307.0,Very Poor
260469,DL005,2020-01-07 22:00:00,173.0,235.0,19.55,53.98,44.65,50.93,1.8,16.18,7.25,,,,309.0,Very Poor
260470,DL005,2020-01-07 23:00:00,259.0,418.0,16.45,53.95,42.2,51.77,1.57,19.75,8.7,,,,314.0,Very Poor
260471,DL005,2020-01-08 00:00:00,155.0,207.0,6.5,51.55,32.72,60.0,1.27,15.05,5.8,,,,315.0,Very Poor
260472,DL005,2020-01-08 01:00:00,119.0,153.0,6.82,48.75,31.52,78.9,1.27,10.2,8.02,,,,316.0,Very Poor
260473,DL005,2020-01-08 02:00:00,124.0,169.0,18.43,45.03,39.0,83.58,1.27,9.03,10.7,,110.88,,317.0,Very Poor
260474,DL005,2020-01-08 03:00:00,167.0,223.0,14.8,41.75,34.28,82.92,1.08,8.28,5.82,,111.3,,318.0,Very Poor
260475,DL005,2020-01-08 04:00:00,130.0,161.0,17.88,38.55,35.1,70.38,1.08,8.35,6.58,,,,319.0,Very Poor
260476,DL005,2020-01-08 05:00:00,127.0,156.0,5.78,44.6,28.42,54.77,0.9,9.8,9.18,,,,319.0,Very Poor
260477,DL005,2020-01-08 06:00:00,89.0,103.0,4.1,37.92,23.48,51.2,0.88,9.7,10.95,,,,318.0,Very Poor
260478,DL005,2020-01-08 07:00:00,81.0,92.0,3.45,33.53,20.65,52.9,0.8,11.65,16.55,,,,317.0,Very Poor
260479,DL005,2020-01-08 08:00:00,73.0,89.0,3.15,32.17,19.68,59.25,0.8,11.28,21.88,,,,316.0,Very Poor
260480,DL005,2020-01-08 09:00:00,74.0,84.0,2.95,25.95,16.25,76.5,0.8,9.43,26.05,,,,314.0,Very Poor
260481,DL005,2020-01-08 10:00:00,67.0,74.0,3.62,31.15,19.45,80.95,0.93,9.65,22.65,,,,311.0,Very Poor
260482,DL005,2020-01-08 11:00:00,69.0,94.0,4.25,31.52,20.25,80.8,0.85,10.2,25.35,,,,308.0,Very Poor
260483,DL005,2020-01-08 12:00:00,78.0,94.0,4.6,32.65,21.12,59.95,1.0,11.38,16.7,,,,307.0,Very Poor
260484,DL005,2020-01-08 13:00:00,102.0,124.0,5.95,36.85,24.45,57.38,1.12,12.57,15.72,,,,306.0,Very Poor
260485,DL005,2020-01-08 14:00:00,127.0,149.0,7.32,44.05,29.38,67.7,1.2,12.22,11.5,,,,306.0,Very Poor
260486,DL005,2020-01-08 15:00:00,139.0,160.0,6.7,45.58,29.73,91.57,1.3,10.93,14.25,,,,306.0,Very Poor
260487,DL005,2020-01-08 16:00:00,146.0,167.0,5.25,45.8,28.62,94.9,1.23,9.3,16.7,,,,306.0,Very Poor
260488,DL005,2020-01-08 17:00:00,144.0,160.0,8.9,55.75,36.98,93.43,1.25,9.53,7.9,,,,305.0,Very Poor
260489,DL005,2020-01-08 18:00:00,150.0,171.0,10.22,47.7,33.75,74.05,1.25,10.4,8.47,,,,305.0,Very Poor
260490,DL005,2020-01-08 19:00:00,169.0,205.0,6.85,40.52,27.12,84.47,1.08,10.9,8.97,,,,306.0,Very Poor
260491,DL005,2020-01-08 20:00:00,132.0,157.0,6.05,38.82,25.57,91.02,1.02,10.02,9.8,,,,305.0,Very Poor
260492,DL005,2020-01-08 21:00:00,123.0,146.0,4.62,35.47,22.65,94.0,1.0,9.77,13.07,,,,304.0,Very Poor
260493,DL005,2020-01-08 22:00:00,125.0,157.0,4.22,32.62,20.82,91.38,0.88,9.45,13.1,,,,303.0,Very Poor
260494,DL005,2020-01-08 23:00:00,116.0,130.0,3.67,25.93,16.8,69.45,0.78,9.75,16.07,,,,292.0,Poor
260495,DL005,2020-01-09 00:00:00,95.0,128.0,3.58,22.52,14.88,62.4,0.75,10.12,16.23,,,,284.0,Poor
260496,DL005,2020-01-09 01:00:00,90.0,118.0,3.12,18.7,12.5,62.38,0.7,12.65,20.0,,,,280.0,Poor
260497,DL005,2020-01-09 02:00:00,86.0,97.0,2.77,17.07,11.35,65.03,0.67,12.93,21.83,,,,275.0,Poor
260498,DL005,2020-01-09 03:00:00,68.0,86.0,3.08,18.62,12.4,88.28,0.65,12.25,19.62,,,,261.0,Poor
260499,DL005,2020-01-09 04:00:00,62.0,85.0,3.17,19.48,12.95,99.57,0.67,11.2,17.93,,,,252.0,Poor
260500,DL005,2020-01-09 05:00:00,56.0,69.0,3.25,21.23,13.95,95.55,0.67,10.43,15.17,,,,242.0,Poor
260501,DL005,2020-01-09 06:00:00,72.0,101.0,3.17,23.17,14.9,93.72,0.78,10.88,16.65,,,,239.0,Poor
260502,DL005,2020-01-09 07:00:00,88.0,121.0,4.17,24.77,16.57,70.85,0.8,12.23,13.65,,,,240.0,Poor
260503,DL005,2020-01-09 08:00:00,61.0,103.0,4.45,24.4,16.6,68.47,0.88,12.68,15.98,,,,239.0,Poor
260504,DL005,2020-01-09 09:00:00,91.0,160.0,4.28,23.05,15.75,71.15,0.9,12.82,22.48,,,,241.0,Poor
260505,DL005,2020-01-09 10:00:00,92.0,138.0,4.8,22.0,15.62,74.07,0.85,13.0,21.55,,,,245.0,Poor
260506,DL005,2020-01-09 11:00:00,95.0,136.0,4.5,20.9,14.78,86.65,0.8,12.97,27.6,,,,248.0,Poor
260507,DL005,2020-01-09 12:00:00,100.0,124.0,4.38,21.23,14.85,93.93,0.8,11.48,34.65,,,,251.0,Poor
260508,DL005,2020-01-09 13:00:00,103.0,128.0,4.3,21.27,14.77,92.38,0.83,11.5,40.7,,,,251.0,Poor
260509,DL005,2020-01-09 14:00:00,96.0,105.0,3.98,20.05,13.93,91.88,0.8,11.7,45.27,,,,247.0,Poor
260510,DL005,2020-01-09 15:00:00,88.0,94.0,4.2,19.17,13.65,70.78,0.85,12.82,53.92,,,,240.0,Poor
260511,DL005,2020-01-09 16:00:00,96.0,118.0,3.62,18.52,12.85,63.58,0.7,13.4,58.75,,,,233.0,Poor
260512,DL005,2020-01-09 17:00:00,78.0,101.0,3.5,21.25,14.12,64.85,0.78,13.95,56.6,,,,224.0,Poor
260513,DL005,2020-01-09 18:00:00,86.0,124.0,4.03,35.85,22.35,66.08,0.95,14.0,28.5,,,,215.0,Poor
260514,DL005,2020-01-09 19:00:00,114.0,178.0,11.03,57.95,39.9,76.5,1.33,12.95,11.72,,,,207.0,Poor
260515,DL005,2020-01-09 20:00:00,155.0,243.0,23.85,57.77,50.17,85.6,1.5,12.23,6.15,,,,211.0,Poor
260516,DL005,2020-01-09 21:00:00,162.0,255.0,30.73,51.68,52.6,84.93,1.62,12.47,6.08,,,,216.0,Poor
260517,DL005,2020-01-09 22:00:00,201.0,324.0,14.3,43.58,34.83,82.83,1.27,12.22,5.85,,,,227.0,Poor
260518,DL005,2020-01-09 23:00:00,149.0,237.0,20.1,36.17,35.62,70.6,1.3,13.9,5.85,,,,231.0,Poor
260519,DL005,2020-01-10 00:00:00,243.0,338.0,38.67,32.08,48.8,64.35,1.45,15.0,5.7,,,,252.0,Poor
260520,DL005,2020-01-10 01:00:00,212.0,305.0,19.17,30.77,31.98,62.75,1.18,12.92,6.03,,,,269.0,Poor
260521,DL005,2020-01-10 02:00:00,132.0,171.0,5.0,29.6,19.85,62.5,1.12,12.43,7.85,,,,275.0,Poor
260522,DL005,2020-01-10 03:00:00,123.0,157.0,3.45,27.0,17.17,69.7,1.0,10.7,11.2,,,,283.0,Poor
260523,DL005,2020-01-10 04:00:00,102.0,127.0,2.95,23.45,14.85,75.62,0.9,8.85,17.25,,,,288.0,Poor
260524,DL005,2020-01-10 05:00:00,84.0,94.0,2.9,20.75,13.43,74.92,0.9,8.62,26.3,,,,292.0,Poor
260525,DL005,2020-01-10 06:00:00,84.0,101.0,2.77,20.7,13.28,74.55,0.9,8.88,32.35,,,,294.0,Poor
260526,DL005,2020-01-10 07:00:00,88.0,112.0,3.05,21.65,14.03,63.08,0.9,9.88,30.98,,,,294.0,Poor
260527,DL005,2020-01-10 08:00:00,99.0,132.0,3.2,22.15,14.4,55.85,0.95,10.7,29.48,,,,299.0,Poor
260528,DL005,2020-01-10 09:00:00,99.0,135.0,4.12,24.12,16.18,55.98,1.1,11.43,29.07,,,,300.0,Poor
260529,DL005,2020-01-10 10:00:00,123.0,167.0,5.45,27.23,18.92,57.5,1.15,12.4,26.92,,,,301.0,Very Poor
260530,DL005,2020-01-10 11:00:00,133.0,191.0,6.9,31.32,22.27,64.6,1.08,11.68,30.0,,,,302.0,Very Poor
260531,DL005,2020-01-10 12:00:00,136.0,178.0,6.0,26.1,18.8,74.85,1.1,11.97,44.73,,,,303.0,Very Poor
260532,DL005,2020-01-10 13:00:00,179.0,184.0,5.45,25.27,17.88,78.7,1.02,11.9,55.58,,,,306.0,Very Poor
260533,DL005,2020-01-10 14:00:00,146.0,172.0,3.8,22.68,15.18,79.33,0.83,11.38,75.62,,,,307.0,Very Poor
260534,DL005,2020-01-10 15:00:00,135.0,145.0,3.38,21.57,14.18,65.72,0.8,12.75,91.4,,,,309.0,Very Poor
260535,DL005,2020-01-10 16:00:00,121.0,143.0,3.45,22.0,14.5,54.1,0.8,13.4,96.88,,,,310.0,Very Poor
260536,DL005,2020-01-10 17:00:00,81.0,123.0,3.15,23.8,15.22,50.62,0.8,12.82,93.57,,,,310.0,Very Poor
260537,DL005,2020-01-10 18:00:00,78.0,127.0,3.88,49.73,29.65,50.3,1.07,13.12,45.85,,,,310.0,Very Poor
260538,DL005,2020-01-10 19:00:00,112.0,233.0,15.92,82.0,56.62,58.08,1.52,12.75,9.18,,,,310.0,Very Poor
260539,DL005,2020-01-10 20:00:00,179.0,362.0,28.98,80.1,66.12,70.85,1.95,12.22,7.28,,,,310.0,Very Poor
260540,DL005,2020-01-10 21:00:00,255.0,504.0,28.75,74.62,63.15,72.88,1.78,11.23,6.67,,,,313.0,Very Poor
260541,DL005,2020-01-10 22:00:00,268.0,436.0,35.55,69.82,66.12,72.65,1.98,11.02,6.6,,,,315.0,Very Poor
260542,DL005,2020-01-10 23:00:00,312.0,467.0,30.63,59.45,56.67,65.78,1.75,13.18,6.55,,,,321.0,Very Poor
260543,DL005,2020-01-11 00:00:00,251.0,388.0,38.62,56.65,61.67,56.38,1.45,14.1,5.3,,,,321.0,Very Poor
260544,DL005,2020-01-11 01:00:00,196.0,327.0,21.15,47.5,42.58,54.8,1.2,13.45,6.77,,,,320.0,Very Poor
260545,DL005,2020-01-11 02:00:00,186.0,278.0,5.57,40.52,26.15,54.92,1.02,12.6,8.3,,,,322.0,Very Poor
260546,DL005,2020-01-11 03:00:00,153.0,211.0,8.15,39.97,27.9,59.9,1.02,11.88,7.55,,,,323.0,Very Poor
260547,DL005,2020-01-11 04:00:00,171.0,252.0,3.85,38.02,23.38,67.1,0.93,10.18,12.8,,,,325.0,Very Poor
260548,DL005,2020-01-11 05:00:00,175.0,235.0,5.7,38.05,24.9,67.75,0.9,9.45,9.32,,,,328.0,Very Poor
260549,DL005,2020-01-11 06:00:00,153.0,219.0,6.45,38.73,25.85,66.8,0.95,10.52,8.75,,,,330.0,Very Poor
260550,DL005,2020-01-11 07:00:00,184.0,273.0,8.3,39.8,27.88,60.88,1.02,11.5,8.38,,,,333.0,Very Poor
260551,DL005,2020-01-11 08:00:00,150.0,202.0,31.1,39.9,46.53,52.8,1.2,12.97,6.45,,,,335.0,Very Poor
260552,DL005,2020-01-11 09:00:00,219.0,324.0,19.83,41.1,38.0,53.05,1.32,14.4,8.75,,,,339.0,Very Poor
260553,DL005,2020-01-11 10:00:00,245.0,335.0,8.93,29.6,23.02,53.08,1.1,15.45,20.75,,,,343.0,Very Poor
260554,DL005,2020-01-11 11:00:00,175.0,219.0,6.47,28.02,20.17,55.15,0.97,15.47,35.17,,,,344.0,Very Poor
260555,DL005,2020-01-11 12:00:00,163.0,190.0,4.93,25.18,17.45,65.92,0.88,14.72,63.02,,,,345.0,Very Poor
260556,DL005,2020-01-11 13:00:00,124.0,156.0,3.65,22.9,15.15,69.22,0.75,12.45,89.78,,,,343.0,Very Poor
260557,DL005,2020-01-11 14:00:00,89.0,121.0,3.32,21.35,14.07,70.65,0.7,11.65,102.65,,,,342.0,Very Poor
260558,DL005,2020-01-11 15:00:00,72.0,92.0,3.17,20.23,13.35,62.0,0.7,12.27,115.05,,,,339.0,Very Poor
260559,DL005,2020-01-11 16:00:00,77.0,101.0,3.23,18.78,12.62,47.27,0.7,13.2,117.4,,,,338.0,Very Poor
260560,DL005,2020-01-11 17:00:00,75.0,100.0,3.1,21.0,13.68,45.1,0.7,12.3,109.28,,,,338.0,Very Poor
260561,DL005,2020-01-11 18:00:00,75.0,114.0,2.92,44.58,26.18,45.1,1.0,12.9,62.22,,,,338.0,Very Poor
260562,DL005,2020-01-11 19:00:00,117.0,224.0,10.12,84.12,52.88,49.07,1.78,13.02,17.1,,,,338.0,Very Poor
260563,DL005,2020-01-11 20:00:00,274.0,395.0,51.02,88.6,88.65,61.4,2.2,12.47,5.95,,,,341.0,Very Poor
260564,DL005,2020-01-11 21:00:00,262.0,465.0,42.7,80.3,77.55,65.03,2.35,11.9,5.92,,,,341.0,Very Poor
260565,DL005,2020-01-11 22:00:00,335.0,480.0,30.02,75.25,64.53,66.53,1.9,11.8,5.85,,,,343.0,Very Poor
260566,DL005,2020-01-11 23:00:00,238.0,348.0,5.23,58.62,35.45,62.4,1.32,11.68,11.68,,,,341.0,Very Poor
260567,DL005,2020-01-12 00:00:00,195.0,282.0,28.52,62.15,56.4,47.42,1.32,12.97,6.78,,,,339.0,Very Poor
260568,DL005,2020-01-12 01:00:00,194.0,307.0,26.85,53.8,50.65,48.3,1.35,12.25,4.85,,,,339.0,Very Poor
260569,DL005,2020-01-12 02:00:00,174.0,259.0,23.27,45.2,42.95,49.45,1.33,12.18,5.08,,,,339.0,Very Poor
260570,DL005,2020-01-12 03:00:00,194.0,262.0,37.73,45.83,55.3,52.15,1.4,12.02,4.65,,,,340.0,Very Poor
260571,DL005,2020-01-12 04:00:00,210.0,338.0,15.4,47.78,37.93,63.55,1.33,10.15,4.42,,,,341.0,Very Poor
260572,DL005,2020-01-12 05:00:00,233.0,305.0,21.98,44.58,41.65,67.67,1.3,9.45,4.67,,,,343.0,Very Poor
260573,DL005,2020-01-12 06:00:00,238.0,337.0,25.07,42.4,42.98,67.42,1.27,9.65,4.2,,,,346.0,Very Poor
260574,DL005,2020-01-12 07:00:00,210.0,300.0,27.02,38.68,42.62,63.65,1.3,10.53,4.97,,,,347.0,Very Poor
260575,DL005,2020-01-12 08:00:00,250.0,318.0,42.62,39.9,55.92,54.92,1.62,12.1,5.28,,,,350.0,Very Poor
260576,DL005,2020-01-12 09:00:00,261.0,359.0,38.75,59.15,63.08,55.02,1.85,15.65,6.78,,,,351.0,Very Poor
260577,DL005,2020-01-12 10:00:00,327.0,459.0,42.62,58.38,65.57,56.9,1.55,18.23,8.32,,,,354.0,Very Poor
260578,DL005,2020-01-12 11:00:00,301.0,370.0,17.33,52.12,41.88,57.55,1.35,19.25,23.35,,,,358.0,Very Poor
260579,DL005,2020-01-12 12:00:00,267.0,345.0,8.93,43.85,30.57,68.25,1.1,16.58,55.08,,,,361.0,Very Poor
260580,DL005,2020-01-12 13:00:00,189.0,257.0,4.93,33.88,22.05,73.8,0.93,13.15,85.18,,,,363.0,Very Poor
260581,DL005,2020-01-12 14:00:00,144.0,188.0,3.75,26.92,17.35,72.6,0.83,10.97,104.2,,,,365.0,Very Poor
260582,DL005,2020-01-12 15:00:00,118.0,152.0,3.02,24.35,15.45,68.78,0.75,10.4,123.6,,,,367.0,Very Poor
260583,DL005,2020-01-12 16:00:00,107.0,144.0,3.12,21.47,13.98,52.1,0.8,11.2,120.62,,,,368.0,Very Poor
260584,DL005,2020-01-12 17:00:00,101.0,139.0,2.98,28.12,17.4,48.52,0.9,13.18,99.95,,,,368.0,Very Poor
260585,DL005,2020-01-12 18:00:00,121.0,180.0,8.28,63.67,40.62,47.2,1.35,13.27,43.3,,,,370.0,Very Poor
260586,DL005,2020-01-12 19:00:00,164.0,326.0,13.82,89.28,58.7,50.12,2.0,12.78,11.77,,,,371.0,Very Poor
260587,DL005,2020-01-12 20:00:00,299.0,500.0,46.7,101.22,91.67,66.47,2.92,12.38,5.95,,204.65,,372.0,Very Poor
260588,DL005,2020-01-12 21:00:00,409.0,724.0,45.52,96.47,88.1,73.23,3.45,12.82,7.05,,267.5,,377.0,Very Poor
260589,DL005,2020-01-12 22:00:00,489.0,830.0,31.78,83.88,70.3,74.97,2.95,12.35,6.95,,257.62,,382.0,Very Poor
260590,DL005,2020-01-12 23:00:00,411.0,657.0,25.58,73.9,60.12,72.35,2.58,11.4,7.0,,198.28,,387.0,Very Poor
260591,DL005,2020-01-13 00:00:00,371.0,560.0,34.55,61.88,61.05,57.15,2.5,12.45,7.85,,151.47,,393.0,Very Poor
260592,DL005,2020-01-13 01:00:00,323.0,539.0,53.23,68.38,79.65,55.88,2.35,13.0,6.32,,125.5,,397.0,Very Poor
260593,DL005,2020-01-13 02:00:00,302.0,478.0,37.0,60.38,62.83,55.3,1.82,12.78,6.47,,,,401.0,Severe
260594,DL005,2020-01-13 03:00:00,262.0,388.0,21.1,53.1,45.45,55.2,1.55,11.73,6.75,,,,403.0,Severe
260595,DL005,2020-01-13 04:00:00,256.0,371.0,27.35,51.72,49.8,64.85,1.6,8.77,5.82,,,,405.0,Severe
260596,DL005,2020-01-13 05:00:00,262.0,383.0,27.9,50.4,49.55,70.12,1.6,8.07,6.33,,,,406.0,Severe
260597,DL005,2020-01-13 06:00:00,274.0,393.0,52.77,57.95,73.8,71.6,1.82,8.9,18.1,,,,407.0,Severe
260598,DL005,2020-01-13 07:00:00,284.0,404.0,79.67,67.92,101.05,71.3,2.17,10.53,19.98,,,,409.0,Severe
260599,DL005,2020-01-13 08:00:00,289.0,395.0,54.83,75.5,84.9,57.6,2.15,12.3,11.17,,,,411.0,Severe
260600,DL005,2020-01-13 09:00:00,301.0,437.0,32.0,78.33,67.78,51.17,1.82,12.82,7.5,,,,412.0,Severe
260601,DL005,2020-01-13 10:00:00,235.0,353.0,17.18,71.1,51.77,51.02,1.5,14.03,16.25,,,,409.0,Severe
260602,DL005,2020-01-13 11:00:00,200.0,320.0,8.6,61.42,39.6,52.83,1.45,14.3,30.5,,,,406.0,Severe
260603,DL005,2020-01-13 12:00:00,200.0,342.0,6.83,55.7,35.2,65.7,1.35,12.55,49.15,,,,404.0,Severe
260604,DL005,2020-01-13 13:00:00,185.0,334.0,6.72,61.23,38.62,74.55,1.45,12.25,56.0,,,,403.0,Severe
260605,DL005,2020-01-13 14:00:00,186.0,354.0,6.97,65.95,40.8,74.88,1.5,11.5,53.9,,,,405.0,Severe
260606,DL005,2020-01-13 15:00:00,194.0,361.0,6.2,59.18,36.53,72.75,1.38,9.52,57.3,,,,407.0,Severe
260607,DL005,2020-01-13 16:00:00,161.0,322.0,4.9,47.45,29.18,55.58,1.2,10.68,64.8,,,,409.0,Severe
260608,DL005,2020-01-13 17:00:00,144.0,289.0,3.9,45.8,27.52,50.27,1.3,12.2,58.17,,,,410.0,Severe
260609,DL005,2020-01-13 18:00:00,152.0,,5.0,65.2,38.75,48.62,1.6,15.32,22.48,,,,411.0,Severe
260610,DL005,2020-01-13 19:00:00,178.0,,8.65,48.35,32.9,49.88,1.4,15.28,14.5,,,,416.0,Severe
260611,DL005,2020-01-13 20:00:00,178.0,,7.9,43.58,29.55,62.4,1.23,14.22,11.77,,153.28,,412.0,Severe
260612,DL005,2020-01-13 21:00:00,193.0,,5.08,33.9,22.17,73.45,1.08,12.45,17.1,,130.47,,401.0,Severe
260613,DL005,2020-01-13 22:00:00,184.0,,6.22,40.78,26.72,75.97,1.15,11.92,9.72,,,,391.0,Very Poor
260614,DL005,2020-01-13 23:00:00,167.0,,5.15,34.88,22.75,75.0,0.95,12.4,12.1,,,,383.0,Very Poor
260615,DL005,2020-01-14 00:00:00,156.0,,4.1,26.75,17.52,57.08,0.83,13.45,16.5,,,,376.0,Very Poor
260616,DL005,2020-01-14 01:00:00,129.0,,3.12,20.08,13.22,51.65,0.7,14.35,22.55,,,,370.0,Very Poor
260617,DL005,2020-01-14 02:00:00,140.0,,3.05,17.9,11.95,50.52,0.7,13.03,16.45,,,,365.0,Very Poor
260618,DL005,2020-01-14 03:00:00,86.0,,3.88,20.88,14.3,51.35,0.7,12.2,14.97,,,,359.0,Very Poor
260619,DL005,2020-01-14 04:00:00,124.0,,3.08,20.1,13.22,61.42,0.67,10.88,17.2,,,,355.0,Very Poor
260620,DL005,2020-01-14 05:00:00,101.0,,3.3,20.57,13.62,68.4,0.7,10.52,15.4,,,,350.0,Very Poor
260621,DL005,2020-01-14 06:00:00,124.0,,3.27,19.6,13.12,70.12,0.7,10.35,16.93,,,,345.0,Very Poor
260622,DL005,2020-01-14 07:00:00,95.0,,3.08,19.35,12.78,67.7,0.72,11.42,18.75,,,,339.0,Very Poor
260623,DL005,2020-01-14 08:00:00,90.0,,3.6,22.4,14.82,55.48,0.8,12.53,15.95,,,,333.0,Very Poor
260624,DL005,2020-01-14 09:00:00,116.0,,4.5,22.82,15.8,49.05,0.88,11.95,18.25,,,,327.0,Very Poor
260625,DL005,2020-01-14 10:00:00,144.0,,5.3,20.75,15.32,49.08,0.8,11.65,18.83,,,,324.0,Very Poor
260626,DL005,2020-01-14 11:00:00,162.0,,5.92,22.15,16.62,50.27,0.8,13.85,19.52,,,,323.0,Very Poor
260627,DL005,2020-01-14 12:00:00,169.0,,6.17,24.8,18.23,59.05,0.83,13.33,22.1,,100.1,,322.0,Very Poor
260628,DL005,2020-01-14 13:00:00,190.0,232.0,5.3,24.07,17.15,71.22,0.8,9.7,33.6,,,,322.0,Very Poor
260629,DL005,2020-01-14 14:00:00,119.0,150.0,4.1,20.2,14.07,79.42,0.7,8.32,48.05,,,,320.0,Very Poor
260630,DL005,2020-01-14 15:00:00,84.0,102.0,3.65,19.0,13.08,78.75,0.7,7.67,58.8,,,,316.0,Very Poor
260631,DL005,2020-01-14 16:00:00,63.0,92.0,3.38,17.52,12.08,70.65,0.75,8.5,65.95,,,,313.0,Very Poor
260632,DL005,2020-01-14 17:00:00,74.0,112.0,2.92,19.38,12.72,56.65,0.8,9.38,61.23,,,,311.0,Very Poor
260633,DL005,2020-01-14 18:00:00,74.0,105.0,3.42,29.82,18.65,51.5,0.95,9.35,38.92,,,,308.0,Very Poor
260634,DL005,2020-01-14 19:00:00,95.0,156.0,4.97,47.1,29.12,52.7,1.23,9.32,12.75,,,,306.0,Very Poor
260635,DL005,2020-01-14 20:00:00,132.0,207.0,6.78,45.95,29.18,57.72,1.2,8.8,15.12,,112.5,,304.0,Very Poor
260636,DL005,2020-01-14 21:00:00,112.0,193.0,3.75,35.12,21.75,69.4,1.1,8.23,28.7,,153.6,,302.0,Very Poor
260637,DL005,2020-01-14 22:00:00,108.0,181.5,3.33,33.85,20.73,71.28,1.05,7.08,28.07,,,,296.0,Poor
260638,DL005,2020-01-14 23:00:00,113.0,171.0,3.42,32.65,20.18,70.62,0.9,6.3,23.12,,,,289.0,Poor
260639,DL005,2020-01-15 00:00:00,94.0,136.0,14.15,41.52,33.73,58.92,0.9,7.38,5.35,,,,280.0,Poor
260640,DL005,2020-01-15 01:00:00,89.0,128.25,7.75,33.68,24.23,48.12,0.83,10.85,8.5,,,,275.0,Poor
260641,DL005,2020-01-15 02:00:00,95.0,133.75,14.6,29.43,27.55,48.15,0.95,11.95,4.65,,,,268.0,Poor
260642,DL005,2020-01-15 03:00:00,153.0,202.0,9.4,27.57,22.3,49.17,0.88,12.15,9.22,,,,278.0,Poor
260643,DL005,2020-01-15 04:00:00,114.0,147.0,3.08,21.52,13.93,54.58,0.72,11.0,25.82,,,,276.0,Poor
260644,DL005,2020-01-15 05:00:00,80.0,104.5,2.9,18.3,12.1,62.9,0.7,9.58,29.43,,,,273.0,Poor
260645,DL005,2020-01-15 06:00:00,61.0,87.0,2.73,19.15,12.4,64.03,0.7,8.62,29.92,,,,265.0,Poor
260646,DL005,2020-01-15 07:00:00,64.0,84.0,2.85,22.6,14.35,63.55,0.8,8.5,29.77,,,,260.0,Poor
260647,DL005,2020-01-15 08:00:00,85.0,130.0,6.9,30.98,22.1,57.7,1.0,10.12,16.82,,,,260.0,Poor
260648,DL005,2020-01-15 09:00:00,113.0,168.25,21.42,34.83,36.03,50.0,1.25,11.72,8.45,,,,259.0,Poor
260649,DL005,2020-01-15 10:00:00,151.0,212.5,16.48,36.33,32.73,49.5,1.12,13.05,12.8,,,,260.0,Poor
260650,DL005,2020-01-15 11:00:00,171.0,244.0,14.4,31.18,28.35,52.02,1.15,16.4,21.05,,,,262.0,Poor
260651,DL005,2020-01-15 12:00:00,184.0,263.0,7.88,27.27,20.93,54.97,0.93,18.38,42.98,,,,264.0,Poor
260652,DL005,2020-01-15 13:00:00,130.0,178.0,4.85,23.77,16.6,67.0,0.8,14.33,60.52,,,,255.0,Poor
260653,DL005,2020-01-15 14:00:00,94.0,121.5,3.65,21.2,14.3,70.65,0.8,11.55,74.2,,,,252.0,Poor
260654,DL005,2020-01-15 15:00:00,84.0,112.5,3.5,22.0,14.57,67.9,0.8,10.75,88.75,,,,252.0,Poor
260655,DL005,2020-01-15 16:00:00,85.0,160.75,3.58,26.65,17.1,63.2,0.93,13.0,105.48,,,,255.0,Poor
260656,DL005,2020-01-15 17:00:00,140.0,238.0,3.83,35.15,21.8,52.9,1.05,16.45,78.55,,,,264.0,Poor
260657,DL005,2020-01-15 18:00:00,178.0,317.75,3.75,38.58,23.55,49.33,1.1,16.33,56.38,,132.82,,278.0,Poor
260658,DL005,2020-01-15 19:00:00,173.0,329.25,3.92,49.25,29.43,50.7,1.25,15.4,28.57,,170.62,,289.0,Poor
260659,DL005,2020-01-15 20:00:00,185.0,308.0,5.07,46.88,29.05,52.8,1.25,14.55,24.12,,147.05,,297.0,Poor
260660,DL005,2020-01-15 21:00:00,182.0,283.0,3.55,38.5,23.38,64.12,1.12,14.27,30.85,,126.45,,301.0,Very Poor
260661,DL005,2020-01-15 22:00:00,164.0,244.0,4.17,38.47,23.85,67.92,1.1,13.15,20.62,,,,303.0,Very Poor
260662,DL005,2020-01-15 23:00:00,184.0,254.0,3.48,36.88,22.45,67.25,1.02,13.38,17.25,,,,306.0,Very Poor
260663,DL005,2020-01-16 00:00:00,161.0,219.0,3.2,31.7,19.48,62.58,0.85,14.55,20.55,,,,308.0,Very Poor
260664,DL005,2020-01-16 01:00:00,147.0,186.0,3.15,23.8,15.23,47.33,0.88,13.22,20.43,,,,310.0,Very Poor
260665,DL005,2020-01-16 02:00:00,121.0,148.0,3.1,21.05,13.73,45.2,0.8,11.53,13.95,,,,310.0,Very Poor
260666,DL005,2020-01-16 03:00:00,111.0,150.0,3.17,19.98,13.22,45.98,0.83,10.95,12.33,,,,309.0,Very Poor
260667,DL005,2020-01-16 04:00:00,100.0,147.0,3.5,20.82,13.95,48.92,0.93,10.62,10.35,,,,309.0,Very Poor
260668,DL005,2020-01-16 05:00:00,102.0,150.0,3.75,24.77,16.25,59.45,0.9,8.7,9.28,,,,309.0,Very Poor
260669,DL005,2020-01-16 06:00:00,100.0,169.0,3.77,23.53,15.55,62.53,0.8,7.82,12.88,,,,311.0,Very Poor
260670,DL005,2020-01-16 07:00:00,94.0,195.0,4.53,26.82,17.95,62.38,0.83,7.62,11.68,,,,312.0,Very Poor
260671,DL005,2020-01-16 08:00:00,103.0,188.0,3.92,26.43,17.25,59.4,0.95,8.72,12.4,,,,312.0,Very Poor
260672,DL005,2020-01-16 09:00:00,113.0,186.0,8.35,27.88,21.6,45.08,1.1,10.65,9.2,,,,312.0,Very Poor
260673,DL005,2020-01-16 10:00:00,144.0,218.0,12.32,28.43,25.15,45.08,1.12,11.55,11.18,,,,312.0,Very Poor
260674,DL005,2020-01-16 11:00:00,163.0,232.0,14.93,33.3,29.9,46.25,1.2,14.28,16.02,,117.2,,312.0,Very Poor
260675,DL005,2020-01-16 12:00:00,211.0,298.0,9.88,32.15,25.18,49.25,1.02,15.75,28.95,,115.3,,312.0,Very Poor
260676,DL005,2020-01-16 13:00:00,175.0,237.0,7.53,33.48,23.95,62.23,1.05,12.3,30.48,,,,314.0,Very Poor
260677,DL005,2020-01-16 14:00:00,,218.0,5.55,37.15,24.3,65.4,1.05,11.22,33.23,,,,315.0,Very Poor
260678,DL005,2020-01-16 15:00:00,,252.0,5.15,35.67,23.18,65.17,0.95,11.75,37.15,,,,317.0,Very Poor
260679,DL005,2020-01-16 16:00:00,183.0,266.0,5.65,38.85,25.3,62.88,0.98,10.97,17.6,,114.9,,321.0,Very Poor
260680,DL005,2020-01-16 17:00:00,153.0,194.0,7.12,39.85,27.02,44.08,1.07,13.15,18.7,,147.45,,321.0,Very Poor
260681,DL005,2020-01-16 18:00:00,171.0,248.0,5.53,38.67,25.05,40.05,1.02,13.85,21.43,,135.7,,321.0,Very Poor
260682,DL005,2020-01-16 19:00:00,157.0,219.0,5.2,41.8,26.48,39.98,1.05,13.6,15.1,,152.77,,320.0,Very Poor
260683,DL005,2020-01-16 20:00:00,143.0,202.0,5.38,44.02,27.8,44.15,1.25,15.0,14.38,,159.27,,319.0,Very Poor
260684,DL005,2020-01-16 21:00:00,193.0,268.0,6.85,52.33,33.42,61.35,1.4,15.07,6.9,,161.4,,319.0,Very Poor
260685,DL005,2020-01-16 22:00:00,218.0,300.0,11.53,50.83,36.38,67.8,1.45,13.03,5.1,,125.83,,321.0,Very Poor
260686,DL005,2020-01-16 23:00:00,215.0,304.0,22.17,41.88,40.3,68.3,1.32,10.4,4.6,,117.35,,322.0,Very Poor
260687,DL005,2020-01-17 00:00:00,184.0,237.0,17.57,36.5,33.7,64.35,1.15,10.2,5.12,,,,323.0,Very Poor
260688,DL005,2020-01-17 01:00:00,158.0,206.0,8.62,32.65,24.4,48.55,1.1,12.98,6.3,,,,323.0,Very Poor
260689,DL005,2020-01-17 02:00:00,164.0,200.0,4.0,27.88,18.1,43.67,1.05,12.88,6.33,,,,325.0,Very Poor
260690,DL005,2020-01-17 03:00:00,130.0,157.0,4.47,29.57,19.38,43.65,1.0,12.97,6.1,,,,326.0,Very Poor
260691,DL005,2020-01-17 04:00:00,117.0,145.0,5.03,24.52,17.12,45.45,1.08,12.53,4.9,,,,326.0,Very Poor
260692,DL005,2020-01-17 05:00:00,127.0,162.0,5.0,25.05,17.38,59.8,1.0,10.65,4.1,,,,327.0,Very Poor
260693,DL005,2020-01-17 06:00:00,125.0,178.0,9.2,25.95,21.32,67.03,1.1,9.6,4.28,,,,328.0,Very Poor
260694,DL005,2020-01-17 07:00:00,129.0,201.0,8.45,27.43,21.5,66.43,0.98,8.72,5.25,,,,329.0,Very Poor
260695,DL005,2020-01-17 08:00:00,97.0,171.0,6.88,25.43,19.12,64.1,0.98,8.53,6.33,,,,329.0,Very Poor
260696,DL005,2020-01-17 09:00:00,95.0,139.0,10.3,22.1,20.12,47.27,1.05,10.65,6.45,,,,328.0,Very Poor
260697,DL005,2020-01-17 10:00:00,97.0,132.0,12.25,23.4,22.38,41.67,1.1,10.57,7.85,,,,327.0,Very Poor
260698,DL005,2020-01-17 11:00:00,118.0,167.0,10.55,22.9,20.77,41.47,1.1,11.55,10.45,,,,325.0,Very Poor
260699,DL005,2020-01-17 12:00:00,158.0,212.0,6.95,20.05,16.33,44.07,0.97,12.7,17.6,,,,323.0,Very Poor
260700,DL005,2020-01-17 13:00:00,145.0,177.25,5.93,20.48,15.75,57.97,0.93,11.93,22.38,,,,322.0,Very Poor
260701,DL005,2020-01-17 14:00:00,128.0,163.0,5.22,20.53,15.2,67.0,0.9,10.45,25.65,,,,322.0,Very Poor
260702,DL005,2020-01-17 15:00:00,114.0,130.0,4.18,21.05,14.62,67.4,0.83,8.9,31.7,,,,320.0,Very Poor
260703,DL005,2020-01-17 16:00:00,95.0,111.0,,,,,,,40.15,,,,318.0,Very Poor
260704,DL005,2020-01-17 17:00:00,75.0,105.0,14.25,20.3,22.2,48.3,0.46,11.9,39.8,,,,315.0,Very Poor
260705,DL005,2020-01-17 18:00:00,88.0,110.0,3.48,23.38,15.25,44.17,0.9,10.9,25.27,,,,312.0,Very Poor
260706,DL005,2020-01-17 19:00:00,83.0,114.0,4.38,33.02,21.1,35.08,1.1,10.9,13.57,,,,310.0,Very Poor
260707,DL005,2020-01-17 20:00:00,123.0,177.0,17.57,41.08,36.12,33.42,1.38,11.25,5.68,,,,309.0,Very Poor
260708,DL005,2020-01-17 21:00:00,125.0,204.0,38.35,40.92,53.02,46.88,1.67,10.1,4.25,,,,307.0,Very Poor
260709,DL005,2020-01-17 22:00:00,160.0,250.0,39.73,41.33,54.52,61.08,1.85,9.32,4.65,,,,305.0,Very Poor
260710,DL005,2020-01-17 23:00:00,194.0,288.0,39.73,42.35,54.57,62.52,1.77,9.4,5.45,,105.92,,305.0,Very Poor
260711,DL005,2020-01-18 00:00:00,189.0,320.0,51.7,40.38,63.7,62.58,1.8,9.88,5.15,,126.23,,305.0,Very Poor
260712,DL005,2020-01-18 01:00:00,185.0,312.0,26.3,30.57,37.73,48.12,1.25,11.22,5.7,,116.15,,306.0,Very Poor
260713,DL005,2020-01-18 02:00:00,153.0,273.0,9.68,31.08,24.38,41.75,1.05,11.48,4.9,,,,305.0,Very Poor
260714,DL005,2020-01-18 03:00:00,107.0,232.0,5.9,36.3,24.1,46.5,1.0,11.0,4.72,,,,305.0,Very Poor
260715,DL005,2020-01-18 04:00:00,92.0,152.0,6.3,35.28,23.9,43.52,1.0,10.93,4.4,,,,304.0,Very Poor
260716,DL005,2020-01-18 05:00:00,81.0,111.0,5.72,36.15,23.92,44.75,1.0,8.82,4.45,,,,302.0,Very Poor
260717,DL005,2020-01-18 06:00:00,67.0,86.0,4.5,34.88,22.2,53.3,1.0,7.75,5.17,,,,301.0,Very Poor
260718,DL005,2020-01-18 07:00:00,67.0,83.0,9.5,33.65,25.7,56.35,1.05,7.38,4.45,,,,294.0,Poor
260719,DL005,2020-01-18 08:00:00,79.0,110.0,18.6,39.33,36.1,62.5,1.15,7.25,4.28,,,,291.0,Poor
260720,DL005,2020-01-18 09:00:00,114.0,239.0,23.02,43.08,41.67,84.42,1.25,4.47,4.95,,,,294.0,Poor
260721,DL005,2020-01-18 10:00:00,122.0,206.0,26.65,46.33,46.33,67.92,1.25,4.42,7.17,,,,298.0,Poor
260722,DL005,2020-01-18 11:00:00,119.5,212.75,21.25,39.6,38.4,47.0,1.2,7.62,8.43,,,,298.0,Poor
260723,DL005,2020-01-18 12:00:00,112.0,180.0,,,,,,,9.18,,,,291.0,Poor
260724,DL005,2020-01-18 13:00:00,116.25,156.5,7.83,37.05,26.07,45.1,,5.1,,,,,287.0,Poor
260725,DL005,2020-01-18 14:00:00,123.5,151.75,4.1,31.47,20.1,46.4,,5.38,29.6,,,,287.0,Poor
260726,DL005,2020-01-18 15:00:00,105.5,128.75,1.98,27.7,16.32,50.83,,3.77,37.92,,,,286.0,Poor
260727,DL005,2020-01-18 16:00:00,100.75,116.75,1.52,28.2,16.23,53.2,,3.08,49.1,,,,286.0,Poor
260728,DL005,2020-01-18 17:00:00,100.0,119.0,2.27,26.77,16.1,43.02,1.15,7.12,44.38,,,,290.0,Poor
260729,DL005,2020-01-18 18:00:00,96.0,144.0,3.05,32.75,19.9,35.88,1.4,8.65,31.62,,,,291.0,Poor
260730,DL005,2020-01-18 19:00:00,146.0,185.0,6.28,65.53,40.03,34.9,1.85,7.6,4.9,,,,300.0,Poor
260731,DL005,2020-01-18 20:00:00,210.0,295.0,29.2,63.12,57.42,36.97,2.2,7.45,0.85,,,,303.0,Very Poor
260732,DL005,2020-01-18 21:00:00,245.0,365.0,21.45,50.07,44.17,46.77,2.0,6.47,2.15,,,,307.0,Very Poor
260733,DL005,2020-01-18 22:00:00,207.0,299.0,4.48,35.83,22.67,56.3,1.52,6.48,6.88,,,,308.0,Very Poor
260734,DL005,2020-01-18 23:00:00,163.0,230.0,4.12,32.3,20.55,58.6,1.42,6.03,7.12,,,,307.0,Very Poor
260735,DL005,2020-01-19 00:00:00,141.0,207.0,5.42,34.23,22.65,57.78,1.38,3.2,2.78,,,,306.0,Very Poor
260736,DL005,2020-01-19 01:00:00,141.0,202.0,6.78,30.48,21.73,47.35,1.42,9.73,1.68,,,,304.0,Very Poor
260737,DL005,2020-01-19 02:00:00,161.0,222.0,4.95,24.35,16.98,38.85,1.5,11.68,2.17,,,,304.0,Very Poor
260738,DL005,2020-01-19 03:00:00,136.0,200.0,3.52,20.2,13.62,37.35,1.48,11.03,7.52,,,,305.0,Very Poor
260739,DL005,2020-01-19 04:00:00,117.0,162.0,3.05,21.02,13.65,36.6,1.42,10.9,11.55,,,,306.0,Very Poor
260740,DL005,2020-01-19 05:00:00,97.0,119.0,2.85,21.07,13.53,43.55,1.35,10.1,14.22,,,,307.0,Very Poor
260741,DL005,2020-01-19 06:00:00,86.0,125.0,2.8,17.95,11.85,50.48,1.2,10.32,29.58,,,,307.0,Very Poor
260742,DL005,2020-01-19 07:00:00,85.0,110.0,2.95,18.62,12.32,53.6,1.17,8.57,41.2,,,,308.0,Very Poor
260743,DL005,2020-01-19 08:00:00,99.0,143.0,2.77,20.55,13.2,52.8,1.2,6.2,48.55,,,,308.0,Very Poor
260744,DL005,2020-01-19 09:00:00,107.0,160.0,3.0,22.1,14.22,44.55,1.27,9.75,36.88,,,,308.0,Very Poor
260745,DL005,2020-01-19 10:00:00,122.0,171.0,3.85,23.2,15.43,39.4,1.3,10.23,35.83,,,,308.0,Very Poor
260746,DL005,2020-01-19 11:00:00,127.0,189.0,4.12,18.67,13.3,37.3,1.23,10.25,36.0,,,,308.0,Very Poor
260747,DL005,2020-01-19 12:00:00,133.0,163.0,3.9,15.65,11.47,36.95,1.2,11.88,40.92,,,,309.0,Very Poor
260748,DL005,2020-01-19 13:00:00,133.0,151.0,4.45,17.65,13.05,42.72,1.2,12.1,43.5,,,,310.0,Very Poor
260749,DL005,2020-01-19 14:00:00,135.0,166.0,3.95,18.25,12.95,52.1,1.2,7.97,47.88,,,,310.0,Very Poor
260750,DL005,2020-01-19 15:00:00,128.0,157.0,3.62,18.8,12.97,55.65,1.2,6.68,49.95,,,,311.0,Very Poor
260751,DL005,2020-01-19 16:00:00,123.0,151.0,3.83,20.62,14.1,54.75,1.23,6.95,44.3,,,,311.0,Very Poor
260752,DL005,2020-01-19 17:00:00,118.0,143.0,3.6,20.93,14.07,44.25,1.3,9.8,42.27,,,,312.0,Very Poor
260753,DL005,2020-01-19 18:00:00,122.0,185.0,3.5,23.7,15.5,35.08,1.38,11.07,26.38,,,,313.0,Very Poor
260754,DL005,2020-01-19 19:00:00,141.0,184.0,3.68,29.18,18.55,34.55,1.45,10.1,13.38,,,,313.0,Very Poor
260755,DL005,2020-01-19 20:00:00,146.0,208.0,5.88,33.1,22.4,35.73,1.6,10.38,4.38,,,,311.0,Very Poor
260756,DL005,2020-01-19 21:00:00,161.0,227.0,6.55,32.5,22.62,40.25,1.68,12.97,4.72,,,,308.0,Very Poor
260757,DL005,2020-01-19 22:00:00,161.0,239.0,3.7,27.05,17.43,48.33,1.42,11.1,15.28,,,,307.0,Very Poor
260758,DL005,2020-01-19 23:00:00,122.0,186.0,3.15,24.55,15.68,50.6,1.35,6.03,18.23,,,,305.0,Very Poor
260759,DL005,2020-01-20 00:00:00,112.0,169.0,2.85,24.2,15.15,51.35,1.35,6.68,18.58,,,,304.0,Very Poor
260760,DL005,2020-01-20 01:00:00,105.0,162.0,2.65,19.08,12.32,44.2,1.3,9.7,25.07,,,,303.0,Very Poor
260761,DL005,2020-01-20 02:00:00,90.0,136.0,2.92,15.5,10.62,35.02,1.3,11.07,27.43,,,,301.0,Very Poor
260762,DL005,2020-01-20 03:00:00,81.0,124.0,2.8,15.0,10.25,34.85,1.35,10.38,28.45,,,,296.0,Poor
260763,DL005,2020-01-20 04:00:00,83.0,119.0,2.7,15.53,10.43,35.23,1.4,10.9,29.2,,,,291.0,Poor
260764,DL005,2020-01-20 05:00:00,88.0,123.0,2.73,15.72,10.6,38.67,1.4,10.6,31.05,,,,290.0,Poor
260765,DL005,2020-01-20 06:00:00,90.0,138.0,2.8,16.98,11.33,48.02,1.4,8.97,33.17,,,,291.0,Poor
260766,DL005,2020-01-20 07:00:00,92.0,133.0,3.03,21.48,13.88,50.9,1.45,6.28,28.0,,,,292.0,Poor
260767,DL005,2020-01-20 08:00:00,101.0,164.0,3.33,25.35,16.25,51.12,1.52,6.85,24.92,,,,292.0,Poor
260768,DL005,2020-01-20 09:00:00,127.0,197.0,3.8,25.57,16.7,44.88,1.52,9.32,25.42,,,,295.0,Poor
260769,DL005,2020-01-20 10:00:00,134.0,196.0,4.1,20.85,14.45,33.4,1.55,11.72,25.15,,,,296.0,Poor
260770,DL005,2020-01-20 11:00:00,152.0,206.0,4.62,19.27,14.03,31.97,1.5,11.43,31.92,,,,300.0,Poor
260771,DL005,2020-01-20 12:00:00,150.0,193.0,4.95,18.57,13.93,32.05,1.5,11.38,37.73,,,,300.0,Poor
260772,DL005,2020-01-20 13:00:00,156.0,185.0,4.22,18.1,13.08,36.4,1.5,11.68,49.65,,,,301.0,Very Poor
260773,DL005,2020-01-20 14:00:00,147.0,174.0,3.73,20.6,13.97,48.7,1.5,9.98,54.6,,,,302.0,Very Poor
260774,DL005,2020-01-20 15:00:00,155.0,183.0,3.85,23.68,15.73,54.22,1.55,7.33,58.6,,,,302.0,Very Poor
260775,DL005,2020-01-20 16:00:00,163.0,200.0,3.62,27.93,17.82,54.88,1.4,8.75,55.55,,,,304.0,Very Poor
260776,DL005,2020-01-20 17:00:00,177.0,223.0,3.5,28.75,18.1,49.08,1.4,10.03,48.5,,,,306.0,Very Poor
260777,DL005,2020-01-20 18:00:00,162.0,215.0,3.38,31.08,19.3,34.38,1.55,11.53,31.3,,,,307.0,Very Poor
260778,DL005,2020-01-20 19:00:00,171.0,238.0,7.9,46.95,31.47,32.35,1.9,11.3,8.95,,,,308.0,Very Poor
260779,DL005,2020-01-20 20:00:00,213.0,306.0,7.02,49.65,32.12,32.93,2.1,11.95,3.25,,,,310.0,Very Poor
260780,DL005,2020-01-20 21:00:00,215.0,306.0,33.5,56.12,57.23,37.08,2.7,11.48,0.1,,,,312.0,Very Poor
260781,DL005,2020-01-20 22:00:00,267.0,387.0,86.35,46.4,94.8,50.17,3.0,12.15,,,,,315.0,Very Poor
260782,DL005,2020-01-20 23:00:00,283.0,484.0,94.12,51.7,104.12,50.97,2.67,9.43,,,,,320.0,Very Poor
260783,DL005,2020-01-21 00:00:00,272.0,480.0,56.98,42.67,69.15,53.32,2.25,8.98,,,,,325.0,Very Poor
260784,DL005,2020-01-21 01:00:00,265.0,415.0,38.9,34.12,49.9,50.67,2.17,9.93,0.4,,,,331.0,Very Poor
260785,DL005,2020-01-21 02:00:00,250.0,385.0,46.92,32.15,55.38,39.35,2.38,11.6,0.5,,,,336.0,Very Poor
260786,DL005,2020-01-21 03:00:00,252.0,384.0,58.85,28.5,63.18,37.62,2.38,11.93,0.3,,,,341.0,Very Poor
260787,DL005,2020-01-21 04:00:00,237.0,385.0,47.08,31.1,54.88,37.52,2.08,11.68,0.15,,,,346.0,Very Poor
260788,DL005,2020-01-21 05:00:00,226.0,337.0,41.2,25.85,47.38,38.65,1.95,11.7,,,,,351.0,Very Poor
260789,DL005,2020-01-21 06:00:00,219.0,318.0,37.6,25.77,44.38,47.9,2.0,10.35,0.1,,,,355.0,Very Poor
260790,DL005,2020-01-21 07:00:00,228.0,342.0,39.62,27.9,47.15,52.6,2.12,6.32,1.6,,,,359.0,Very Poor
260791,DL005,2020-01-21 08:00:00,234.0,365.0,38.1,37.2,50.77,53.4,2.38,8.45,5.7,,,,363.0,Very Poor
260792,DL005,2020-01-21 09:00:00,262.0,421.0,99.67,42.25,103.73,52.9,3.03,11.03,14.93,,,,368.0,Very Poor
260793,DL005,2020-01-21 10:00:00,381.0,603.0,101.4,67.93,118.8,43.1,3.3,13.8,12.1,,,,376.0,Very Poor
260794,DL005,2020-01-21 11:00:00,356.0,571.0,88.62,114.1,133.53,39.92,3.23,14.25,4.42,,,,382.0,Very Poor
260795,DL005,2020-01-21 12:00:00,350.0,547.0,17.9,82.78,58.55,40.38,2.23,14.38,13.27,,,,388.0,Very Poor
260796,DL005,2020-01-21 13:00:00,299.0,432.0,16.65,87.35,60.08,40.38,2.18,13.88,27.48,,,,393.0,Very Poor
260797,DL005,2020-01-21 14:00:00,302.0,448.0,12.9,87.15,56.88,51.5,2.08,12.07,53.85,,,,398.0,Very Poor
260798,DL005,2020-01-21 15:00:00,285.0,437.0,10.15,86.05,54.15,59.15,2.58,12.22,34.35,,142.85,,402.0,Severe
260799,DL005,2020-01-21 16:00:00,440.0,675.0,7.42,72.15,44.48,61.38,2.1,12.95,39.0,,145.4,,411.0,Severe
260800,DL005,2020-01-21 17:00:00,370.0,552.0,4.9,55.7,33.58,56.12,1.95,11.22,37.55,,132.25,,417.0,Severe
260801,DL005,2020-01-21 18:00:00,323.0,473.0,5.23,59.42,36.55,43.2,2.17,13.0,18.1,,102.7,,422.0,Severe
260802,DL005,2020-01-21 19:00:00,351.0,531.0,9.53,70.27,44.65,39.68,2.58,13.07,4.75,,191.53,,428.0,Severe
260803,DL005,2020-01-21 20:00:00,412.0,613.0,13.7,62.82,44.67,38.65,2.62,12.62,1.4,,137.0,,435.0,Severe
260804,DL005,2020-01-21 21:00:00,359.0,528.0,35.15,56.4,58.73,40.0,2.9,12.82,,,,,441.0,Severe
260805,DL005,2020-01-21 22:00:00,366.0,561.0,33.83,53.05,55.78,50.2,2.98,9.85,,,,,450.0,Severe
260806,DL005,2020-01-21 23:00:00,394.0,594.0,29.8,48.7,50.22,57.52,2.73,8.12,,,,,456.0,Severe
260807,DL005,2020-01-22 00:00:00,343.0,525.0,20.55,48.05,42.33,57.75,2.23,9.82,0.3,,118.15,,458.0,Severe
260808,DL005,2020-01-22 01:00:00,272.0,422.0,18.3,48.18,40.53,54.83,1.98,8.43,0.55,,,,459.0,Severe
260809,DL005,2020-01-22 02:00:00,243.0,376.0,31.22,36.23,44.75,42.62,2.0,9.35,2.0,,,,458.0,Severe
260810,DL005,2020-01-22 03:00:00,216.0,284.0,56.33,22.85,58.05,38.12,2.3,9.32,2.05,,117.6,,453.0,Severe
260811,DL005,2020-01-22 04:00:00,239.0,290.0,33.3,25.4,40.65,36.67,2.05,9.88,0.55,,103.3,,448.0,Severe
260812,DL005,2020-01-22 05:00:00,163.0,188.0,29.43,30.02,39.95,37.0,2.2,9.42,0.2,,,,445.0,Severe
260813,DL005,2020-01-22 06:00:00,169.0,199.0,13.3,35.62,29.9,44.0,2.03,4.97,0.3,,,,443.0,Severe
260814,DL005,2020-01-22 07:00:00,151.0,186.0,6.88,33.3,23.35,48.8,1.77,5.4,1.8,,,,441.0,Severe
260815,DL005,2020-01-22 08:00:00,123.0,149.0,6.47,31.5,22.05,49.55,1.85,5.8,1.35,,,,437.0,Severe
260816,DL005,2020-01-22 09:00:00,140.0,180.0,8.33,32.0,23.82,47.98,1.77,5.72,3.28,,,,434.0,Severe
260817,DL005,2020-01-22 10:00:00,147.0,193.0,6.55,25.93,19.12,34.55,1.62,7.95,9.65,,,,426.0,Severe
260818,DL005,2020-01-22 11:00:00,140.0,189.0,6.22,26.57,19.2,33.05,1.5,8.45,12.68,,,,419.0,Severe
260819,DL005,2020-01-22 12:00:00,138.0,186.0,5.82,29.7,20.55,32.35,1.48,8.85,13.75,,,,412.0,Severe
260820,DL005,2020-01-22 13:00:00,144.0,201.0,5.05,24.57,17.18,33.75,1.4,9.17,18.8,,,,407.0,Severe
260821,DL005,2020-01-22 14:00:00,169.0,223.25,5.2,27.6,18.98,43.6,1.38,5.92,23.88,,,,403.0,Severe
260822,DL005,2020-01-22 15:00:00,192.5,243.25,4.4,29.25,19.12,51.98,1.3,6.98,34.17,,,,400.0,Very Poor
260823,DL005,2020-01-22 16:00:00,193.75,247.25,4.12,28.12,18.32,53.8,1.5,7.35,43.42,,,,392.0,Very Poor
260824,DL005,2020-01-22 17:00:00,164.25,210.0,3.88,29.55,18.88,52.17,1.43,6.62,45.75,,,,386.0,Very Poor
260825,DL005,2020-01-22 18:00:00,128.25,177.75,3.75,34.6,21.45,35.67,1.48,8.25,26.33,,,,379.0,Very Poor
260826,DL005,2020-01-22 19:00:00,138.25,209.75,14.65,62.9,45.38,31.85,1.93,8.2,1.52,,,,373.0,Very Poor
260827,DL005,2020-01-22 20:00:00,201.5,294.25,17.47,56.82,44.47,30.98,2.17,9.5,1.1,,,,366.0,Very Poor
260828,DL005,2020-01-22 21:00:00,229.5,329.25,59.35,51.72,75.85,32.6,2.75,10.17,,,,,362.0,Very Poor
260829,DL005,2020-01-22 22:00:00,300.0,446.0,42.17,51.35,61.8,41.2,2.33,7.15,,,,,360.0,Very Poor
260830,DL005,2020-01-22 23:00:00,217.0,312.0,13.47,41.08,32.83,48.57,1.47,5.22,0.3,,,,354.0,Very Poor
260831,DL005,2020-01-23 00:00:00,120.0,178.25,8.4,36.9,26.5,48.58,1.1,5.4,1.05,,,,347.0,Very Poor
260832,DL005,2020-01-23 01:00:00,91.5,144.25,5.97,33.15,22.5,46.62,1.0,5.92,3.23,,,,341.0,Very Poor
260833,DL005,2020-01-23 02:00:00,93.0,132.75,3.5,26.12,16.73,34.02,1.0,8.0,8.4,,,,336.0,Very Poor
260834,DL005,2020-01-23 03:00:00,85.5,118.5,3.27,23.52,15.23,30.4,1.0,8.65,10.48,,,,332.0,Very Poor
260835,DL005,2020-01-23 04:00:00,90.25,132.75,3.12,20.65,13.55,29.05,1.02,8.4,11.73,,,,327.0,Very Poor
260836,DL005,2020-01-23 05:00:00,104.25,154.0,3.17,20.27,13.35,30.38,1.1,8.82,10.88,,,,325.0,Very Poor
260837,DL005,2020-01-23 06:00:00,128.75,185.75,3.08,22.1,14.22,36.5,1.0,5.8,14.75,,,,324.0,Very Poor
260838,DL005,2020-01-23 07:00:00,84.75,112.25,3.53,25.88,16.68,41.48,1.02,5.55,12.45,,,,322.0,Very Poor
260839,DL005,2020-01-23 08:00:00,93.0,125.25,5.88,31.9,21.77,42.23,1.15,5.82,8.12,,,,321.0,Very Poor
260840,DL005,2020-01-23 09:00:00,102.75,142.0,8.05,35.78,25.62,42.02,1.17,6.4,9.78,,,,320.0,Very Poor
260841,DL005,2020-01-23 10:00:00,101.0,135.0,7.02,29.62,21.52,34.0,1.1,9.15,20.2,,,,318.0,Very Poor
260842,DL005,2020-01-23 11:00:00,86.0,137.25,5.38,20.58,15.38,28.9,1.05,10.45,42.62,,,,317.0,Very Poor
260843,DL005,2020-01-23 12:00:00,71.5,152.25,4.15,17.7,12.82,28.38,1.0,10.12,58.62,,,,314.0,Very Poor
260844,DL005,2020-01-23 13:00:00,52.25,147.75,3.6,15.7,11.33,28.18,0.93,8.28,69.7,,,,311.0,Very Poor
260845,DL005,2020-01-23 14:00:00,43.25,141.75,3.38,17.45,12.05,35.6,0.9,5.65,79.1,,,,307.0,Very Poor
260846,DL005,2020-01-23 15:00:00,40.5,140.25,3.62,19.55,13.35,43.12,0.9,5.8,84.53,,,,303.0,Very Poor
260847,DL005,2020-01-23 16:00:00,40.25,121.0,3.2,21.97,14.28,43.33,1.0,5.78,88.03,,,,290.0,Poor
260848,DL005,2020-01-23 17:00:00,44.75,93.75,3.05,25.12,15.88,41.33,1.0,4.97,84.8,,,,273.0,Poor
260849,DL005,2020-01-23 18:00:00,52.75,94.75,2.95,31.12,19.0,31.55,1.15,7.45,64.0,,,,263.0,Poor
260850,DL005,2020-01-23 19:00:00,83.0,150.5,3.98,57.95,34.0,26.2,1.5,8.57,23.3,,,,255.0,Poor
260851,DL005,2020-01-23 20:00:00,122.0,210.75,3.52,40.92,24.65,27.07,1.43,9.85,30.6,,,,244.0,Poor
260852,DL005,2020-01-23 21:00:00,129.0,188.25,4.4,48.45,29.35,28.55,1.5,9.02,16.02,,,,230.0,Poor
260853,DL005,2020-01-23 22:00:00,151.25,214.5,4.85,49.7,30.38,33.55,1.5,5.53,9.78,,,,209.0,Poor
260854,DL005,2020-01-23 23:00:00,156.5,223.5,5.55,50.6,31.45,40.25,1.45,6.25,9.42,,,,201.0,Poor
260855,DL005,2020-01-24 00:00:00,150.25,218.75,4.15,44.95,27.3,41.35,1.35,8.7,12.55,,,,205.0,Poor
260856,DL005,2020-01-24 01:00:00,116.25,163.25,3.38,42.88,25.55,39.88,1.23,9.03,13.03,,,,209.0,Poor
260857,DL005,2020-01-24 02:00:00,106.0,151.5,3.25,35.27,21.4,35.02,1.15,7.55,20.45,,,,211.0,Poor
260858,DL005,2020-01-24 03:00:00,99.25,129.75,3.2,30.12,18.62,29.55,1.25,10.4,18.45,,,,212.0,Poor
260859,DL005,2020-01-24 04:00:00,130.25,155.5,3.45,29.5,18.5,29.2,1.25,10.05,13.22,,,,218.0,Poor
260860,DL005,2020-01-24 05:00:00,138.5,161.25,3.1,27.38,17.12,29.1,1.3,13.32,12.93,,,,223.0,Poor
260861,DL005,2020-01-24 06:00:00,108.0,134.0,3.45,29.68,18.57,30.98,1.3,10.0,9.1,,,,220.0,Poor
260862,DL005,2020-01-24 07:00:00,110.75,148.5,6.48,36.88,24.88,36.15,1.38,10.32,3.92,,,,223.0,Poor
260863,DL005,2020-01-24 08:00:00,118.5,156.75,7.3,38.58,26.45,37.45,1.35,10.53,5.35,,,,227.0,Poor
260864,DL005,2020-01-24 09:00:00,142.75,188.75,10.78,40.6,30.4,37.42,1.48,12.68,9.32,,,,233.0,Poor
260865,DL005,2020-01-24 10:00:00,134.75,188.25,8.02,30.35,22.68,33.9,1.33,11.15,26.0,,,,237.0,Poor
260866,DL005,2020-01-24 11:00:00,109.5,151.25,5.22,22.35,16.15,27.33,1.2,14.12,47.98,,,,241.0,Poor
260867,DL005,2020-01-24 12:00:00,69.25,119.75,3.78,18.1,12.7,24.9,1.12,11.62,73.05,,,,240.0,Poor
260868,DL005,2020-01-24 13:00:00,58.5,117.25,3.62,17.27,12.07,25.05,1.1,10.28,85.88,,,,241.0,Poor
260869,DL005,2020-01-24 14:00:00,50.0,102.0,3.55,18.07,12.53,29.28,1.05,8.12,93.97,,,,242.0,Poor
260870,DL005,2020-01-24 15:00:00,48.25,101.0,3.5,22.43,14.75,38.3,1.05,12.12,97.35,,,,243.0,Poor
260871,DL005,2020-01-24 16:00:00,51.0,107.0,3.62,25.88,16.73,39.1,1.0,11.77,98.27,,,,245.0,Poor
260872,DL005,2020-01-24 17:00:00,50.0,108.75,3.35,28.75,17.98,37.45,1.02,7.3,89.97,,,,245.0,Poor
260873,DL005,2020-01-24 18:00:00,58.75,119.25,3.45,40.55,24.38,32.4,1.25,10.52,63.27,,,,246.0,Poor
260874,DL005,2020-01-24 19:00:00,78.0,151.5,5.95,73.55,43.95,23.65,1.77,25.45,26.0,,,,245.0,Poor
260875,DL005,2020-01-24 20:00:00,132.0,240.75,23.1,84.15,63.5,23.35,2.35,14.72,1.18,,,,247.0,Poor
260876,DL005,2020-01-24 21:00:00,194.5,349.5,12.25,77.6,51.25,24.75,1.97,11.95,0.9,,,,256.0,Poor
260877,DL005,2020-01-24 22:00:00,206.25,328.5,35.53,78.22,70.58,28.15,2.2,9.88,0.5,,,,264.0,Poor
260878,DL005,2020-01-24 23:00:00,255.0,366.75,25.45,70.43,58.33,36.83,2.33,8.82,0.65,,,,277.0,Poor
260879,DL005,2020-01-25 00:00:00,276.25,395.5,96.15,64.43,113.07,40.3,2.6,9.27,,,,,295.0,Poor
260880,DL005,2020-01-25 01:00:00,252.5,407.75,90.58,61.55,106.2,39.45,2.15,9.93,,,,,303.0,Very Poor
260881,DL005,2020-01-25 02:00:00,228.75,355.0,41.62,57.18,64.45,36.55,1.83,10.8,,,,,307.0,Very Poor
260882,DL005,2020-01-25 03:00:00,222.25,327.25,40.25,48.5,58.57,30.57,1.8,12.72,,,,,311.0,Very Poor
260883,DL005,2020-01-25 04:00:00,241.5,353.0,30.82,52.0,52.72,30.3,1.77,11.73,,,,,315.0,Very Poor
260884,DL005,2020-01-25 05:00:00,259.0,351.25,25.92,55.1,50.42,31.33,1.65,15.82,,,,,318.0,Very Poor
260885,DL005,2020-01-25 06:00:00,304.75,419.75,18.62,51.42,42.58,34.07,1.62,13.45,,,,,325.0,Very Poor
260886,DL005,2020-01-25 07:00:00,272.5,392.5,51.17,49.5,68.12,38.83,1.6,9.45,,,,,330.0,Very Poor
260887,DL005,2020-01-25 08:00:00,190.75,288.5,51.67,52.88,70.25,37.67,1.73,8.5,0.1,,,,332.0,Very Poor
260888,DL005,2020-01-25 09:00:00,175.75,269.0,42.5,61.98,67.72,37.52,1.73,10.1,0.67,,,,333.0,Very Poor
260889,DL005,2020-01-25 10:00:00,181.0,275.75,22.05,55.52,47.55,34.77,1.62,13.53,10.97,,,,335.0,Very Poor
260890,DL005,2020-01-25 11:00:00,184.25,280.0,9.7,38.55,28.4,25.85,1.45,16.57,32.25,,,,337.0,Very Poor
260891,DL005,2020-01-25 12:00:00,158.25,217.75,5.48,26.52,18.58,27.58,1.23,15.08,59.6,,,,340.0,Very Poor
260892,DL005,2020-01-25 13:00:00,132.0,175.0,3.85,23.7,15.72,32.83,1.15,10.22,63.1,,,,342.0,Very Poor
260893,DL005,2020-01-25 14:00:00,112.0,149.0,2.95,22.5,14.38,40.75,1.05,9.5,82.9,,,,344.0,Very Poor
260894,DL005,2020-01-25 15:00:00,94.0,134.0,3.08,20.05,13.18,41.12,1.0,8.97,89.58,,,,346.0,Very Poor
260895,DL005,2020-01-25 16:00:00,70.0,112.0,3.2,21.05,13.82,41.03,1.1,9.0,98.75,,,,346.0,Very Poor
260896,DL005,2020-01-25 17:00:00,86.0,134.0,2.67,20.9,13.3,34.78,1.17,8.28,91.4,,,,348.0,Very Poor
260897,DL005,2020-01-25 18:00:00,96.0,149.0,3.1,40.52,24.07,30.45,1.43,10.68,37.38,,,,349.0,Very Poor
260898,DL005,2020-01-25 19:00:00,141.0,239.0,4.72,74.7,43.67,27.08,1.9,10.78,17.02,,,,351.0,Very Poor
260899,DL005,2020-01-25 20:00:00,200.0,344.0,10.65,86.93,54.93,30.07,2.55,9.62,16.98,,,,353.0,Very Poor
260900,DL005,2020-01-25 21:00:00,276.0,436.0,5.62,69.92,41.77,37.53,2.05,8.62,54.3,,132.2,,356.0,Very Poor
260901,DL005,2020-01-25 22:00:00,234.0,396.0,3.4,60.7,34.95,44.8,1.92,7.92,36.67,,122.75,,357.0,Very Poor
260902,DL005,2020-01-25 23:00:00,230.0,350.0,14.6,66.25,47.0,45.75,2.4,7.03,19.98,,104.85,,356.0,Very Poor
260903,DL005,2020-01-26 00:00:00,311.0,456.0,33.38,61.9,60.45,45.72,2.5,7.62,19.78,,101.9,,357.0,Very Poor
260904,DL005,2020-01-26 01:00:00,306.0,462.0,55.92,53.05,73.8,38.8,2.35,10.53,,,,,359.0,Very Poor
260905,DL005,2020-01-26 02:00:00,276.0,423.0,72.3,43.92,82.25,33.12,2.27,11.85,21.2,,,,360.0,Very Poor
260906,DL005,2020-01-26 03:00:00,251.0,420.0,55.6,39.88,66.53,32.67,2.17,12.5,12.78,,,,361.0,Very Poor
260907,DL005,2020-01-26 04:00:00,251.0,387.0,45.0,35.4,55.52,31.88,2.1,11.67,9.12,,,,361.0,Very Poor
260908,DL005,2020-01-26 05:00:00,249.0,378.0,38.1,35.08,49.73,35.77,1.9,9.5,41.92,,112.65,,361.0,Very Poor
260909,DL005,2020-01-26 06:00:00,237.0,338.0,19.95,40.47,37.77,42.4,1.88,8.32,19.45,,,,359.0,Very Poor
260910,DL005,2020-01-26 07:00:00,237.0,321.0,21.82,40.3,39.23,45.45,2.4,10.93,18.6,,,,358.0,Very Poor
260911,DL005,2020-01-26 08:00:00,295.0,481.0,23.0,34.35,37.02,45.15,2.15,8.7,16.8,,,,361.0,Very Poor
260912,DL005,2020-01-26 09:00:00,311.0,392.0,29.12,38.98,44.47,40.4,2.2,9.1,,,,,365.0,Very Poor
260913,DL005,2020-01-26 10:00:00,328.0,426.0,15.12,65.17,46.88,34.4,1.95,14.3,15.1,,,,370.0,Very Poor
260914,DL005,2020-01-26 11:00:00,305.0,395.0,6.9,33.52,23.42,32.5,1.55,17.9,46.5,,,,374.0,Very Poor
260915,DL005,2020-01-26 12:00:00,251.0,304.0,3.95,22.6,15.25,30.22,1.25,15.58,67.08,,,,377.0,Very Poor
260916,DL005,2020-01-26 13:00:00,168.0,217.0,2.95,19.6,12.8,33.9,1.17,13.02,147.43,,,,378.0,Very Poor
260917,DL005,2020-01-26 14:00:00,125.0,168.0,3.35,20.1,13.5,45.45,1.1,12.4,140.5,,,,378.0,Very Poor
260918,DL005,2020-01-26 15:00:00,106.0,140.0,2.97,21.42,13.82,46.52,1.05,13.12,137.65,,,,379.0,Very Poor
260919,DL005,2020-01-26 16:00:00,94.0,138.0,2.7,22.2,14.03,44.67,1.1,12.75,133.75,,,,380.0,Very Poor
260920,DL005,2020-01-26 17:00:00,85.0,135.0,2.82,21.53,13.75,36.6,1.08,11.8,74.33,,,,380.0,Very Poor
260921,DL005,2020-01-26 18:00:00,83.0,117.0,2.85,28.0,17.22,27.52,1.2,13.1,56.08,,,,379.0,Very Poor
260922,DL005,2020-01-26 19:00:00,95.0,145.0,2.67,37.75,22.27,25.93,1.65,12.12,56.25,,,,378.0,Very Poor
260923,DL005,2020-01-26 20:00:00,162.0,233.0,23.05,62.47,51.95,27.27,2.65,10.33,37.25,,,,376.0,Very Poor
260924,DL005,2020-01-26 21:00:00,327.0,443.0,76.07,78.35,103.6,34.73,3.4,9.65,51.8,,,,378.0,Very Poor
260925,DL005,2020-01-26 22:00:00,413.75,580.0,66.3,70.55,91.4,42.42,2.72,9.07,31.77,,,,384.0,Very Poor
260926,DL005,2020-01-26 23:00:00,321.25,464.0,63.12,59.7,83.28,43.73,2.38,8.85,19.85,,,,387.0,Very Poor
260927,DL005,2020-01-27 00:00:00,312.25,422.25,39.5,58.67,63.4,42.48,2.15,9.25,14.1,,,,387.0,Very Poor
260928,DL005,2020-01-27 01:00:00,300.25,386.25,6.93,52.25,33.42,38.17,1.85,8.93,19.5,,,,387.0,Very Poor
260929,DL005,2020-01-27 02:00:00,287.75,356.75,14.6,47.23,37.1,31.33,1.95,10.03,12.5,,,,387.0,Very Poor
260930,DL005,2020-01-27 03:00:00,258.5,360.5,50.7,55.9,71.1,31.65,2.1,10.62,11.22,,,,387.0,Very Poor
260931,DL005,2020-01-27 04:00:00,259.75,371.0,82.28,45.17,91.1,30.6,2.15,10.22,4.85,,,,388.0,Very Poor
260932,DL005,2020-01-27 05:00:00,241.25,341.25,54.48,52.42,72.35,31.95,1.88,9.12,34.88,,,,387.0,Very Poor
260933,DL005,2020-01-27 06:00:00,217.25,285.75,50.2,45.48,65.15,39.15,1.95,8.8,27.47,,,,387.0,Very Poor
260934,DL005,2020-01-27 07:00:00,227.75,312.75,13.25,56.92,41.1,42.2,1.73,11.53,19.05,,,,386.0,Very Poor
260935,DL005,2020-01-27 08:00:00,252.5,349.5,34.23,57.98,58.75,42.25,2.27,10.9,16.12,,,,385.0,Very Poor
260936,DL005,2020-01-27 09:00:00,312.5,433.75,57.48,72.2,85.25,39.85,2.8,13.65,24.2,,,,385.0,Very Poor
260937,DL005,2020-01-27 10:00:00,369.5,536.75,65.8,74.68,93.38,31.18,2.9,14.57,,,,,386.0,Very Poor
260938,DL005,2020-01-27 11:00:00,374.5,542.0,82.42,85.38,110.88,30.9,3.17,16.43,15.07,,,,389.0,Very Poor
260939,DL005,2020-01-27 12:00:00,376.0,540.25,80.35,110.67,124.32,32.6,3.05,19.8,17.0,,,,393.0,Very Poor
260940,DL005,2020-01-27 13:00:00,276.0,428.25,44.12,118.43,98.97,33.05,2.6,25.17,51.62,,,,396.0,Very Poor
260941,DL005,2020-01-27 14:00:00,217.5,349.75,20.6,122.4,81.88,43.08,2.4,17.9,73.15,,,,399.0,Very Poor
260942,DL005,2020-01-27 15:00:00,217.25,365.75,14.62,105.22,67.85,47.33,2.25,18.85,83.92,,122.25,,403.0,Severe
260943,DL005,2020-01-27 16:00:00,206.0,389.25,6.22,57.42,35.65,45.38,1.38,13.95,77.03,,,,406.0,Severe
260944,DL005,2020-01-27 17:00:00,125.25,276.5,4.08,48.02,28.83,39.38,1.18,11.3,27.1,,133.43,,407.0,Severe
260945,DL005,2020-01-27 18:00:00,128.25,286.25,5.33,52.83,31.65,30.17,1.65,12.7,7.38,,161.73,,409.0,Severe
260946,DL005,2020-01-27 19:00:00,229.25,364.25,4.43,54.62,32.67,29.02,2.0,12.48,21.0,,128.8,,413.0,Severe
260947,DL005,2020-01-27 20:00:00,257.75,340.0,4.3,51.45,30.85,28.05,1.75,12.75,24.12,,126.0,,416.0,Severe
260948,DL005,2020-01-27 21:00:00,214.5,265.5,3.8,42.28,25.55,28.85,1.52,11.28,57.43,,127.0,,413.0,Severe
260949,DL005,2020-01-27 22:00:00,163.25,209.75,3.9,36.88,22.8,38.4,1.25,9.0,59.02,,130.6,,405.0,Severe
260950,DL005,2020-01-27 23:00:00,88.25,109.25,2.77,31.8,19.15,42.17,1.02,7.92,59.42,,,,397.0,Very Poor
260951,DL005,2020-01-28 00:00:00,69.75,85.0,3.35,39.75,23.9,41.78,1.08,7.55,31.98,,,,389.0,Very Poor
260952,DL005,2020-01-28 01:00:00,81.25,109.75,3.02,32.5,19.73,39.38,1.12,8.03,34.35,,,,382.0,Very Poor
260953,DL005,2020-01-28 02:00:00,97.0,135.25,2.73,25.9,15.95,31.1,1.08,10.53,29.8,,,,376.0,Very Poor
260954,DL005,2020-01-28 03:00:00,84.25,114.5,2.6,22.5,14.07,26.95,0.97,11.1,40.0,,,,371.0,Very Poor
260955,DL005,2020-01-28 04:00:00,72.0,84.25,2.7,19.62,12.65,24.98,0.98,10.2,35.25,,,,365.0,Very Poor
260956,DL005,2020-01-28 05:00:00,78.25,91.5,2.77,21.5,13.68,26.52,1.1,8.85,47.58,,,,359.0,Very Poor
260957,DL005,2020-01-28 06:00:00,107.0,130.25,2.88,25.9,16.12,34.58,1.2,7.68,44.08,,,,356.0,Very Poor
260958,DL005,2020-01-28 07:00:00,108.75,132.25,2.9,28.67,17.65,39.15,1.2,7.57,33.45,,,,352.0,Very Poor
260959,DL005,2020-01-28 08:00:00,102.5,122.25,3.25,26.9,16.95,39.6,1.2,7.55,31.15,,,,347.0,Very Poor
260960,DL005,2020-01-28 09:00:00,95.0,108.0,3.9,26.62,17.35,37.62,1.3,8.1,29.6,,,,340.0,Very Poor
260961,DL005,2020-01-28 10:00:00,108.0,129.0,5.17,29.45,19.88,28.18,1.45,10.93,2.0,,,,332.0,Very Poor
260962,DL005,2020-01-28 11:00:00,127.0,164.0,6.25,32.23,22.23,24.52,1.52,11.23,8.3,,,,324.0,Very Poor
260963,DL005,2020-01-28 12:00:00,133.0,177.0,8.02,31.03,23.07,24.5,1.5,11.18,16.07,,,,316.0,Very Poor
260964,DL005,2020-01-28 13:00:00,129.0,158.0,6.42,24.88,18.5,26.17,1.4,11.4,54.98,,,,312.0,Very Poor
260965,DL005,2020-01-28 14:00:00,123.0,146.0,5.07,27.7,18.9,36.12,1.4,12.53,93.97,,,,309.0,Very Poor
260966,DL005,2020-01-28 15:00:00,132.0,169.0,4.38,31.23,20.18,43.5,1.25,13.45,99.17,,115.7,,306.0,Very Poor
260967,DL005,2020-01-28 16:00:00,123.0,173.0,4.42,34.52,22.02,44.08,1.4,13.3,87.88,,,,303.0,Very Poor
260968,DL005,2020-01-28 17:00:00,130.0,180.0,4.0,38.08,23.5,40.95,1.48,10.45,65.17,,,,303.0,Very Poor
260969,DL005,2020-01-28 18:00:00,139.0,189.0,3.45,41.2,24.75,30.38,1.55,10.98,22.03,,,,304.0,Very Poor
260970,DL005,2020-01-28 19:00:00,138.0,196.0,3.3,46.8,27.55,25.5,1.65,11.97,28.82,,,,301.0,Very Poor
260971,DL005,2020-01-28 20:00:00,140.0,201.0,3.98,56.65,33.33,23.78,2.0,10.25,20.15,,,,287.0,Poor
260972,DL005,2020-01-28 21:00:00,155.0,208.0,3.57,52.12,30.62,24.9,1.75,9.0,40.45,,,,278.0,Poor
260973,DL005,2020-01-28 22:00:00,114.0,133.0,6.73,59.95,37.45,32.92,1.88,7.5,40.88,,,,272.0,Poor
260974,DL005,2020-01-28 23:00:00,125.0,140.0,11.47,54.22,38.28,39.6,1.9,7.65,20.2,,,,277.0,Poor
260975,DL005,2020-01-29 00:00:00,152.0,178.0,10.75,51.27,36.0,40.62,1.55,7.9,17.02,,,,288.0,Poor
260976,DL005,2020-01-29 01:00:00,116.0,153.0,3.28,30.18,18.73,39.12,1.25,8.07,21.77,,,,293.0,Poor
260977,DL005,2020-01-29 02:00:00,105.0,140.0,2.92,18.18,12.05,28.07,1.1,9.6,4.2,,,,294.0,Poor
260978,DL005,2020-01-29 03:00:00,84.0,121.0,3.15,18.6,12.45,25.35,1.1,9.45,10.77,,,,294.0,Poor
260979,DL005,2020-01-29 04:00:00,100.0,150.0,3.25,20.88,13.75,22.75,1.28,12.1,11.82,,,,298.0,Poor
260980,DL005,2020-01-29 05:00:00,94.0,133.0,4.22,24.73,16.58,22.7,1.23,12.1,21.6,,,,300.0,Poor
260981,DL005,2020-01-29 06:00:00,96.0,145.0,10.07,30.83,24.55,28.93,1.27,11.35,35.42,,,,299.0,Poor
260982,DL005,2020-01-29 07:00:00,91.0,157.0,9.65,34.02,25.88,34.05,1.3,8.97,16.77,,,,296.0,Poor
260983,DL005,2020-01-29 08:00:00,106.0,180.0,6.6,31.35,22.0,35.0,1.45,9.5,18.23,,,,297.0,Poor
260984,DL005,2020-01-29 09:00:00,114.0,196.0,9.38,38.45,28.12,34.73,1.5,10.62,23.65,,,,299.0,Poor
260985,DL005,2020-01-29 10:00:00,99.0,150.0,8.32,34.1,24.9,26.05,1.38,14.85,5.95,,,,298.0,Poor
260986,DL005,2020-01-29 11:00:00,99.0,133.0,8.65,28.15,22.02,22.8,1.2,21.1,30.38,,,,294.0,Poor
260987,DL005,2020-01-29 12:00:00,96.0,150.0,4.65,17.78,13.25,22.52,1.1,14.95,85.9,,,,289.0,Poor
260988,DL005,2020-01-29 13:00:00,66.0,110.0,3.45,17.52,12.12,30.9,1.02,10.95,125.2,,,,280.0,Poor
260989,DL005,2020-01-29 14:00:00,66.0,95.0,3.3,17.42,11.93,37.85,1.0,9.78,,,,,272.0,Poor
260990,DL005,2020-01-29 15:00:00,61.0,85.0,3.25,16.12,11.22,33.97,1.0,9.35,32.9,,,,262.0,Poor
260991,DL005,2020-01-29 16:00:00,50.0,79.0,2.95,15.57,10.73,31.1,1.02,9.28,48.0,,,,252.0,Poor
260992,DL005,2020-01-29 17:00:00,47.0,80.0,2.98,17.6,11.78,28.27,1.08,8.97,34.3,,,,241.0,Poor
260993,DL005,2020-01-29 18:00:00,51.0,90.0,2.8,28.3,17.35,27.6,1.22,8.75,41.7,,,,228.0,Poor
260994,DL005,2020-01-29 19:00:00,55.0,117.0,4.78,54.78,32.65,29.18,1.52,8.73,19.38,,,,217.0,Poor
260995,DL005,2020-01-29 20:00:00,90.0,201.0,11.68,65.5,44.38,31.98,1.9,8.85,7.05,,,,210.0,Poor
260996,DL005,2020-01-29 21:00:00,136.0,283.0,9.68,59.33,39.48,33.0,1.95,10.78,6.3,,,,207.0,Poor
260997,DL005,2020-01-29 22:00:00,175.0,289.0,21.43,60.3,49.58,31.68,2.12,9.8,,,,,216.0,Poor
260998,DL005,2020-01-29 23:00:00,197.0,333.0,11.35,50.72,35.67,27.65,1.68,8.85,3.4,,,,226.0,Poor
260999,DL005,2020-01-30 00:00:00,135.0,205.0,11.4,44.6,33.0,26.73,1.52,6.78,4.83,,,,223.0,Poor
261000,DL005,2020-01-30 01:00:00,114.0,184.0,9.88,42.0,30.35,26.4,1.45,7.5,11.95,,,,223.0,Poor
261001,DL005,2020-01-30 02:00:00,121.0,174.0,3.75,32.7,20.48,27.35,1.3,7.6,,,,,225.0,Poor
261002,DL005,2020-01-30 03:00:00,94.0,144.0,3.65,31.7,19.83,29.82,1.4,8.15,,,,,227.0,Poor
261003,DL005,2020-01-30 04:00:00,111.0,171.0,3.95,30.98,19.7,30.55,1.35,7.62,,,,,228.0,Poor
261004,DL005,2020-01-30 05:00:00,105.0,153.0,3.23,24.5,15.65,30.08,1.3,8.53,,,,,230.0,Poor
261005,DL005,2020-01-30 06:00:00,86.0,130.0,4.65,24.38,16.75,30.2,1.25,8.98,,,,,228.0,Poor
261006,DL005,2020-01-30 07:00:00,103.0,145.0,15.7,24.82,25.9,27.95,1.48,8.88,,,,,230.0,Poor
261007,DL005,2020-01-30 08:00:00,134.0,205.0,22.5,24.4,31.3,27.27,1.68,8.65,,,,,234.0,Poor
261008,DL005,2020-01-30 09:00:00,136.0,187.5,14.82,22.05,23.83,27.12,1.65,9.27,,,,,237.0,Poor
261009,DL005,2020-01-30 10:00:00,124.0,162.0,11.45,22.9,21.52,27.65,1.58,7.4,24.58,,,,241.0,Poor
261010,DL005,2020-01-30 11:00:00,127.5,166.25,7.33,24.18,18.85,29.62,1.5,10.98,19.97,,,,245.0,Poor
261011,DL005,2020-01-30 12:00:00,127.25,170.0,4.8,19.6,14.32,28.33,1.38,13.2,30.28,,,,249.0,Poor
261012,DL005,2020-01-30 13:00:00,90.5,134.25,3.85,17.27,12.3,28.7,1.23,11.12,53.05,,,,252.0,Poor
261013,DL005,2020-01-30 14:00:00,75.25,106.0,3.2,16.07,11.2,30.75,1.17,9.95,55.38,,,,254.0,Poor
261014,DL005,2020-01-30 15:00:00,70.0,100.0,3.2,14.22,10.17,28.1,1.1,9.1,63.17,,,,255.0,Poor
261015,DL005,2020-01-30 16:00:00,,,,,,,,,,,,,263.0,Poor
261016,DL005,2020-01-30 17:00:00,,,,,,,,,,,,,272.0,Poor
261017,DL005,2020-01-30 18:00:00,,,,,,,,,,,,,282.0,Poor
261018,DL005,2020-01-30 19:00:00,70.0,100.0,14.6,83.6,55.5,,,12.4,,,,,284.0,Poor
261019,DL005,2020-01-30 20:00:00,164.0,349.0,28.3,66.08,58.4,28.52,0.52,10.5,2.7,,,,296.0,Poor
261020,DL005,2020-01-30 21:00:00,166.0,349.5,30.43,58.55,56.0,33.45,,8.43,3.9,,,,300.0,Poor
261021,DL005,2020-01-30 22:00:00,171.25,332.75,18.4,57.67,45.7,35.45,,4.75,4.6,,,,300.0,Poor
261022,DL005,2020-01-30 23:00:00,164.0,270.75,20.73,46.5,41.58,31.8,,3.2,,,,,295.0,Poor
261023,DL005,2020-01-31 00:00:00,142.0,238.0,11.68,41.38,31.45,29.3,,5.0,1.8,,,,296.0,Poor
261024,DL005,2020-01-31 01:00:00,118.75,194.75,7.47,36.3,25.4,27.8,1.3,11.0,3.9,,,,297.0,Poor
261025,DL005,2020-01-31 02:00:00,115.75,174.25,5.85,34.1,22.9,27.8,1.27,11.7,22.7,,,,296.0,Poor
261026,DL005,2020-01-31 03:00:00,128.5,206.25,4.4,29.23,19.1,29.65,1.25,11.32,14.55,,,,300.0,Poor
261027,DL005,2020-01-31 04:00:00,140.75,223.25,5.58,30.98,21.05,30.62,1.2,11.15,7.65,,,,301.0,Very Poor
261028,DL005,2020-01-31 05:00:00,159.5,261.25,11.2,28.07,24.05,30.5,1.17,11.32,4.42,,,,303.0,Very Poor
261029,DL005,2020-01-31 06:00:00,149.75,250.75,5.75,29.92,20.62,32.12,1.23,11.97,4.7,,,,306.0,Very Poor
261030,DL005,2020-01-31 07:00:00,153.0,223.5,13.67,34.57,29.52,29.4,1.23,12.77,,,,,308.0,Very Poor
261031,DL005,2020-01-31 08:00:00,129.0,189.0,15.28,32.98,30.0,26.73,1.35,13.93,6.1,,,,307.0,Very Poor
261032,DL005,2020-01-31 09:00:00,124.25,178.5,14.57,29.85,27.77,26.57,1.3,13.2,6.93,,,,307.0,Very Poor
261033,DL005,2020-01-31 10:00:00,112.75,155.0,17.65,31.38,31.1,25.52,1.2,13.78,19.08,,,,307.0,Very Poor
261034,DL005,2020-01-31 11:00:00,117.5,173.5,10.18,30.15,24.32,26.4,1.08,13.2,22.38,,,,306.0,Very Poor
261035,DL005,2020-01-31 12:00:00,104.0,151.75,7.08,28.43,20.95,28.23,0.9,13.88,25.97,,,,305.0,Very Poor
261036,DL005,2020-01-31 13:00:00,94.25,131.5,5.02,19.85,14.6,28.22,0.78,14.77,34.75,,,,306.0,Very Poor
261037,DL005,2020-01-31 14:00:00,89.0,113.25,3.95,16.98,12.25,28.53,0.7,15.82,43.17,,,,306.0,Very Poor
261038,DL005,2020-01-31 15:00:00,71.75,91.0,3.1,13.55,9.75,25.32,0.53,14.32,55.17,,,,306.0,Very Poor
261039,DL005,2020-01-31 16:00:00,45.75,64.5,3.45,14.18,10.35,24.1,1.1,15.9,78.0,,,,303.0,Very Poor
261040,DL005,2020-01-31 17:00:00,43.0,61.25,3.38,16.27,11.43,23.82,1.08,17.2,73.18,,,,300.0,Poor
261041,DL005,2020-01-31 18:00:00,47.75,85.75,3.25,28.52,17.82,23.1,1.18,16.7,59.65,,,,292.0,Poor
261042,DL005,2020-01-31 19:00:00,76.5,164.25,6.28,58.33,36.17,24.77,1.7,13.9,29.57,,,,293.0,Poor
261043,DL005,2020-01-31 20:00:00,147.0,297.25,4.17,47.3,28.53,26.7,1.82,15.58,30.95,,201.27,,291.0,Poor
261044,DL005,2020-01-31 21:00:00,154.0,315.75,5.2,51.35,31.5,27.25,2.08,13.77,15.12,,166.45,,289.0,Poor
261045,DL005,2020-01-31 22:00:00,182.25,354.75,25.35,64.57,54.17,27.9,2.35,12.8,4.7,,111.67,,290.0,Poor
261046,DL005,2020-01-31 23:00:00,201.75,397.5,46.1,61.03,68.97,26.32,2.4,14.7,,,125.28,,296.0,Poor
261047,DL005,2020-02-01 00:00:00,184.5,385.5,49.9,55.5,70.2,25.18,2.17,14.4,0.7,,107.45,,300.0,Poor
261048,DL005,2020-02-01 01:00:00,145.25,283.0,19.77,42.77,38.97,24.28,1.7,12.18,2.8,,,,301.0,Very Poor
261049,DL005,2020-02-01 02:00:00,121.0,206.25,16.1,39.0,33.88,24.35,1.65,12.05,23.2,,,,301.0,Very Poor
261050,DL005,2020-02-01 03:00:00,118.0,210.75,19.9,40.35,37.62,25.52,1.6,10.35,13.95,,,,301.0,Very Poor
261051,DL005,2020-02-01 04:00:00,114.25,199.0,19.05,38.83,36.08,25.83,1.5,10.07,7.05,,,,300.0,Poor
261052,DL005,2020-02-01 05:00:00,112.0,187.25,94.18,28.0,91.72,24.42,1.68,11.1,4.33,,,,294.0,Poor
261053,DL005,2020-02-01 06:00:00,132.25,264.25,82.32,28.65,82.32,24.65,1.73,11.65,4.7,,,,292.0,Poor
261054,DL005,2020-02-01 07:00:00,115.25,224.25,88.12,29.73,87.68,24.35,1.8,12.62,,,,,287.0,Poor
261055,DL005,2020-02-01 08:00:00,147.5,253.75,106.72,29.55,102.72,22.78,2.33,13.05,4.1,,,,289.0,Poor
261056,DL005,2020-02-01 09:00:00,239.25,368.5,108.78,46.02,113.15,23.35,2.78,15.15,3.45,,,,301.0,Very Poor
261057,DL005,2020-02-01 10:00:00,307.25,452.5,28.12,75.82,62.97,25.48,2.0,17.68,18.2,,,,307.0,Very Poor
261058,DL005,2020-02-01 11:00:00,281.0,349.0,11.55,41.48,31.45,26.68,1.55,18.58,38.67,,,,313.0,Very Poor
261059,DL005,2020-02-01 12:00:00,218.25,262.25,5.62,25.17,17.97,26.93,1.12,15.8,57.38,,,,316.0,Very Poor
261060,DL005,2020-02-01 13:00:00,124.5,151.25,3.7,19.9,13.57,25.17,1.0,13.5,71.03,,,,317.0,Very Poor
261061,DL005,2020-02-01 14:00:00,83.0,112.5,3.03,16.23,11.12,24.68,0.97,13.28,77.0,,,,317.0,Very Poor
261062,DL005,2020-02-01 15:00:00,79.25,112.75,3.0,14.67,10.23,23.65,0.97,13.55,70.4,,,,317.0,Very Poor
261063,DL005,2020-02-01 16:00:00,77.25,122.25,3.03,15.23,10.53,23.73,1.1,13.78,112.12,,,,318.0,Very Poor
261064,DL005,2020-02-01 17:00:00,75.5,131.75,2.98,16.62,11.33,24.12,1.1,13.7,84.1,,,,319.0,Very Poor
261065,DL005,2020-02-01 18:00:00,71.75,126.25,2.85,24.75,15.45,22.18,1.18,13.52,38.6,,,,320.0,Very Poor
261066,DL005,2020-02-01 19:00:00,88.75,156.0,3.23,35.9,21.7,23.95,1.42,13.32,59.1,,,,321.0,Very Poor
261067,DL005,2020-02-01 20:00:00,108.0,205.75,3.62,33.72,20.9,26.02,1.27,11.85,46.12,,,,319.0,Very Poor
261068,DL005,2020-02-01 21:00:00,124.5,213.75,3.17,37.62,22.62,27.12,1.38,11.88,28.5,,,,318.0,Very Poor
261069,DL005,2020-02-01 22:00:00,154.25,243.75,4.42,42.83,26.4,27.67,1.48,11.05,13.75,,,,317.0,Very Poor
261070,DL005,2020-02-01 23:00:00,158.75,243.5,35.75,50.08,55.85,27.23,1.75,11.78,,,,,316.0,Very Poor
261071,DL005,2020-02-02 00:00:00,172.25,268.0,25.55,47.12,45.9,24.15,1.3,12.68,0.2,,,,316.0,Very Poor
261072,DL005,2020-02-02 01:00:00,131.75,212.25,25.98,40.55,42.67,24.52,1.2,10.72,5.47,,,,315.0,Very Poor
261073,DL005,2020-02-02 02:00:00,154.0,244.5,16.95,34.62,32.25,26.38,1.2,10.4,,,,,316.0,Very Poor
261074,DL005,2020-02-02 03:00:00,161.75,252.0,9.12,35.12,26.15,26.88,1.17,9.98,,,,,318.0,Very Poor
261075,DL005,2020-02-02 04:00:00,153.25,241.5,4.88,30.4,20.12,26.82,0.95,8.9,,,,,319.0,Very Poor
261076,DL005,2020-02-02 05:00:00,114.75,182.0,5.78,30.57,20.98,26.02,1.0,8.97,,,,,319.0,Very Poor
261077,DL005,2020-02-02 06:00:00,120.0,171.75,5.85,29.27,20.35,26.45,1.0,8.43,,,,,319.0,Very Poor
261078,DL005,2020-02-02 07:00:00,106.25,144.25,7.83,25.7,20.1,26.23,1.08,9.12,,,,,318.0,Very Poor
261079,DL005,2020-02-02 08:00:00,94.25,135.25,6.42,27.42,19.85,24.6,1.2,11.33,,,,,317.0,Very Poor
261080,DL005,2020-02-02 09:00:00,100.75,158.0,9.82,26.2,21.98,24.0,1.25,10.9,,,,,312.0,Very Poor
261081,DL005,2020-02-02 10:00:00,104.5,154.25,11.3,25.98,23.02,23.55,1.27,10.97,,,,,306.0,Very Poor
261082,DL005,2020-02-02 11:00:00,116.75,157.25,8.48,29.2,22.4,23.2,1.17,10.82,,,,,300.0,Poor
261083,DL005,2020-02-02 12:00:00,121.0,155.25,6.07,25.95,18.75,23.77,1.1,11.62,,,,,288.0,Poor
261084,DL005,2020-02-02 13:00:00,142.5,182.25,4.8,20.05,14.57,24.9,1.05,12.65,,,,,291.0,Poor
261085,DL005,2020-02-02 14:00:00,132.5,179.5,3.7,16.95,12.02,24.6,0.97,13.38,,,,,298.0,Poor
261086,DL005,2020-02-02 15:00:00,116.0,166.0,3.35,15.43,10.9,27.27,0.75,13.45,,,,,301.0,Very Poor
261087,DL005,2020-02-02 16:00:00,88.25,128.25,3.48,16.45,11.6,25.27,1.2,11.38,,,,,301.0,Very Poor
261088,DL005,2020-02-02 17:00:00,87.0,122.5,3.15,16.62,11.4,24.27,1.2,11.38,,,,,301.0,Very Poor
261089,DL005,2020-02-02 18:00:00,93.0,128.75,3.05,25.02,15.77,23.7,1.35,11.53,,,,,302.0,Very Poor
261090,DL005,2020-02-02 19:00:00,136.0,202.25,3.92,52.82,31.3,21.75,1.9,11.07,,,,,304.0,Very Poor
261091,DL005,2020-02-02 20:00:00,245.25,369.0,12.75,71.0,48.2,23.82,2.33,10.62,,,,,308.0,Very Poor
261092,DL005,2020-02-02 21:00:00,269.75,421.0,25.4,71.28,58.5,24.77,2.4,10.43,,,,,313.0,Very Poor
261093,DL005,2020-02-02 22:00:00,282.25,438.75,39.42,68.33,68.43,25.62,2.5,10.7,,,,,317.0,Very Poor
261094,DL005,2020-02-02 23:00:00,286.0,447.5,61.2,51.88,77.35,26.93,2.58,11.82,,,,,321.0,Very Poor
261095,DL005,2020-02-03 00:00:00,244.75,398.75,58.33,51.95,75.17,25.45,2.1,13.2,,,,,323.0,Very Poor
261096,DL005,2020-02-03 01:00:00,199.75,317.25,45.25,48.95,63.12,24.65,1.85,10.85,,,,,325.0,Very Poor
261097,DL005,2020-02-03 02:00:00,191.0,278.75,11.68,47.9,34.83,24.23,1.67,10.95,,,,,327.0,Very Poor
261098,DL005,2020-02-03 03:00:00,195.5,287.5,8.88,46.15,31.75,23.07,1.6,9.32,,,,,328.0,Very Poor
261099,DL005,2020-02-03 04:00:00,225.5,341.0,9.65,43.23,30.82,23.93,1.6,8.65,,,,,330.0,Very Poor
261100,DL005,2020-02-03 05:00:00,233.0,354.25,8.45,40.03,28.18,24.77,1.62,8.4,,,,,334.0,Very Poor
261101,DL005,2020-02-03 06:00:00,253.25,385.5,11.6,39.78,30.62,24.8,1.7,9.4,,,,,338.0,Very Poor
261102,DL005,2020-02-03 07:00:00,203.5,306.0,55.73,42.42,68.05,26.0,1.98,9.3,,,,,341.0,Very Poor
261103,DL005,2020-02-03 08:00:00,201.5,316.0,68.0,38.25,75.8,25.12,2.23,11.25,,,,,345.0,Very Poor
261104,DL005,2020-02-03 09:00:00,229.25,359.25,57.88,50.92,74.25,25.15,2.4,12.2,,,,,349.0,Very Poor
261105,DL005,2020-02-03 10:00:00,254.0,378.5,21.53,59.12,49.05,25.2,1.85,16.3,,,,,353.0,Very Poor
261106,DL005,2020-02-03 11:00:00,192.0,274.5,6.65,27.9,20.3,24.15,1.45,16.88,44.1,,,,356.0,Very Poor
261107,DL005,2020-02-03 12:00:00,153.75,220.25,4.15,21.65,14.92,23.33,1.33,15.3,74.2,,,,357.0,Very Poor
261108,DL005,2020-02-03 13:00:00,135.0,175.0,3.38,18.27,12.5,22.75,1.23,13.35,101.4,,,,357.0,Very Poor
261109,DL005,2020-02-03 14:00:00,100.5,134.0,2.95,15.08,10.43,23.2,1.1,11.4,114.33,,,,356.0,Very Poor
261110,DL005,2020-02-03 15:00:00,76.0,100.0,2.85,13.68,9.6,23.4,1.1,10.45,97.9,,,,354.0,Very Poor
261111,DL005,2020-02-03 16:00:00,69.75,95.5,2.7,14.53,10.0,22.12,1.05,10.75,127.97,,,,354.0,Very Poor
261112,DL005,2020-02-03 17:00:00,69.25,94.75,2.78,16.3,10.9,22.9,1.05,9.05,114.95,,,,353.0,Very Poor
261113,DL005,2020-02-03 18:00:00,75.5,124.5,2.8,23.25,14.62,21.8,1.23,10.57,89.72,,,,353.0,Very Poor
261114,DL005,2020-02-03 19:00:00,129.25,248.25,4.45,56.77,33.88,22.07,1.95,11.5,52.17,,178.23,,352.0,Very Poor
261115,DL005,2020-02-03 20:00:00,264.5,501.5,31.4,100.17,78.8,26.58,3.05,12.85,11.6,,265.7,,353.0,Very Poor
261116,DL005,2020-02-03 21:00:00,364.5,719.25,127.85,94.35,154.38,26.48,4.4,14.47,5.88,,325.85,,356.0,Very Poor
261117,DL005,2020-02-03 22:00:00,474.25,936.0,85.78,94.6,120.12,27.92,5.28,15.97,4.05,,364.18,,362.0,Very Poor
261118,DL005,2020-02-03 23:00:00,482.75,671.0,80.58,79.2,107.85,28.58,4.22,14.0,14.4,,294.3,,369.0,Very Poor
261119,DL005,2020-02-04 00:00:00,311.25,658.5,86.5,76.55,111.28,24.32,3.33,12.35,,,186.1,,371.0,Very Poor
261120,DL005,2020-02-04 01:00:00,282.5,571.0,104.35,76.53,125.88,23.05,2.97,12.78,4.5,,157.55,,373.0,Very Poor
261121,DL005,2020-02-04 02:00:00,234.75,399.25,61.12,64.17,83.98,24.33,2.2,11.1,17.0,,114.7,,375.0,Very Poor
261122,DL005,2020-02-04 03:00:00,196.25,333.75,64.72,61.1,85.28,24.75,2.17,10.82,10.52,,,,375.0,Very Poor
261123,DL005,2020-02-04 04:00:00,196.5,324.5,66.97,45.5,78.83,25.0,1.9,9.77,15.27,,,,374.0,Very Poor
261124,DL005,2020-02-04 05:00:00,194.0,316.75,137.5,39.2,133.05,25.1,2.18,11.25,9.27,,116.6,,373.0,Very Poor
261125,DL005,2020-02-04 06:00:00,216.25,362.5,90.0,40.85,95.12,24.5,2.23,11.02,7.68,,143.9,,371.0,Very Poor
261126,DL005,2020-02-04 07:00:00,209.25,334.5,67.25,45.15,78.82,24.43,2.08,11.22,14.7,,117.8,,372.0,Very Poor
261127,DL005,2020-02-04 08:00:00,225.0,362.0,59.25,46.05,72.88,22.08,2.62,11.0,2.5,,,,372.0,Very Poor
261128,DL005,2020-02-04 09:00:00,277.25,474.5,64.78,70.15,90.18,22.23,2.4,14.85,6.7,,,,374.0,Very Poor
261129,DL005,2020-02-04 10:00:00,261.0,426.75,26.88,72.5,59.58,22.55,2.28,23.4,9.03,,,,374.0,Very Poor
261130,DL005,2020-02-04 11:00:00,312.25,484.5,49.42,121.43,104.55,23.85,3.0,24.65,33.05,,,,378.0,Very Poor
261131,DL005,2020-02-04 12:00:00,284.75,501.0,13.2,66.83,46.33,26.75,1.8,21.65,131.45,,,,382.0,Very Poor
261132,DL005,2020-02-04 13:00:00,163.25,301.5,5.15,41.6,26.33,25.68,1.38,19.12,135.38,,,,383.0,Very Poor
261133,DL005,2020-02-04 14:00:00,127.0,225.75,3.05,28.47,17.6,25.02,1.17,15.95,155.25,,,,384.0,Very Poor
261134,DL005,2020-02-04 15:00:00,104.5,173.25,2.8,24.85,15.5,23.68,1.2,15.25,159.7,,,,385.0,Very Poor
261135,DL005,2020-02-04 16:00:00,100.75,177.0,2.88,24.75,15.52,20.25,1.25,14.1,160.55,,,,386.0,Very Poor
261136,DL005,2020-02-04 17:00:00,106.75,202.75,3.1,27.75,17.27,19.43,1.35,13.97,171.55,,,,387.0,Very Poor
261137,DL005,2020-02-04 18:00:00,136.0,276.0,2.85,46.1,26.82,19.4,1.77,16.15,137.5,,130.05,,389.0,Very Poor
261138,DL005,2020-02-04 19:00:00,218.5,477.75,3.08,78.9,44.52,20.7,2.35,19.55,81.83,,211.38,,394.0,Very Poor
261139,DL005,2020-02-04 20:00:00,317.25,664.0,3.8,89.22,50.5,24.23,2.65,21.15,44.9,,254.28,,403.0,Severe
261140,DL005,2020-02-04 21:00:00,336.75,714.0,3.75,81.93,46.62,25.32,2.18,19.8,40.73,,225.7,,403.0,Severe
261141,DL005,2020-02-04 22:00:00,273.75,564.5,3.57,73.9,42.22,25.18,2.05,20.35,34.92,,188.6,,386.0,Very Poor
261142,DL005,2020-02-04 23:00:00,254.25,467.5,2.98,53.25,30.78,24.75,1.67,18.55,31.52,,128.2,,379.0,Very Poor
261143,DL005,2020-02-05 00:00:00,210.25,345.5,2.65,46.05,26.7,20.88,1.55,16.5,26.6,,,,376.0,Very Poor
261144,DL005,2020-02-05 01:00:00,191.25,295.25,2.7,41.7,24.43,20.0,1.5,17.1,34.17,,,,373.0,Very Poor
261145,DL005,2020-02-05 02:00:00,185.5,283.75,2.75,44.45,25.88,21.65,1.5,16.5,,,,,371.0,Very Poor
261146,DL005,2020-02-05 03:00:00,190.0,285.75,9.65,53.88,36.58,23.62,1.68,13.95,,,,,371.0,Very Poor
261147,DL005,2020-02-05 04:00:00,219.75,312.5,21.4,48.2,43.12,23.75,1.88,12.65,,,,,372.0,Very Poor
261148,DL005,2020-02-05 05:00:00,289.25,412.25,17.43,49.95,40.75,24.8,1.88,13.77,,,,,375.0,Very Poor
261149,DL005,2020-02-05 06:00:00,402.5,561.25,14.2,50.12,38.2,27.5,1.8,15.5,,,,,381.0,Very Poor
261150,DL005,2020-02-05 07:00:00,399.25,566.0,20.4,45.35,40.75,26.98,1.83,13.68,,,,,387.0,Very Poor
261151,DL005,2020-02-05 08:00:00,305.5,448.0,43.47,46.17,59.95,25.35,2.18,14.73,,,,,389.0,Very Poor
261152,DL005,2020-02-05 09:00:00,329.0,485.5,25.67,51.98,48.55,24.35,2.05,16.92,,,,,391.0,Very Poor
261153,DL005,2020-02-05 10:00:00,291.25,434.5,14.18,35.38,30.38,23.65,1.73,21.43,,,,,392.0,Very Poor
261154,DL005,2020-02-05 11:00:00,250.0,322.0,7.45,26.8,20.32,22.48,1.48,21.93,40.4,,,,390.0,Very Poor
261155,DL005,2020-02-05 12:00:00,201.0,271.0,4.4,20.92,14.72,21.75,1.23,19.42,71.22,,,,387.0,Very Poor
261156,DL005,2020-02-05 13:00:00,130.0,186.0,3.45,17.02,11.85,21.48,1.08,17.4,87.62,,,,386.0,Very Poor
261157,DL005,2020-02-05 14:00:00,100.0,179.0,3.15,15.5,10.82,21.38,1.0,16.3,99.72,,,,385.0,Very Poor
261158,DL005,2020-02-05 15:00:00,69.0,153.0,3.12,15.1,10.57,20.43,1.05,14.02,96.9,,,,384.0,Very Poor
261159,DL005,2020-02-05 16:00:00,74.0,147.0,3.12,16.5,11.32,18.3,1.15,13.78,86.67,,,,383.0,Very Poor
261160,DL005,2020-02-05 17:00:00,74.0,144.0,3.18,18.1,12.2,17.35,1.2,14.25,88.83,,,,382.0,Very Poor
261161,DL005,2020-02-05 18:00:00,84.0,158.0,3.08,21.15,13.75,17.12,1.23,14.43,79.23,,141.88,,381.0,Very Poor
261162,DL005,2020-02-05 19:00:00,88.0,199.0,4.15,56.58,33.45,17.62,1.68,13.4,31.65,,138.0,,376.0,Very Poor
261163,DL005,2020-02-05 20:00:00,144.0,290.0,18.9,77.85,56.8,21.45,2.23,15.07,22.68,,,,371.0,Very Poor
261164,DL005,2020-02-05 21:00:00,250.0,405.0,12.72,68.83,46.35,23.85,2.1,17.15,8.93,,,,368.0,Very Poor
261165,DL005,2020-02-05 22:00:00,266.0,394.0,9.93,49.47,34.4,23.45,1.93,16.77,18.6,,,,368.0,Very Poor
261166,DL005,2020-02-05 23:00:00,215.0,332.0,3.17,29.73,18.4,22.9,1.45,20.42,38.55,,,,367.0,Very Poor
261167,DL005,2020-02-06 00:00:00,190.0,263.0,2.6,26.43,16.18,19.23,1.38,17.17,16.95,,,,366.0,Very Poor
261168,DL005,2020-02-06 01:00:00,133.0,179.0,2.88,30.27,18.48,17.48,1.5,16.1,12.57,,,,364.0,Very Poor
261169,DL005,2020-02-06 02:00:00,226.0,300.0,3.65,35.18,21.67,20.12,1.55,13.9,24.1,,,,365.0,Very Poor
261170,DL005,2020-02-06 03:00:00,273.0,362.0,3.8,35.57,22.05,22.72,1.58,14.97,18.75,,,,368.0,Very Poor
261171,DL005,2020-02-06 04:00:00,315.0,460.0,3.8,33.4,20.88,23.1,1.4,13.7,23.5,,,,371.0,Very Poor
261172,DL005,2020-02-06 05:00:00,163.0,251.0,3.23,31.27,19.3,22.1,1.48,13.28,14.05,,,,367.0,Very Poor
261173,DL005,2020-02-06 06:00:00,,,,,,,,,,,,,361.0,Very Poor
261174,DL005,2020-02-06 07:00:00,,,,,,,,,,,,,354.0,Very Poor
261175,DL005,2020-02-06 08:00:00,163.0,251.0,,,,,,,,,,,349.0,Very Poor
261176,DL005,2020-02-06 09:00:00,,,39.42,38.2,52.45,18.45,,11.7,,,,,343.0,Very Poor
261177,DL005,2020-02-06 10:00:00,,374.0,17.55,44.67,38.05,19.3,,11.53,12.1,,,,339.0,Very Poor
261178,DL005,2020-02-06 11:00:00,,282.0,7.77,26.25,20.3,20.88,1.6,15.15,42.6,,,,336.0,Very Poor
261179,DL005,2020-02-06 12:00:00,,,4.55,20.85,14.8,22.5,1.18,25.32,89.3,,,,334.0,Very Poor
261180,DL005,2020-02-06 13:00:00,,,3.35,15.8,11.15,23.23,1.15,16.1,106.5,,,,336.0,Very Poor
261181,DL005,2020-02-06 14:00:00,,123.0,3.08,14.48,10.18,25.05,1.12,14.38,109.47,,,,339.0,Very Poor
261182,DL005,2020-02-06 15:00:00,,108.0,2.83,13.48,9.5,23.5,1.0,14.68,113.62,,,,214.0,Poor
261183,DL005,2020-02-06 16:00:00,,85.0,2.98,13.12,9.45,21.28,1.12,15.25,108.03,,,,211.0,Poor
261184,DL005,2020-02-06 17:00:00,,77.0,2.85,13.2,9.35,23.2,1.05,15.65,69.5,,,,208.0,Poor
261185,DL005,2020-02-06 18:00:00,,94.0,2.9,26.85,16.65,24.08,1.12,15.0,94.4,,,,204.0,Poor
261186,DL005,2020-02-06 19:00:00,84.0,155.0,9.65,91.53,56.55,23.65,1.62,14.22,8.35,,,,202.0,Poor
261187,DL005,2020-02-06 20:00:00,196.0,395.0,52.08,96.95,93.95,26.2,2.65,14.72,9.65,,138.25,,207.0,Poor
261188,DL005,2020-02-06 21:00:00,417.0,716.0,13.23,85.53,56.25,27.1,2.02,14.85,6.83,,216.47,,224.0,Poor
261189,DL005,2020-02-06 22:00:00,265.0,484.0,21.3,80.47,60.02,26.55,2.38,15.07,1.75,,201.4,,228.0,Poor
261190,DL005,2020-02-06 23:00:00,273.0,549.0,5.25,63.8,38.12,25.78,1.57,15.9,13.03,,142.6,,240.0,Poor
261191,DL005,2020-02-07 00:00:00,188.0,328.0,3.1,38.33,22.9,23.2,1.32,16.05,21.95,,126.1,,243.0,Poor
261192,DL005,2020-02-07 01:00:00,166.0,254.0,20.6,69.05,53.4,22.38,2.1,15.63,1.02,,114.08,,247.0,Poor
261193,DL005,2020-02-07 02:00:00,219.0,384.0,32.45,67.25,62.12,22.5,2.03,15.75,3.1,,117.85,,252.0,Poor
261194,DL005,2020-02-07 03:00:00,191.0,317.0,21.38,56.35,47.42,23.72,1.6,14.12,4.6,,,,249.0,Poor
261195,DL005,2020-02-07 04:00:00,164.0,251.0,59.95,44.12,72.38,23.15,1.75,13.82,5.07,,116.5,,238.0,Poor
261196,DL005,2020-02-07 05:00:00,188.0,359.0,20.48,56.25,46.65,23.58,1.58,12.75,2.45,,134.38,,244.0,Poor
261197,DL005,2020-02-07 06:00:00,172.0,279.0,24.48,54.65,49.05,23.4,1.6,12.95,0.8,,,,243.0,Poor
261198,DL005,2020-02-07 07:00:00,156.0,245.0,31.08,57.58,55.92,22.8,1.82,14.0,1.07,,,,241.0,Poor
261199,DL005,2020-02-07 08:00:00,189.0,294.0,83.43,52.6,95.85,21.02,2.48,13.95,,,,,243.0,Poor
261200,DL005,2020-02-07 09:00:00,283.0,459.0,112.42,62.15,124.6,19.05,3.1,19.7,4.05,,,,251.0,Poor
261201,DL005,2020-02-07 10:00:00,321.0,544.0,17.48,56.95,44.4,19.6,1.98,32.67,12.45,,,,375.0,Very Poor
261202,DL005,2020-02-07 11:00:00,210.0,333.0,11.45,44.92,33.17,19.83,1.9,26.4,35.02,,143.1,,374.0,Very Poor
261203,DL005,2020-02-07 12:00:00,169.0,311.0,4.42,24.18,16.42,21.02,1.32,21.7,82.85,,128.45,,372.0,Very Poor
261204,DL005,2020-02-07 13:00:00,112.0,201.0,3.38,19.7,13.22,22.25,1.2,18.77,92.97,,,,368.0,Very Poor
261205,DL005,2020-02-07 14:00:00,105.0,173.0,3.42,19.33,13.1,21.85,1.2,20.75,96.47,,,,364.0,Very Poor
261206,DL005,2020-02-07 15:00:00,122.0,177.0,2.9,18.05,11.97,21.42,1.2,20.82,106.55,,,,361.0,Very Poor
261207,DL005,2020-02-07 16:00:00,100.0,167.0,3.0,15.88,10.88,20.55,0.7,17.27,94.72,,,,358.0,Very Poor
261208,DL005,2020-02-07 17:00:00,81.0,146.0,2.88,17.23,11.52,18.42,0.7,15.45,92.85,,,,354.0,Very Poor
261209,DL005,2020-02-07 18:00:00,70.0,133.0,3.12,29.08,18.02,18.45,1.0,16.33,75.4,,,,350.0,Very Poor
261210,DL005,2020-02-07 19:00:00,101.0,180.0,3.58,55.38,32.42,19.0,1.32,16.07,28.2,,123.3,,351.0,Very Poor
261211,DL005,2020-02-07 20:00:00,141.0,272.0,5.47,68.15,40.72,20.27,1.45,19.23,16.1,,,,349.0,Very Poor
261212,DL005,2020-02-07 21:00:00,224.0,360.0,7.4,68.8,42.58,21.75,1.6,17.95,10.57,,144.65,,343.0,Very Poor
261213,DL005,2020-02-07 22:00:00,184.0,313.0,20.02,69.05,53.1,21.9,1.65,17.98,3.05,,137.1,,340.0,Very Poor
261214,DL005,2020-02-07 23:00:00,222.0,353.0,34.92,62.5,61.73,22.62,1.85,24.2,1.27,,,,338.0,Very Poor
261215,DL005,2020-02-08 00:00:00,324.0,486.0,28.4,59.8,55.0,23.35,1.7,27.83,0.4,,,,343.0,Very Poor
261216,DL005,2020-02-08 01:00:00,265.0,406.0,13.32,47.32,36.23,21.8,1.55,21.8,0.7,,,,346.0,Very Poor
261217,DL005,2020-02-08 02:00:00,257.0,357.0,12.9,46.42,35.2,20.92,1.4,18.35,,,,,347.0,Very Poor
261218,DL005,2020-02-08 03:00:00,213.0,302.0,17.7,44.98,38.38,20.68,1.33,15.75,,,,,348.0,Very Poor
261219,DL005,2020-02-08 04:00:00,180.0,274.0,9.65,43.3,30.85,19.95,1.3,14.57,,,,,348.0,Very Poor
261220,DL005,2020-02-08 05:00:00,173.0,257.0,12.93,41.67,32.75,20.27,1.3,14.68,,,,,348.0,Very Poor
261221,DL005,2020-02-08 06:00:00,183.0,268.0,12.4,41.3,32.1,20.6,1.38,14.48,,,,,348.0,Very Poor
261222,DL005,2020-02-08 07:00:00,219.0,310.0,18.2,38.88,35.58,20.55,1.38,14.22,,,,,350.0,Very Poor
261223,DL005,2020-02-08 08:00:00,213.0,317.0,21.47,38.7,38.1,21.7,1.55,14.62,,,,,351.0,Very Poor
261224,DL005,2020-02-08 09:00:00,273.0,406.0,16.07,39.9,34.38,21.3,1.7,17.65,,,,,351.0,Very Poor
261225,DL005,2020-02-08 10:00:00,249.0,365.0,8.33,36.45,26.17,20.75,1.48,31.25,,,,,348.0,Very Poor
261226,DL005,2020-02-08 11:00:00,226.0,317.0,5.35,22.22,16.17,20.18,1.4,29.43,,,,,349.0,Very Poor
261227,DL005,2020-02-08 12:00:00,241.0,309.0,4.45,20.58,14.57,19.2,1.4,27.85,58.2,,,,351.0,Very Poor
261228,DL005,2020-02-08 13:00:00,217.0,290.0,3.85,18.05,12.72,19.62,1.23,27.0,79.8,,,,355.0,Very Poor
261229,DL005,2020-02-08 14:00:00,141.0,213.0,2.97,14.68,10.35,19.68,1.1,22.0,100.38,,,,356.0,Very Poor
261230,DL005,2020-02-08 15:00:00,116.0,183.0,2.8,13.7,9.55,19.73,1.0,18.92,110.0,,,,356.0,Very Poor
261231,DL005,2020-02-08 16:00:00,89.0,151.0,2.62,13.93,9.55,19.65,0.7,19.23,105.15,,,,355.0,Very Poor
261232,DL005,2020-02-08 17:00:00,95.0,156.0,2.6,15.03,10.12,17.88,0.72,17.75,99.38,,,,356.0,Very Poor
261233,DL005,2020-02-08 18:00:00,90.0,141.0,3.05,22.32,14.35,17.2,0.93,18.25,75.45,,,,356.0,Very Poor
261234,DL005,2020-02-08 19:00:00,123.0,191.0,3.08,45.98,27.02,16.93,1.5,20.58,24.9,,,,357.0,Very Poor
261235,DL005,2020-02-08 20:00:00,211.0,334.0,4.3,60.43,35.65,17.4,1.95,34.33,21.45,,,,359.0,Very Poor
261236,DL005,2020-02-08 21:00:00,232.0,372.0,4.67,60.95,36.27,19.4,1.62,24.8,17.05,,,,359.0,Very Poor
261237,DL005,2020-02-08 22:00:00,249.0,351.0,8.12,62.27,39.75,20.27,1.83,24.38,4.3,,,,362.0,Very Poor
261238,DL005,2020-02-08 23:00:00,317.0,429.0,10.3,58.3,39.4,21.05,1.65,20.55,4.75,,,,365.0,Very Poor
261239,DL005,2020-02-09 00:00:00,257.0,373.0,9.45,54.47,36.67,21.5,1.62,19.95,3.7,,,,362.0,Very Poor
261240,DL005,2020-02-09 01:00:00,271.0,398.0,27.9,41.55,44.95,19.82,1.67,17.12,,,,,363.0,Very Poor
261241,DL005,2020-02-09 02:00:00,234.0,364.0,7.67,38.67,26.83,19.1,1.57,16.48,,,,,362.0,Very Poor
261242,DL005,2020-02-09 03:00:00,238.0,374.0,8.18,40.1,27.98,19.48,1.4,15.85,,,,,363.0,Very Poor
261243,DL005,2020-02-09 04:00:00,200.0,310.0,13.05,36.88,30.23,19.2,1.38,13.42,,,,,363.0,Very Poor
261244,DL005,2020-02-09 05:00:00,223.0,322.0,14.47,39.98,33.07,20.27,1.45,14.05,,,,,365.0,Very Poor
261245,DL005,2020-02-09 06:00:00,246.0,367.0,50.92,38.98,62.3,21.02,1.5,12.35,,,,,367.0,Very Poor
261246,DL005,2020-02-09 07:00:00,221.0,334.0,58.9,39.38,68.95,20.5,1.58,13.05,,,,,367.0,Very Poor
261247,DL005,2020-02-09 08:00:00,188.0,312.0,72.68,32.33,76.33,20.5,1.9,13.15,,,,,366.0,Very Poor
261248,DL005,2020-02-09 09:00:00,273.0,392.0,63.02,40.53,72.9,20.1,2.08,17.55,,,,,366.0,Very Poor
261249,DL005,2020-02-09 10:00:00,291.0,432.0,22.98,54.62,48.03,19.73,1.75,20.65,,,,,368.0,Very Poor
261250,DL005,2020-02-09 11:00:00,232.0,320.0,7.4,27.35,20.6,18.93,1.4,25.32,,,,,368.0,Very Poor
261251,DL005,2020-02-09 12:00:00,213.0,267.0,4.72,21.1,15.07,18.35,1.2,24.8,,,,,367.0,Very Poor
261252,DL005,2020-02-09 13:00:00,196.0,256.0,3.73,18.12,12.68,18.82,1.02,21.52,,,,,366.0,Very Poor
261253,DL005,2020-02-09 14:00:00,135.0,194.0,3.17,15.73,10.97,19.12,1.0,19.38,,,,,366.0,Very Poor
261254,DL005,2020-02-09 15:00:00,113.0,164.0,2.85,14.1,9.82,18.95,0.93,17.83,,,,,366.0,Very Poor
261255,DL005,2020-02-09 16:00:00,79.0,139.0,3.05,13.65,9.77,19.45,0.7,15.95,,,,,366.0,Very Poor
261256,DL005,2020-02-09 17:00:00,81.0,119.0,2.9,15.63,10.7,18.35,0.7,16.38,102.53,,,,365.0,Very Poor
261257,DL005,2020-02-09 18:00:00,79.0,134.0,2.72,23.35,14.68,17.27,0.88,17.7,86.03,,,,365.0,Very Poor
261258,DL005,2020-02-09 19:00:00,110.0,202.0,3.8,66.08,38.17,16.48,1.35,17.4,21.52,,,,364.0,Very Poor
261259,DL005,2020-02-09 20:00:00,156.0,307.0,10.45,86.5,54.53,16.98,2.15,18.93,7.15,,,,363.0,Very Poor
261260,DL005,2020-02-09 21:00:00,271.0,475.0,10.25,81.32,51.62,18.1,2.05,21.55,5.95,,,,364.0,Very Poor
261261,DL005,2020-02-09 22:00:00,267.0,448.0,8.5,75.35,47.08,18.92,1.9,27.07,3.1,,,,364.0,Very Poor
261262,DL005,2020-02-09 23:00:00,312.0,453.0,8.07,69.62,43.58,20.05,1.65,25.88,6.25,,,,364.0,Very Poor
261263,DL005,2020-02-10 00:00:00,317.0,450.0,20.77,66.9,52.47,21.1,1.62,34.15,3.1,,104.0,,366.0,Very Poor
261264,DL005,2020-02-10 01:00:00,373.0,542.0,4.3,47.27,28.62,19.92,1.32,30.25,7.05,,114.5,,369.0,Very Poor
261265,DL005,2020-02-10 02:00:00,259.0,367.0,3.02,40.23,23.9,18.8,1.25,21.83,,,112.23,,370.0,Very Poor
261266,DL005,2020-02-10 03:00:00,251.0,346.0,3.67,39.12,23.82,18.35,1.23,18.73,,,,,371.0,Very Poor
261267,DL005,2020-02-10 04:00:00,222.0,311.0,6.87,38.5,26.1,18.3,1.27,15.85,,,,,371.0,Very Poor
261268,DL005,2020-02-10 05:00:00,218.0,332.0,9.62,41.92,30.12,19.95,1.35,15.2,,,,,371.0,Very Poor
261269,DL005,2020-02-10 06:00:00,260.0,393.0,27.22,41.25,44.12,21.07,1.45,13.03,,,,,372.0,Very Poor
261270,DL005,2020-02-10 07:00:00,282.0,447.0,49.23,39.82,61.25,21.27,1.57,10.35,,,,,374.0,Very Poor
261271,DL005,2020-02-10 08:00:00,224.0,345.0,66.62,36.15,73.57,20.8,1.98,10.65,,,,,375.0,Very Poor
261272,DL005,2020-02-10 09:00:00,260.0,337.0,53.42,38.12,63.8,19.4,2.12,13.12,,,,,374.0,Very Poor
261273,DL005,2020-02-10 10:00:00,304.0,437.0,18.98,45.52,39.7,19.62,1.77,15.95,5.6,,,,375.0,Very Poor
261274,DL005,2020-02-10 11:00:00,245.5,409.25,10.35,40.9,28.7,21.15,2.12,25.5,45.1,,,,375.0,Very Poor
261275,DL005,2020-02-10 12:00:00,254.0,368.75,5.4,22.38,16.27,20.32,1.15,25.75,65.38,,,,377.0,Very Poor
261276,DL005,2020-02-10 13:00:00,171.0,237.75,3.65,17.17,12.12,20.58,0.95,21.67,98.47,,,,376.0,Very Poor
261277,DL005,2020-02-10 14:00:00,122.25,179.25,3.08,14.45,10.23,20.5,0.9,16.62,109.4,,,,375.0,Very Poor
261278,DL005,2020-02-10 15:00:00,96.0,140.0,3.1,13.47,9.7,21.05,0.8,14.65,117.78,,,,375.0,Very Poor
261279,DL005,2020-02-10 16:00:00,77.75,108.25,2.47,13.65,9.3,21.35,0.7,12.98,117.6,,,,375.0,Very Poor
261280,DL005,2020-02-10 17:00:00,76.0,108.25,2.83,17.88,11.82,19.83,0.72,11.45,114.38,,,,375.0,Very Poor
261281,DL005,2020-02-10 18:00:00,79.0,137.25,2.9,25.15,15.7,19.73,0.93,11.7,94.58,,,,375.0,Very Poor
261282,DL005,2020-02-10 19:00:00,118.75,222.0,7.2,90.3,53.88,21.07,1.68,13.7,18.45,,,,375.0,Very Poor
261283,DL005,2020-02-10 20:00:00,217.25,413.5,36.58,99.9,82.85,22.0,2.53,16.3,5.4,,128.6,,377.0,Very Poor
261284,DL005,2020-02-10 21:00:00,295.75,540.0,12.25,93.18,59.62,20.67,2.12,16.42,,,196.98,,378.0,Very Poor
261285,DL005,2020-02-10 22:00:00,261.75,494.75,136.7,79.5,153.4,19.12,4.03,16.17,3.05,,207.9,,377.0,Very Poor
261286,DL005,2020-02-10 23:00:00,343.5,705.0,81.0,79.53,108.5,19.85,3.05,16.6,2.67,,119.52,,378.0,Very Poor
261287,DL005,2020-02-11 00:00:00,307.75,547.25,86.12,74.75,109.48,20.77,2.35,15.65,3.67,,112.4,,378.0,Very Poor
261288,DL005,2020-02-11 01:00:00,272.0,455.5,71.65,62.63,91.8,22.02,3.0,12.45,19.17,,119.2,,375.0,Very Poor
261289,DL005,2020-02-11 02:00:00,264.5,461.5,68.03,62.1,88.4,23.2,1.75,10.55,8.9,,144.72,,375.0,Very Poor
261290,DL005,2020-02-11 03:00:00,199.0,343.5,27.62,57.35,53.03,23.05,1.38,9.2,4.8,,,,373.0,Very Poor
261291,DL005,2020-02-11 04:00:00,175.5,265.75,9.75,51.83,35.58,22.6,1.2,9.1,4.88,,,,372.0,Very Poor
261292,DL005,2020-02-11 05:00:00,168.25,247.0,13.3,48.57,36.75,20.55,1.23,8.72,,,,,370.0,Very Poor
261293,DL005,2020-02-11 06:00:00,175.5,265.25,21.3,44.0,40.78,18.92,1.4,9.0,2.7,,,,368.0,Very Poor
261294,DL005,2020-02-11 07:00:00,211.5,320.5,60.67,39.8,70.68,19.0,1.75,11.15,2.32,,,,365.0,Very Poor
261295,DL005,2020-02-11 08:00:00,276.5,434.75,81.0,48.0,91.83,19.7,2.35,13.57,4.62,,,,367.0,Very Poor
261296,DL005,2020-02-11 09:00:00,328.5,532.0,57.23,68.45,83.15,21.98,2.33,15.75,18.35,,,,369.0,Very Poor
261297,DL005,2020-02-11 10:00:00,366.75,547.25,18.93,59.58,47.12,25.0,1.8,47.0,16.38,,,,371.0,Very Poor
261298,DL005,2020-02-11 11:00:00,391.75,521.5,8.82,38.48,27.7,24.55,1.38,47.0,40.15,,,,376.0,Very Poor
261299,DL005,2020-02-11 12:00:00,239.75,319.75,3.97,18.12,12.9,21.25,1.02,19.48,80.12,,,,376.0,Very Poor
261300,DL005,2020-02-11 13:00:00,145.5,195.75,2.92,14.85,10.3,20.3,0.95,20.4,90.03,,,,375.0,Very Poor
261301,DL005,2020-02-11 14:00:00,132.75,185.0,2.9,13.3,9.48,18.07,0.93,18.05,103.38,,,,375.0,Very Poor
261302,DL005,2020-02-11 15:00:00,100.5,156.5,2.88,14.07,9.85,17.58,0.93,16.73,116.65,,,,375.0,Very Poor
261303,DL005,2020-02-11 16:00:00,99.5,151.25,2.68,12.93,9.07,17.5,0.7,17.35,121.53,,,,376.0,Very Poor
261304,DL005,2020-02-11 17:00:00,83.5,124.5,2.7,14.88,10.12,18.0,0.7,12.5,125.22,,,,376.0,Very Poor
261305,DL005,2020-02-11 18:00:00,88.0,146.0,2.75,30.15,18.3,19.3,0.85,10.78,84.55,,,,376.0,Very Poor
261306,DL005,2020-02-11 19:00:00,111.0,230.75,5.7,88.12,51.55,19.93,1.5,11.7,21.07,,,,376.0,Very Poor
261307,DL005,2020-02-11 20:00:00,165.75,358.25,15.18,88.0,59.23,20.35,1.82,11.85,8.67,,,,375.0,Very Poor
261308,DL005,2020-02-11 21:00:00,222.25,383.75,25.4,83.53,65.15,20.02,2.12,13.42,2.0,,117.3,,372.0,Very Poor
261309,DL005,2020-02-11 22:00:00,261.75,438.0,4.5,68.0,39.83,18.0,1.7,14.47,5.33,,151.05,,372.0,Very Poor
261310,DL005,2020-02-11 23:00:00,212.5,341.0,8.45,69.07,43.67,17.8,1.62,13.03,5.65,,116.5,,368.0,Very Poor
261311,DL005,2020-02-12 00:00:00,207.0,313.75,20.6,66.85,52.23,18.43,1.55,12.72,5.57,,,,365.0,Very Poor
261312,DL005,2020-02-12 01:00:00,239.0,341.75,14.32,62.7,45.0,19.5,1.55,14.3,17.08,,,,364.0,Very Poor
261313,DL005,2020-02-12 02:00:00,284.25,406.5,19.02,57.08,45.9,21.4,1.52,12.35,,,,,364.0,Very Poor
261314,DL005,2020-02-12 03:00:00,266.0,419.0,10.88,48.1,34.48,21.77,1.5,11.18,,,,,366.0,Very Poor
261315,DL005,2020-02-12 04:00:00,263.0,406.0,8.78,44.75,30.98,21.32,1.4,10.82,,,,,369.0,Very Poor
261316,DL005,2020-02-12 05:00:00,265.25,399.25,16.5,47.9,39.23,20.52,1.5,12.28,,,,,372.0,Very Poor
261317,DL005,2020-02-12 06:00:00,270.5,392.5,16.52,42.57,36.12,18.9,1.5,15.17,,,,,375.0,Very Poor
261318,DL005,2020-02-12 07:00:00,260.5,399.25,28.62,38.9,44.0,18.9,1.6,15.88,,,,,377.0,Very Poor
261319,DL005,2020-02-12 08:00:00,252.25,394.75,22.23,42.27,40.88,19.3,1.68,15.95,2.08,,,,376.0,Very Poor
261320,DL005,2020-02-12 09:00:00,280.0,441.5,18.93,46.42,40.15,20.73,1.67,21.6,18.2,,,,375.0,Very Poor
261321,DL005,2020-02-12 10:00:00,280.25,414.25,11.43,45.23,33.4,21.07,1.52,28.17,24.48,,,,372.0,Very Poor
261322,DL005,2020-02-12 11:00:00,245.25,330.5,5.48,26.1,18.38,20.12,1.27,26.27,45.8,,,,367.0,Very Poor
261323,DL005,2020-02-12 12:00:00,210.5,315.25,3.95,21.23,14.5,19.77,1.1,21.62,71.93,,,,366.0,Very Poor
261324,DL005,2020-02-12 13:00:00,171.25,319.75,3.32,17.2,11.88,19.73,0.9,17.93,89.6,,,,367.0,Very Poor
261325,DL005,2020-02-12 14:00:00,126.75,283.5,3.17,15.97,11.07,19.3,0.9,15.62,101.93,,,,367.0,Very Poor
261326,DL005,2020-02-12 15:00:00,115.5,241.0,3.08,17.07,11.55,18.8,0.9,13.93,105.67,,,,367.0,Very Poor
261327,DL005,2020-02-12 16:00:00,111.0,217.0,3.1,19.3,12.8,20.3,0.8,14.4,,,,,368.0,Very Poor
261328,DL005,2020-02-12 17:00:00,120.5,215.5,3.15,22.15,14.38,20.0,0.83,15.32,75.0,,,,369.0,Very Poor
261329,DL005,2020-02-12 18:00:00,122.25,216.0,3.4,30.3,18.9,20.48,0.93,18.52,65.0,,,,370.0,Very Poor
261330,DL005,2020-02-12 19:00:00,138.5,241.0,3.12,34.15,20.7,21.15,1.0,19.82,59.23,,,,371.0,Very Poor
261331,DL005,2020-02-12 20:00:00,161.75,248.25,3.08,40.12,23.85,22.48,1.2,43.42,40.8,,,,371.0,Very Poor
261332,DL005,2020-02-12 21:00:00,169.0,253.0,3.2,39.85,23.8,22.75,1.25,50.6,40.7,,,,369.0,Very Poor
261333,DL005,2020-02-12 22:00:00,155.0,230.25,3.4,43.33,25.8,18.65,1.35,50.98,12.43,,,,366.0,Very Poor
261334,DL005,2020-02-12 23:00:00,150.5,233.0,3.7,46.5,27.75,17.07,1.25,30.05,10.1,,,,364.0,Very Poor
261335,DL005,2020-02-13 00:00:00,160.5,239.5,5.7,45.85,29.0,16.9,1.12,26.1,8.45,,,,362.0,Very Poor
261336,DL005,2020-02-13 01:00:00,178.75,266.5,3.65,34.6,21.4,18.0,1.0,22.2,22.33,,,,360.0,Very Poor
261337,DL005,2020-02-13 02:00:00,171.0,244.75,3.18,28.98,18.03,21.23,0.93,18.72,24.4,,,,357.0,Very Poor
261338,DL005,2020-02-13 03:00:00,136.75,198.75,3.2,29.95,18.55,23.7,0.95,15.6,20.08,,,,352.0,Very Poor
261339,DL005,2020-02-13 04:00:00,178.5,249.75,3.58,31.42,19.6,24.18,0.97,15.43,14.4,,,,350.0,Very Poor
261340,DL005,2020-02-13 05:00:00,236.75,320.0,3.27,26.55,16.8,24.18,0.85,14.1,26.43,,,,349.0,Very Poor
261341,DL005,2020-02-13 06:00:00,160.25,222.25,3.33,22.77,14.85,20.73,0.9,15.65,7.12,,,,345.0,Very Poor
261342,DL005,2020-02-13 07:00:00,152.0,211.5,3.58,22.62,14.93,19.28,1.0,21.23,11.6,,,,342.0,Very Poor
261343,DL005,2020-02-13 08:00:00,154.25,212.75,5.23,24.67,17.38,18.9,1.02,22.12,12.98,,,,339.0,Very Poor
261344,DL005,2020-02-13 09:00:00,149.25,202.25,10.12,27.2,22.7,18.93,1.17,27.68,4.85,,,,334.0,Very Poor
261345,DL005,2020-02-13 10:00:00,180.25,237.0,8.05,23.68,19.17,20.95,1.02,23.82,23.32,,,,331.0,Very Poor
261346,DL005,2020-02-13 11:00:00,130.25,186.0,5.33,20.82,15.43,21.1,0.97,20.25,38.77,,,,328.0,Very Poor
261347,DL005,2020-02-13 12:00:00,108.75,183.75,4.28,19.93,14.05,21.45,0.88,20.38,65.6,,,,324.0,Very Poor
261348,DL005,2020-02-13 13:00:00,90.75,169.5,3.67,18.5,12.83,21.18,0.8,16.9,90.92,,,,322.0,Very Poor
261349,DL005,2020-02-13 14:00:00,75.5,146.5,3.73,18.05,12.65,19.15,0.8,19.18,92.45,,,,320.0,Very Poor
261350,DL005,2020-02-13 15:00:00,76.25,143.75,3.47,18.12,12.47,18.4,0.8,18.05,96.73,,,,319.0,Very Poor
261351,DL005,2020-02-13 16:00:00,75.0,147.75,3.73,18.57,12.93,18.27,0.7,23.68,94.6,,,,318.0,Very Poor
261352,DL005,2020-02-13 17:00:00,75.0,166.5,3.48,20.48,13.75,18.77,0.72,21.5,75.95,,,,316.0,Very Poor
261353,DL005,2020-02-13 18:00:00,67.5,155.0,3.35,25.12,16.1,20.6,0.8,17.72,69.07,,,,314.0,Very Poor
261354,DL005,2020-02-13 19:00:00,77.75,172.0,3.18,34.5,20.9,22.33,0.88,17.65,56.2,,,,313.0,Very Poor
261355,DL005,2020-02-13 20:00:00,102.5,206.5,3.28,45.33,26.75,22.07,1.05,19.42,31.55,,,,311.0,Very Poor
261356,DL005,2020-02-13 21:00:00,118.5,199.75,3.12,37.08,22.3,21.32,0.93,15.5,48.8,,,,309.0,Very Poor
261357,DL005,2020-02-13 22:00:00,101.75,168.25,3.1,30.68,18.85,19.2,0.93,17.08,37.75,,,,307.0,Very Poor
261358,DL005,2020-02-13 23:00:00,106.75,170.25,2.88,27.75,17.12,17.48,0.9,16.38,47.17,,,,306.0,Very Poor
261359,DL005,2020-02-14 00:00:00,109.25,167.0,2.98,24.2,15.3,17.6,0.9,17.65,41.47,,,,304.0,Very Poor
261360,DL005,2020-02-14 01:00:00,139.25,191.5,3.2,19.05,12.78,17.92,0.85,17.0,41.52,,,,303.0,Very Poor
261361,DL005,2020-02-14 02:00:00,122.25,169.5,3.05,18.75,12.47,18.5,0.83,14.93,,,,,301.0,Very Poor
261362,DL005,2020-02-14 03:00:00,125.25,172.75,3.15,18.55,12.43,19.48,0.8,14.12,,,,,301.0,Very Poor
261363,DL005,2020-02-14 04:00:00,101.5,145.25,2.88,18.17,12.0,19.55,0.8,13.0,,,,,294.0,Poor
261364,DL005,2020-02-14 05:00:00,94.0,132.0,2.8,18.23,11.95,19.58,0.8,12.43,,,,,274.0,Poor
261365,DL005,2020-02-14 06:00:00,111.0,151.25,2.97,17.92,11.98,20.32,0.88,16.43,,,,,267.0,Poor
261366,DL005,2020-02-14 07:00:00,136.25,177.5,3.45,22.5,14.78,19.15,0.93,15.25,,,,,265.0,Poor
261367,DL005,2020-02-14 08:00:00,140.0,191.0,4.65,24.5,16.77,19.35,1.0,14.7,19.93,,,,263.0,Poor
261368,DL005,2020-02-14 09:00:00,162.0,235.0,5.88,22.45,16.75,18.68,0.97,17.55,10.98,,,,265.0,Poor
261369,DL005,2020-02-14 10:00:00,140.0,196.0,5.07,18.95,14.25,18.32,0.88,17.52,32.67,,,,259.0,Poor
261370,DL005,2020-02-14 11:00:00,86.5,163.25,4.25,16.45,12.2,18.88,0.8,18.02,52.9,,,,253.0,Poor
261371,DL005,2020-02-14 12:00:00,80.0,151.25,3.95,15.38,11.4,19.9,0.78,16.88,76.88,,,,249.0,Poor
261372,DL005,2020-02-14 13:00:00,83.0,149.0,3.8,15.67,11.43,19.85,0.67,16.05,104.65,,,,248.0,Poor
261373,DL005,2020-02-14 14:00:00,130.0,290.0,3.27,16.2,11.22,23.7,0.65,11.28,99.55,,,,256.0,Poor
261374,DL005,2020-02-14 15:00:00,130.0,290.0,3.5,15.5,11.05,18.73,0.7,15.47,76.6,,,,263.0,Poor
261375,DL005,2020-02-14 16:00:00,48.0,273.0,3.5,16.2,11.45,18.2,0.6,15.82,95.22,,,,259.0,Poor
261376,DL005,2020-02-14 17:00:00,66.0,245.0,3.3,16.12,11.3,19.55,0.6,11.45,107.5,,,,258.0,Poor
261377,DL005,2020-02-14 18:00:00,52.0,197.0,3.27,19.83,13.07,23.4,0.75,13.6,75.62,,,,256.0,Poor
261378,DL005,2020-02-14 19:00:00,47.0,153.0,3.15,29.7,18.38,24.33,0.93,16.3,55.48,,,,252.0,Poor
261379,DL005,2020-02-14 20:00:00,75.0,196.0,3.52,42.45,25.45,25.12,1.02,22.5,33.33,,,,248.0,Poor
261380,DL005,2020-02-14 21:00:00,113.0,243.0,3.45,38.77,23.42,24.52,0.97,19.27,34.6,,,,247.0,Poor
261381,DL005,2020-02-14 22:00:00,139.0,240.0,3.65,40.77,24.65,24.95,1.02,16.95,19.15,,,,252.0,Poor
261382,DL005,2020-02-14 23:00:00,106.0,191.0,3.5,38.78,23.45,22.68,1.0,29.23,18.23,,,,252.0,Poor
261383,DL005,2020-02-15 00:00:00,113.0,184.0,3.88,39.8,24.3,21.95,1.17,52.2,14.47,,,,253.0,Poor
261384,DL005,2020-02-15 01:00:00,150.0,223.0,4.28,40.05,24.77,22.82,1.15,36.05,15.8,,,,254.0,Poor
261385,DL005,2020-02-15 02:00:00,129.0,175.0,3.67,32.95,20.52,23.55,1.0,23.58,33.9,,,,255.0,Poor
261386,DL005,2020-02-15 03:00:00,101.0,155.0,3.55,30.07,18.88,25.18,1.0,20.48,24.1,,,,252.0,Poor
261387,DL005,2020-02-15 04:00:00,106.0,163.0,3.38,28.88,18.1,25.0,1.0,14.88,19.78,,,,252.0,Poor
261388,DL005,2020-02-15 05:00:00,111.0,171.0,3.57,27.6,17.6,24.9,1.0,14.15,18.9,,,,255.0,Poor
261389,DL005,2020-02-15 06:00:00,121.0,178.0,3.9,26.52,17.27,25.55,0.97,13.7,17.93,,,,256.0,Poor
261390,DL005,2020-02-15 07:00:00,149.0,224.0,4.88,28.8,19.32,24.27,1.02,20.17,7.83,,,,258.0,Poor
261391,DL005,2020-02-15 08:00:00,160.0,239.0,6.55,30.4,21.48,23.78,1.23,27.9,13.07,,,,261.0,Poor
261392,DL005,2020-02-15 09:00:00,238.0,332.0,9.0,26.02,21.18,23.75,1.15,37.17,22.15,,,,271.0,Poor
261393,DL005,2020-02-15 10:00:00,136.0,207.0,6.55,22.0,17.05,22.38,1.05,21.48,51.67,,,,271.0,Poor
261394,DL005,2020-02-15 11:00:00,97.0,177.0,4.9,19.52,14.4,23.18,1.0,20.02,77.72,,,,272.0,Poor
261395,DL005,2020-02-15 12:00:00,110.0,222.0,3.7,16.52,11.8,23.7,0.9,17.1,101.88,,,,276.0,Poor
261396,DL005,2020-02-15 13:00:00,72.0,171.0,3.45,15.75,11.2,23.38,0.9,15.23,113.55,,,,275.0,Poor
261397,DL005,2020-02-15 14:00:00,77.0,168.0,3.42,17.08,11.85,24.0,0.95,16.65,128.02,,,,268.0,Poor
261398,DL005,2020-02-15 15:00:00,91.0,173.0,3.23,16.32,11.35,23.48,0.88,26.42,120.78,,,,262.0,Poor
261399,DL005,2020-02-15 16:00:00,64.0,208.0,3.2,15.85,11.05,21.18,0.62,24.25,127.83,,,,264.0,Poor
261400,DL005,2020-02-15 17:00:00,59.0,151.0,3.15,16.25,11.23,20.23,0.67,17.25,115.03,,,,263.0,Poor
261401,DL005,2020-02-15 18:00:00,56.0,122.0,3.25,21.1,13.9,19.95,0.7,17.3,105.65,,,,264.0,Poor
261402,DL005,2020-02-15 19:00:00,52.0,134.0,2.97,37.4,22.32,21.1,0.95,19.85,63.9,,,,265.0,Poor
261403,DL005,2020-02-15 20:00:00,80.0,204.0,7.3,72.4,44.58,23.4,1.45,33.4,16.62,,,,265.0,Poor
261404,DL005,2020-02-15 21:00:00,179.0,320.0,10.4,69.38,45.33,24.52,1.5,34.8,10.1,,,,274.0,Poor
261405,DL005,2020-02-15 22:00:00,207.0,326.0,26.52,68.23,57.77,25.58,1.68,48.38,12.97,,,,284.0,Poor
261406,DL005,2020-02-15 23:00:00,245.0,406.0,23.52,63.92,53.17,25.25,1.47,47.2,,,,,301.0,Very Poor
261407,DL005,2020-02-16 00:00:00,229.0,362.0,26.55,58.4,52.88,22.68,1.38,34.17,10.73,,,,304.0,Very Poor
261408,DL005,2020-02-16 01:00:00,216.0,334.0,21.77,51.6,45.23,22.2,1.25,26.42,9.4,,,,307.0,Very Poor
261409,DL005,2020-02-16 02:00:00,178.0,271.0,12.57,50.25,37.08,22.78,1.2,28.07,23.45,,,,308.0,Very Poor
261410,DL005,2020-02-16 03:00:00,201.0,285.0,13.95,49.5,37.73,23.65,1.2,20.65,17.1,,,,311.0,Very Poor
261411,DL005,2020-02-16 04:00:00,189.0,279.0,15.22,48.4,38.2,23.68,1.2,18.6,12.35,,,,314.0,Very Poor
261412,DL005,2020-02-16 05:00:00,190.0,283.0,4.57,44.72,27.55,24.25,1.15,31.17,20.4,,,,317.0,Very Poor
261413,DL005,2020-02-16 06:00:00,233.0,342.0,4.15,40.2,24.82,24.98,1.05,28.53,21.95,,,,320.0,Very Poor
261414,DL005,2020-02-16 07:00:00,232.0,346.0,9.38,45.42,31.9,25.98,1.27,43.9,8.5,,,,323.0,Very Poor
261415,DL005,2020-02-16 08:00:00,307.0,438.0,30.9,52.38,53.05,25.77,1.73,56.8,10.05,,,,328.0,Very Poor
261416,DL005,2020-02-16 09:00:00,379.0,563.0,25.38,47.15,45.83,26.93,1.52,74.68,19.75,,,,332.0,Very Poor
261417,DL005,2020-02-16 10:00:00,393.0,531.0,9.5,29.62,23.45,26.15,1.25,55.73,44.42,,,,340.0,Very Poor
261418,DL005,2020-02-16 11:00:00,294.0,401.0,5.7,25.27,18.1,23.73,1.2,33.75,74.7,,,,347.0,Very Poor
261419,DL005,2020-02-16 12:00:00,216.0,305.0,4.0,21.6,14.73,23.62,1.12,29.4,96.88,,,,350.0,Very Poor
261420,DL005,2020-02-16 13:00:00,175.0,273.0,3.43,17.02,11.88,23.07,0.9,27.25,123.67,,,,353.0,Very Poor
261421,DL005,2020-02-16 14:00:00,121.0,227.0,3.12,15.93,11.02,22.62,0.8,22.3,136.62,,,,355.0,Very Poor
261422,DL005,2020-02-16 15:00:00,88.0,194.0,3.15,14.25,10.18,22.98,0.78,17.32,137.72,,,,355.0,Very Poor
261423,DL005,2020-02-16 16:00:00,74.0,136.0,3.4,14.4,10.43,20.65,0.7,19.05,145.98,,,,355.0,Very Poor
261424,DL005,2020-02-16 17:00:00,74.0,160.0,3.08,15.73,10.88,19.3,0.75,23.75,145.05,,,,355.0,Very Poor
261425,DL005,2020-02-16 18:00:00,81.0,175.0,2.73,21.52,13.7,19.38,0.93,19.58,132.1,,129.6,,356.0,Very Poor
261426,DL005,2020-02-16 19:00:00,95.0,211.0,6.38,69.32,42.02,19.75,1.55,17.48,50.92,,171.95,,358.0,Very Poor
261427,DL005,2020-02-16 20:00:00,123.0,340.0,24.98,96.23,71.6,22.02,2.35,18.6,11.88,,107.9,,359.0,Very Poor
261428,DL005,2020-02-16 21:00:00,212.0,445.0,76.2,93.88,112.0,23.55,3.17,20.58,9.3,,271.05,,360.0,Very Poor
261429,DL005,2020-02-16 22:00:00,333.0,594.0,134.57,88.15,157.15,24.45,4.7,18.77,11.47,,280.2,,364.0,Very Poor
261430,DL005,2020-02-16 23:00:00,377.0,716.0,158.82,65.53,164.9,25.9,3.85,17.4,6.88,,149.88,,368.0,Very Poor
261431,DL005,2020-02-17 00:00:00,306.0,632.0,85.35,61.57,102.67,23.93,2.38,16.62,4.58,,,,371.0,Very Poor
261432,DL005,2020-02-17 01:00:00,266.0,547.0,28.72,55.55,53.0,23.73,1.67,17.88,8.2,,,,372.0,Very Poor
261433,DL005,2020-02-17 02:00:00,240.0,353.0,27.87,53.77,51.35,22.67,1.67,26.57,,,,,374.0,Very Poor
261434,DL005,2020-02-17 03:00:00,298.0,434.0,13.95,51.65,38.9,22.92,1.55,30.17,,,,,377.0,Very Poor
261435,DL005,2020-02-17 04:00:00,366.0,531.0,6.05,45.73,29.28,23.85,1.3,22.9,,,,,383.0,Very Poor
261436,DL005,2020-02-17 05:00:00,307.0,483.0,6.93,41.2,27.55,24.02,1.27,20.85,,,,,387.0,Very Poor
261437,DL005,2020-02-17 06:00:00,278.0,465.0,12.85,44.8,34.33,23.75,1.38,18.27,,,,,388.0,Very Poor
261438,DL005,2020-02-17 07:00:00,268.0,406.0,51.52,50.33,68.8,24.35,1.65,19.73,,,,,389.0,Very Poor
261439,DL005,2020-02-17 08:00:00,300.0,432.0,66.15,51.78,81.5,23.8,1.77,21.68,6.7,,,,389.0,Very Poor
261440,DL005,2020-02-17 09:00:00,334.0,494.0,33.83,70.18,64.85,24.1,1.75,51.32,8.25,,,,388.0,Very Poor
261441,DL005,2020-02-17 10:00:00,362.0,527.0,14.05,42.8,34.28,24.4,1.52,58.1,36.4,,,,387.0,Very Poor
261442,DL005,2020-02-17 11:00:00,327.0,417.0,5.53,27.43,19.05,21.62,1.2,35.25,79.55,,,,388.0,Very Poor
261443,DL005,2020-02-17 12:00:00,200.0,295.0,3.48,15.98,11.32,21.15,0.93,27.38,102.97,,,,387.0,Very Poor
261444,DL005,2020-02-17 13:00:00,128.0,190.0,3.05,14.15,9.97,21.15,0.75,20.25,116.65,,,,386.0,Very Poor
261445,DL005,2020-02-17 14:00:00,110.0,156.0,3.23,14.27,10.25,21.48,0.65,16.45,131.0,,,,385.0,Very Poor
261446,DL005,2020-02-17 15:00:00,143.0,172.0,3.1,15.7,10.9,23.4,0.7,17.4,154.55,,,,387.0,Very Poor
261447,DL005,2020-02-17 16:00:00,,,6.75,16.95,14.48,21.22,1.4,14.77,124.62,,,,393.0,Very Poor
261448,DL005,2020-02-17 17:00:00,,,3.25,19.6,13.07,18.65,0.7,12.8,106.3,,,,398.0,Very Poor
261449,DL005,2020-02-17 18:00:00,,,3.3,27.0,17.0,17.77,0.88,13.65,85.3,,,,405.0,Severe
261450,DL005,2020-02-17 19:00:00,103.0,167.0,3.15,55.45,32.03,17.1,1.12,15.48,69.8,,,,405.0,Severe
261451,DL005,2020-02-17 20:00:00,106.0,257.0,9.9,79.1,50.15,19.88,1.62,24.32,29.3,,,,404.0,Severe
261452,DL005,2020-02-17 21:00:00,251.0,470.0,15.18,80.02,55.02,23.0,1.77,46.08,15.67,,,,406.0,Severe
261453,DL005,2020-02-17 22:00:00,265.0,438.0,6.38,64.7,39.7,22.85,1.62,71.03,21.62,,,,403.0,Severe
261454,DL005,2020-02-17 23:00:00,179.0,299.0,8.05,55.83,36.3,22.4,1.5,59.62,14.7,,,,396.0,Very Poor
261455,DL005,2020-02-18 00:00:00,166.0,268.0,3.75,52.62,31.07,19.85,1.45,64.17,23.02,,,,391.0,Very Poor
261456,DL005,2020-02-18 01:00:00,213.0,298.0,3.08,41.83,24.75,20.6,1.23,56.92,39.77,,,,389.0,Very Poor
261457,DL005,2020-02-18 02:00:00,273.0,346.0,3.1,36.43,21.9,21.27,1.3,55.2,33.0,,,,390.0,Very Poor
261458,DL005,2020-02-18 03:00:00,263.0,351.0,3.4,44.1,26.2,20.3,1.2,47.2,49.07,,,,389.0,Very Poor
261459,DL005,2020-02-18 04:00:00,291.0,381.0,3.32,43.6,25.88,21.38,1.23,56.72,30.25,,,,386.0,Very Poor
261460,DL005,2020-02-18 05:00:00,315.0,412.0,3.83,43.65,26.33,21.12,1.33,62.47,21.9,,,,386.0,Very Poor
261461,DL005,2020-02-18 06:00:00,294.0,396.0,4.97,45.5,28.27,21.2,1.3,46.62,20.65,,,,387.0,Very Poor
261462,DL005,2020-02-18 07:00:00,240.0,346.0,5.8,46.8,29.62,22.15,1.3,35.02,9.75,,,,386.0,Very Poor
261463,DL005,2020-02-18 08:00:00,223.0,333.0,9.97,47.33,33.27,21.05,1.48,45.98,15.3,,,,383.0,Very Poor
261464,DL005,2020-02-18 09:00:00,246.0,365.0,8.28,36.77,26.32,21.35,1.3,44.95,38.2,,,,380.0,Very Poor
261465,DL005,2020-02-18 10:00:00,235.0,333.0,8.38,25.6,20.45,21.0,1.25,40.1,59.23,,,,375.0,Very Poor
261466,DL005,2020-02-18 11:00:00,230.0,321.0,10.55,23.4,21.05,20.38,1.15,28.5,88.78,,,,372.0,Very Poor
261467,DL005,2020-02-18 12:00:00,178.0,304.0,6.62,19.23,15.7,20.6,1.02,27.23,102.85,,,,371.0,Very Poor
261468,DL005,2020-02-18 13:00:00,136.0,227.0,3.48,17.73,12.28,20.75,1.0,22.33,126.73,,,,371.0,Very Poor
261469,DL005,2020-02-18 14:00:00,107.0,193.0,3.55,16.5,11.7,20.52,0.9,21.88,139.7,,,,371.0,Very Poor
261470,DL005,2020-02-18 15:00:00,101.0,189.0,3.3,17.12,11.72,21.27,0.83,17.62,137.53,,,,369.0,Very Poor
261471,DL005,2020-02-18 16:00:00,64.0,169.0,4.15,23.42,16.55,19.8,0.65,26.8,136.15,,,,364.0,Very Poor
261472,DL005,2020-02-18 17:00:00,67.0,160.0,3.35,21.17,13.97,18.15,0.7,28.12,134.25,,,,360.0,Very Poor
261473,DL005,2020-02-18 18:00:00,68.0,135.0,3.05,24.45,15.45,17.25,0.8,24.8,115.43,,,,356.0,Very Poor
261474,DL005,2020-02-18 19:00:00,75.0,188.0,3.4,58.3,33.7,18.3,1.1,24.25,58.67,,,,355.0,Very Poor
261475,DL005,2020-02-18 20:00:00,102.0,213.0,26.73,91.7,70.42,17.82,2.05,32.45,26.38,,,,355.0,Very Poor
261476,DL005,2020-02-18 21:00:00,184.0,425.0,11.35,88.4,56.25,18.62,2.08,61.7,18.12,,,,352.0,Very Poor
261477,DL005,2020-02-18 22:00:00,223.0,381.0,13.8,82.95,55.38,20.83,2.1,37.9,10.98,,,,351.0,Very Poor
261478,DL005,2020-02-18 23:00:00,263.0,443.0,61.83,92.23,99.33,22.4,2.55,28.35,13.07,,144.4,,354.0,Very Poor
261479,DL005,2020-02-19 00:00:00,256.0,501.0,98.58,86.25,125.9,21.57,2.65,24.27,8.03,,150.9,,357.0,Very Poor
261480,DL005,2020-02-19 01:00:00,282.0,517.0,97.92,76.03,120.33,22.05,2.58,29.22,10.95,,144.07,,359.0,Very Poor
261481,DL005,2020-02-19 02:00:00,326.0,530.0,82.92,64.07,101.65,22.82,2.85,32.55,22.4,,118.88,,361.0,Very Poor
261482,DL005,2020-02-19 03:00:00,355.0,591.0,62.7,49.8,77.6,24.6,2.5,28.6,10.25,,115.8,,363.0,Very Poor
261483,DL005,2020-02-19 04:00:00,322.0,565.0,61.4,50.35,76.85,23.05,2.52,31.57,11.6,,,,364.0,Very Poor
261484,DL005,2020-02-19 05:00:00,310.0,582.0,88.03,60.5,103.72,22.05,2.77,39.92,48.85,,,,364.0,Very Poor
261485,DL005,2020-02-19 06:00:00,302.0,596.0,210.5,75.2,211.58,22.25,4.45,31.9,151.0,,116.47,,365.0,Very Poor
261486,DL005,2020-02-19 07:00:00,355.0,721.0,285.62,64.92,267.35,24.0,4.65,27.2,146.65,,133.75,,368.0,Very Poor
261487,DL005,2020-02-19 08:00:00,373.0,718.0,271.1,74.35,260.58,23.48,4.83,26.48,60.75,,117.47,,373.0,Very Poor
261488,DL005,2020-02-19 09:00:00,376.0,674.0,233.68,109.73,248.88,22.9,4.2,40.77,59.5,,111.05,,377.0,Very Poor
261489,DL005,2020-02-19 10:00:00,317.0,544.0,39.55,93.7,82.03,23.88,1.73,40.02,30.95,,,,380.0,Very Poor
261490,DL005,2020-02-19 11:00:00,164.0,409.0,13.1,62.35,43.85,21.55,1.17,30.6,55.55,,,,382.0,Very Poor
261491,DL005,2020-02-19 12:00:00,130.0,357.0,6.17,38.55,25.52,18.85,0.95,26.05,101.9,,,,385.0,Very Poor
261492,DL005,2020-02-19 13:00:00,113.0,302.0,4.95,33.72,21.95,19.4,0.88,26.0,118.15,,,,389.0,Very Poor
261493,DL005,2020-02-19 14:00:00,101.0,329.0,4.65,32.0,20.82,19.25,0.83,20.7,120.3,,,,396.0,Very Poor
261494,DL005,2020-02-19 15:00:00,107.0,293.0,4.12,28.73,18.62,19.4,0.8,18.5,132.43,,,,401.0,Severe
261495,DL005,2020-02-19 16:00:00,88.0,295.0,3.5,28.9,18.25,18.77,0.98,19.02,127.42,,,,408.0,Severe
261496,DL005,2020-02-19 17:00:00,97.0,280.0,3.53,30.47,19.1,17.48,0.97,19.27,126.3,,129.5,,414.0,Severe
261497,DL005,2020-02-19 18:00:00,90.0,269.0,3.28,32.23,19.8,17.52,1.08,20.27,117.58,,,,421.0,Severe
261498,DL005,2020-02-19 19:00:00,103.0,302.0,3.05,39.8,23.62,17.82,1.25,25.43,95.92,,,,427.0,Severe
261499,DL005,2020-02-19 20:00:00,114.0,301.0,3.3,50.92,29.73,18.62,1.45,24.12,64.85,,,,432.0,Severe
261500,DL005,2020-02-19 21:00:00,133.0,311.0,3.92,57.15,33.62,20.8,1.75,25.27,34.0,,,,426.0,Severe
261501,DL005,2020-02-19 22:00:00,189.0,374.0,3.58,65.07,37.5,21.57,1.75,33.05,37.08,,,,425.0,Severe
261502,DL005,2020-02-19 23:00:00,158.0,307.0,3.62,57.62,33.6,22.23,1.62,25.35,37.05,,,,418.0,Severe
261503,DL005,2020-02-20 00:00:00,189.0,337.0,4.4,56.02,33.4,21.77,1.55,22.23,26.57,,,,410.0,Severe
261504,DL005,2020-02-20 01:00:00,180.0,342.0,3.92,64.97,37.7,20.15,1.27,25.7,43.4,,,,400.0,Very Poor
261505,DL005,2020-02-20 02:00:00,135.0,265.0,3.45,56.25,32.8,19.38,1.12,24.48,72.6,,,,387.0,Very Poor
261506,DL005,2020-02-20 03:00:00,138.0,262.0,3.3,42.6,25.4,21.0,1.0,23.2,31.0,,,,370.0,Very Poor
261507,DL005,2020-02-20 04:00:00,155.0,244.0,3.25,37.92,22.8,18.98,1.02,19.68,36.52,,,,353.0,Very Poor
261508,DL005,2020-02-20 05:00:00,169.0,248.0,3.17,33.08,20.18,18.18,1.1,17.35,32.77,,,,345.0,Very Poor
261509,DL005,2020-02-20 06:00:00,186.0,257.0,3.33,41.9,25.02,18.95,1.18,18.45,26.77,,,,341.0,Very Poor
261510,DL005,2020-02-20 07:00:00,221.0,320.0,3.62,48.6,28.85,20.43,1.23,20.47,39.33,,,,337.0,Very Poor
261511,DL005,2020-02-20 08:00:00,178.0,280.0,5.45,49.35,30.73,21.43,1.4,19.25,24.18,,,,330.0,Very Poor
261512,DL005,2020-02-20 09:00:00,206.0,316.0,9.6,52.95,36.0,20.1,1.45,20.62,34.0,,,,325.0,Very Poor
261513,DL005,2020-02-20 10:00:00,197.0,323.0,7.35,46.3,30.2,19.48,1.2,19.77,68.4,,,,321.0,Very Poor
261514,DL005,2020-02-20 11:00:00,122.0,290.0,5.65,38.47,25.05,19.65,1.1,18.8,117.0,,,,320.0,Very Poor
261515,DL005,2020-02-20 12:00:00,94.0,339.0,4.2,34.9,22.0,17.95,0.95,18.55,131.5,,,,319.0,Very Poor
261516,DL005,2020-02-20 13:00:00,100.0,559.0,1.9,34.8,20.1,46.3,0.8,14.3,138.48,,,,318.0,Very Poor
261517,DL005,2020-02-20 14:00:00,85.0,505.0,2.45,29.72,17.83,44.75,0.9,14.25,130.95,,,,318.0,Very Poor
261518,DL005,2020-02-20 15:00:00,74.0,423.0,2.5,26.83,16.33,39.15,1.0,13.7,136.08,,,,317.0,Very Poor
261519,DL005,2020-02-20 16:00:00,75.0,359.0,2.08,29.27,17.27,44.03,1.0,13.95,127.6,,,,316.0,Very Poor
261520,DL005,2020-02-20 17:00:00,75.0,299.0,2.1,30.05,17.73,43.38,1.05,13.12,117.78,,,,316.0,Very Poor
261521,DL005,2020-02-20 18:00:00,78.0,315.0,1.73,32.55,18.75,43.65,1.02,12.57,113.38,,,,315.0,Very Poor
261522,DL005,2020-02-20 19:00:00,79.0,304.0,1.6,45.03,25.25,44.6,1.25,13.57,84.05,,,,314.0,Very Poor
261523,DL005,2020-02-20 20:00:00,94.0,250.0,1.85,45.17,25.52,44.7,1.3,13.15,86.78,,,,314.0,Very Poor
261524,DL005,2020-02-20 21:00:00,102.0,260.0,1.65,44.32,24.92,49.92,1.4,15.95,75.18,,,,313.0,Very Poor
261525,DL005,2020-02-20 22:00:00,130.0,249.0,1.75,42.53,24.05,51.95,1.38,18.5,76.88,,,,311.0,Very Poor
261526,DL005,2020-02-20 23:00:00,151.0,256.0,1.9,30.72,17.88,52.88,1.12,15.2,61.4,,,,311.0,Very Poor
261527,DL005,2020-02-21 00:00:00,116.0,173.0,1.77,24.43,14.43,54.9,1.02,11.0,60.42,,,,308.0,Very Poor
261528,DL005,2020-02-21 01:00:00,88.0,112.0,1.7,22.5,13.32,50.92,1.1,14.22,64.4,,,,305.0,Very Poor
261529,DL005,2020-02-21 02:00:00,121.0,136.0,1.85,24.85,14.7,49.88,1.1,17.48,77.35,,,,305.0,Very Poor
261530,DL005,2020-02-21 03:00:00,108.0,133.0,1.9,31.8,18.4,54.5,1.0,14.0,68.53,,,,304.0,Very Poor
261531,DL005,2020-02-21 04:00:00,117.0,141.0,1.35,27.57,15.77,47.88,1.0,14.12,70.53,,,,303.0,Very Poor
261532,DL005,2020-02-21 05:00:00,83.0,106.0,1.42,19.25,11.38,43.65,0.9,12.62,62.43,,,,300.0,Poor
261533,DL005,2020-02-21 06:00:00,69.0,70.0,1.5,17.48,10.53,43.4,0.9,12.35,61.3,,,,284.0,Poor
261534,DL005,2020-02-21 07:00:00,59.0,64.0,1.62,16.62,10.18,45.75,0.88,10.82,61.0,,,,261.0,Poor
261535,DL005,2020-02-21 08:00:00,58.0,63.0,1.47,14.1,8.8,51.2,0.8,10.5,76.33,,,,245.0,Poor
261536,DL005,2020-02-21 09:00:00,,,1.98,14.62,9.38,48.33,0.8,10.62,72.0,,,,230.0,Poor
261537,DL005,2020-02-21 10:00:00,,,1.85,16.52,10.3,46.77,0.83,12.25,68.12,,,,215.0,Poor
261538,DL005,2020-02-21 11:00:00,41.0,46.0,2.0,16.38,10.4,46.25,0.88,11.9,71.2,,,,203.0,Poor
261539,DL005,2020-02-21 12:00:00,46.0,52.0,2.12,16.8,10.67,45.38,0.85,10.47,73.38,,,,195.0,Moderate
261540,DL005,2020-02-21 13:00:00,44.0,50.0,2.55,16.98,11.07,49.62,0.95,12.55,66.65,,,,187.0,Moderate
261541,DL005,2020-02-21 14:00:00,40.0,50.0,2.67,25.95,16.0,51.65,1.0,11.2,56.95,,,,180.0,Moderate
261542,DL005,2020-02-21 15:00:00,39.0,64.0,2.58,25.25,15.52,52.83,0.93,10.9,59.88,,,,175.0,Moderate
261543,DL005,2020-02-21 16:00:00,28.0,42.0,2.65,24.1,14.97,55.88,0.8,11.43,54.32,,,,168.0,Moderate
261544,DL005,2020-02-21 17:00:00,28.0,44.0,2.38,22.98,14.15,50.7,0.8,12.12,63.4,,,,160.0,Moderate
261545,DL005,2020-02-21 18:00:00,25.0,41.0,2.17,25.07,15.15,49.25,0.88,12.42,67.6,,,,152.0,Moderate
261546,DL005,2020-02-21 19:00:00,34.0,53.0,2.08,39.75,22.83,50.83,1.0,13.22,43.27,,135.8,,146.0,Moderate
261547,DL005,2020-02-21 20:00:00,80.0,132.0,2.95,52.52,30.3,49.83,1.27,16.35,24.62,,179.78,,143.0,Moderate
261548,DL005,2020-02-21 21:00:00,119.0,196.0,2.62,49.55,28.52,53.58,1.27,16.05,17.88,,136.53,,146.0,Moderate
261549,DL005,2020-02-21 22:00:00,105.0,161.0,2.95,48.75,28.32,55.8,1.23,18.5,12.75,,101.2,,142.0,Moderate
261550,DL005,2020-02-21 23:00:00,105.0,160.0,3.02,46.33,27.1,56.52,1.1,16.12,10.15,,,,135.0,Moderate
261551,DL005,2020-02-22 00:00:00,85.0,134.0,2.95,40.95,24.18,59.6,1.05,18.32,3.62,,,,131.0,Moderate
261552,DL005,2020-02-22 01:00:00,73.0,124.0,1.85,34.85,20.05,53.43,0.97,16.15,12.65,,,,128.0,Moderate
261553,DL005,2020-02-22 02:00:00,67.0,116.0,1.75,32.95,18.93,51.15,0.9,16.48,26.0,,,,120.0,Moderate
261554,DL005,2020-02-22 03:00:00,63.0,110.0,2.6,40.5,23.6,57.9,0.9,21.0,13.45,,,,113.0,Moderate
261555,DL005,2020-02-22 04:00:00,91.0,144.0,2.73,40.28,23.65,50.97,0.9,19.57,22.67,,,,109.0,Moderate
261556,DL005,2020-02-22 05:00:00,95.0,134.0,2.03,33.02,19.22,45.1,0.9,15.43,28.25,,,,111.0,Moderate
261557,DL005,2020-02-22 06:00:00,47.0,69.0,2.23,30.48,18.02,47.1,0.9,14.32,26.58,,,,108.0,Moderate
261558,DL005,2020-02-22 07:00:00,52.0,75.0,1.9,29.0,16.93,50.53,0.9,13.4,22.7,,,,107.0,Moderate
261559,DL005,2020-02-22 08:00:00,46.0,69.0,3.33,33.2,20.4,55.8,0.97,13.45,13.77,,,,105.0,Moderate
261560,DL005,2020-02-22 09:00:00,70.0,96.0,4.82,31.93,20.9,52.53,1.0,17.1,23.8,,,,106.0,Moderate
261561,DL005,2020-02-22 10:00:00,62.0,95.0,4.65,26.05,17.65,51.95,0.95,20.4,43.1,,,,106.0,Moderate
261562,DL005,2020-02-22 11:00:00,55.0,78.0,3.75,22.32,14.93,52.77,0.83,22.75,62.93,,,,108.0,Moderate
261563,DL005,2020-02-22 12:00:00,38.0,59.0,3.18,23.95,15.32,50.5,0.93,20.73,74.83,,,,107.0,Moderate
261564,DL005,2020-02-22 13:00:00,56.0,97.0,3.02,23.73,15.07,52.72,0.93,20.22,86.7,,,,109.0,Moderate
261565,DL005,2020-02-22 14:00:00,56.0,100.0,2.38,19.88,12.52,53.33,0.88,18.45,97.05,,,,111.0,Moderate
261566,DL005,2020-02-22 15:00:00,56.0,84.0,1.78,15.62,9.78,53.17,0.8,14.65,100.33,,122.9,,113.0,Moderate
261567,DL005,2020-02-22 16:00:00,41.0,58.0,1.9,16.73,10.4,62.98,0.78,14.88,137.4,,,,155.0,Moderate
261568,DL005,2020-02-22 17:00:00,44.0,72.0,1.8,19.15,11.67,68.08,0.72,12.93,132.72,,,,155.0,Moderate
261569,DL005,2020-02-22 18:00:00,47.0,85.0,1.7,23.5,13.85,68.47,0.8,11.43,103.0,,,,155.0,Moderate
261570,DL005,2020-02-22 19:00:00,57.0,106.0,1.35,40.1,22.48,66.75,1.0,9.72,69.83,,,,155.0,Moderate
261571,DL005,2020-02-22 20:00:00,74.0,173.0,8.62,63.4,40.85,57.85,1.4,10.1,40.7,,114.92,,155.0,Moderate
261572,DL005,2020-02-22 21:00:00,91.0,210.0,25.02,75.5,60.52,46.28,1.7,12.12,,,,,155.0,Moderate
261573,DL005,2020-02-22 22:00:00,133.0,244.0,31.75,66.7,61.38,46.65,1.58,12.98,,,,,155.0,Moderate
261574,DL005,2020-02-22 23:00:00,121.0,224.0,23.33,60.15,51.05,49.05,1.35,12.93,3.4,,,,155.0,Moderate
261575,DL005,2020-02-23 00:00:00,110.0,188.0,8.18,45.38,30.75,55.33,1.05,13.55,12.35,,,,148.0,Moderate
261576,DL005,2020-02-23 01:00:00,101.0,164.0,2.02,26.4,15.65,54.75,0.93,21.35,32.15,,,,132.0,Moderate
261577,DL005,2020-02-23 02:00:00,102.0,161.0,1.9,26.68,15.72,50.73,0.93,17.8,37.95,,,,137.0,Moderate
261578,DL005,2020-02-23 03:00:00,95.0,143.0,2.1,52.8,29.8,57.0,1.0,17.1,9.43,,,,142.0,Moderate
261579,DL005,2020-02-23 04:00:00,121.0,189.0,5.4,47.8,29.85,51.7,1.02,15.85,17.7,,,,146.0,Moderate
261580,DL005,2020-02-23 05:00:00,118.0,172.0,15.97,45.4,37.17,44.85,1.1,14.8,6.2,,,,149.0,Moderate
261581,DL005,2020-02-23 06:00:00,114.0,185.0,16.4,42.05,35.73,44.65,1.1,15.0,5.2,,,,158.0,Moderate
261582,DL005,2020-02-23 07:00:00,123.0,180.0,24.23,38.23,40.17,46.92,1.15,13.15,3.23,,,,168.0,Moderate
261583,DL005,2020-02-23 08:00:00,125.0,183.0,13.88,46.45,36.0,54.55,1.23,24.43,6.35,,,,179.0,Moderate
261584,DL005,2020-02-23 09:00:00,173.0,279.0,19.57,42.65,38.6,54.75,1.32,28.42,5.53,,,,193.0,Moderate
261585,DL005,2020-02-23 10:00:00,163.0,246.0,7.85,41.12,28.3,53.6,1.33,41.23,20.95,,,,208.0,Poor
261586,DL005,2020-02-23 11:00:00,160.0,295.0,7.45,42.43,28.67,53.67,1.3,41.35,46.5,,,,222.0,Poor
261587,DL005,2020-02-23 12:00:00,197.0,356.0,5.2,43.85,27.6,53.78,1.25,42.35,92.8,,139.93,,244.0,Poor
261588,DL005,2020-02-23 13:00:00,207.0,379.0,2.75,21.9,13.9,51.65,0.85,23.48,85.17,,126.35,,265.0,Poor
261589,DL005,2020-02-23 14:00:00,75.0,127.0,1.77,15.85,9.93,52.7,0.7,17.02,97.92,,,,268.0,Poor
261590,DL005,2020-02-23 15:00:00,57.0,85.0,1.82,14.4,9.17,53.45,0.78,18.57,103.9,,,,268.0,Poor
261591,DL005,2020-02-23 16:00:00,72.0,108.0,1.6,15.6,9.6,57.72,0.8,21.7,98.62,,,,272.0,Poor
261592,DL005,2020-02-23 17:00:00,75.0,110.0,2.0,17.25,10.78,58.2,0.83,19.62,92.85,,,,277.0,Poor
261593,DL005,2020-02-23 18:00:00,77.0,122.0,2.0,24.88,14.88,53.17,0.9,17.55,78.07,,,,281.0,Poor
261594,DL005,2020-02-23 19:00:00,69.0,138.0,2.0,29.65,17.43,51.6,1.08,21.42,58.38,,160.6,,282.0,Poor
261595,DL005,2020-02-23 20:00:00,100.0,188.0,1.8,28.62,16.7,50.33,1.15,21.42,52.12,,163.95,,286.0,Poor
261596,DL005,2020-02-23 21:00:00,110.0,202.0,2.02,32.65,19.02,51.0,1.32,25.98,38.1,,152.57,,289.0,Poor
261597,DL005,2020-02-23 22:00:00,151.0,260.0,2.05,22.27,13.5,52.85,0.85,12.6,58.92,,111.3,,291.0,Poor
261598,DL005,2020-02-23 23:00:00,41.0,99.0,1.73,25.15,14.8,53.25,0.8,9.5,47.05,,,,280.0,Poor
261599,DL005,2020-02-24 00:00:00,45.0,101.0,1.68,25.02,14.7,55.85,0.8,8.28,37.38,,,,271.0,Poor
261600,DL005,2020-02-24 01:00:00,46.0,77.0,3.5,43.2,25.78,55.55,0.8,12.55,10.02,,,,263.0,Poor
261601,DL005,2020-02-24 02:00:00,46.0,91.0,3.27,41.3,24.65,50.02,0.85,15.45,17.25,,,,256.0,Poor
261602,DL005,2020-02-24 03:00:00,48.0,101.0,1.9,38.7,22.1,59.7,1.1,35.5,15.5,,,,249.0,Poor
261603,DL005,2020-02-24 04:00:00,150.0,230.0,2.03,37.33,21.47,54.98,1.08,35.55,31.7,,,,253.0,Poor
261604,DL005,2020-02-24 05:00:00,190.0,263.0,1.48,29.62,16.98,46.62,1.1,38.58,27.9,,,,263.0,Poor
261605,DL005,2020-02-24 06:00:00,124.0,175.0,1.88,30.9,17.98,47.67,0.95,27.22,23.25,,,,264.0,Poor
261606,DL005,2020-02-24 07:00:00,79.0,129.0,1.95,29.77,17.43,50.05,0.9,23.32,24.65,,,,258.0,Poor
261607,DL005,2020-02-24 08:00:00,78.0,130.0,21.95,37.33,37.9,54.97,1.25,22.9,11.53,,,,252.0,Poor
261608,DL005,2020-02-24 09:00:00,123.0,210.0,34.35,46.38,52.7,58.65,1.65,35.42,1.5,,,,245.0,Poor
261609,DL005,2020-02-24 10:00:00,197.0,312.0,16.45,49.05,39.52,55.23,1.4,43.12,29.38,,,,250.0,Poor
261610,DL005,2020-02-24 11:00:00,139.0,267.0,5.3,32.92,21.83,56.3,0.97,44.75,79.43,,116.45,,247.0,Poor
261611,DL005,2020-02-24 12:00:00,84.0,185.0,3.27,25.85,16.4,57.12,0.97,37.48,90.97,,105.3,,231.0,Poor
261612,DL005,2020-02-24 13:00:00,86.0,156.0,3.35,27.35,17.25,55.35,0.97,46.62,95.72,,,,214.0,Poor
261613,DL005,2020-02-24 14:00:00,81.0,143.0,2.9,25.3,15.8,56.7,0.9,42.9,106.05,,,,215.0,Poor
261614,DL005,2020-02-24 15:00:00,50.0,107.0,1.85,21.2,12.75,59.88,,29.62,104.7,,,,214.0,Poor
261615,DL005,2020-02-24 16:00:00,59.0,105.0,1.65,17.55,10.68,53.55,0.53,28.98,108.15,,,,212.0,Poor
261616,DL005,2020-02-24 17:00:00,62.0,97.0,1.75,17.62,10.78,57.22,0.6,26.73,111.93,,,,210.0,Poor
261617,DL005,2020-02-24 18:00:00,68.0,103.0,1.78,26.43,15.48,48.53,0.75,24.4,67.55,,,,209.0,Poor
261618,DL005,2020-02-24 19:00:00,64.0,146.0,2.12,51.2,28.95,50.5,1.02,20.88,22.62,,,,208.0,Poor
261619,DL005,2020-02-24 20:00:00,91.0,206.0,3.75,62.48,36.2,53.65,1.17,24.6,15.03,,,,207.0,Poor
261620,DL005,2020-02-24 21:00:00,139.0,272.0,2.38,36.1,21.15,53.72,1.08,39.65,40.75,,104.4,,211.0,Poor
261621,DL005,2020-02-24 22:00:00,146.0,252.0,2.28,35.83,20.88,58.92,1.0,22.92,27.5,,129.57,,211.0,Poor
261622,DL005,2020-02-24 23:00:00,129.0,213.0,4.33,53.17,31.8,53.33,1.12,20.85,7.18,,115.3,,223.0,Poor
261623,DL005,2020-02-25 00:00:00,127.0,205.0,9.62,54.35,36.8,51.65,1.02,20.35,4.3,,,,234.0,Poor
261624,DL005,2020-02-25 01:00:00,156.0,250.0,14.43,49.43,38.02,52.58,1.25,20.05,5.65,,,,249.0,Poor
261625,DL005,2020-02-25 02:00:00,206.0,335.0,16.6,45.5,37.9,51.5,1.1,17.35,4.55,,,,272.0,Poor
261626,DL005,2020-02-25 03:00:00,155.0,271.0,7.6,39.1,27.0,61.0,1.0,17.1,2.05,,,,287.0,Poor
261627,DL005,2020-02-25 04:00:00,184.0,329.0,8.82,37.8,27.3,57.33,1.0,15.4,5.4,,,,291.0,Poor
261628,DL005,2020-02-25 05:00:00,200.0,307.0,5.32,39.42,25.32,52.47,1.08,21.43,8.32,,,,293.0,Poor
261629,DL005,2020-02-25 06:00:00,169.0,271.0,22.2,42.95,40.9,59.42,1.12,17.0,3.8,,,,299.0,Poor
261630,DL005,2020-02-25 07:00:00,179.0,274.0,40.33,35.48,51.75,59.12,1.12,12.97,3.7,,,,303.0,Very Poor
261631,DL005,2020-02-25 08:00:00,162.0,262.0,26.12,41.88,43.57,60.35,1.23,14.72,4.12,,,,306.0,Very Poor
261632,DL005,2020-02-25 09:00:00,215.0,368.0,21.35,38.75,38.03,63.27,1.25,17.75,7.85,,,,309.0,Very Poor
261633,DL005,2020-02-25 10:00:00,144.0,311.0,14.45,38.8,32.45,58.95,1.27,16.55,9.48,,,,307.0,Very Poor
261634,DL005,2020-02-25 11:00:00,136.0,278.0,8.05,31.72,23.45,61.45,1.15,20.85,26.9,,,,307.0,Very Poor
261635,DL005,2020-02-25 12:00:00,188.0,274.0,4.05,24.43,16.27,63.7,0.98,33.67,55.4,,,,310.0,Very Poor
261636,DL005,2020-02-25 13:00:00,201.0,248.0,2.5,19.1,12.23,64.03,0.78,30.4,81.92,,,,314.0,Very Poor
261637,DL005,2020-02-25 14:00:00,143.0,191.0,2.12,16.45,10.45,70.25,0.57,29.02,103.08,,,,316.0,Very Poor
261638,DL005,2020-02-25 15:00:00,96.0,144.0,2.08,15.0,9.68,64.48,0.5,22.23,111.95,,,,317.0,Very Poor
261639,DL005,2020-02-25 16:00:00,79.0,128.0,1.8,15.4,9.65,58.67,0.6,19.77,114.15,,,,318.0,Very Poor
261640,DL005,2020-02-25 17:00:00,73.0,125.0,1.45,17.0,10.25,55.82,0.65,17.57,114.83,,,,318.0,Very Poor
261641,DL005,2020-02-25 18:00:00,69.0,134.0,2.08,29.45,17.35,52.98,0.82,17.98,77.4,,,,318.0,Very Poor
261642,DL005,2020-02-25 19:00:00,85.0,175.0,2.55,60.2,34.08,55.92,1.1,16.0,26.95,,,,319.0,Very Poor
261643,DL005,2020-02-25 20:00:00,97.0,228.0,3.97,71.3,41.17,60.1,1.38,19.8,8.12,,,,319.0,Very Poor
261644,DL005,2020-02-25 21:00:00,155.0,307.0,13.88,75.8,51.65,61.72,1.6,27.1,1.65,,,,320.0,Very Poor
261645,DL005,2020-02-25 22:00:00,226.0,416.0,35.28,74.45,68.43,64.97,1.77,31.35,4.8,,149.22,,322.0,Very Poor
261646,DL005,2020-02-25 23:00:00,204.0,378.0,47.17,64.28,72.62,63.83,1.73,31.55,4.62,,123.47,,325.0,Very Poor
261647,DL005,2020-02-26 00:00:00,240.0,416.0,36.02,56.62,59.48,60.15,1.45,31.92,2.85,,,,328.0,Very Poor
261648,DL005,2020-02-26 01:00:00,254.0,436.0,7.67,49.77,32.75,59.67,1.38,20.73,5.6,,,,331.0,Very Poor
261649,DL005,2020-02-26 02:00:00,249.0,421.0,28.18,37.7,43.05,55.67,1.58,15.97,5.1,,,,333.0,Very Poor
261650,DL005,2020-02-26 03:00:00,246.0,460.0,44.0,35.4,54.7,65.9,1.9,9.0,3.05,,,,336.0,Very Poor
261651,DL005,2020-02-26 04:00:00,238.0,452.0,46.33,37.17,57.75,59.23,1.75,12.35,6.33,,100.8,,337.0,Very Poor
261652,DL005,2020-02-26 05:00:00,213.0,410.0,11.65,37.52,29.5,52.35,1.4,12.82,3.8,,,,338.0,Very Poor
261653,DL005,2020-02-26 06:00:00,227.0,378.25,50.97,33.67,59.42,58.17,1.45,13.32,5.9,,,,340.0,Very Poor
261654,DL005,2020-02-26 07:00:00,201.0,375.75,73.65,42.48,82.6,60.42,1.62,22.9,3.75,,,,340.0,Very Poor
261655,DL005,2020-02-26 08:00:00,239.0,417.75,88.35,41.75,94.22,59.67,1.7,21.73,4.53,,,,343.0,Very Poor
261656,DL005,2020-02-26 09:00:00,234.0,420.0,92.85,46.6,100.58,60.75,2.0,19.0,4.12,,,,343.0,Very Poor
261657,DL005,2020-02-26 10:00:00,283.0,474.25,33.92,64.65,62.08,61.08,1.8,64.47,13.35,,,,348.0,Very Poor
261658,DL005,2020-02-26 11:00:00,415.0,556.0,9.0,42.55,29.98,62.58,1.35,70.05,30.55,,,,357.0,Very Poor
261659,DL005,2020-02-26 12:00:00,329.0,411.0,4.1,28.3,18.4,60.03,0.95,43.48,62.78,,,,361.0,Very Poor
261660,DL005,2020-02-26 13:00:00,160.0,211.25,2.02,16.15,10.28,59.92,0.75,23.23,97.03,,,,360.0,Very Poor
261661,DL005,2020-02-26 14:00:00,113.0,167.0,1.75,14.93,9.4,64.65,0.7,19.77,117.1,,,,359.0,Very Poor
261662,DL005,2020-02-26 15:00:00,97.0,160.0,1.65,13.75,8.62,62.08,0.6,16.35,115.05,,,,359.0,Very Poor
261663,DL005,2020-02-26 16:00:00,78.0,121.75,1.67,13.85,8.7,56.2,0.53,13.12,119.38,,,,359.0,Very Poor
261664,DL005,2020-02-26 17:00:00,61.0,120.5,1.6,14.22,8.88,52.53,0.57,13.1,117.28,,,,359.0,Very Poor
261665,DL005,2020-02-26 18:00:00,69.0,142.0,1.6,18.83,11.3,51.38,0.62,14.5,105.47,,,,359.0,Very Poor
261666,DL005,2020-02-26 19:00:00,69.0,210.0,2.3,43.95,25.35,51.92,0.95,13.8,59.08,,120.8,,358.0,Very Poor
261667,DL005,2020-02-26 20:00:00,97.0,288.0,20.75,90.75,65.22,56.28,1.62,15.38,2.7,,221.5,,358.0,Very Poor
261668,DL005,2020-02-26 21:00:00,136.0,481.0,9.88,73.12,47.05,58.77,1.57,14.52,10.93,,292.45,,358.0,Very Poor
261669,DL005,2020-02-26 22:00:00,168.0,366.5,2.42,56.73,32.17,62.2,1.5,16.25,19.52,,212.88,,356.0,Very Poor
261670,DL005,2020-02-26 23:00:00,207.0,353.0,2.23,53.15,30.1,60.45,1.38,18.43,21.33,,164.47,,356.0,Very Poor
261671,DL005,2020-02-27 00:00:00,217.0,339.0,3.25,58.27,33.67,58.2,1.38,16.53,8.15,,108.85,,355.0,Very Poor
261672,DL005,2020-02-27 01:00:00,205.0,328.0,14.38,62.05,44.73,58.12,1.42,14.72,6.6,,,,354.0,Very Poor
261673,DL005,2020-02-27 02:00:00,218.0,387.0,32.88,58.2,57.77,57.47,1.58,13.0,8.95,,,,353.0,Very Poor
261674,DL005,2020-02-27 03:00:00,223.0,394.0,25.3,45.7,44.9,64.8,1.3,10.1,5.8,,,,352.0,Very Poor
261675,DL005,2020-02-27 04:00:00,200.0,301.0,27.05,44.85,45.9,56.88,1.33,10.72,11.35,,,,351.0,Very Poor
261676,DL005,2020-02-27 05:00:00,204.0,305.0,35.17,44.7,52.45,49.78,1.3,10.67,10.8,,,,350.0,Very Poor
261677,DL005,2020-02-27 06:00:00,171.0,266.0,46.05,42.8,60.27,53.58,1.3,10.62,9.9,,,,349.0,Very Poor
261678,DL005,2020-02-27 07:00:00,152.0,248.0,56.83,41.15,68.2,55.83,1.35,10.97,4.95,,,,347.0,Very Poor
261679,DL005,2020-02-27 08:00:00,151.0,272.0,62.35,45.83,75.23,52.55,1.5,12.03,9.72,,,,344.0,Very Poor
261680,DL005,2020-02-27 09:00:00,160.0,261.0,60.78,70.35,86.98,53.02,1.57,14.0,11.47,,,,342.0,Very Poor
261681,DL005,2020-02-27 10:00:00,168.0,301.0,41.83,77.05,75.03,52.93,1.55,18.75,12.75,,,,338.0,Very Poor
261682,DL005,2020-02-27 11:00:00,168.0,312.0,21.57,72.85,56.3,52.85,1.52,20.18,17.6,,,,330.0,Very Poor
261683,DL005,2020-02-27 12:00:00,188.0,354.0,10.28,63.88,42.35,56.33,1.38,20.2,42.55,,,,326.0,Very Poor
261684,DL005,2020-02-27 13:00:00,183.0,339.0,6.88,57.62,36.27,59.08,1.23,20.52,81.85,,,,326.0,Very Poor
261685,DL005,2020-02-27 14:00:00,133.0,284.0,3.12,32.42,19.82,61.4,0.9,16.98,135.95,,,,327.0,Very Poor
261686,DL005,2020-02-27 15:00:00,111.0,217.0,2.33,32.25,19.05,61.12,0.98,17.2,166.42,,,,327.0,Very Poor
261687,DL005,2020-02-27 16:00:00,117.0,240.0,1.95,27.7,16.35,57.05,0.65,17.75,181.0,,,,329.0,Very Poor
261688,DL005,2020-02-27 17:00:00,85.0,171.0,1.85,28.38,16.6,58.05,0.77,18.68,166.05,,,,329.0,Very Poor
261689,DL005,2020-02-27 18:00:00,111.0,257.0,1.8,35.78,20.5,52.08,1.08,21.1,125.8,,,,331.0,Very Poor
261690,DL005,2020-02-27 19:00:00,119.0,326.0,1.8,44.17,24.98,48.9,1.1,19.73,65.1,,,,332.0,Very Poor
261691,DL005,2020-02-27 20:00:00,128.0,342.0,2.38,48.35,27.65,53.58,1.15,18.2,42.65,,,,333.0,Very Poor
261692,DL005,2020-02-27 21:00:00,134.0,311.0,2.08,42.53,24.3,55.58,1.12,17.77,28.78,,,,333.0,Very Poor
261693,DL005,2020-02-27 22:00:00,158.0,299.0,2.53,46.67,26.92,60.07,1.23,17.5,25.05,,,,333.0,Very Poor
261694,DL005,2020-02-27 23:00:00,174.0,333.0,2.47,48.0,27.57,65.0,1.17,16.45,17.65,,,,332.0,Very Poor
261695,DL005,2020-02-28 00:00:00,182.0,305.0,2.47,46.05,26.48,59.55,1.08,15.5,23.55,,,,331.0,Very Poor
261696,DL005,2020-02-28 01:00:00,163.0,273.0,2.4,47.6,27.28,57.85,0.9,18.6,35.0,,,,330.0,Very Poor
261697,DL005,2020-02-28 02:00:00,145.0,217.0,2.02,35.82,20.73,55.55,0.8,15.57,34.6,,,,327.0,Very Poor
261698,DL005,2020-02-28 03:00:00,113.0,166.0,2.0,34.4,19.9,62.4,0.8,13.2,26.08,,,,324.0,Very Poor
261699,DL005,2020-02-28 04:00:00,111.0,167.0,1.95,36.42,20.95,54.3,0.8,14.82,25.65,,,,321.0,Very Poor
261700,DL005,2020-02-28 05:00:00,110.0,152.0,1.95,38.07,21.85,46.45,0.72,14.62,26.23,,,,318.0,Very Poor
261701,DL005,2020-02-28 06:00:00,102.0,156.0,1.9,27.55,16.17,47.62,0.67,13.07,47.78,,,,316.0,Very Poor
261702,DL005,2020-02-28 07:00:00,91.0,123.0,2.33,38.0,22.07,55.3,0.72,12.8,23.47,,,,314.0,Very Poor
261703,DL005,2020-02-28 08:00:00,99.0,138.0,2.88,42.92,25.18,53.1,0.8,12.32,28.3,,,,312.0,Very Poor
261704,DL005,2020-02-28 09:00:00,86.0,138.0,3.92,40.9,24.95,53.62,0.8,13.43,38.67,,,,310.0,Very Poor
261705,DL005,2020-02-28 10:00:00,86.0,173.0,5.22,37.97,24.48,53.15,0.88,14.57,44.75,,,,307.0,Very Poor
261706,DL005,2020-02-28 11:00:00,95.0,205.0,5.25,37.2,24.08,49.02,0.88,15.55,63.85,,,,305.0,Very Poor
261707,DL005,2020-02-28 12:00:00,94.0,271.0,3.45,28.85,18.12,52.43,0.8,15.72,88.25,,,,302.0,Very Poor
261708,DL005,2020-02-28 13:00:00,99.0,259.0,2.7,25.8,15.93,53.65,0.78,15.62,99.35,,,,295.0,Poor
261709,DL005,2020-02-28 14:00:00,91.0,252.0,2.55,22.3,13.93,55.65,0.67,15.32,110.17,,,,289.0,Poor
261710,DL005,2020-02-28 15:00:00,83.0,223.0,2.23,21.62,13.32,62.8,0.65,16.07,115.6,,,,286.0,Poor
261711,DL005,2020-02-28 16:00:00,83.0,201.0,2.3,24.45,14.85,57.23,0.72,14.43,108.83,,,,281.0,Poor
261712,DL005,2020-02-28 17:00:00,83.0,208.0,2.12,27.32,16.27,54.12,0.8,14.07,103.17,,,,281.0,Poor
261713,DL005,2020-02-28 18:00:00,88.0,213.0,1.8,29.55,17.18,52.53,0.8,13.38,89.95,,,,277.0,Poor
261714,DL005,2020-02-28 19:00:00,86.0,211.0,1.58,31.05,17.8,49.38,0.88,13.55,73.15,,,,273.0,Poor
261715,DL005,2020-02-28 20:00:00,81.0,204.0,1.67,34.8,19.85,52.18,0.97,13.6,52.62,,,,266.0,Poor
261716,DL005,2020-02-28 21:00:00,86.0,182.0,1.8,43.33,24.48,53.3,1.08,12.88,38.1,,,,260.0,Poor
261717,DL005,2020-02-28 22:00:00,94.0,171.0,2.25,45.0,25.77,54.72,1.05,12.68,36.08,,,,251.0,Poor
261718,DL005,2020-02-28 23:00:00,91.0,162.0,2.15,47.38,26.95,60.95,1.0,14.15,30.55,,,,239.0,Poor
261719,DL005,2020-02-29 00:00:00,92.0,160.0,2.02,47.12,26.7,56.08,0.85,15.68,30.3,,,,227.0,Poor
261720,DL005,2020-02-29 01:00:00,72.0,134.0,2.08,41.6,23.82,53.82,0.8,13.07,29.77,,,,214.0,Poor
261721,DL005,2020-02-29 02:00:00,72.0,125.0,2.12,46.4,26.45,53.85,0.8,12.3,23.25,,,,204.0,Poor
261722,DL005,2020-02-29 03:00:00,70.0,123.0,1.7,45.4,25.5,57.0,0.8,11.5,8.88,,,,198.0,Moderate
261723,DL005,2020-02-29 04:00:00,88.0,147.0,1.88,34.77,20.05,51.38,0.8,11.23,29.93,,,,195.0,Moderate
261724,DL005,2020-02-29 05:00:00,75.0,108.0,1.97,36.45,21.0,45.23,0.8,11.4,22.27,,,,190.0,Moderate
261725,DL005,2020-02-29 06:00:00,88.0,127.0,2.47,38.85,22.7,45.95,0.8,11.57,19.42,,,,188.0,Moderate
261726,DL005,2020-02-29 07:00:00,79.0,117.0,2.42,44.52,25.65,55.4,0.83,12.98,13.73,,,,186.0,Moderate
261727,DL005,2020-02-29 08:00:00,84.0,123.0,7.45,55.95,35.85,52.95,0.93,12.9,9.2,,,,184.0,Moderate
261728,DL005,2020-02-29 09:00:00,86.0,133.0,6.03,42.77,27.68,51.48,0.83,13.0,30.5,,,,184.0,Moderate
261729,DL005,2020-02-29 10:00:00,74.0,128.0,5.17,34.8,22.75,52.33,0.8,14.2,52.7,,,,182.0,Moderate
261730,DL005,2020-02-29 11:00:00,70.0,163.0,4.73,31.18,20.45,48.0,0.83,13.73,57.52,,,,179.0,Moderate
261731,DL005,2020-02-29 12:00:00,69.0,164.0,3.83,30.97,19.6,50.98,0.83,14.62,78.33,,,,176.0,Moderate
261732,DL005,2020-02-29 13:00:00,75.0,179.0,3.2,27.2,17.07,52.12,0.85,14.0,77.15,,,,172.0,Moderate
261733,DL005,2020-02-29 14:00:00,84.0,195.0,2.72,22.52,14.2,53.28,0.85,15.03,90.15,,,,171.0,Moderate
261734,DL005,2020-02-29 15:00:00,83.0,189.0,1.9,20.23,12.3,59.62,0.8,18.32,97.48,,,,171.0,Moderate
261735,DL005,2020-02-29 16:00:00,89.0,194.0,2.12,19.07,11.9,55.5,0.7,16.25,86.22,,,,172.0,Moderate
261736,DL005,2020-02-29 17:00:00,75.0,166.0,2.07,23.25,14.07,53.55,0.7,14.07,70.97,,,,171.0,Moderate
261737,DL005,2020-02-29 18:00:00,70.0,108.0,1.55,22.75,13.38,53.38,0.65,11.5,57.62,,,,168.0,Moderate
261738,DL005,2020-02-29 19:00:00,59.0,97.0,1.68,22.73,13.45,47.55,0.55,11.27,49.55,,,,165.0,Moderate
261739,DL005,2020-02-29 20:00:00,63.0,90.0,2.08,23.35,14.18,47.7,0.65,10.42,44.75,,,,162.0,Moderate
261740,DL005,2020-02-29 21:00:00,52.0,75.0,1.67,27.08,15.78,48.93,0.6,9.9,46.42,,,,158.0,Moderate
261741,DL005,2020-02-29 22:00:00,34.0,39.0,1.55,25.65,14.95,49.2,0.6,10.12,49.4,,,,149.0,Moderate
261742,DL005,2020-02-29 23:00:00,33.0,,1.68,19.85,11.93,56.5,0.5,9.48,54.38,,,,141.0,Moderate
261743,DL005,2020-03-01 00:00:00,28.0,,1.6,21.6,12.8,52.02,0.5,9.47,48.17,,,,132.0,Moderate
261744,DL005,2020-03-01 01:00:00,29.0,,1.65,22.9,13.55,50.03,0.5,9.53,59.83,,,,126.0,Moderate
261745,DL005,2020-03-01 02:00:00,30.0,45.0,1.9,31.0,18.05,48.65,0.5,12.83,60.3,,,,120.0,Moderate
261746,DL005,2020-03-01 03:00:00,31.0,47.0,1.5,31.5,18.0,54.0,0.5,11.9,39.58,,,,117.0,Moderate
261747,DL005,2020-03-01 04:00:00,25.0,35.0,1.85,28.93,16.88,47.8,0.5,8.97,48.65,,,,113.0,Moderate
261748,DL005,2020-03-01 05:00:00,20.0,28.0,1.88,28.02,16.43,41.35,0.5,9.4,41.95,,,,111.0,Moderate
261749,DL005,2020-03-01 06:00:00,19.0,25.0,1.85,29.88,17.43,41.22,0.5,9.25,30.52,,,,108.0,Moderate
261750,DL005,2020-03-01 07:00:00,29.0,31.0,1.9,31.15,18.1,49.9,0.55,8.18,21.25,,,,105.0,Moderate
261751,DL005,2020-03-01 08:00:00,39.0,55.0,4.15,32.57,20.73,49.92,0.65,7.9,14.73,,,,103.0,Moderate
261752,DL005,2020-03-01 09:00:00,51.0,63.0,6.4,30.1,21.25,49.1,0.7,13.7,22.92,,,,101.0,Moderate
261753,DL005,2020-03-01 10:00:00,55.0,86.0,6.62,27.77,20.17,49.38,0.67,17.77,39.98,,,,99.0,Satisfactory
261754,DL005,2020-03-01 11:00:00,45.0,70.0,7.58,40.42,27.65,46.55,0.82,18.93,54.38,,,,94.0,Satisfactory
261755,DL005,2020-03-01 12:00:00,67.0,118.0,7.17,42.25,28.33,47.17,0.83,16.42,71.8,,,,92.0,Satisfactory
261756,DL005,2020-03-01 13:00:00,61.0,100.0,4.72,37.8,24.0,49.23,0.8,15.02,98.92,,,,99.0,Satisfactory
261757,DL005,2020-03-01 14:00:00,55.0,105.0,2.9,30.35,18.53,50.35,0.75,15.3,129.73,,,,144.0,Moderate
261758,DL005,2020-03-01 15:00:00,48.0,94.0,2.08,22.25,13.53,54.35,0.6,13.08,129.5,,,,144.0,Moderate
261759,DL005,2020-03-01 16:00:00,41.0,70.0,1.75,18.95,11.52,54.12,0.5,11.72,122.58,,,,144.0,Moderate
261760,DL005,2020-03-01 17:00:00,38.0,68.0,1.65,16.6,10.22,50.25,0.5,12.7,117.32,,,,144.0,Moderate
261761,DL005,2020-03-01 18:00:00,40.0,63.0,1.57,20.88,12.4,48.65,0.55,13.8,87.2,,,,144.0,Moderate
261762,DL005,2020-03-01 19:00:00,39.0,83.0,2.17,60.55,32.38,45.3,1.0,13.08,39.7,,,,144.0,Moderate
261763,DL005,2020-03-01 20:00:00,68.0,221.0,3.17,77.12,43.6,46.25,1.4,14.48,13.18,,104.2,,144.0,Moderate
261764,DL005,2020-03-01 21:00:00,106.0,338.0,2.9,65.35,37.18,49.7,1.77,15.9,10.65,,187.67,,144.0,Moderate
261765,DL005,2020-03-01 22:00:00,143.0,333.0,2.53,57.95,32.8,50.5,1.38,18.68,19.62,,230.55,,143.0,Moderate
261766,DL005,2020-03-01 23:00:00,153.0,315.0,2.88,58.67,33.55,56.27,1.35,14.88,16.98,,198.7,,133.0,Moderate
261767,DL005,2020-03-02 00:00:00,140.0,272.0,21.88,62.9,51.4,54.15,1.6,12.25,3.3,,171.2,,125.0,Moderate
261768,DL005,2020-03-02 01:00:00,144.0,282.0,64.35,53.1,80.55,52.38,1.58,11.15,9.1,,157.75,,115.0,Moderate
261769,DL005,2020-03-02 02:00:00,146.0,343.0,45.83,53.15,65.62,50.27,1.42,11.38,13.85,,133.5,,123.0,Moderate
261770,DL005,2020-03-02 03:00:00,140.0,248.0,54.6,47.0,69.3,55.8,1.3,12.6,6.6,,123.75,,138.0,Moderate
261771,DL005,2020-03-02 04:00:00,129.0,259.0,47.33,43.6,61.75,49.17,1.27,12.07,4.72,,142.35,,152.0,Moderate
261772,DL005,2020-03-02 05:00:00,112.0,213.0,39.9,43.6,55.7,42.15,1.15,10.85,5.05,,139.7,,165.0,Moderate
261773,DL005,2020-03-02 06:00:00,111.0,196.0,27.8,38.3,43.05,41.38,1.1,11.45,4.15,,108.12,,178.0,Moderate
261774,DL005,2020-03-02 07:00:00,139.0,207.0,60.12,31.85,66.0,48.7,1.23,10.8,9.35,,,,193.0,Moderate
261775,DL005,2020-03-02 08:00:00,188.0,277.0,79.92,40.1,86.53,52.05,1.48,10.18,7.58,,,,214.0,Poor
261776,DL005,2020-03-02 09:00:00,172.0,293.0,42.9,67.15,70.73,51.73,1.58,15.55,4.68,,,,231.0,Poor
261777,DL005,2020-03-02 10:00:00,190.0,316.0,23.6,65.58,53.48,52.95,1.52,26.3,16.95,,,,249.0,Poor
261778,DL005,2020-03-02 11:00:00,229.0,360.0,7.27,43.47,29.05,49.67,1.03,33.9,50.58,,,,275.0,Poor
261779,DL005,2020-03-02 12:00:00,145.0,289.0,2.85,16.62,11.12,46.08,0.57,24.9,76.92,,,,286.0,Poor
261780,DL005,2020-03-02 13:00:00,51.0,85.0,1.9,14.1,9.02,48.17,0.6,26.4,90.0,,,,284.0,Poor
261781,DL005,2020-03-02 14:00:00,57.0,86.0,1.7,13.83,8.75,48.83,0.6,26.88,94.05,,,,285.0,Poor
261782,DL005,2020-03-02 15:00:00,64.0,102.0,1.9,13.5,8.62,51.85,0.55,22.23,106.05,,,,287.0,Poor
261783,DL005,2020-03-02 16:00:00,69.0,121.0,1.88,16.02,10.07,54.1,0.57,22.7,102.5,,,,291.0,Poor
261784,DL005,2020-03-02 17:00:00,78.0,121.0,1.85,15.4,9.7,49.45,0.57,24.92,98.88,,,,296.0,Poor
261785,DL005,2020-03-02 18:00:00,77.0,136.0,1.62,17.68,10.68,46.92,0.6,28.27,89.38,,,,300.0,Poor
261786,DL005,2020-03-02 19:00:00,62.0,155.0,1.93,42.02,23.9,45.22,0.82,24.32,42.85,,,,301.0,Very Poor
261787,DL005,2020-03-02 20:00:00,81.0,226.0,1.77,43.85,24.88,44.05,0.93,21.67,36.15,,160.45,,301.0,Very Poor
261788,DL005,2020-03-02 21:00:00,94.0,235.0,8.03,70.47,43.98,48.23,1.23,17.3,8.55,,249.12,,301.0,Very Poor
261789,DL005,2020-03-02 22:00:00,102.0,263.0,2.08,45.45,25.88,49.38,1.1,17.57,24.3,,230.3,,299.0,Poor
261790,DL005,2020-03-02 23:00:00,130.0,267.0,2.98,48.85,28.42,53.25,1.23,21.93,9.62,,216.75,,296.0,Poor
261791,DL005,2020-03-03 00:00:00,147.0,306.0,3.28,46.95,27.62,56.33,1.17,32.7,13.7,,196.43,,297.0,Poor
261792,DL005,2020-03-03 01:00:00,172.0,312.0,2.35,36.12,21.12,52.98,0.98,28.9,20.82,,174.45,,300.0,Poor
261793,DL005,2020-03-03 02:00:00,119.0,219.0,1.82,30.85,17.88,49.85,0.88,34.7,25.55,,144.65,,297.0,Poor
261794,DL005,2020-03-03 03:00:00,130.0,206.0,11.4,43.0,32.1,57.8,0.8,17.3,11.77,,118.12,,296.0,Poor
261795,DL005,2020-03-03 04:00:00,162.0,259.0,13.67,42.72,33.9,51.43,0.8,13.1,4.67,,102.5,,300.0,Poor
261796,DL005,2020-03-03 05:00:00,106.0,182.0,13.6,41.38,33.12,45.2,0.85,11.75,2.3,,,,299.0,Poor
261797,DL005,2020-03-03 06:00:00,210.0,365.0,36.15,32.73,46.9,44.58,0.9,10.27,2.55,,,,303.0,Very Poor
261798,DL005,2020-03-03 07:00:00,125.0,279.0,44.95,35.75,55.62,47.9,1.05,6.68,2.1,,,,303.0,Very Poor
261799,DL005,2020-03-03 08:00:00,135.0,252.0,59.05,40.83,69.88,53.4,1.4,12.02,1.1,,,,301.0,Very Poor
261800,DL005,2020-03-03 09:00:00,193.0,339.0,22.8,47.8,44.05,56.17,1.6,119.0,9.48,,,,302.0,Very Poor
261801,DL005,2020-03-03 10:00:00,422.0,613.0,8.62,33.27,24.7,57.53,1.3,111.38,25.83,,,,309.0,Very Poor
261802,DL005,2020-03-03 11:00:00,323.0,428.0,3.93,22.38,15.1,54.6,0.8,49.45,65.25,,,,312.0,Very Poor
261803,DL005,2020-03-03 12:00:00,127.0,201.0,2.4,18.1,11.6,51.35,0.68,38.75,88.97,,,,311.0,Very Poor
261804,DL005,2020-03-03 13:00:00,88.0,147.0,1.92,14.62,9.35,52.52,0.53,27.27,94.95,,,,313.0,Very Poor
261805,DL005,2020-03-03 14:00:00,55.0,113.0,1.7,13.18,8.4,52.8,0.5,19.88,97.67,,,,313.0,Very Poor
261806,DL005,2020-03-03 15:00:00,51.0,106.0,1.65,13.85,8.7,53.6,0.5,15.38,101.07,,,,312.0,Very Poor
261807,DL005,2020-03-03 16:00:00,41.0,110.0,1.8,13.97,8.93,55.73,0.5,9.62,104.47,,,,311.0,Very Poor
261808,DL005,2020-03-03 17:00:00,46.0,103.0,2.1,16.1,10.27,50.6,0.5,9.75,100.55,,,,310.0,Very Poor
261809,DL005,2020-03-03 18:00:00,46.0,124.0,2.02,18.68,11.6,49.0,0.57,9.9,98.15,,,,309.0,Very Poor
261810,DL005,2020-03-03 19:00:00,55.0,163.0,1.65,27.1,15.78,48.65,0.72,14.95,90.15,,111.35,,309.0,Very Poor
261811,DL005,2020-03-03 20:00:00,55.0,163.0,0.85,39.75,21.85,38.85,1.1,22.0,27.15,,143.8,,308.0,Very Poor
261812,DL005,2020-03-03 21:00:00,,,1.8,53.0,29.67,47.5,1.43,21.23,43.9,,215.43,,309.0,Very Poor
261813,DL005,2020-03-03 22:00:00,106.0,344.0,1.82,50.82,28.52,54.2,1.7,21.27,37.22,,202.12,,309.0,Very Poor
261814,DL005,2020-03-03 23:00:00,123.0,291.0,9.28,68.12,43.77,56.2,1.98,19.18,32.65,,156.48,,309.0,Very Poor
261815,DL005,2020-03-04 00:00:00,122.0,332.0,23.25,75.12,58.85,55.67,2.23,16.75,0.6,,184.2,,308.0,Very Poor
261816,DL005,2020-03-04 01:00:00,123.0,312.0,20.9,71.2,54.45,51.62,2.23,15.83,2.8,,181.2,,307.0,Very Poor
261817,DL005,2020-03-04 02:00:00,135.0,254.0,9.4,72.3,45.6,50.83,2.32,16.77,5.95,,166.75,,307.0,Very Poor
261818,DL005,2020-03-04 03:00:00,169.0,304.0,3.9,58.2,34.2,60.5,2.5,19.0,27.05,,198.2,,309.0,Very Poor
261819,DL005,2020-03-04 04:00:00,166.0,284.0,3.25,54.65,31.7,53.42,2.5,16.53,10.88,,154.75,,309.0,Very Poor
261820,DL005,2020-03-04 05:00:00,146.0,241.0,28.88,47.65,48.98,46.75,2.5,14.0,4.42,,104.08,,310.0,Very Poor
261821,DL005,2020-03-04 06:00:00,129.0,265.0,30.95,46.3,49.88,45.75,2.5,11.53,2.48,,106.2,,307.0,Very Poor
261822,DL005,2020-03-04 07:00:00,129.0,251.0,16.45,58.05,44.77,49.05,2.6,12.97,2.1,,103.0,,308.0,Very Poor
261823,DL005,2020-03-04 08:00:00,145.0,263.0,8.85,53.98,35.88,53.73,2.65,19.27,5.7,,,,308.0,Very Poor
261824,DL005,2020-03-04 09:00:00,151.0,268.0,11.43,53.17,37.62,50.42,2.62,28.17,15.92,,,,306.0,Very Poor
261825,DL005,2020-03-04 10:00:00,145.0,279.0,6.33,40.65,26.77,50.1,2.55,25.12,56.62,,,,288.0,Poor
261826,DL005,2020-03-04 11:00:00,116.0,271.0,6.9,54.08,34.45,49.3,2.6,30.05,91.28,,,,258.0,Poor
261827,DL005,2020-03-04 12:00:00,105.0,274.0,7.53,62.55,39.38,47.9,2.55,32.98,105.08,,,,255.0,Poor
261828,DL005,2020-03-04 13:00:00,83.0,243.0,3.38,40.2,24.15,51.62,2.42,28.98,149.9,,,,254.0,Poor
261829,DL005,2020-03-04 14:00:00,90.0,230.0,2.28,26.27,15.82,51.42,2.25,22.6,162.3,,,,259.0,Poor
261830,DL005,2020-03-04 15:00:00,70.0,195.0,1.9,19.88,12.15,51.28,2.2,17.3,147.23,,,,262.0,Poor
261831,DL005,2020-03-04 16:00:00,67.0,164.0,2.08,27.93,16.55,54.75,0.7,18.73,124.88,,,,266.0,Poor
261832,DL005,2020-03-04 17:00:00,79.0,218.0,1.62,31.05,17.8,49.85,0.78,17.67,113.05,,,,270.0,Poor
261833,DL005,2020-03-04 18:00:00,81.0,284.0,1.25,24.45,14.03,47.25,0.7,14.07,103.35,,,,275.0,Poor
261834,DL005,2020-03-04 19:00:00,62.0,263.0,1.6,23.42,13.75,46.33,0.67,11.3,87.67,,,,276.0,Poor
261835,DL005,2020-03-04 20:00:00,63.0,121.0,1.6,27.73,16.05,45.52,0.57,10.0,76.1,,,,278.0,Poor
261836,DL005,2020-03-04 21:00:00,31.0,44.0,1.9,29.8,17.45,48.08,0.65,10.88,56.77,,,,266.0,Poor
261837,DL005,2020-03-04 22:00:00,44.0,72.0,2.05,35.95,20.77,48.95,0.7,9.6,45.05,,,,258.0,Poor
261838,DL005,2020-03-04 23:00:00,39.0,58.0,1.95,28.05,16.58,48.6,0.67,11.43,56.05,,,,246.0,Poor
261839,DL005,2020-03-05 00:00:00,63.0,75.0,1.85,26.98,15.85,50.45,0.62,10.75,49.03,,,,238.0,Poor
261840,DL005,2020-03-05 01:00:00,36.0,55.0,1.7,24.88,14.6,46.75,0.62,8.53,41.23,,,,226.0,Poor
261841,DL005,2020-03-05 02:00:00,42.0,44.0,2.02,21.15,12.93,44.92,0.67,9.3,46.85,,,,213.0,Poor
261842,DL005,2020-03-05 03:00:00,35.0,41.0,1.8,23.9,14.2,51.8,0.6,8.1,52.73,,,,194.0,Moderate
261843,DL005,2020-03-05 04:00:00,,,1.55,20.52,12.2,45.77,0.62,7.15,59.48,,,,183.0,Moderate
261844,DL005,2020-03-05 05:00:00,,,1.62,19.23,11.53,40.23,0.7,7.83,46.83,,,,173.0,Moderate
261845,DL005,2020-03-05 06:00:00,23.0,24.0,1.6,20.62,12.3,39.52,0.7,7.6,42.9,,,,157.0,Moderate
261846,DL005,2020-03-05 07:00:00,24.0,35.0,1.68,24.67,14.48,41.85,0.8,7.38,32.38,,,,142.0,Moderate
261847,DL005,2020-03-05 08:00:00,27.0,39.0,5.9,48.85,30.87,45.9,1.07,7.95,4.92,,,,133.0,Moderate
261848,DL005,2020-03-05 09:00:00,52.0,72.0,9.57,40.22,29.2,44.73,1.1,13.07,19.3,,,,127.0,Moderate
261849,DL005,2020-03-05 10:00:00,63.0,99.0,7.72,36.92,25.95,44.75,1.15,14.45,23.35,,,,122.0,Moderate
261850,DL005,2020-03-05 11:00:00,68.0,108.0,6.8,36.25,24.85,45.45,1.2,15.03,57.45,,,,117.0,Moderate
261851,DL005,2020-03-05 12:00:00,59.0,125.0,4.78,31.25,20.5,45.7,1.08,13.72,86.7,,,,112.0,Moderate
261852,DL005,2020-03-05 13:00:00,46.0,102.0,3.07,24.45,15.52,46.92,1.02,20.55,81.72,,,,108.0,Moderate
261853,DL005,2020-03-05 14:00:00,53.0,94.0,3.05,25.95,16.3,47.53,1.0,27.88,83.1,,,,104.0,Moderate
261854,DL005,2020-03-05 15:00:00,52.0,108.0,2.98,23.17,14.75,47.23,1.0,22.6,94.0,,,,101.0,Moderate
261855,DL005,2020-03-05 16:00:00,51.0,105.0,2.42,20.7,12.98,50.8,0.5,10.43,98.73,,,,99.0,Satisfactory
261856,DL005,2020-03-05 17:00:00,31.0,84.0,2.25,20.65,12.82,47.85,0.5,7.93,92.97,,,,99.0,Satisfactory
261857,DL005,2020-03-05 18:00:00,,,,,,,,,,,,,99.0,Satisfactory
261858,DL005,2020-03-05 19:00:00,31.0,84.0,2.15,53.45,30.2,39.0,1.2,14.85,,,,,99.0,Satisfactory
261859,DL005,2020-03-05 20:00:00,,,2.35,37.55,21.98,38.92,1.23,11.32,,,151.75,,99.0,Satisfactory
261860,DL005,2020-03-05 21:00:00,50.0,133.0,1.98,17.02,10.68,41.9,1.02,7.55,,,,,99.0,Satisfactory
261861,DL005,2020-03-05 22:00:00,,,,,,,,,,,,,99.0,Satisfactory
261862,DL005,2020-03-05 23:00:00,,,,,,,,,,,,,99.0,Satisfactory
261863,DL005,2020-03-06 00:00:00,23.0,25.0,,,,,,,,,,,93.0,Satisfactory
261864,DL005,2020-03-06 01:00:00,,,4.0,62.2,36.4,47.4,0.73,,,,,,78.0,Satisfactory
261865,DL005,2020-03-06 02:00:00,,,3.75,49.4,29.3,44.65,0.9,,,,,,80.0,Satisfactory
261866,DL005,2020-03-06 03:00:00,40.0,47.0,1.3,22.7,13.2,52.7,0.9,,,,,,80.0,Satisfactory
261867,DL005,2020-03-06 04:00:00,30.0,33.0,1.75,25.38,14.93,46.42,1.02,,,,,,77.0,Satisfactory
261868,DL005,2020-03-06 05:00:00,28.0,30.0,1.83,30.65,17.8,40.52,1.12,,,,,,75.0,Satisfactory
261869,DL005,2020-03-06 06:00:00,23.0,33.0,1.68,21.43,12.75,39.1,1.2,,,,,,75.0,Satisfactory
261870,DL005,2020-03-06 07:00:00,25.0,29.0,1.62,23.5,13.82,41.58,1.35,,,,,,75.0,Satisfactory
261871,DL005,2020-03-06 08:00:00,41.0,42.0,2.0,29.3,17.2,45.88,1.52,,,,,,76.0,Satisfactory
261872,DL005,2020-03-06 09:00:00,53.0,62.0,2.6,27.68,16.85,43.65,1.62,,,,,,81.0,Satisfactory
261873,DL005,2020-03-06 10:00:00,40.0,52.0,3.83,22.38,15.0,41.83,1.6,,,,,,81.0,Satisfactory
261874,DL005,2020-03-06 11:00:00,36.0,39.0,2.7,15.52,10.35,41.27,1.6,,,,,,81.0,Satisfactory
261875,DL005,2020-03-06 12:00:00,35.0,39.0,3.35,18.88,12.78,41.55,1.67,1.23,64.4,,,,84.0,Satisfactory
261876,DL005,2020-03-06 13:00:00,34.0,50.0,2.7,15.17,10.3,42.0,1.73,1.5,77.88,,,,86.0,Satisfactory
261877,DL005,2020-03-06 14:00:00,27.0,41.0,2.45,15.53,10.27,43.32,1.73,2.0,77.55,,,,86.0,Satisfactory
261878,DL005,2020-03-06 15:00:00,24.0,48.0,2.7,17.53,11.5,47.02,1.8,10.35,74.5,,,,90.0,Satisfactory
261879,DL005,2020-03-06 16:00:00,30.0,64.0,1.9,17.7,10.95,52.17,0.5,8.1,75.75,,,,90.0,Satisfactory
261880,DL005,2020-03-06 17:00:00,28.0,53.0,1.8,18.75,11.4,43.45,0.4,5.92,67.95,,,,90.0,Satisfactory
261881,DL005,2020-03-06 18:00:00,14.0,16.0,1.62,24.35,14.28,40.58,0.53,6.32,58.85,,,,90.0,Satisfactory
261882,DL005,2020-03-06 19:00:00,24.0,25.0,2.17,32.67,19.15,41.52,0.67,7.5,46.1,,,,90.0,Satisfactory
261883,DL005,2020-03-06 20:00:00,30.0,34.0,2.33,40.98,23.67,40.52,0.88,7.35,29.12,,,,90.0,Satisfactory
261884,DL005,2020-03-06 21:00:00,41.0,47.0,2.38,39.15,22.77,39.52,0.9,7.45,25.73,,,,90.0,Satisfactory
261885,DL005,2020-03-06 22:00:00,33.0,35.0,4.08,51.35,30.65,40.57,1.12,6.85,6.22,,,,90.0,Satisfactory
261886,DL005,2020-03-06 23:00:00,47.0,55.0,6.32,66.28,40.48,42.0,1.25,7.7,3.62,,,,76.0,Satisfactory
261887,DL005,2020-03-07 00:00:00,38.0,51.0,3.35,61.88,35.62,46.27,1.08,8.5,7.75,,,,68.0,Satisfactory
261888,DL005,2020-03-07 01:00:00,34.0,39.0,2.17,45.12,25.73,47.07,0.88,24.27,38.92,,,,62.0,Satisfactory
261889,DL005,2020-03-07 02:00:00,,,1.45,25.4,14.67,44.5,0.75,24.75,38.4,,,,62.0,Satisfactory
261890,DL005,2020-03-07 03:00:00,25.0,30.0,1.9,25.1,14.9,48.9,0.7,18.9,32.98,,,,62.0,Satisfactory
261891,DL005,2020-03-07 04:00:00,25.0,30.0,1.68,22.38,13.28,44.15,0.8,16.25,50.65,,,,62.0,Satisfactory
261892,DL005,2020-03-07 05:00:00,19.0,20.0,1.77,21.57,12.95,37.17,0.8,14.35,47.62,,,,62.0,Satisfactory
261893,DL005,2020-03-07 06:00:00,18.0,33.0,1.73,25.43,14.95,36.95,0.8,12.9,42.5,,,,62.0,Satisfactory
261894,DL005,2020-03-07 07:00:00,23.0,29.0,1.83,23.85,14.17,38.72,0.88,12.48,43.73,,,,54.0,Satisfactory
261895,DL005,2020-03-07 08:00:00,20.0,25.0,2.4,29.85,17.85,43.35,0.97,12.95,35.7,,,,51.0,Satisfactory
261896,DL005,2020-03-07 09:00:00,31.0,44.0,3.53,29.82,18.73,45.3,1.0,13.88,35.08,,,,51.0,Satisfactory
261897,DL005,2020-03-07 10:00:00,38.0,41.0,4.1,24.6,16.43,43.9,1.08,14.25,46.85,,,,54.0,Satisfactory
261898,DL005,2020-03-07 11:00:00,44.0,58.0,3.55,20.35,13.7,44.02,1.0,14.85,60.75,,,,61.0,Satisfactory
261899,DL005,2020-03-07 12:00:00,50.0,63.0,2.9,19.75,12.85,44.45,1.05,14.08,74.45,,,,74.0,Satisfactory
261900,DL005,2020-03-07 13:00:00,45.0,70.0,2.7,19.5,12.6,42.67,1.1,13.1,84.45,,,,84.0,Satisfactory
261901,DL005,2020-03-07 14:00:00,50.0,78.0,3.27,24.25,15.55,46.0,1.2,12.9,96.53,,,,97.0,Satisfactory
261902,DL005,2020-03-07 15:00:00,55.0,96.0,2.78,29.62,18.02,47.35,1.3,12.68,100.22,,,,100.0,Satisfactory
261903,DL005,2020-03-07 16:00:00,123.0,180.0,2.72,32.15,19.32,47.15,0.7,13.8,97.93,,,,100.0,Satisfactory
261904,DL005,2020-03-07 17:00:00,80.0,133.0,2.75,36.05,21.45,48.4,0.72,16.18,108.85,,146.8,,113.0,Moderate
261905,DL005,2020-03-07 18:00:00,73.0,146.0,2.5,37.75,22.1,48.42,0.7,15.55,102.55,,,,113.0,Moderate
261906,DL005,2020-03-07 19:00:00,75.0,149.0,2.2,40.85,23.5,43.95,0.85,15.07,72.22,,126.65,,113.0,Moderate
261907,DL005,2020-03-07 20:00:00,92.0,215.0,1.68,42.7,24.07,40.88,1.0,15.85,53.33,,132.28,,113.0,Moderate
261908,DL005,2020-03-07 21:00:00,112.0,208.0,1.73,50.23,28.07,41.72,1.23,14.7,34.23,,137.1,,113.0,Moderate
261909,DL005,2020-03-07 22:00:00,119.0,224.0,4.73,65.03,38.4,45.48,1.62,14.68,9.55,,150.6,,113.0,Moderate
261910,DL005,2020-03-07 23:00:00,138.0,257.0,8.28,73.2,45.65,46.08,1.4,14.47,4.12,,231.48,,113.0,Moderate
261911,DL005,2020-03-08 00:00:00,116.0,256.0,6.53,59.88,37.2,48.52,1.12,14.47,11.12,,118.15,,113.0,Moderate
261912,DL005,2020-03-08 01:00:00,99.0,175.0,2.88,41.17,24.25,45.78,0.97,15.52,4.2,,,,113.0,Moderate
261913,DL005,2020-03-08 02:00:00,86.5,124.75,4.17,35.97,22.52,44.3,1.05,14.83,3.25,,,,116.0,Moderate
261914,DL005,2020-03-08 03:00:00,,,,,,,,,,,,,122.0,Moderate
261915,DL005,2020-03-08 04:00:00,91.0,138.0,19.35,33.92,33.8,47.3,1.17,13.75,7.13,,,,132.0,Moderate
261916,DL005,2020-03-08 05:00:00,88.0,138.0,44.77,29.02,51.88,38.65,1.23,13.4,8.35,,,,142.0,Moderate
261917,DL005,2020-03-08 06:00:00,90.0,157.0,55.25,34.03,63.25,38.88,1.35,13.85,10.18,,,,152.0,Moderate
261918,DL005,2020-03-08 07:00:00,77.0,84.0,58.85,39.72,69.12,40.52,1.5,13.57,6.45,,,,160.0,Moderate
261919,DL005,2020-03-08 08:00:00,74.0,80.0,39.12,36.7,51.42,42.38,1.4,13.35,3.75,,,,168.0,Moderate
261920,DL005,2020-03-08 09:00:00,73.0,78.0,35.07,36.25,47.88,43.35,1.45,13.38,,,,,174.0,Moderate
261921,DL005,2020-03-08 10:00:00,78.0,81.0,25.02,41.93,42.7,40.23,1.25,14.07,7.22,,,,179.0,Moderate
261922,DL005,2020-03-08 11:00:00,83.0,101.0,10.0,40.2,29.52,40.17,1.3,16.9,31.2,,,,185.0,Moderate
261923,DL005,2020-03-08 12:00:00,143.0,200.0,5.47,32.48,21.75,41.42,1.15,20.38,76.97,,,,199.0,Moderate
261924,DL005,2020-03-08 13:00:00,111.0,145.0,2.4,20.7,12.98,40.67,0.93,19.48,103.15,,,,208.0,Poor
261925,DL005,2020-03-08 14:00:00,72.0,103.0,1.82,17.98,11.05,44.27,0.83,18.8,109.65,,,,211.0,Poor
261926,DL005,2020-03-08 15:00:00,59.0,97.0,2.0,15.68,9.97,45.6,0.75,20.25,94.32,,,,212.0,Poor
261927,DL005,2020-03-08 16:00:00,46.0,83.0,2.3,16.43,10.55,44.83,0.53,16.7,98.25,,,,201.0,Poor
261928,DL005,2020-03-08 17:00:00,56.0,113.5,2.08,16.8,10.68,44.75,0.5,16.55,83.97,,103.3,,197.0,Moderate
261929,DL005,2020-03-08 18:00:00,35.0,103.0,2.2,18.38,11.6,39.58,0.5,15.0,71.5,,119.2,,192.0,Moderate
261930,DL005,2020-03-08 19:00:00,42.0,100.5,2.05,29.65,17.45,37.35,0.7,16.9,37.7,,,,187.0,Moderate
261931,DL005,2020-03-08 20:00:00,47.0,154.25,30.2,86.38,70.1,38.03,1.05,19.8,11.88,,,,181.0,Moderate
261932,DL005,2020-03-08 21:00:00,99.0,222.75,15.95,57.25,43.65,39.42,1.1,19.0,9.65,,,,179.0,Moderate
261933,DL005,2020-03-08 22:00:00,95.0,228.0,7.35,45.42,30.2,44.5,0.95,21.75,6.9,,,,175.0,Moderate
261934,DL005,2020-03-08 23:00:00,114.0,223.75,12.05,43.85,33.15,45.67,1.02,20.4,3.2,,,,172.0,Moderate
261935,DL005,2020-03-09 00:00:00,116.0,227.5,3.48,38.7,23.45,45.2,0.85,21.25,9.45,,,,172.0,Moderate
261936,DL005,2020-03-09 01:00:00,96.0,182.75,2.45,31.75,18.88,46.47,0.83,21.35,8.53,,,,171.0,Moderate
261937,DL005,2020-03-09 02:00:00,112.0,188.5,1.95,24.92,14.82,42.7,0.72,19.8,24.0,,,,175.0,Moderate
261938,DL005,2020-03-09 03:00:00,86.0,171.5,1.8,23.0,13.7,50.3,0.8,19.0,13.18,,,,175.0,Moderate
261939,DL005,2020-03-09 04:00:00,121.0,193.5,2.0,22.67,13.68,46.47,0.72,17.77,19.48,,,,180.0,Moderate
261940,DL005,2020-03-09 05:00:00,96.0,169.25,1.65,19.8,11.88,38.1,0.7,16.27,22.12,,,,181.0,Moderate
261941,DL005,2020-03-09 06:00:00,74.0,127.75,1.92,21.3,12.93,37.98,0.7,17.52,23.25,,,,178.0,Moderate
261942,DL005,2020-03-09 07:00:00,77.0,127.0,2.55,23.77,14.75,40.77,0.72,14.78,15.25,,,,178.0,Moderate
261943,DL005,2020-03-09 08:00:00,74.0,133.25,4.75,24.75,17.02,42.8,0.8,15.75,13.6,,,,178.0,Moderate
261944,DL005,2020-03-09 09:00:00,83.0,144.25,5.25,21.17,15.55,45.8,0.78,21.73,17.5,,,,180.0,Moderate
261945,DL005,2020-03-09 10:00:00,90.0,139.0,3.95,17.75,12.7,41.7,0.7,22.95,38.5,,,,182.0,Moderate
261946,DL005,2020-03-09 11:00:00,61.0,110.0,2.75,15.15,10.3,40.92,0.6,18.05,63.38,,,,178.0,Moderate
261947,DL005,2020-03-09 12:00:00,38.0,121.0,2.3,14.65,9.68,40.68,0.6,16.08,69.9,,,,164.0,Moderate
261948,DL005,2020-03-09 13:00:00,40.0,139.0,2.88,15.55,10.6,40.7,0.57,12.68,82.9,,,,154.0,Moderate
261949,DL005,2020-03-09 14:00:00,31.0,125.5,2.25,14.45,9.53,43.65,0.57,13.45,82.85,,,,148.0,Moderate
261950,DL005,2020-03-09 15:00:00,31.0,121.0,2.3,14.75,9.72,44.55,0.6,13.12,86.83,,,,144.0,Moderate
261951,DL005,2020-03-09 16:00:00,33.0,106.0,2.05,14.45,9.38,43.0,0.4,12.62,86.6,,,,143.0,Moderate
261952,DL005,2020-03-09 17:00:00,28.0,105.0,2.3,15.78,10.27,44.28,0.4,14.08,80.7,,,,139.0,Moderate
261953,DL005,2020-03-09 18:00:00,29.0,108.0,2.08,19.23,11.75,38.77,0.5,13.52,70.55,,,,138.0,Moderate
261954,DL005,2020-03-09 19:00:00,29.0,125.0,1.9,28.48,16.7,37.25,0.6,14.02,48.58,,,,136.0,Moderate
261955,DL005,2020-03-09 20:00:00,44.0,152.0,2.72,47.78,27.62,38.1,0.85,15.98,16.75,,,,136.0,Moderate
261956,DL005,2020-03-09 21:00:00,79.0,207.0,4.88,52.52,31.95,39.83,1.0,17.08,18.0,,,,135.0,Moderate
261957,DL005,2020-03-09 22:00:00,107.0,233.0,21.2,54.8,46.58,44.7,1.43,16.15,3.52,,,,136.0,Moderate
261958,DL005,2020-03-09 23:00:00,182.0,351.0,24.2,52.88,47.98,47.23,1.35,19.88,2.2,,,,144.0,Moderate
261959,DL005,2020-03-10 00:00:00,197.0,342.0,30.5,46.55,49.73,47.28,1.2,18.2,1.55,,,,155.0,Moderate
261960,DL005,2020-03-10 01:00:00,180.0,323.0,10.38,42.8,31.2,47.77,1.2,13.95,1.6,,,,167.0,Moderate
261961,DL005,2020-03-10 02:00:00,177.0,271.0,5.22,39.58,25.33,44.43,1.05,15.48,10.7,,,,176.0,Moderate
261962,DL005,2020-03-10 03:00:00,145.0,232.0,2.2,31.9,18.7,49.0,1.0,18.9,4.82,,,,184.0,Moderate
261963,DL005,2020-03-10 04:00:00,160.0,256.0,2.27,25.38,15.35,47.2,0.93,18.33,22.75,,,,190.0,Moderate
261964,DL005,2020-03-10 05:00:00,133.0,232.0,1.65,21.42,12.75,39.7,0.83,18.23,24.3,,,,195.0,Moderate
261965,DL005,2020-03-10 06:00:00,117.0,216.0,1.65,19.25,11.57,39.17,0.8,14.72,23.4,,,,201.0,Poor
261966,DL005,2020-03-10 07:00:00,97.0,183.0,2.05,17.9,11.18,41.42,0.7,20.1,31.67,,,,203.0,Poor
261967,DL005,2020-03-10 08:00:00,106.0,207.0,3.02,20.45,13.3,42.38,0.85,19.12,19.6,,,,208.0,Poor
261968,DL005,2020-03-10 09:00:00,111.0,199.0,3.85,21.68,14.7,44.12,0.8,50.7,32.05,,,,212.0,Poor
261969,DL005,2020-03-10 10:00:00,95.0,175.0,2.53,17.12,11.2,39.5,0.7,29.88,67.2,,,,212.0,Poor
261970,DL005,2020-03-10 11:00:00,56.0,135.0,2.4,17.48,11.25,37.25,0.67,19.02,84.6,,,,212.0,Poor
261971,DL005,2020-03-10 12:00:00,47.0,140.0,2.02,14.38,9.25,38.8,0.6,14.25,99.7,,,,213.0,Poor
261972,DL005,2020-03-10 13:00:00,39.0,92.0,1.73,12.8,8.25,38.52,0.57,12.57,117.05,,,,213.0,Poor
261973,DL005,2020-03-10 14:00:00,39.0,101.0,1.55,13.12,8.25,40.22,0.6,11.55,128.0,,,,214.0,Poor
261974,DL005,2020-03-10 15:00:00,36.0,97.0,1.65,12.25,7.85,40.55,0.55,10.65,124.25,,,,215.0,Poor
261975,DL005,2020-03-10 16:00:00,36.0,97.0,,,,,,,71.3,,,,215.0,Poor
261976,DL005,2020-03-10 17:00:00,,,1.03,12.43,7.4,40.98,0.68,15.8,125.65,,,,225.0,Poor
261977,DL005,2020-03-10 18:00:00,40.0,83.0,1.65,15.68,9.7,39.02,0.93,17.5,102.68,,,,226.0,Poor
261978,DL005,2020-03-10 19:00:00,46.0,103.0,1.45,15.78,9.57,38.1,1.18,22.68,93.95,,,,229.0,Poor
261979,DL005,2020-03-10 20:00:00,69.0,150.0,1.88,20.38,12.32,38.3,1.43,22.65,74.4,,,,232.0,Poor
261980,DL005,2020-03-10 21:00:00,86.0,169.0,1.82,23.3,13.88,39.62,1.55,20.5,70.1,,,,233.0,Poor
261981,DL005,2020-03-10 22:00:00,81.0,144.0,1.68,17.95,10.93,40.75,1.52,16.3,68.8,,,,230.0,Poor
261982,DL005,2020-03-10 23:00:00,57.0,94.0,1.73,20.02,12.07,43.28,1.62,15.52,33.3,,,,212.0,Poor
261983,DL005,2020-03-11 00:00:00,53.0,84.0,1.82,19.67,11.95,44.1,1.62,14.78,26.55,,,,191.0,Moderate
261984,DL005,2020-03-11 01:00:00,55.0,79.0,1.65,18.88,11.38,43.9,1.7,16.73,34.2,,,,173.0,Moderate
261985,DL005,2020-03-11 02:00:00,68.0,92.0,1.45,20.77,12.25,41.8,1.82,16.35,32.9,,,,157.0,Moderate
261986,DL005,2020-03-11 03:00:00,84.0,134.0,1.7,21.0,12.5,45.6,1.9,15.2,35.83,,,,148.0,Moderate
261987,DL005,2020-03-11 04:00:00,81.0,128.0,1.78,18.73,11.4,41.95,1.9,16.98,31.3,,,,137.0,Moderate
261988,DL005,2020-03-11 05:00:00,77.0,111.0,1.73,17.6,10.77,36.8,1.98,15.95,28.65,,,,128.0,Moderate
261989,DL005,2020-03-11 06:00:00,80.0,107.0,1.65,18.35,11.15,34.35,2.02,14.68,27.02,,,,123.0,Moderate
261990,DL005,2020-03-11 07:00:00,84.0,117.0,2.05,21.55,13.15,37.9,2.12,14.9,18.27,,,,121.0,Moderate
261991,DL005,2020-03-11 08:00:00,85.0,121.0,2.7,29.53,17.95,39.83,2.23,15.78,23.53,,,,118.0,Moderate
261992,DL005,2020-03-11 09:00:00,88.0,119.0,4.67,37.5,23.75,41.43,2.32,17.95,22.62,,,,115.0,Moderate
261993,DL005,2020-03-11 10:00:00,79.0,117.0,4.85,34.55,22.32,40.17,2.35,22.92,38.1,,,,112.0,Moderate
261994,DL005,2020-03-11 11:00:00,79.0,128.0,4.25,29.15,18.98,37.72,2.23,18.95,72.17,,,,116.0,Moderate
261995,DL005,2020-03-11 12:00:00,63.0,110.0,3.08,20.8,13.6,36.35,2.1,15.53,99.38,,,,118.0,Moderate
261996,DL005,2020-03-11 13:00:00,56.0,99.0,2.62,20.1,12.82,37.15,2.18,14.62,113.45,,,,121.0,Moderate
261997,DL005,2020-03-11 14:00:00,52.0,112.0,2.47,17.23,11.23,37.12,2.1,14.03,111.38,,,,122.0,Moderate
261998,DL005,2020-03-11 15:00:00,40.0,118.0,2.08,15.65,10.03,39.95,2.1,14.72,109.38,,,,123.0,Moderate
261999,DL005,2020-03-11 16:00:00,44.0,106.0,2.27,16.58,10.68,41.75,0.57,14.18,105.03,,,,124.0,Moderate
262000,DL005,2020-03-11 17:00:00,52.0,121.0,1.82,17.12,10.6,43.65,0.55,14.43,99.3,,,,122.0,Moderate
262001,DL005,2020-03-11 18:00:00,42.0,118.0,1.6,19.8,11.88,44.8,0.6,15.95,91.45,,,,122.0,Moderate
262002,DL005,2020-03-11 19:00:00,57.0,123.0,1.85,22.85,13.68,41.17,0.7,16.35,75.2,,,,124.0,Moderate
262003,DL005,2020-03-11 20:00:00,50.0,128.0,2.08,32.55,19.0,37.0,0.88,16.05,54.98,,,,121.0,Moderate
262004,DL005,2020-03-11 21:00:00,52.0,121.0,1.97,34.73,20.07,35.42,0.9,17.85,55.15,,,,117.0,Moderate
262005,DL005,2020-03-11 22:00:00,58.0,130.0,1.68,30.03,17.32,35.17,0.85,16.98,58.7,,,,114.0,Moderate
262006,DL005,2020-03-11 23:00:00,63.0,122.0,1.88,24.25,14.43,37.75,0.83,15.72,52.73,,,,114.0,Moderate
262007,DL005,2020-03-12 00:00:00,57.0,89.0,1.77,24.0,14.2,39.47,0.8,14.65,38.7,,,,115.0,Moderate
262008,DL005,2020-03-12 01:00:00,67.0,94.0,1.73,18.15,11.1,41.83,0.75,16.08,33.67,,,,116.0,Moderate
262009,DL005,2020-03-12 02:00:00,88.0,113.0,1.68,15.97,9.83,42.5,0.65,16.15,34.65,,,,119.0,Moderate
262010,DL005,2020-03-12 03:00:00,55.0,149.0,2.0,17.8,11.1,38.3,0.7,16.3,38.0,,,,115.0,Moderate
262011,DL005,2020-03-12 04:00:00,53.0,223.0,1.8,18.05,11.1,36.9,0.7,18.48,42.12,,,,114.0,Moderate
262012,DL005,2020-03-12 05:00:00,52.0,243.0,1.85,16.98,10.5,33.92,0.78,23.75,47.33,,,,117.0,Moderate
262013,DL005,2020-03-12 06:00:00,64.0,255.0,1.9,23.0,13.8,31.02,0.83,16.95,28.12,,,,122.0,Moderate
262014,DL005,2020-03-12 07:00:00,58.0,177.0,2.05,30.77,18.05,31.23,0.93,13.5,18.02,,,,123.0,Moderate
262015,DL005,2020-03-12 08:00:00,53.0,112.0,2.83,26.9,16.6,33.27,1.02,13.53,25.73,,,,123.0,Moderate
262016,DL005,2020-03-12 09:00:00,63.0,84.0,3.8,22.97,15.3,35.62,1.05,14.17,19.3,,,,122.0,Moderate
262017,DL005,2020-03-12 10:00:00,77.0,107.0,4.97,19.75,14.57,36.92,1.1,16.82,14.33,,,,122.0,Moderate
262018,DL005,2020-03-12 11:00:00,90.0,122.0,4.0,18.92,13.3,36.42,1.1,17.17,33.97,,,,122.0,Moderate
262019,DL005,2020-03-12 12:00:00,97.0,158.0,3.05,17.75,11.95,36.7,1.12,16.15,62.45,,,,123.0,Moderate
262020,DL005,2020-03-12 13:00:00,105.0,169.0,3.0,24.38,15.4,36.73,1.07,17.5,102.65,,,,125.0,Moderate
262021,DL005,2020-03-12 14:00:00,79.0,207.0,2.47,17.48,11.3,34.3,0.83,14.45,99.75,,,,127.0,Moderate
262022,DL005,2020-03-12 15:00:00,40.0,179.0,2.2,14.2,9.35,35.62,0.8,14.05,101.2,,,,129.0,Moderate
262023,DL005,2020-03-12 16:00:00,38.0,152.0,2.27,13.9,9.25,37.05,0.4,12.72,92.35,,,,130.0,Moderate
262024,DL005,2020-03-12 17:00:00,29.0,147.0,2.05,13.92,9.07,36.25,0.4,12.53,92.4,,,,131.0,Moderate
262025,DL005,2020-03-12 18:00:00,27.0,141.0,1.92,16.85,10.53,36.4,0.4,12.33,83.38,,,,132.0,Moderate
262026,DL005,2020-03-12 19:00:00,29.0,146.0,2.08,33.27,19.38,33.05,0.65,12.12,52.1,,,,132.0,Moderate
262027,DL005,2020-03-12 20:00:00,39.0,230.0,3.5,71.25,40.8,30.95,1.02,12.7,9.18,,142.75,,135.0,Moderate
262028,DL005,2020-03-12 21:00:00,57.0,238.0,23.28,80.97,62.02,30.95,1.48,16.75,13.18,,125.08,,139.0,Moderate
262029,DL005,2020-03-12 22:00:00,102.0,371.0,18.73,71.15,52.9,32.45,1.42,17.67,13.12,,138.75,,145.0,Moderate
262030,DL005,2020-03-12 23:00:00,97.0,365.0,15.57,65.17,47.3,36.75,1.48,19.35,11.35,,,,152.0,Moderate
262031,DL005,2020-03-13 00:00:00,132.0,384.0,12.85,63.12,44.02,39.83,1.5,23.0,45.9,,,,160.0,Moderate
262032,DL005,2020-03-13 01:00:00,161.0,357.0,42.9,69.83,72.07,40.35,1.68,24.45,4.75,,,,167.0,Moderate
262033,DL005,2020-03-13 02:00:00,113.0,293.0,29.82,70.05,61.62,40.02,1.33,19.53,,,,,172.0,Moderate
262034,DL005,2020-03-13 03:00:00,86.0,229.0,31.0,57.4,55.8,39.2,1.2,14.0,,,,,175.0,Moderate
262035,DL005,2020-03-13 04:00:00,77.0,223.0,42.12,43.77,57.62,37.05,1.23,13.27,2.08,,,,175.0,Moderate
262036,DL005,2020-03-13 05:00:00,79.0,207.0,39.2,45.22,56.03,33.9,1.23,12.7,3.45,,,,174.0,Moderate
262037,DL005,2020-03-13 06:00:00,107.0,229.0,18.25,48.62,40.75,32.48,0.93,19.88,9.2,,,,173.0,Moderate
262038,DL005,2020-03-13 07:00:00,146.0,282.0,22.08,44.6,41.73,34.73,1.1,29.28,4.05,,,,176.0,Moderate
262039,DL005,2020-03-13 08:00:00,194.0,368.0,23.62,42.35,41.77,38.65,1.23,47.65,3.77,,,,187.0,Moderate
262040,DL005,2020-03-13 09:00:00,216.0,376.0,14.92,34.85,30.65,41.2,1.1,46.78,10.68,,,,208.0,Poor
262041,DL005,2020-03-13 10:00:00,222.0,346.0,8.23,28.25,21.7,40.52,1.05,31.62,19.0,,,,228.0,Poor
262042,DL005,2020-03-13 11:00:00,150.0,254.0,4.88,26.5,18.1,37.42,0.9,24.52,62.12,,,,236.0,Poor
262043,DL005,2020-03-13 12:00:00,114.0,241.0,3.1,23.02,14.75,35.92,0.75,23.48,96.42,,,,239.0,Poor
262044,DL005,2020-03-13 13:00:00,78.0,235.0,2.9,22.1,14.15,37.15,0.6,25.6,106.9,,,,235.0,Poor
262045,DL005,2020-03-13 14:00:00,59.0,237.0,2.05,20.3,12.45,36.22,0.67,22.05,133.3,,,,232.0,Poor
262046,DL005,2020-03-13 15:00:00,72.0,318.0,1.9,18.58,11.45,38.55,0.7,22.82,112.7,,,,237.0,Poor
262047,DL005,2020-03-13 16:00:00,77.0,323.0,1.73,15.72,9.78,39.83,0.4,17.4,97.9,,,,242.0,Poor
262048,DL005,2020-03-13 17:00:00,52.0,356.0,2.08,18.2,11.35,38.73,0.45,15.22,87.85,,,,245.0,Poor
262049,DL005,2020-03-13 18:00:00,61.0,337.0,1.98,24.9,14.85,40.05,0.5,15.35,64.53,,,,250.0,Poor
262050,DL005,2020-03-13 19:00:00,64.0,332.0,1.75,29.62,17.17,36.35,0.65,19.4,60.98,,131.2,,255.0,Poor
262051,DL005,2020-03-13 20:00:00,80.0,416.0,2.27,38.2,22.15,34.78,0.78,22.02,41.15,,232.75,,261.0,Poor
262052,DL005,2020-03-13 21:00:00,95.0,407.0,3.67,48.68,28.9,34.45,0.93,17.5,21.43,,254.65,,266.0,Poor
262053,DL005,2020-03-13 22:00:00,85.0,334.0,17.95,58.88,46.1,35.28,1.12,17.3,15.02,,200.85,,263.0,Poor
262054,DL005,2020-03-13 23:00:00,96.0,412.0,24.3,58.2,50.82,39.07,1.18,16.73,7.88,,145.73,,263.0,Poor
262055,DL005,2020-03-14 00:00:00,77.0,277.0,9.43,57.55,38.3,42.33,0.93,15.05,4.55,,,,258.0,Poor
262056,DL005,2020-03-14 01:00:00,62.0,164.0,5.95,46.85,29.72,42.75,0.78,14.18,11.38,,,,250.0,Poor
262057,DL005,2020-03-14 02:00:00,45.0,121.0,2.12,26.88,16.0,43.27,0.6,15.32,14.05,,,,243.0,Poor
262058,DL005,2020-03-14 03:00:00,58.0,90.0,1.5,22.4,13.2,40.5,0.6,13.7,13.88,,,,237.0,Poor
262059,DL005,2020-03-14 04:00:00,39.0,56.0,1.65,22.9,13.53,38.3,0.6,13.47,19.6,,,,230.0,Poor
262060,DL005,2020-03-14 05:00:00,30.0,57.0,1.95,22.07,13.32,34.25,0.65,14.43,15.03,,,,224.0,Poor
262061,DL005,2020-03-14 06:00:00,38.0,59.0,1.9,21.5,13.0,32.0,0.7,16.0,23.3,,,,217.0,Poor
262062,DL005,2020-03-14 07:00:00,,,,,,,,,,,,,216.0,Poor
262063,DL005,2020-03-14 08:00:00,,,,,,,,,,,,,211.0,Poor
262064,DL005,2020-03-14 09:00:00,,,,,,,,,,,,,206.0,Poor
262065,DL005,2020-03-14 10:00:00,,,,,,,,,,,,,201.0,Poor
262066,DL005,2020-03-14 11:00:00,,,,,,,,,,,,,201.0,Poor
262067,DL005,2020-03-14 12:00:00,,,,,,,,,,,,,202.0,Poor
262068,DL005,2020-03-14 13:00:00,,,,,,,,,,,,,203.0,Poor
262069,DL005,2020-03-14 14:00:00,,,2.45,18.25,11.7,40.7,0.5,14.25,,,,,204.0,Poor
262070,DL005,2020-03-14 15:00:00,23.0,56.0,2.3,16.8,10.8,36.5,0.6,12.9,63.05,,,,192.0,Moderate
262071,DL005,2020-03-14 16:00:00,26.75,57.25,1.15,22.9,13.12,45.83,0.35,12.35,77.3,,,,180.0,Moderate
262072,DL005,2020-03-14 17:00:00,38.25,67.0,0.93,20.77,11.82,44.05,0.53,13.35,71.0,,,,168.0,Moderate
262073,DL005,2020-03-14 18:00:00,43.5,96.25,0.88,20.4,11.57,41.33,0.62,15.6,62.45,,,,158.0,Moderate
262074,DL005,2020-03-14 19:00:00,57.5,132.5,1.1,24.32,13.82,41.42,0.8,15.4,44.28,,,,150.0,Moderate
262075,DL005,2020-03-14 20:00:00,60.25,133.5,1.02,36.08,20.02,39.62,0.98,15.9,24.0,,,,138.0,Moderate
262076,DL005,2020-03-14 21:00:00,67.25,117.25,3.12,44.02,25.92,38.12,1.25,14.7,7.7,,124.82,,126.0,Moderate
262077,DL005,2020-03-14 22:00:00,77.75,136.75,16.7,43.08,36.65,36.38,1.27,14.65,17.2,,,,118.0,Moderate
262078,DL005,2020-03-14 23:00:00,81.25,161.0,1.57,42.62,24.03,36.17,1.2,16.95,19.88,,,,108.0,Moderate
262079,DL005,2020-03-15 00:00:00,79.0,128.0,0.75,24.73,13.75,37.77,1.1,15.75,32.85,,,,101.0,Moderate
262080,DL005,2020-03-15 01:00:00,57.75,73.0,0.82,27.02,15.05,39.6,1.2,17.57,22.38,,,,96.0,Satisfactory
262081,DL005,2020-03-15 02:00:00,46.5,71.25,1.0,30.62,17.07,44.23,1.17,16.45,19.2,,,,93.0,Satisfactory
262082,DL005,2020-03-15 03:00:00,45.25,80.0,2.6,35.9,21.2,48.0,1.2,16.8,5.57,,,,93.0,Satisfactory
262083,DL005,2020-03-15 04:00:00,52.75,93.75,2.17,33.1,19.35,42.0,1.23,16.2,9.72,,,,95.0,Satisfactory
262084,DL005,2020-03-15 05:00:00,74.75,130.5,3.55,34.67,21.38,38.15,1.55,24.25,5.9,,,,100.0,Satisfactory
262085,DL005,2020-03-15 06:00:00,169.25,271.0,5.4,37.35,24.27,36.43,1.77,35.42,6.5,,,,109.0,Moderate
262086,DL005,2020-03-15 07:00:00,193.0,330.25,45.88,33.47,55.12,37.85,1.88,29.43,5.25,,,,134.0,Moderate
262087,DL005,2020-03-15 08:00:00,190.75,333.75,40.8,37.85,53.4,40.15,2.05,27.12,6.18,,,,156.0,Moderate
262088,DL005,2020-03-15 09:00:00,187.5,310.75,16.38,39.08,34.2,41.8,1.92,35.5,11.15,,,,176.0,Moderate
262089,DL005,2020-03-15 10:00:00,172.0,268.25,23.77,39.6,40.52,45.15,1.92,30.43,11.2,,,,191.0,Moderate
262090,DL005,2020-03-15 11:00:00,171.75,257.25,9.48,35.78,26.75,45.77,1.77,31.15,36.95,,111.85,,204.0,Poor
262091,DL005,2020-03-15 12:00:00,146.25,228.25,3.27,26.25,16.62,44.57,1.52,32.5,74.5,,106.62,,212.0,Poor
262092,DL005,2020-03-15 13:00:00,91.25,153.5,1.27,21.8,12.6,43.25,1.52,26.25,101.27,,114.4,,212.0,Poor
262093,DL005,2020-03-15 14:00:00,65.75,112.25,0.73,16.77,9.5,40.35,1.5,22.72,115.03,,,,208.0,Poor
262094,DL005,2020-03-15 15:00:00,56.25,101.5,0.73,16.2,9.38,40.45,1.5,20.5,123.2,,,,213.0,Poor
262095,DL005,2020-03-15 16:00:00,46.0,101.25,0.8,15.88,9.2,42.23,0.2,17.83,120.88,,,,215.0,Poor
262096,DL005,2020-03-15 17:00:00,42.0,98.25,3.33,17.5,11.93,43.4,0.23,17.35,119.03,,,,216.0,Poor
262097,DL005,2020-03-15 18:00:00,48.0,109.75,0.7,18.75,10.52,43.92,0.25,16.68,113.4,,,,217.0,Poor
262098,DL005,2020-03-15 19:00:00,50.75,136.75,0.47,29.1,15.9,42.38,0.42,20.48,79.85,,119.32,,216.0,Poor
262099,DL005,2020-03-15 20:00:00,61.75,174.75,0.6,26.77,14.7,40.93,0.5,21.73,75.65,,205.85,,216.0,Poor
262100,DL005,2020-03-15 21:00:00,69.5,170.5,0.32,24.62,13.35,40.6,0.4,24.77,79.45,,162.67,,216.0,Poor
262101,DL005,2020-03-15 22:00:00,69.0,160.0,0.6,35.65,19.45,40.6,0.6,21.1,50.52,,135.7,,215.0,Poor
262102,DL005,2020-03-15 23:00:00,81.75,169.75,0.7,36.5,20.0,41.65,0.62,23.28,34.35,,,,215.0,Poor
262103,DL005,2020-03-16 00:00:00,120.0,210.25,0.93,39.73,21.9,43.85,0.7,28.0,25.48,,,,221.0,Poor
262104,DL005,2020-03-16 01:00:00,156.25,243.0,0.65,32.62,17.85,45.42,0.6,33.2,37.27,,,,234.0,Poor
262105,DL005,2020-03-16 02:00:00,168.5,231.5,0.38,26.65,14.5,46.8,0.53,33.2,47.8,,,,251.0,Poor
262106,DL005,2020-03-16 03:00:00,118.5,198.75,0.9,25.4,14.2,47.4,0.5,31.4,32.05,,,,262.0,Poor
262107,DL005,2020-03-16 04:00:00,119.0,195.0,0.73,28.27,15.6,44.6,0.6,32.38,27.5,,,,271.0,Poor
262108,DL005,2020-03-16 05:00:00,150.0,249.0,0.65,27.8,15.32,39.38,0.7,33.48,19.65,,,,281.0,Poor
262109,DL005,2020-03-16 06:00:00,139.75,240.5,1.1,29.33,16.48,36.85,0.7,28.15,16.82,,,,277.0,Poor
262110,DL005,2020-03-16 07:00:00,130.25,225.25,6.65,36.02,24.65,37.92,0.78,23.98,8.5,,,,268.0,Poor
262111,DL005,2020-03-16 08:00:00,149.5,261.5,6.58,33.98,23.45,41.08,0.85,25.27,9.95,,,,263.0,Poor
262112,DL005,2020-03-16 09:00:00,173.0,269.5,6.75,29.17,21.02,42.75,0.8,30.6,18.5,,,,261.0,Poor
262113,DL005,2020-03-16 10:00:00,140.5,220.5,2.75,21.6,13.73,44.12,0.67,25.75,44.1,,,,256.0,Poor
262114,DL005,2020-03-16 11:00:00,82.75,144.5,1.8,17.3,10.68,43.97,0.6,19.57,70.58,,,,244.0,Poor
262115,DL005,2020-03-16 12:00:00,61.5,124.0,1.07,15.95,9.38,41.45,0.6,16.75,83.38,,,,232.0,Poor
262116,DL005,2020-03-16 13:00:00,44.75,111.0,0.95,15.53,9.0,40.75,0.6,15.85,87.42,,,,226.0,Poor
262117,DL005,2020-03-16 14:00:00,43.0,105.75,1.12,15.7,9.25,40.9,0.6,16.0,94.85,,,,223.0,Poor
262118,DL005,2020-03-16 15:00:00,39.0,98.0,1.05,15.2,8.9,39.22,0.62,15.92,93.07,,,,220.0,Poor
262119,DL005,2020-03-16 16:00:00,37.25,93.75,0.67,14.88,8.47,41.98,0.23,16.25,96.92,,,,219.0,Poor
262120,DL005,2020-03-16 17:00:00,41.0,91.25,0.57,15.28,8.57,42.47,0.28,15.82,92.17,,,,219.0,Poor
262121,DL005,2020-03-16 18:00:00,38.25,95.25,0.95,18.55,10.65,43.2,0.3,14.3,86.25,,,,217.0,Poor
262122,DL005,2020-03-16 19:00:00,34.0,113.0,0.62,36.52,19.93,44.75,0.5,16.03,41.83,,,,215.0,Poor
262123,DL005,2020-03-16 20:00:00,51.5,186.5,6.85,67.53,41.57,40.15,0.93,19.67,6.8,,,,214.0,Poor
262124,DL005,2020-03-16 21:00:00,75.0,250.5,6.67,62.32,38.57,38.5,0.9,24.02,5.92,,,,214.0,Poor
262125,DL005,2020-03-16 22:00:00,104.25,246.25,7.85,54.92,35.85,39.05,0.88,38.95,8.85,,,,219.0,Poor
262126,DL005,2020-03-16 23:00:00,130.0,266.0,23.1,54.7,48.08,38.15,0.88,23.88,4.22,,,,226.0,Poor
262127,DL005,2020-03-17 00:00:00,129.5,261.5,14.55,51.08,39.12,39.48,0.75,20.1,4.27,,,,227.0,Poor
262128,DL005,2020-03-17 01:00:00,122.5,236.25,1.38,34.38,19.42,40.02,0.65,21.4,14.75,,,,223.0,Poor
262129,DL005,2020-03-17 02:00:00,142.0,239.5,0.7,34.45,18.93,42.2,0.7,23.92,23.15,,,,219.0,Poor
262130,DL005,2020-03-17 03:00:00,160.25,266.5,1.0,31.9,17.8,48.9,0.6,37.1,16.4,,,,225.0,Poor
262131,DL005,2020-03-17 04:00:00,130.25,237.75,0.6,27.2,14.98,44.1,0.6,36.33,31.75,,,,226.0,Poor
262132,DL005,2020-03-17 05:00:00,122.5,218.0,0.88,28.55,15.9,38.5,0.65,28.68,17.88,,,,223.0,Poor
262133,DL005,2020-03-17 06:00:00,127.25,215.5,2.65,35.38,20.98,35.42,0.57,26.68,11.32,,,,221.0,Poor
262134,DL005,2020-03-17 07:00:00,119.75,224.25,2.17,34.8,20.25,34.58,0.67,23.12,13.65,,,,219.0,Poor
262135,DL005,2020-03-17 08:00:00,152.25,252.25,6.62,36.0,24.6,36.85,0.82,23.57,11.6,,,,220.0,Poor
262136,DL005,2020-03-17 09:00:00,159.5,265.25,7.78,33.8,24.35,38.67,0.8,35.12,23.6,,,,218.0,Poor
262137,DL005,2020-03-17 10:00:00,134.75,226.25,3.35,23.98,15.47,39.3,0.6,28.35,59.0,,,,217.0,Poor
262138,DL005,2020-03-17 11:00:00,77.0,155.75,1.27,16.45,9.88,42.5,0.5,23.62,86.32,,,,216.0,Poor
262139,DL005,2020-03-17 12:00:00,56.0,140.0,0.88,15.75,9.15,40.6,0.43,19.73,100.05,,100.3,,215.0,Poor
262140,DL005,2020-03-17 13:00:00,45.5,135.5,0.83,15.48,8.93,39.73,0.4,18.65,102.93,,,,216.0,Poor
262141,DL005,2020-03-17 14:00:00,40.25,118.25,0.95,15.05,8.82,40.23,0.4,18.2,110.5,,,,215.0,Poor
262142,DL005,2020-03-17 15:00:00,38.0,107.75,0.78,15.07,8.62,36.6,0.4,17.45,113.2,,,,215.0,Poor
262143,DL005,2020-03-17 16:00:00,37.5,109.25,0.45,15.8,8.77,37.2,0.2,16.38,111.23,,,,215.0,Poor
262144,DL005,2020-03-17 17:00:00,36.75,105.0,0.42,17.08,9.43,38.2,0.25,16.52,103.5,,,,215.0,Poor
262145,DL005,2020-03-17 18:00:00,39.5,100.0,0.55,20.27,11.23,38.45,0.32,17.3,93.4,,,,215.0,Poor
262146,DL005,2020-03-17 19:00:00,45.5,119.5,0.82,39.65,21.75,41.48,0.53,17.58,48.82,,,,216.0,Poor
262147,DL005,2020-03-17 20:00:00,65.75,181.25,4.22,69.38,40.48,38.7,0.82,20.43,13.38,,,,218.0,Poor
262148,DL005,2020-03-17 21:00:00,99.25,256.25,28.7,74.58,63.12,37.38,1.4,24.12,1.5,,,,222.0,Poor
262149,DL005,2020-03-17 22:00:00,158.75,377.0,23.23,72.72,57.62,38.25,1.65,35.62,3.35,,,,229.0,Poor
262150,DL005,2020-03-17 23:00:00,217.5,404.25,30.38,60.92,57.78,38.47,1.43,40.67,5.45,,,,241.0,Poor
262151,DL005,2020-03-18 00:00:00,211.25,408.5,27.45,59.85,54.38,40.35,1.02,29.65,2.7,,,,253.0,Poor
262152,DL005,2020-03-18 01:00:00,198.75,335.0,16.85,55.85,43.42,41.48,0.93,28.4,4.55,,136.3,,263.0,Poor
262153,DL005,2020-03-18 02:00:00,183.5,293.25,1.2,31.38,17.65,40.8,0.57,27.92,45.45,,152.5,,269.0,Poor
262154,DL005,2020-03-18 03:00:00,115.25,182.75,,,,,0.4,26.4,54.42,,141.3,,263.0,Poor
262155,DL005,2020-03-18 04:00:00,92.0,142.5,0.2,20.2,10.95,41.8,0.4,23.08,67.0,,,,258.0,Poor
262156,DL005,2020-03-18 05:00:00,81.0,129.25,0.32,21.5,11.7,36.55,0.4,20.1,60.67,,,,252.0,Poor
262157,DL005,2020-03-18 06:00:00,80.25,129.75,0.38,24.55,13.38,33.83,0.5,22.77,48.38,,,,245.0,Poor
262158,DL005,2020-03-18 07:00:00,111.25,183.75,1.22,34.15,19.2,33.3,0.68,29.43,25.52,,,,244.0,Poor
262159,DL005,2020-03-18 08:00:00,155.25,261.0,3.1,38.78,23.15,36.08,0.7,30.77,27.7,,,,244.0,Poor
262160,DL005,2020-03-18 09:00:00,150.0,239.75,3.75,30.32,19.2,37.9,0.72,31.35,39.7,,,,243.0,Poor
262161,DL005,2020-03-18 10:00:00,133.75,215.5,2.65,24.6,15.28,38.0,0.6,24.25,70.83,,,,243.0,Poor
262162,DL005,2020-03-18 11:00:00,80.5,164.25,1.4,18.55,11.0,42.15,0.43,18.38,98.85,,,,243.0,Poor
262163,DL005,2020-03-18 12:00:00,63.0,137.75,0.85,17.9,10.12,41.47,0.45,17.25,107.07,,,,244.0,Poor
262164,DL005,2020-03-18 13:00:00,49.75,122.75,0.92,15.58,9.03,40.88,0.38,16.52,106.75,,,,245.0,Poor
262165,DL005,2020-03-18 14:00:00,43.5,106.0,0.75,14.45,8.3,41.52,0.3,17.5,104.38,,,,245.0,Poor
262166,DL005,2020-03-18 15:00:00,37.0,105.5,0.62,15.43,8.65,36.75,0.4,16.7,103.92,,,,245.0,Poor
262167,DL005,2020-03-18 16:00:00,41.0,111.0,0.53,15.25,8.55,35.9,0.3,15.12,105.95,,,,246.0,Poor
262168,DL005,2020-03-18 17:00:00,43.25,105.75,0.68,16.8,9.35,37.75,0.32,14.32,100.58,,,,247.0,Poor
262169,DL005,2020-03-18 18:00:00,41.25,112.0,0.83,22.5,12.65,38.4,0.38,13.65,84.12,,,,247.0,Poor
262170,DL005,2020-03-18 19:00:00,46.0,139.0,1.25,43.38,24.02,41.83,0.5,14.57,46.78,,,,247.0,Poor
262171,DL005,2020-03-18 20:00:00,62.75,184.0,2.55,61.53,34.65,41.27,0.72,18.8,15.93,,,,247.0,Poor
262172,DL005,2020-03-18 21:00:00,85.5,,4.3,61.48,36.4,39.33,0.98,30.65,9.72,,,,245.0,Poor
262173,DL005,2020-03-18 22:00:00,118.0,,1.7,35.2,20.07,38.77,0.78,31.78,32.45,,136.23,,239.0,Poor
262174,DL005,2020-03-18 23:00:00,126.75,,0.88,35.6,19.65,35.8,0.72,23.47,31.58,,108.7,,226.0,Poor
262175,DL005,2020-03-19 00:00:00,92.75,,0.45,24.33,13.33,35.28,0.6,20.55,52.83,,109.95,,210.0,Poor
262176,DL005,2020-03-19 01:00:00,96.75,,0.8,36.23,19.93,36.82,0.6,20.62,23.28,,107.5,,196.0,Moderate
262177,DL005,2020-03-19 02:00:00,96.75,,4.65,41.88,26.05,36.8,0.78,21.62,7.85,,,,184.0,Moderate
262178,DL005,2020-03-19 03:00:00,143.0,,12.8,43.2,33.3,51.4,0.9,27.8,3.88,,,,188.0,Moderate
262179,DL005,2020-03-19 04:00:00,175.75,,4.73,40.62,25.38,46.6,0.9,36.05,7.35,,,,199.0,Moderate
262180,DL005,2020-03-19 05:00:00,198.5,,5.07,39.73,25.32,41.6,0.9,36.05,3.75,,,,216.0,Poor
262181,DL005,2020-03-19 06:00:00,185.25,,30.0,42.67,47.17,38.72,0.95,31.27,2.7,,,,230.0,Poor
262182,DL005,2020-03-19 07:00:00,184.75,,51.18,42.58,64.38,37.35,1.08,31.12,1.87,,,,240.0,Poor
262183,DL005,2020-03-19 08:00:00,229.25,,31.88,44.65,49.75,38.48,1.25,68.45,3.2,,,,251.0,Poor
262184,DL005,2020-03-19 09:00:00,283.5,,13.95,40.5,32.93,40.08,1.0,63.38,14.5,,,,269.0,Poor
262185,DL005,2020-03-19 10:00:00,223.75,,4.4,22.83,15.73,38.55,0.7,41.2,41.78,,,,282.0,Poor
262186,DL005,2020-03-19 11:00:00,130.0,,1.55,16.05,9.8,42.9,0.53,30.48,81.67,,,,289.0,Poor
262187,DL005,2020-03-19 12:00:00,84.0,114.0,0.95,13.78,8.07,48.65,0.4,24.73,96.78,,,,291.0,Poor
262188,DL005,2020-03-19 13:00:00,82.5,119.25,0.85,15.68,9.08,51.33,0.4,21.12,116.03,,,,296.0,Poor
262189,DL005,2020-03-19 14:00:00,76.0,135.75,0.57,16.8,9.4,51.95,0.4,22.55,126.2,,,,300.0,Poor
262190,DL005,2020-03-19 15:00:00,70.0,138.5,0.7,16.05,9.08,39.92,0.45,18.65,113.12,,,,301.0,Very Poor
262191,DL005,2020-03-19 16:00:00,69.5,141.25,0.9,16.15,9.35,39.4,0.32,16.88,113.33,,,,302.0,Very Poor
262192,DL005,2020-03-19 17:00:00,68.0,148.25,0.8,17.75,10.08,37.35,0.35,15.93,113.92,,,,303.0,Very Poor
262193,DL005,2020-03-19 18:00:00,65.75,156.25,0.72,20.38,11.43,35.35,0.38,13.88,102.92,,,,304.0,Very Poor
262194,DL005,2020-03-19 19:00:00,63.0,167.0,0.67,37.48,20.45,37.95,0.48,14.75,64.22,,,,304.0,Very Poor
262195,DL005,2020-03-19 20:00:00,81.0,228.25,0.8,43.7,23.88,39.02,0.65,15.7,51.75,,121.0,,305.0,Very Poor
262196,DL005,2020-03-19 21:00:00,99.0,266.0,1.05,45.38,24.98,35.8,0.7,18.45,42.38,,169.18,,305.0,Very Poor
262197,DL005,2020-03-19 22:00:00,98.25,254.5,0.97,46.88,25.73,35.0,0.7,19.98,41.35,,165.68,,305.0,Very Poor
262198,DL005,2020-03-19 23:00:00,104.25,252.5,0.7,47.8,26.0,34.52,0.75,17.4,35.17,,132.35,,304.0,Very Poor
262199,DL005,2020-03-20 00:00:00,125.0,297.25,6.57,67.08,41.02,32.48,0.85,17.0,7.47,,110.97,,305.0,Very Poor
262200,DL005,2020-03-20 01:00:00,122.0,294.75,6.42,61.5,39.3,34.02,0.9,18.95,3.88,,115.53,,306.0,Very Poor
262201,DL005,2020-03-20 02:00:00,143.5,267.25,2.45,51.73,29.5,35.05,0.78,22.12,25.0,,107.15,,307.0,Very Poor
262202,DL005,2020-03-20 03:00:00,120.0,231.0,1.4,27.3,15.7,46.6,0.3,15.1,36.92,,,,306.0,Very Poor
262203,DL005,2020-03-20 04:00:00,97.0,195.0,0.52,30.73,16.75,42.27,0.38,14.25,34.67,,,,304.0,Very Poor
262204,DL005,2020-03-20 05:00:00,90.25,186.75,1.12,34.23,19.1,37.08,0.45,12.55,16.5,,,,300.0,Poor
262205,DL005,2020-03-20 06:00:00,88.5,208.0,6.5,46.7,30.12,33.62,0.55,11.93,7.18,,,,289.0,Poor
262206,DL005,2020-03-20 07:00:00,93.25,185.0,4.78,48.05,29.48,31.75,0.62,11.75,6.22,,,,276.0,Poor
262207,DL005,2020-03-20 08:00:00,122.0,239.0,12.4,52.47,38.02,30.42,1.2,16.8,8.85,,,,261.0,Poor
262208,DL005,2020-03-20 09:00:00,182.5,379.5,8.82,45.25,31.28,33.65,1.05,33.95,28.38,,,,247.0,Poor
262209,DL005,2020-03-20 10:00:00,171.25,309.75,3.6,32.77,20.4,34.85,0.7,23.55,69.12,,,,240.0,Poor
262210,DL005,2020-03-20 11:00:00,100.5,203.25,1.9,24.68,14.7,37.67,0.6,20.4,96.88,,,,236.0,Poor
262211,DL005,2020-03-20 12:00:00,86.5,179.5,1.6,23.55,13.8,43.2,0.55,23.27,117.03,,,,236.0,Poor
262212,DL005,2020-03-20 13:00:00,89.75,193.0,1.1,22.1,12.62,41.77,0.47,21.38,132.8,,,,237.0,Poor
262213,DL005,2020-03-20 14:00:00,74.5,177.5,0.88,18.95,10.82,41.07,0.4,20.55,129.78,,,,237.0,Poor
262214,DL005,2020-03-20 15:00:00,64.5,155.0,0.85,18.88,10.72,40.0,0.35,21.73,125.3,,,,236.0,Poor
262215,DL005,2020-03-20 16:00:00,56.5,150.5,0.62,19.48,10.88,36.25,0.32,19.45,123.07,,,,234.0,Poor
262216,DL005,2020-03-20 17:00:00,55.25,165.0,0.65,20.1,11.22,36.42,0.3,16.4,118.65,,,,232.0,Poor
262217,DL005,2020-03-20 18:00:00,56.75,174.25,0.85,22.43,12.6,36.98,0.43,15.8,110.05,,,,231.0,Poor
262218,DL005,2020-03-20 19:00:00,62.25,234.75,0.65,45.3,24.68,38.28,0.7,14.98,72.05,,,,231.0,Poor
262219,DL005,2020-03-20 20:00:00,79.25,374.5,1.1,74.9,40.75,39.95,1.0,13.6,28.8,,,,231.0,Poor
262220,DL005,2020-03-20 21:00:00,102.0,402.0,4.25,85.0,48.65,36.97,1.25,16.0,13.1,,,,231.0,Poor
262221,DL005,2020-03-20 22:00:00,112.25,388.0,48.1,98.3,91.4,35.47,1.7,15.7,2.8,,,,233.0,Poor
262222,DL005,2020-03-20 23:00:00,137.75,490.75,48.45,84.18,84.45,36.35,1.62,16.4,6.65,,112.2,,238.0,Poor
262223,DL005,2020-03-21 00:00:00,148.0,452.0,12.07,66.67,45.23,34.17,1.08,18.65,2.67,,158.7,,241.0,Poor
262224,DL005,2020-03-21 01:00:00,149.25,337.0,12.1,64.15,44.15,35.1,1.12,24.82,2.15,,145.4,,245.0,Poor
262225,DL005,2020-03-21 02:00:00,165.25,378.5,24.9,74.68,60.0,36.12,1.42,29.3,24.55,,124.28,,248.0,Poor
262226,DL005,2020-03-21 03:00:00,175.75,438.0,40.1,73.4,71.7,49.5,1.4,,33.65,,128.2,,256.0,Poor
262227,DL005,2020-03-21 04:00:00,185.0,434.75,14.97,58.75,43.45,45.9,1.15,22.2,12.38,,123.75,,268.0,Poor
262228,DL005,2020-03-21 05:00:00,203.75,359.25,9.68,48.75,33.88,39.15,1.0,20.8,3.12,,106.8,,284.0,Poor
262229,DL005,2020-03-21 06:00:00,185.25,324.5,8.0,48.65,32.4,35.8,0.8,19.6,3.9,,,,297.0,Poor
262230,DL005,2020-03-21 07:00:00,138.25,228.25,6.2,55.35,34.55,33.48,0.6,19.3,7.1,,,,301.0,Very Poor
262231,DL005,2020-03-21 08:00:00,148.0,236.25,9.4,44.78,31.43,31.77,0.93,36.73,5.62,,,,302.0,Very Poor
262232,DL005,2020-03-21 09:00:00,244.75,365.25,6.15,26.43,19.02,32.67,0.72,28.67,23.55,,,,304.0,Very Poor
262233,DL005,2020-03-21 10:00:00,121.25,221.5,2.55,22.02,13.82,34.33,0.55,20.9,46.42,,,,302.0,Very Poor
262234,DL005,2020-03-21 11:00:00,92.5,195.0,1.43,21.0,12.32,36.1,0.5,19.07,77.78,,,,302.0,Very Poor
262235,DL005,2020-03-21 12:00:00,87.5,176.0,0.98,20.52,11.7,41.93,0.53,21.45,100.8,,,,302.0,Very Poor
262236,DL005,2020-03-21 13:00:00,98.75,186.25,1.25,21.62,12.52,41.88,0.6,24.65,125.78,,,,302.0,Very Poor
262237,DL005,2020-03-21 14:00:00,107.25,193.75,0.9,21.27,12.05,39.8,0.55,24.85,128.9,,,,303.0,Very Poor
262238,DL005,2020-03-21 15:00:00,100.75,183.25,0.62,20.85,11.6,33.3,0.7,29.43,118.12,,,,304.0,Very Poor
262239,DL005,2020-03-21 16:00:00,105.25,194.25,0.6,21.27,11.83,33.55,0.47,33.55,139.17,,,,306.0,Very Poor
262240,DL005,2020-03-21 17:00:00,99.25,172.25,0.57,18.2,10.15,35.08,0.38,31.57,125.53,,,,307.0,Very Poor
262241,DL005,2020-03-21 18:00:00,83.5,147.75,0.7,21.75,12.15,35.73,0.32,25.8,103.08,,,,308.0,Very Poor
262242,DL005,2020-03-21 19:00:00,73.75,165.0,0.6,41.17,22.4,35.03,0.55,21.2,62.55,,,,308.0,Very Poor
262243,DL005,2020-03-21 20:00:00,92.0,253.0,4.2,85.42,48.83,32.67,1.05,19.4,10.9,,,,309.0,Very Poor
262244,DL005,2020-03-21 21:00:00,121.0,326.0,6.43,80.1,47.88,29.73,1.23,20.4,11.88,,,,309.0,Very Poor
262245,DL005,2020-03-21 22:00:00,141.25,299.5,1.15,35.72,19.9,30.0,0.82,26.15,53.52,,,,310.0,Very Poor
262246,DL005,2020-03-21 23:00:00,128.5,235.0,0.68,28.43,15.65,29.5,0.72,23.62,58.12,,,,310.0,Very Poor
262247,DL005,2020-03-22 00:00:00,126.5,228.75,0.93,34.22,18.95,30.75,0.7,24.0,56.07,,,,309.0,Very Poor
262248,DL005,2020-03-22 01:00:00,140.0,241.25,1.07,36.15,20.08,31.95,0.78,18.03,31.2,,,,309.0,Very Poor
262249,DL005,2020-03-22 02:00:00,159.25,254.25,1.7,37.9,21.52,33.62,0.8,15.22,18.65,,,,309.0,Very Poor
262250,DL005,2020-03-22 03:00:00,158.5,249.5,1.7,35.5,20.2,42.4,0.7,13.9,11.18,,,,308.0,Very Poor
262251,DL005,2020-03-22 04:00:00,146.75,231.25,1.65,34.88,19.9,36.67,0.8,15.9,,,,,307.0,Very Poor
262252,DL005,2020-03-22 05:00:00,153.5,229.0,1.95,35.15,20.25,31.58,0.78,22.18,2.65,,,,306.0,Very Poor
262253,DL005,2020-03-22 06:00:00,151.5,227.75,1.35,32.25,18.3,27.3,0.7,20.65,5.35,,,,304.0,Very Poor
262254,DL005,2020-03-22 07:00:00,129.75,196.25,9.53,36.38,26.98,24.8,0.75,16.32,9.2,,,,304.0,Very Poor
262255,DL005,2020-03-22 08:00:00,132.25,208.5,18.62,40.0,36.5,25.23,0.95,19.1,31.93,,,,304.0,Very Poor
262256,DL005,2020-03-22 09:00:00,150.5,233.25,3.98,26.43,17.3,29.35,0.65,29.25,33.75,,,,301.0,Very Poor
262257,DL005,2020-03-22 10:00:00,125.0,183.75,3.1,27.98,17.38,31.5,0.67,25.93,61.52,,,,301.0,Very Poor
262258,DL005,2020-03-22 11:00:00,129.75,196.75,2.73,28.78,17.52,32.77,0.6,22.77,90.75,,,,302.0,Very Poor
262259,DL005,2020-03-22 12:00:00,112.75,167.75,1.25,18.85,11.05,33.2,0.5,21.38,87.67,,,,303.0,Very Poor
262260,DL005,2020-03-22 13:00:00,91.75,134.75,0.6,13.1,7.47,31.38,0.32,19.17,106.35,,,,303.0,Very Poor
262261,DL005,2020-03-22 14:00:00,65.75,99.5,1.0,11.73,7.03,31.1,0.32,17.3,107.45,,,,301.0,Very Poor
262262,DL005,2020-03-22 15:00:00,60.5,92.5,0.82,10.9,6.45,29.1,0.3,16.17,97.5,,,,300.0,Poor
262263,DL005,2020-03-22 16:00:00,51.75,84.0,0.23,10.9,6.0,27.95,0.2,13.6,110.3,,,,292.0,Poor
262264,DL005,2020-03-22 17:00:00,39.75,77.25,0.52,11.15,6.33,29.62,0.2,8.22,104.72,,,,284.0,Poor
262265,DL005,2020-03-22 18:00:00,43.5,69.5,0.57,12.72,7.22,30.98,0.28,8.88,94.32,,,,279.0,Poor
262266,DL005,2020-03-22 19:00:00,53.0,89.75,0.68,20.58,11.5,31.77,0.35,10.4,72.62,,,,276.0,Poor
262267,DL005,2020-03-22 20:00:00,65.0,115.0,0.53,16.45,9.2,29.88,0.4,14.77,55.75,,,,272.0,Poor
262268,DL005,2020-03-22 21:00:00,57.5,105.5,0.57,15.8,8.88,27.07,0.4,14.77,56.28,,,,263.0,Poor
262269,DL005,2020-03-22 22:00:00,59.0,106.0,0.72,14.58,8.35,25.95,0.38,14.15,60.7,,,,252.0,Poor
262270,DL005,2020-03-22 23:00:00,49.25,83.25,0.28,13.0,7.12,25.48,0.38,13.25,64.38,,,,241.0,Poor
262271,DL005,2020-03-23 00:00:00,47.25,76.75,0.55,13.8,7.8,26.8,0.3,13.43,85.42,,,,230.0,Poor
262272,DL005,2020-03-23 01:00:00,53.5,81.5,0.6,13.93,7.97,29.38,0.38,15.68,73.08,,,,218.0,Poor
262273,DL005,2020-03-23 02:00:00,66.75,102.25,0.62,14.55,8.25,30.5,0.35,14.72,66.9,,,,205.0,Poor
262274,DL005,2020-03-23 03:00:00,58.5,92.25,0.6,33.7,18.4,37.2,0.4,11.2,37.42,,,,191.0,Moderate
262275,DL005,2020-03-23 04:00:00,62.75,105.5,0.9,27.05,15.1,34.17,0.4,13.75,22.7,,,,179.0,Moderate
262276,DL005,2020-03-23 05:00:00,61.25,103.25,0.62,21.45,11.9,28.58,0.4,13.43,10.5,,,,166.0,Moderate
262277,DL005,2020-03-23 06:00:00,69.25,109.0,0.43,18.95,10.45,24.7,0.5,15.65,15.03,,,,155.0,Moderate
262278,DL005,2020-03-23 07:00:00,103.5,170.0,1.15,22.27,12.78,23.88,0.67,23.65,10.52,,,,151.0,Moderate
262279,DL005,2020-03-23 08:00:00,129.0,215.0,3.27,25.32,16.12,25.02,0.8,30.8,37.0,,,,151.0,Moderate
262280,DL005,2020-03-23 09:00:00,171.0,251.0,2.85,19.95,12.93,28.9,,33.48,41.85,,,,154.0,Moderate
262281,DL005,2020-03-23 10:00:00,146.5,202.5,1.55,17.02,10.18,30.47,,29.93,54.95,,,,157.0,Moderate
262282,DL005,2020-03-23 11:00:00,91.5,126.25,1.05,14.88,8.88,31.12,,20.77,79.82,,,,151.0,Moderate
262283,DL005,2020-03-23 12:00:00,59.75,85.25,0.72,12.3,7.12,30.97,0.3,15.55,80.28,,,,144.0,Moderate
262284,DL005,2020-03-23 13:00:00,39.5,66.75,0.68,10.35,6.05,27.97,0.3,15.6,92.57,,,,137.0,Moderate
262285,DL005,2020-03-23 14:00:00,35.25,61.25,0.5,9.93,5.67,26.82,,16.2,101.6,,,,133.0,Moderate
262286,DL005,2020-03-23 15:00:00,36.5,54.5,0.57,9.97,5.77,25.62,,16.32,102.17,,,,129.0,Moderate
262287,DL005,2020-03-23 16:00:00,38.0,50.0,0.52,10.62,6.15,26.12,,17.62,119.15,,,,128.0,Moderate
262288,DL005,2020-03-23 17:00:00,38.0,72.0,0.53,10.98,6.27,27.07,,14.8,110.9,,,,128.0,Moderate
262289,DL005,2020-03-23 18:00:00,31.0,67.0,0.5,12.75,7.17,28.0,,17.98,98.67,,,,128.0,Moderate
262290,DL005,2020-03-23 19:00:00,40.0,103.0,0.62,15.2,8.62,28.62,,12.05,77.95,,,,128.0,Moderate
262291,DL005,2020-03-23 20:00:00,36.0,129.0,0.45,18.02,9.95,27.7,,11.3,45.02,,,,128.0,Moderate
262292,DL005,2020-03-23 21:00:00,45.0,99.0,1.12,45.1,24.95,25.88,,13.38,3.77,,,,128.0,Moderate
262293,DL005,2020-03-23 22:00:00,72.0,195.0,1.42,37.33,21.0,24.73,,15.75,10.45,,,,128.0,Moderate
262294,DL005,2020-03-23 23:00:00,59.0,149.0,1.12,28.62,16.15,24.27,,17.57,13.43,,,,128.0,Moderate
262295,DL005,2020-03-24 00:00:00,78.0,180.0,1.27,33.48,18.88,25.4,,19.52,29.4,,,,125.0,Moderate
262296,DL005,2020-03-24 01:00:00,84.0,200.0,1.93,41.2,23.5,27.5,,13.7,19.62,,,,129.0,Moderate
262297,DL005,2020-03-24 02:00:00,85.0,174.0,1.1,30.2,16.95,29.15,,20.0,19.75,,,,132.0,Moderate
262298,DL005,2020-03-24 03:00:00,99.0,166.0,,,,,,19.7,13.03,,,,138.0,Moderate
262299,DL005,2020-03-24 04:00:00,105.0,164.0,0.7,27.77,15.35,34.0,,22.27,8.6,,,,143.0,Moderate
262300,DL005,2020-03-24 05:00:00,113.0,177.0,0.93,24.82,13.95,29.38,,25.75,4.67,,,,151.0,Moderate
262301,DL005,2020-03-24 06:00:00,112.0,158.0,0.57,23.38,12.9,25.8,,28.35,14.05,,,,157.0,Moderate
262302,DL005,2020-03-24 07:00:00,105.0,157.0,0.75,23.95,13.38,23.73,,26.35,19.9,,,,157.0,Moderate
262303,DL005,2020-03-24 08:00:00,107.0,189.0,2.23,25.75,15.5,23.48,,28.27,35.35,,,,154.0,Moderate
262304,DL005,2020-03-24 09:00:00,121.0,199.0,4.1,32.75,20.77,26.35,,22.1,49.17,,,,147.0,Moderate
262305,DL005,2020-03-24 10:00:00,89.0,161.0,2.7,30.38,18.4,27.6,,19.15,64.65,,,,139.0,Moderate
262306,DL005,2020-03-24 11:00:00,61.0,129.0,1.72,24.0,14.18,28.7,,17.88,90.25,,,,135.0,Moderate
262307,DL005,2020-03-24 12:00:00,53.0,130.0,0.88,18.8,10.7,30.65,,17.57,105.8,,,,134.0,Moderate
262308,DL005,2020-03-24 13:00:00,57.0,123.0,0.35,13.4,7.5,25.9,0.55,,93.4,,,,136.0,Moderate
262309,DL005,2020-03-24 14:00:00,,,0.75,13.28,7.68,26.23,0.78,,121.05,,,,141.0,Moderate
262310,DL005,2020-03-24 15:00:00,56.0,114.0,0.25,11.5,6.33,27.62,0.9,,117.57,,,,144.0,Moderate
262311,DL005,2020-03-24 16:00:00,51.0,106.0,0.65,12.57,7.23,26.48,0.35,,121.88,,,,146.0,Moderate
262312,DL005,2020-03-24 17:00:00,52.0,113.0,0.43,11.97,6.72,26.95,0.3,,74.0,,,,148.0,Moderate
262313,DL005,2020-03-24 18:00:00,22.0,68.0,1.0,12.25,7.3,26.6,0.38,,45.33,,,,147.0,Moderate
262314,DL005,2020-03-24 19:00:00,,,0.68,17.5,9.9,26.83,0.5,,29.72,,,,152.0,Moderate
262315,DL005,2020-03-24 20:00:00,24.0,31.0,1.1,32.83,18.42,27.45,0.85,,10.0,,,,150.0,Moderate
262316,DL005,2020-03-24 21:00:00,45.0,61.0,2.15,23.45,14.2,26.1,0.82,,22.2,,,,150.0,Moderate
262317,DL005,2020-03-24 22:00:00,44.0,62.0,0.9,15.05,8.75,23.55,0.67,,15.68,,,,146.0,Moderate
262318,DL005,2020-03-24 23:00:00,29.0,35.0,0.9,17.35,9.98,22.32,0.78,,8.43,,,,141.0,Moderate
262319,DL005,2020-03-25 00:00:00,35.0,57.0,1.08,15.1,8.88,22.52,0.88,,20.38,,,,135.0,Moderate
262320,DL005,2020-03-25 01:00:00,75.0,130.0,1.38,16.82,10.07,24.55,0.9,,25.93,,,,133.0,Moderate
262321,DL005,2020-03-25 02:00:00,66.0,110.0,2.3,19.95,12.47,25.2,0.9,,12.3,,,,130.0,Moderate
262322,DL005,2020-03-25 03:00:00,55.0,94.0,0.7,19.9,11.1,29.2,0.9,,8.0,,,,124.0,Moderate
262323,DL005,2020-03-25 04:00:00,56.0,97.0,1.12,18.02,10.53,28.6,1.0,,5.47,,,,116.0,Moderate
262324,DL005,2020-03-25 05:00:00,78.0,157.0,1.45,19.35,11.45,25.25,1.05,,,,,,111.0,Moderate
262325,DL005,2020-03-25 06:00:00,73.0,112.0,1.48,18.8,11.23,22.43,1.12,,,,,,107.0,Moderate
262326,DL005,2020-03-25 07:00:00,63.0,99.0,1.43,17.55,10.52,20.4,1.23,,0.75,,,,105.0,Moderate
262327,DL005,2020-03-25 08:00:00,69.0,106.0,2.68,17.22,11.32,20.25,1.27,,15.22,,,,103.0,Moderate
262328,DL005,2020-03-25 09:00:00,79.0,108.0,3.2,19.25,12.8,23.33,1.27,,37.08,,,,100.0,Satisfactory
262329,DL005,2020-03-25 10:00:00,79.0,97.0,3.5,22.2,14.68,25.0,1.3,,38.65,,,,97.0,Satisfactory
262330,DL005,2020-03-25 11:00:00,63.0,91.0,1.38,17.82,10.62,26.12,1.12,,65.9,,,,96.0,Satisfactory
262331,DL005,2020-03-25 12:00:00,53.0,72.0,1.12,14.32,8.55,26.68,1.08,,67.85,,,,93.0,Satisfactory
262332,DL005,2020-03-25 13:00:00,39.0,66.0,0.78,12.18,7.08,26.77,1.05,,53.8,,,,91.0,Satisfactory
262333,DL005,2020-03-25 14:00:00,29.0,62.0,0.75,11.15,6.53,25.7,1.0,,61.8,,,,89.0,Satisfactory
262334,DL005,2020-03-25 15:00:00,30.0,53.0,0.43,10.3,5.8,24.07,1.0,,60.12,,,,88.0,Satisfactory
262335,DL005,2020-03-25 16:00:00,28.0,58.0,0.82,9.93,5.95,23.65,0.12,,67.1,,,,86.0,Satisfactory
262336,DL005,2020-03-25 17:00:00,28.0,56.0,0.65,10.57,6.15,23.82,0.2,,79.35,,,,84.0,Satisfactory
262337,DL005,2020-03-25 18:00:00,34.0,77.0,0.45,11.65,6.55,24.75,0.28,,65.47,,,,85.0,Satisfactory
262338,DL005,2020-03-25 19:00:00,31.0,67.0,0.85,13.25,7.78,25.57,0.35,,51.33,,,,84.0,Satisfactory
262339,DL005,2020-03-25 20:00:00,42.0,89.0,0.7,15.75,9.03,25.9,0.47,,42.23,,,,85.0,Satisfactory
262340,DL005,2020-03-25 21:00:00,52.0,79.0,0.75,14.8,8.47,24.43,0.5,,15.45,,,,85.0,Satisfactory
262341,DL005,2020-03-25 22:00:00,51.5,78.5,0.88,16.43,9.47,22.02,0.55,,11.68,,,,86.0,Satisfactory
262342,DL005,2020-03-25 23:00:00,66.25,94.25,0.98,17.35,10.0,22.4,0.67,,17.58,,,,89.0,Satisfactory
262343,DL005,2020-03-26 00:00:00,105.25,147.75,1.55,18.62,11.18,23.67,0.7,,12.97,,,,93.0,Satisfactory
262344,DL005,2020-03-26 01:00:00,127.25,182.5,1.58,16.5,10.07,25.95,0.75,,25.25,,,,97.0,Satisfactory
262345,DL005,2020-03-26 02:00:00,184.0,250.5,1.1,15.07,8.93,25.97,0.7,,25.2,,,,110.0,Moderate
262346,DL005,2020-03-26 03:00:00,117.25,160.5,0.4,12.5,6.9,29.9,0.5,,22.65,,,,119.0,Moderate
262347,DL005,2020-03-26 04:00:00,59.75,74.75,0.9,12.9,7.6,27.95,0.5,,18.07,,,,120.0,Moderate
262348,DL005,2020-03-26 05:00:00,59.0,79.0,0.8,13.3,7.72,25.55,0.6,,0.55,,,,117.0,Moderate
262349,DL005,2020-03-26 06:00:00,74.5,108.0,0.85,13.35,7.78,23.88,0.7,,4.08,,,,117.0,Moderate
262350,DL005,2020-03-26 07:00:00,92.0,147.5,1.3,14.9,9.03,21.85,0.75,,4.05,,,,121.0,Moderate
262351,DL005,2020-03-26 08:00:00,102.25,160.5,2.73,14.6,10.02,22.0,0.88,,11.25,,,,126.0,Moderate
262352,DL005,2020-03-26 09:00:00,134.75,200.25,2.02,11.6,7.8,24.25,0.7,,37.85,,,,134.0,Moderate
262353,DL005,2020-03-26 10:00:00,86.0,135.0,1.35,10.77,6.83,23.6,0.55,,34.02,,,,135.0,Moderate
262354,DL005,2020-03-26 11:00:00,44.25,70.0,1.1,10.2,6.33,24.23,0.5,,33.88,,,,132.0,Moderate
262355,DL005,2020-03-26 12:00:00,37.5,59.5,0.6,10.25,5.95,25.65,0.5,,37.85,,,,130.0,Moderate
262356,DL005,2020-03-26 13:00:00,31.75,53.75,0.72,9.97,5.88,24.38,0.5,,20.75,,,,129.0,Moderate
262357,DL005,2020-03-26 14:00:00,28.75,51.75,0.73,9.65,5.72,22.88,0.6,,36.17,,,,129.0,Moderate
262358,DL005,2020-03-26 15:00:00,31.0,57.5,0.55,9.85,5.68,22.23,0.6,,42.8,,,,129.0,Moderate
262359,DL005,2020-03-26 16:00:00,32.25,59.0,0.75,10.5,6.18,21.98,0.25,,41.12,,,,129.0,Moderate
262360,DL005,2020-03-26 17:00:00,35.75,61.25,0.68,11.68,6.75,22.77,0.3,,50.75,,,,131.0,Moderate
262361,DL005,2020-03-26 18:00:00,35.75,70.25,0.65,12.07,6.95,23.45,0.3,,44.07,,,,131.0,Moderate
262362,DL005,2020-03-26 19:00:00,39.75,77.5,0.7,15.12,8.53,24.27,0.38,,30.43,,,,132.0,Moderate
262363,DL005,2020-03-26 20:00:00,48.5,82.75,0.9,17.85,10.23,25.08,0.45,,23.35,,,,133.0,Moderate
262364,DL005,2020-03-26 21:00:00,62.25,96.75,1.52,21.0,12.43,24.88,0.53,,0.75,,,,134.0,Moderate
262365,DL005,2020-03-26 22:00:00,83.5,123.0,1.55,19.1,11.45,24.35,0.65,,1.4,,,,139.0,Moderate
262366,DL005,2020-03-26 23:00:00,117.75,177.25,1.98,17.1,10.67,23.15,0.7,,1.73,,,,146.0,Moderate
262367,DL005,2020-03-27 00:00:00,113.0,171.0,1.4,14.97,9.1,22.07,0.67,,4.35,,,,147.0,Moderate
262368,DL005,2020-03-27 01:00:00,97.0,140.5,1.27,12.57,7.75,23.28,0.5,,29.23,,,,143.0,Moderate
262369,DL005,2020-03-27 02:00:00,73.5,99.75,0.9,10.7,6.43,22.52,0.38,,21.6,,,,127.0,Moderate
262370,DL005,2020-03-27 03:00:00,39.0,63.0,,,,26.65,,,14.25,,,,117.0,Moderate
262371,DL005,2020-03-27 04:00:00,46.0,72.0,,,,25.18,,,15.55,,,,115.0,Moderate
262372,DL005,2020-03-27 05:00:00,40.0,64.0,,,,23.1,,,12.2,,,,112.0,Moderate
262373,DL005,2020-03-27 06:00:00,29.0,56.0,,,,21.25,,,5.43,,,,106.0,Moderate
262374,DL005,2020-03-27 07:00:00,23.0,44.0,,,,19.85,,,5.2,,,,98.0,Satisfactory
262375,DL005,2020-03-27 08:00:00,33.0,70.0,2.7,31.05,18.7,19.3,0.5,,5.03,,,,93.0,Satisfactory
262376,DL005,2020-03-27 09:00:00,58.0,108.0,2.45,22.25,13.82,21.32,0.53,,26.43,,,,88.0,Satisfactory
262377,DL005,2020-03-27 10:00:00,68.0,102.0,2.42,20.53,12.88,22.52,0.57,,17.15,,,,87.0,Satisfactory
262378,DL005,2020-03-27 11:00:00,56.0,64.0,2.1,16.85,10.7,23.17,0.5,,14.12,,,,88.0,Satisfactory
262379,DL005,2020-03-27 12:00:00,40.0,50.0,2.47,17.95,11.57,23.57,0.57,,13.98,,,,88.0,Satisfactory
262380,DL005,2020-03-27 13:00:00,51.0,68.0,1.57,14.68,9.1,23.07,0.5,,8.47,,,,89.0,Satisfactory
262381,DL005,2020-03-27 14:00:00,24.0,27.0,0.77,11.75,6.9,22.43,0.5,,29.02,,,,89.0,Satisfactory
262382,DL005,2020-03-27 15:00:00,23.0,29.0,1.1,11.68,7.05,21.95,0.43,,40.4,,,,88.0,Satisfactory
262383,DL005,2020-03-27 16:00:00,,,1.15,12.57,7.62,21.65,0.2,,52.42,,,,90.0,Satisfactory
262384,DL005,2020-03-27 17:00:00,19.0,22.0,1.4,14.25,9.0,22.17,0.2,,71.05,,,,88.0,Satisfactory
262385,DL005,2020-03-27 18:00:00,17.0,20.0,0.7,13.17,7.55,23.17,0.2,,65.58,,,,87.0,Satisfactory
262386,DL005,2020-03-27 19:00:00,16.0,33.0,0.42,15.25,8.47,24.1,0.25,,52.08,,,,85.0,Satisfactory
262387,DL005,2020-03-27 20:00:00,28.0,59.0,0.45,12.85,7.2,24.55,0.2,,48.75,,,,84.0,Satisfactory
262388,DL005,2020-03-27 21:00:00,17.0,23.0,0.43,13.4,7.53,24.15,0.2,,32.1,,,,81.0,Satisfactory
262389,DL005,2020-03-27 22:00:00,,,0.62,14.0,7.92,22.1,0.3,,26.0,,,,78.0,Satisfactory
262390,DL005,2020-03-27 23:00:00,20.0,22.0,0.25,12.65,6.95,20.1,0.3,,24.57,,,,71.0,Satisfactory
262391,DL005,2020-03-28 00:00:00,,,0.7,11.53,6.67,19.35,0.3,,23.58,,,,71.0,Satisfactory
262392,DL005,2020-03-28 01:00:00,,,0.75,13.57,7.85,20.32,0.3,,40.92,,,,66.0,Satisfactory
262393,DL005,2020-03-28 02:00:00,,,0.88,17.38,9.93,21.9,0.3,,26.35,,,,57.0,Satisfactory
262394,DL005,2020-03-28 03:00:00,18.0,23.0,1.5,16.4,9.9,26.6,0.3,,14.62,,,,55.0,Satisfactory
262395,DL005,2020-03-28 04:00:00,20.0,24.0,0.82,17.3,9.93,25.42,0.3,,12.57,,,,53.0,Satisfactory
262396,DL005,2020-03-28 05:00:00,39.0,41.0,0.78,15.25,8.72,24.3,0.35,,9.5,,,,53.0,Satisfactory
262397,DL005,2020-03-28 06:00:00,24.0,31.0,0.75,14.15,8.15,21.67,0.4,,3.05,,,,52.0,Satisfactory
262398,DL005,2020-03-28 07:00:00,31.0,62.0,0.82,14.35,8.35,19.75,0.5,,3.5,,,,53.0,Satisfactory
262399,DL005,2020-03-28 08:00:00,24.0,55.0,5.53,16.12,13.05,18.75,0.55,,6.88,,,,52.0,Satisfactory
262400,DL005,2020-03-28 09:00:00,24.0,34.0,3.9,13.35,10.27,19.55,0.5,,33.95,,,,49.0,Good
262401,DL005,2020-03-28 10:00:00,31.0,38.0,1.62,11.28,7.3,22.5,0.4,,41.1,,,,46.0,Good
262402,DL005,2020-03-28 11:00:00,,,1.0,10.3,6.3,23.38,0.35,,37.8,,,,43.0,Good
262403,DL005,2020-03-28 12:00:00,,,0.65,10.07,5.93,24.22,0.3,,44.12,,,,44.0,Good
262404,DL005,2020-03-28 13:00:00,29.0,38.0,0.7,10.12,5.95,24.32,0.3,,35.4,,,,44.0,Good
262405,DL005,2020-03-28 14:00:00,17.0,30.0,0.88,9.6,5.8,23.05,0.3,,38.4,,,,44.0,Good
262406,DL005,2020-03-28 15:00:00,17.0,33.0,0.93,9.55,5.8,22.0,0.3,,52.9,,,,53.0,Satisfactory
262407,DL005,2020-03-28 16:00:00,18.0,35.0,0.75,9.62,5.72,22.27,0.2,,54.58,,,,55.0,Satisfactory
262408,DL005,2020-03-28 17:00:00,18.0,40.0,0.72,9.6,5.73,22.07,0.2,,68.67,,,,69.0,Satisfactory
262409,DL005,2020-03-28 18:00:00,17.0,46.0,0.7,10.42,6.17,22.7,0.2,,68.03,,,,69.0,Satisfactory
262410,DL005,2020-03-28 19:00:00,18.0,40.0,0.57,13.5,7.62,23.5,0.3,,46.4,,,,69.0,Satisfactory
262411,DL005,2020-03-28 20:00:00,27.0,54.0,0.78,24.6,13.75,24.03,0.55,,25.48,,,,69.0,Satisfactory
262412,DL005,2020-03-28 21:00:00,51.0,81.0,1.35,28.27,16.15,24.55,0.57,,19.95,,,,69.0,Satisfactory
262413,DL005,2020-03-28 22:00:00,59.0,109.0,0.98,19.3,11.08,23.75,0.47,,11.43,,,,69.0,Satisfactory
262414,DL005,2020-03-28 23:00:00,63.0,98.0,0.73,12.3,7.12,21.45,0.4,,26.58,,,,69.0,Satisfactory
262415,DL005,2020-03-29 00:00:00,41.0,64.0,0.5,11.5,6.5,19.75,0.4,,27.98,,,,69.0,Satisfactory
262416,DL005,2020-03-29 01:00:00,34.0,57.0,0.7,10.3,6.03,19.75,0.38,,43.17,,,,68.0,Satisfactory
262417,DL005,2020-03-29 02:00:00,33.0,61.0,0.32,11.67,6.47,21.68,0.3,,52.4,,,,52.0,Satisfactory
262418,DL005,2020-03-29 03:00:00,39.0,64.0,1.0,13.1,7.7,25.3,0.3,,33.53,,,,52.0,Satisfactory
262419,DL005,2020-03-29 04:00:00,42.0,76.0,0.85,12.9,7.58,24.93,0.3,,27.98,,,,54.0,Satisfactory
262420,DL005,2020-03-29 05:00:00,60.5,103.25,0.55,11.75,6.72,24.62,0.4,,21.83,,,,57.0,Satisfactory
262421,DL005,2020-03-29 06:00:00,56.25,101.5,0.75,11.6,6.78,21.9,0.4,,4.65,,,,60.0,Satisfactory
262422,DL005,2020-03-29 07:00:00,58.75,105.25,0.95,14.72,8.6,19.38,0.43,,5.6,,,,62.0,Satisfactory
262423,DL005,2020-03-29 08:00:00,66.75,116.5,1.77,12.68,8.15,18.98,0.5,,17.25,,,,65.0,Satisfactory
262424,DL005,2020-03-29 09:00:00,70.0,122.25,1.48,10.77,6.95,18.92,0.45,,47.77,,,,69.0,Satisfactory
262425,DL005,2020-03-29 10:00:00,50.75,94.25,1.02,10.27,6.33,21.65,0.4,,68.78,,,,71.0,Satisfactory
262426,DL005,2020-03-29 11:00:00,35.25,80.5,0.65,10.38,6.08,23.08,0.3,,59.33,,,,72.0,Satisfactory
262427,DL005,2020-03-29 12:00:00,26.5,79.5,0.93,10.2,6.15,23.73,0.3,,65.1,,,,72.0,Satisfactory
262428,DL005,2020-03-29 13:00:00,25.0,72.75,0.88,10.23,6.2,24.25,0.3,,64.4,,,,73.0,Satisfactory
262429,DL005,2020-03-29 14:00:00,23.0,73.25,0.8,9.32,5.6,22.62,0.3,,52.97,,,,75.0,Satisfactory
262430,DL005,2020-03-29 15:00:00,17.75,68.0,0.57,8.93,5.23,21.15,0.3,,70.77,,,,77.0,Satisfactory
262431,DL005,2020-03-29 16:00:00,20.5,65.75,0.65,8.62,5.1,20.48,0.1,,76.75,,,,78.0,Satisfactory
262432,DL005,2020-03-29 17:00:00,21.5,60.5,0.55,8.93,5.18,21.02,0.1,,89.53,,,,90.0,Satisfactory
262433,DL005,2020-03-29 18:00:00,20.0,63.0,0.62,9.53,5.58,22.68,0.12,,92.62,,,,93.0,Satisfactory
262434,DL005,2020-03-29 19:00:00,22.0,58.75,0.47,11.4,6.45,23.27,0.23,,63.55,,,,93.0,Satisfactory
262435,DL005,2020-03-29 20:00:00,32.0,68.75,0.4,14.88,8.25,24.02,0.35,,47.55,,,,93.0,Satisfactory
262436,DL005,2020-03-29 21:00:00,50.25,93.25,0.62,16.32,9.18,24.57,0.4,,35.48,,,,93.0,Satisfactory
262437,DL005,2020-03-29 22:00:00,69.25,120.25,0.68,14.72,8.32,22.55,0.4,,13.7,,,,93.0,Satisfactory
262438,DL005,2020-03-29 23:00:00,69.25,110.25,0.55,13.85,7.78,21.05,0.4,,30.57,,,,93.0,Satisfactory
262439,DL005,2020-03-30 00:00:00,64.25,110.25,0.3,11.67,6.5,20.0,0.4,,40.8,,,,93.0,Satisfactory
262440,DL005,2020-03-30 01:00:00,52.0,93.5,0.43,10.22,5.8,19.68,0.38,,49.98,,,,93.0,Satisfactory
262441,DL005,2020-03-30 02:00:00,39.0,75.5,0.4,10.32,5.83,21.62,0.3,,71.4,,,,87.0,Satisfactory
262442,DL005,2020-03-30 03:00:00,36.75,70.5,0.9,11.8,7.0,26.2,0.3,,64.3,,,,87.0,Satisfactory
262443,DL005,2020-03-30 04:00:00,40.75,70.5,0.43,11.12,6.25,25.77,0.3,,57.5,,,,87.0,Satisfactory
262444,DL005,2020-03-30 05:00:00,51.25,82.0,0.4,11.62,6.5,25.65,0.32,,46.15,,,,86.0,Satisfactory
262445,DL005,2020-03-30 06:00:00,71.5,113.75,0.52,12.93,7.3,22.93,0.43,,10.28,,,,86.0,Satisfactory
262446,DL005,2020-03-30 07:00:00,88.0,153.5,0.65,13.73,7.85,20.35,0.47,,12.67,,,,88.0,Satisfactory
262447,DL005,2020-03-30 08:00:00,101.25,178.0,1.47,13.82,8.53,19.75,0.53,,16.27,,,,91.0,Satisfactory
262448,DL005,2020-03-30 09:00:00,112.5,175.25,1.48,11.38,7.28,19.98,0.53,,34.65,,,,93.0,Satisfactory
262449,DL005,2020-03-30 10:00:00,93.75,133.0,0.73,10.27,6.05,22.05,0.4,,77.2,,,,95.0,Satisfactory
262450,DL005,2020-03-30 11:00:00,48.0,81.5,0.35,10.52,5.9,23.32,0.3,,69.15,,,,95.0,Satisfactory
262451,DL005,2020-03-30 12:00:00,36.0,69.25,0.65,10.07,5.88,24.32,0.28,,74.6,,,,94.0,Satisfactory
262452,DL005,2020-03-30 13:00:00,25.0,61.5,0.62,10.03,5.83,25.48,0.2,,75.53,,,,94.0,Satisfactory
262453,DL005,2020-03-30 14:00:00,19.75,58.0,0.68,9.58,5.65,23.95,0.2,,61.6,,,,93.0,Satisfactory
262454,DL005,2020-03-30 15:00:00,22.75,68.25,0.65,9.12,5.38,21.92,0.23,,74.67,,,,93.0,Satisfactory
262455,DL005,2020-03-30 16:00:00,23.5,61.5,0.47,9.25,5.28,21.12,0.18,,80.88,,,,93.0,Satisfactory
262456,DL005,2020-03-30 17:00:00,19.25,59.0,0.57,9.55,5.62,21.02,0.2,,87.68,,,,93.0,Satisfactory
262457,DL005,2020-03-30 18:00:00,19.5,64.0,0.88,10.65,6.38,22.32,0.12,,100.12,,,,100.0,Satisfactory
262458,DL005,2020-03-30 19:00:00,23.25,64.75,0.55,14.0,7.92,23.2,0.23,,68.25,,,,100.0,Satisfactory
262459,DL005,2020-03-30 20:00:00,47.5,88.25,0.7,21.85,12.18,24.38,0.53,,44.7,,,,100.0,Satisfactory
262460,DL005,2020-03-30 21:00:00,80.25,130.75,0.65,23.5,13.03,25.4,0.57,,35.83,,,,100.0,Satisfactory
262461,DL005,2020-03-30 22:00:00,108.75,158.5,0.55,19.52,10.82,23.82,0.57,,13.53,,,,100.0,Satisfactory
262462,DL005,2020-03-30 23:00:00,125.75,186.5,0.52,16.48,9.23,22.68,0.5,,26.33,,,,100.0,Satisfactory
262463,DL005,2020-03-31 00:00:00,121.0,180.75,0.7,16.27,9.22,21.18,0.5,,22.0,,,,102.0,Moderate
262464,DL005,2020-03-31 01:00:00,129.0,190.25,0.68,15.28,8.7,20.42,0.5,,23.6,,,,106.0,Moderate
262465,DL005,2020-03-31 02:00:00,103.25,170.0,0.4,12.9,7.2,21.55,0.43,,70.85,,,,115.0,Moderate
262466,DL005,2020-03-31 03:00:00,91.0,148.5,0.6,14.0,7.9,26.3,0.4,,50.3,,,,123.0,Moderate
262467,DL005,2020-03-31 04:00:00,95.25,137.25,0.35,13.1,7.2,26.9,0.4,,41.85,,,,130.0,Moderate
262468,DL005,2020-03-31 05:00:00,96.0,144.75,0.62,13.32,7.62,26.38,0.4,,32.75,,,,136.0,Moderate
262469,DL005,2020-03-31 06:00:00,109.75,170.0,0.55,13.78,7.75,24.02,0.4,,5.15,,,,142.0,Moderate
262470,DL005,2020-03-31 07:00:00,91.5,153.75,0.62,13.12,7.5,20.95,0.4,,20.7,,,,142.0,Moderate
262471,DL005,2020-03-31 08:00:00,72.25,133.75,0.98,12.07,7.2,19.07,0.47,,32.62,,,,138.0,Moderate
262472,DL005,2020-03-31 09:00:00,58.0,106.75,1.28,14.92,9.0,19.0,0.43,,51.5,,,,131.0,Moderate
262473,DL005,2020-03-31 10:00:00,41.0,88.75,1.45,15.65,9.53,21.73,0.4,,93.85,,,,123.0,Moderate
262474,DL005,2020-03-31 11:00:00,40.25,76.75,0.9,14.77,8.6,24.25,0.3,,85.42,,,,122.0,Moderate
262475,DL005,2020-03-31 12:00:00,29.5,61.75,0.5,11.45,6.47,25.2,0.3,,78.9,,,,121.0,Moderate
262476,DL005,2020-03-31 13:00:00,32.0,64.25,0.65,10.45,6.08,26.35,0.3,,80.58,,,,122.0,Moderate
262477,DL005,2020-03-31 14:00:00,33.0,61.5,0.55,9.98,5.78,24.65,0.28,,60.92,,,,124.0,Moderate
262478,DL005,2020-03-31 15:00:00,26.25,53.25,0.53,9.62,5.5,22.35,0.3,,73.33,,,,125.0,Moderate
262479,DL005,2020-03-31 16:00:00,26.25,60.25,0.33,9.9,5.55,21.98,0.2,,83.27,,,,125.0,Moderate
262480,DL005,2020-03-31 17:00:00,31.5,63.0,0.55,10.7,6.12,22.12,0.2,,79.95,,,,127.0,Moderate
262481,DL005,2020-03-31 18:00:00,27.75,73.75,0.55,12.05,6.85,22.5,0.2,,88.72,,,,128.0,Moderate
262482,DL005,2020-03-31 19:00:00,32.5,91.75,0.25,13.2,7.2,23.45,0.28,,74.33,,,,129.0,Moderate
262483,DL005,2020-03-31 20:00:00,39.75,104.5,0.53,14.9,8.38,24.28,0.28,,64.05,,,,128.0,Moderate
262484,DL005,2020-03-31 21:00:00,38.25,105.25,0.43,14.82,8.18,25.33,0.3,,53.55,,,,122.0,Moderate
262485,DL005,2020-03-31 22:00:00,34.0,111.5,0.6,12.12,6.95,23.5,0.23,,35.52,,,,112.0,Moderate
262486,DL005,2020-03-31 23:00:00,28.5,138.75,0.57,13.27,7.53,21.5,0.2,,33.15,,,,108.0,Moderate
262487,DL005,2020-04-01 00:00:00,30.0,63.0,0.55,15.35,8.62,20.27,0.2,,37.82,,,,105.0,Moderate
262488,DL005,2020-04-01 01:00:00,29.0,83.0,0.62,13.22,7.53,19.52,0.28,,32.4,,,,102.0,Moderate
262489,DL005,2020-04-01 02:00:00,31.0,86.0,0.53,12.95,7.33,20.05,0.2,,71.45,,,,99.0,Satisfactory
262490,DL005,2020-04-01 03:00:00,24.0,79.0,1.0,24.1,13.6,25.4,0.1,,45.75,,,,96.0,Satisfactory
262491,DL005,2020-04-01 04:00:00,40.0,81.0,0.8,17.52,9.97,24.88,0.2,,23.65,,,,94.0,Satisfactory
262492,DL005,2020-04-01 05:00:00,25.0,71.0,0.53,16.93,9.43,24.88,0.28,,20.27,,,,91.0,Satisfactory
262493,DL005,2020-04-01 06:00:00,42.0,80.0,0.75,16.27,9.3,23.0,0.3,,12.5,,,,87.0,Satisfactory
262494,DL005,2020-04-01 07:00:00,34.0,70.0,1.23,17.12,10.1,20.23,0.38,,0.5,,,,84.0,Satisfactory
262495,DL005,2020-04-01 08:00:00,,93.0,2.85,15.8,10.9,18.1,0.4,,,,,,82.0,Satisfactory
262496,DL005,2020-04-01 09:00:00,,206.0,2.73,13.75,9.53,,0.4,,,,,,86.0,Satisfactory
262497,DL005,2020-04-01 10:00:00,,270.0,1.23,11.2,6.98,,0.4,,,,,,94.0,Satisfactory
262498,DL005,2020-04-01 11:00:00,,141.0,0.97,11.4,6.85,,0.4,,,,,,96.0,Satisfactory
262499,DL005,2020-04-01 12:00:00,,94.0,0.75,11.23,6.6,0.1,0.4,,,,,,98.0,Satisfactory
262500,DL005,2020-04-01 13:00:00,,76.0,0.42,11.43,6.47,0.12,0.4,,,,,,98.0,Satisfactory
262501,DL005,2020-04-01 14:00:00,,79.0,0.55,10.85,6.25,,0.45,,,,,,99.0,Satisfactory
262502,DL005,2020-04-01 15:00:00,,70.0,0.6,10.0,5.85,0.1,0.5,,,,,,100.0,Satisfactory
262503,DL005,2020-04-01 16:00:00,,63.0,0.65,10.02,5.9,0.12,0.1,,,,,,100.0,Satisfactory
262504,DL005,2020-04-01 17:00:00,,72.0,0.47,10.28,5.85,0.1,0.1,,,,,,100.0,Satisfactory
262505,DL005,2020-04-01 18:00:00,,82.0,0.4,10.8,6.07,0.1,0.15,,,,,,100.0,Satisfactory
262506,DL005,2020-04-01 19:00:00,,81.0,0.32,13.32,7.33,,0.2,,,,,,100.0,Satisfactory
262507,DL005,2020-04-01 20:00:00,,83.0,0.7,16.98,9.57,,0.3,,,,,,99.0,Satisfactory
262508,DL005,2020-04-01 21:00:00,,102.0,0.4,19.12,10.5,,0.32,,,,,,99.0,Satisfactory
262509,DL005,2020-04-01 22:00:00,,104.0,0.55,18.15,10.07,,0.4,,,,,,99.0,Satisfactory
262510,DL005,2020-04-01 23:00:00,,126.0,0.32,15.38,8.48,0.1,0.47,,,,,,98.0,Satisfactory
262511,DL005,2020-04-02 00:00:00,,105.0,0.45,13.38,7.5,0.1,0.5,,,,,,100.0,Satisfactory
262512,DL005,2020-04-02 01:00:00,,125.0,0.62,12.2,6.97,,0.57,,,,,,101.0,Moderate
262513,DL005,2020-04-02 02:00:00,,136.0,0.47,12.55,7.05,1.5,0.6,,,,,,102.0,Moderate
262514,DL005,2020-04-02 03:00:00,,125.0,1.7,24.2,14.2,1.0,0.7,,,,,,104.0,Moderate
262515,DL005,2020-04-02 04:00:00,,110.5,1.3,17.42,10.35,0.17,0.7,,,,,,105.0,Moderate
262516,DL005,2020-04-02 05:00:00,,102.75,0.95,14.38,8.43,0.4,0.8,,,,,,105.0,Moderate
262517,DL005,2020-04-02 06:00:00,,106.25,0.78,13.95,8.07,0.85,0.83,,,,,,106.0,Moderate
262518,DL005,2020-04-02 07:00:00,,106.75,0.58,13.68,7.78,0.2,0.9,,,,,,107.0,Moderate
262519,DL005,2020-04-02 08:00:00,,99.0,1.05,12.73,7.62,0.9,0.97,,,,,,107.0,Moderate
262520,DL005,2020-04-02 09:00:00,,104.75,1.12,11.97,7.3,0.1,1.0,,,,,,105.0,Moderate
262521,DL005,2020-04-02 10:00:00,,102.75,0.9,12.25,7.25,0.4,1.02,,,,,,100.0,Satisfactory
262522,DL005,2020-04-02 11:00:00,,98.5,0.5,11.6,6.55,,1.1,,,,,,98.0,Satisfactory
262523,DL005,2020-04-02 12:00:00,,95.25,0.68,11.12,6.45,0.55,1.1,,,,,,98.0,Satisfactory
262524,DL005,2020-04-02 13:00:00,,89.25,0.7,11.35,6.57,0.55,1.15,,,,,,99.0,Satisfactory
262525,DL005,2020-04-02 14:00:00,,87.0,0.62,11.22,6.53,1.0,1.2,,,,,,99.0,Satisfactory
262526,DL005,2020-04-02 15:00:00,,99.0,0.57,10.62,6.12,0.3,1.27,,,,,,100.0,Satisfactory
262527,DL005,2020-04-02 16:00:00,,87.0,0.68,11.75,6.8,0.6,,,,,,,101.0,Moderate
262528,DL005,2020-04-02 17:00:00,,82.0,0.38,10.12,5.73,0.5,0.1,,,,,,101.0,Moderate
262529,DL005,2020-04-02 18:00:00,,74.0,0.4,10.07,5.7,0.2,0.1,,,,,,101.0,Moderate
262530,DL005,2020-04-02 19:00:00,,69.0,0.3,13.7,7.5,,0.15,,,,,,101.0,Moderate
262531,DL005,2020-04-02 20:00:00,,97.0,0.35,17.75,9.75,0.1,0.2,,,,,,101.0,Moderate
262532,DL005,2020-04-02 21:00:00,,120.0,0.6,18.75,10.45,0.2,0.23,,,,,,101.0,Moderate
262533,DL005,2020-04-02 22:00:00,,131.0,0.62,17.33,9.65,0.15,0.3,,,,,,102.0,Moderate
262534,DL005,2020-04-02 23:00:00,,123.0,0.4,14.95,8.3,0.3,0.3,,,,,,102.0,Moderate
262535,DL005,2020-04-03 00:00:00,,98.0,0.38,13.12,7.3,0.15,0.38,,,,,,102.0,Moderate
262536,DL005,2020-04-03 01:00:00,,74.0,0.25,13.1,7.2,0.1,0.4,,,,,,100.0,Satisfactory
262537,DL005,2020-04-03 02:00:00,,64.0,0.42,12.6,7.02,,0.4,,,,,,98.0,Satisfactory
262538,DL005,2020-04-03 03:00:00,,71.0,1.1,30.3,17.1,0.4,0.5,,,,,,95.0,Satisfactory
262539,DL005,2020-04-03 04:00:00,,130.0,0.65,21.97,12.22,,0.5,,,,,,96.0,Satisfactory
262540,DL005,2020-04-03 05:00:00,,149.0,0.62,17.8,9.7,,0.53,,,,,,98.0,Satisfactory
262541,DL005,2020-04-03 06:00:00,,140.0,0.5,16.05,8.93,0.1,0.6,,,,,,100.0,Satisfactory
262542,DL005,2020-04-03 07:00:00,,126.0,0.35,17.07,9.4,0.55,0.6,,,,,,100.0,Satisfactory
262543,DL005,2020-04-03 08:00:00,,136.0,1.38,15.85,9.57,,0.62,,,,,,101.0,Moderate
262544,DL005,2020-04-03 09:00:00,,206.25,1.32,14.72,8.93,0.18,0.7,,,,,,104.0,Moderate
262545,DL005,2020-04-03 10:00:00,,149.75,0.88,12.75,7.47,0.1,0.7,,,,,,105.0,Moderate
262546,DL005,2020-04-03 11:00:00,,106.25,0.38,12.7,7.08,,0.7,,,,,,106.0,Moderate
262547,DL005,2020-04-03 12:00:00,,102.0,0.45,12.72,7.15,0.15,0.7,,,,,,106.0,Moderate
262548,DL005,2020-04-03 13:00:00,,71.75,0.85,13.55,7.9,,0.8,,,,,,105.0,Moderate
262549,DL005,2020-04-03 14:00:00,,78.75,0.55,13.25,7.45,,0.8,,,,,,105.0,Moderate
262550,DL005,2020-04-03 15:00:00,,75.25,0.88,13.7,7.98,0.1,0.8,,,,,,104.0,Moderate
262551,DL005,2020-04-03 16:00:00,,73.25,0.6,12.02,6.88,,,,,,,,104.0,Moderate
262552,DL005,2020-04-03 17:00:00,,64.5,0.62,12.32,7.07,0.15,0.1,,,,,,104.0,Moderate
262553,DL005,2020-04-03 18:00:00,,63.5,0.62,11.38,6.55,,0.1,,,,,,103.0,Moderate
262554,DL005,2020-04-03 19:00:00,,65.0,0.6,14.6,8.28,,0.1,,,,,,103.0,Moderate
262555,DL005,2020-04-03 20:00:00,,66.0,0.55,21.62,11.98,,0.1,,,,,,102.0,Moderate
262556,DL005,2020-04-03 21:00:00,,134.0,0.45,24.83,13.57,,0.18,,,,,,103.0,Moderate
262557,DL005,2020-04-03 22:00:00,,185.0,0.3,23.98,12.98,,0.2,,,,,,104.0,Moderate
262558,DL005,2020-04-03 23:00:00,,190.0,0.5,22.8,12.5,0.1,0.2,,,,,,106.0,Moderate
262559,DL005,2020-04-04 00:00:00,,186.0,0.47,20.7,11.4,0.1,0.3,,,,,,109.0,Moderate
262560,DL005,2020-04-04 01:00:00,,197.0,0.55,16.9,9.42,,0.3,,,,,,112.0,Moderate
262561,DL005,2020-04-04 02:00:00,,154.0,0.5,16.1,9.0,,0.3,,,,,,114.0,Moderate
262562,DL005,2020-04-04 03:00:00,,149.0,0.7,26.1,14.4,,0.4,,,,,,117.0,Moderate
262563,DL005,2020-04-04 04:00:00,,102.0,0.65,19.35,10.82,0.2,0.4,,,,,,116.0,Moderate
262564,DL005,2020-04-04 05:00:00,,88.0,0.43,18.65,10.25,0.1,0.4,,,,,,114.0,Moderate
262565,DL005,2020-04-04 06:00:00,,148.0,0.32,19.23,10.48,0.1,0.4,,,,,,114.0,Moderate
262566,DL005,2020-04-04 07:00:00,,207.0,0.72,21.18,11.88,,0.4,,,,,,117.0,Moderate
262567,DL005,2020-04-04 08:00:00,,218.0,2.15,22.38,13.65,0.7,0.5,,,,,,119.0,Moderate
262568,DL005,2020-04-04 09:00:00,,217.0,1.27,15.25,9.18,,0.5,,,,,,119.0,Moderate
262569,DL005,2020-04-04 10:00:00,,126.0,0.78,13.55,7.85,0.1,0.5,,,,,,119.0,Moderate
262570,DL005,2020-04-04 11:00:00,,92.0,0.75,12.38,7.17,,0.5,,,,,,118.0,Moderate
262571,DL005,2020-04-04 12:00:00,,85.0,0.55,12.32,7.03,0.1,0.5,,,,,,118.0,Moderate
262572,DL005,2020-04-04 13:00:00,,64.0,0.5,11.97,6.8,0.1,0.53,,,,,,117.0,Moderate
262573,DL005,2020-04-04 14:00:00,,91.0,0.43,12.0,6.73,0.1,0.6,,,,,,118.0,Moderate
262574,DL005,2020-04-04 15:00:00,,82.0,0.47,11.7,6.6,0.1,0.6,,,,,,118.0,Moderate
262575,DL005,2020-04-04 16:00:00,,84.75,0.5,11.2,6.4,0.1,,,,,,,118.0,Moderate
262576,DL005,2020-04-04 17:00:00,,73.5,0.42,11.62,6.55,0.1,,,,,,,119.0,Moderate
262577,DL005,2020-04-04 18:00:00,,69.25,0.38,11.97,6.67,0.1,0.1,,,,,,119.0,Moderate
262578,DL005,2020-04-04 19:00:00,,75.25,0.43,14.62,8.15,0.1,0.1,,,,,,119.0,Moderate
262579,DL005,2020-04-04 20:00:00,,102.75,0.48,22.6,12.4,,0.1,,,,,,120.0,Moderate
262580,DL005,2020-04-04 21:00:00,,142.0,0.45,25.45,13.9,,0.1,,,,,,120.0,Moderate
262581,DL005,2020-04-04 22:00:00,,167.0,0.38,27.95,15.18,0.1,0.1,,,,,,120.0,Moderate
262582,DL005,2020-04-04 23:00:00,,206.25,0.68,25.43,14.05,0.12,0.15,,,,,,120.0,Moderate
262583,DL005,2020-04-05 00:00:00,,207.5,1.07,28.62,16.12,0.15,0.2,,,,,,121.0,Moderate
262584,DL005,2020-04-05 01:00:00,,196.25,0.75,16.85,9.55,0.1,0.2,,,,,,121.0,Moderate
262585,DL005,2020-04-05 02:00:00,,158.0,0.3,14.3,7.8,0.1,0.2,,,,,,121.0,Moderate
262586,DL005,2020-04-05 03:00:00,,135.0,0.9,30.5,17.0,,0.3,,,,,,120.0,Moderate
262587,DL005,2020-04-05 04:00:00,,98.0,0.62,24.88,13.72,,0.3,,,,,,120.0,Moderate
262588,DL005,2020-04-05 05:00:00,,121.0,0.68,21.75,12.1,0.12,0.3,,,,,,121.0,Moderate
262589,DL005,2020-04-05 06:00:00,,115.0,0.57,21.2,11.72,0.15,0.3,,,,,,120.0,Moderate
262590,DL005,2020-04-05 07:00:00,,109.0,2.3,27.75,16.68,0.1,0.3,,,,,,118.0,Moderate
262591,DL005,2020-04-05 08:00:00,,184.0,2.22,23.52,14.32,,0.38,,,,,,117.0,Moderate
262592,DL005,2020-04-05 09:00:00,,302.0,1.4,17.15,10.28,,0.4,,,,,,119.0,Moderate
262593,DL005,2020-04-05 10:00:00,,225.0,1.15,14.1,8.43,0.1,0.4,,,,,,122.0,Moderate
262594,DL005,2020-04-05 11:00:00,,140.0,0.82,12.83,7.5,,0.4,,,,,,123.0,Moderate
262595,DL005,2020-04-05 12:00:00,,87.25,0.38,12.15,6.8,,0.4,,,,,,123.0,Moderate
262596,DL005,2020-04-05 13:00:00,,81.0,0.45,12.12,6.85,0.1,0.4,,,,,,124.0,Moderate
262597,DL005,2020-04-05 14:00:00,,68.75,0.57,11.83,6.75,0.1,0.4,,,,,,123.0,Moderate
262598,DL005,2020-04-05 15:00:00,,69.0,0.4,11.75,6.6,0.1,0.4,,,,,,123.0,Moderate
262599,DL005,2020-04-05 16:00:00,,72.75,0.4,10.95,6.15,,,,,,,,122.0,Moderate
262600,DL005,2020-04-05 17:00:00,,76.75,0.35,10.47,5.85,0.1,,,,,,,122.0,Moderate
262601,DL005,2020-04-05 18:00:00,,83.25,0.45,11.65,6.58,0.1,,,,,,,123.0,Moderate
262602,DL005,2020-04-05 19:00:00,,110.5,0.45,14.55,8.07,,,,,,,,124.0,Moderate
262603,DL005,2020-04-05 20:00:00,,173.0,0.45,19.6,10.8,0.1,0.1,,,,,,126.0,Moderate
262604,DL005,2020-04-05 21:00:00,,159.75,0.65,24.07,13.35,0.1,0.1,,,,,,126.0,Moderate
262605,DL005,2020-04-05 22:00:00,,192.0,0.62,26.2,14.45,,0.1,,,,,,127.0,Moderate
262606,DL005,2020-04-05 23:00:00,,220.0,0.32,23.93,13.0,0.1,0.1,,,,,,127.0,Moderate
262607,DL005,2020-04-06 00:00:00,,180.0,0.52,21.9,12.1,0.12,0.1,,,,,,127.0,Moderate
262608,DL005,2020-04-06 01:00:00,,177.0,0.6,20.9,11.62,,0.15,,,,,,126.0,Moderate
262609,DL005,2020-04-06 02:00:00,,188.0,0.53,23.52,12.95,,0.2,,,,,,127.0,Moderate
262610,DL005,2020-04-06 03:00:00,,198.0,2.0,39.9,22.9,,0.2,,,,,,129.0,Moderate
262611,DL005,2020-04-06 04:00:00,,226.0,0.88,31.0,17.25,0.05,0.2,,,,,,132.0,Moderate
262612,DL005,2020-04-06 05:00:00,,231.0,1.2,28.1,15.93,,0.2,,,,,,135.0,Moderate
262613,DL005,2020-04-06 06:00:00,,206.0,1.17,28.7,16.23,0.05,0.2,,,,,,138.0,Moderate
262614,DL005,2020-04-06 07:00:00,,195.0,3.33,30.02,18.77,0.08,0.2,,,,,,140.0,Moderate
262615,DL005,2020-04-06 08:00:00,,208.0,6.95,30.45,21.88,,0.2,,,,,,141.0,Moderate
262616,DL005,2020-04-06 09:00:00,,281.0,2.23,19.62,12.25,,0.28,,,,,,140.0,Moderate
262617,DL005,2020-04-06 10:00:00,,185.0,1.08,14.82,8.72,0.03,0.3,,,,,,139.0,Moderate
262618,DL005,2020-04-06 11:00:00,,146.0,0.48,13.6,7.65,0.1,0.3,,,,,,139.0,Moderate
262619,DL005,2020-04-06 12:00:00,,151.0,0.68,11.95,6.92,0.05,0.3,,,,,,141.0,Moderate
262620,DL005,2020-04-06 13:00:00,,102.0,0.35,11.2,6.23,0.03,0.3,,,,,,142.0,Moderate
262621,DL005,2020-04-06 14:00:00,,87.0,0.45,10.95,6.15,,0.3,,,,,,142.0,Moderate
262622,DL005,2020-04-06 15:00:00,,103.0,0.35,10.47,5.85,0.03,0.3,,,,,,143.0,Moderate
262623,DL005,2020-04-06 16:00:00,,148.0,0.7,9.3,5.53,,0.0,,,,,,145.0,Moderate
262624,DL005,2020-04-06 17:00:00,,113.0,0.4,9.57,5.45,,0.0,,,,,,146.0,Moderate
262625,DL005,2020-04-06 18:00:00,,127.0,0.5,10.22,5.85,,0.0,,,,,,147.0,Moderate
262626,DL005,2020-04-06 19:00:00,,126.0,0.38,12.45,6.88,0.08,0.0,,,,,,148.0,Moderate
262627,DL005,2020-04-06 20:00:00,,119.0,0.3,16.0,8.8,0.1,0.0,,,,,,146.0,Moderate
262628,DL005,2020-04-06 21:00:00,,138.0,0.4,14.95,8.5,,,,,,,,146.0,Moderate
262629,DL005,2020-04-06 22:00:00,,135.0,0.35,14.9,8.2,0.08,,,,,,,144.0,Moderate
262630,DL005,2020-04-06 23:00:00,,132.0,0.43,15.95,8.82,0.05,,,,,,,208.0,Satisfactory
262631,DL005,2020-04-07 00:00:00,,121.0,0.42,16.55,9.22,,,,,,,,208.0,Satisfactory
262632,DL005,2020-04-07 01:00:00,,126.0,0.6,17.15,9.62,0.1,,,,,,,208.0,Satisfactory
262633,DL005,2020-04-07 02:00:00,,125.0,0.33,16.15,9.05,0.1,,,,,,,208.0,Satisfactory
262634,DL005,2020-04-07 03:00:00,,80.0,0.7,24.0,13.4,,,,,,,,208.0,Satisfactory
262635,DL005,2020-04-07 04:00:00,,81.0,0.6,18.2,10.23,0.15,,,,,,,208.0,Satisfactory
262636,DL005,2020-04-07 05:00:00,,107.0,0.6,17.02,9.53,0.1,,,,,,,208.0,Satisfactory
262637,DL005,2020-04-07 06:00:00,,121.0,0.68,17.15,9.67,0.1,,,,,,,208.0,Satisfactory
262638,DL005,2020-04-07 07:00:00,,174.0,1.05,19.3,11.07,0.1,,,,,,,208.0,Satisfactory
262639,DL005,2020-04-07 08:00:00,,218.0,1.92,18.0,11.12,,,,,,,,208.0,Satisfactory
262640,DL005,2020-04-07 09:00:00,,267.0,1.65,16.0,9.88,0.1,,,,,,,123.0,Moderate
262641,DL005,2020-04-07 10:00:00,,191.0,0.7,12.17,7.03,0.1,,,,,,,123.0,Moderate
262642,DL005,2020-04-07 11:00:00,,261.0,0.6,10.7,6.17,0.15,,,,,,,126.0,Moderate
262643,DL005,2020-04-07 12:00:00,,320.0,0.73,11.1,6.5,0.15,,,,,,,131.0,Moderate
262644,DL005,2020-04-07 13:00:00,,218.0,0.5,12.38,7.0,,,,,,,,208.0,Satisfactory
262645,DL005,2020-04-07 14:00:00,,198.0,0.45,11.0,6.22,,,,,,,,208.0,Satisfactory
262646,DL005,2020-04-07 15:00:00,45.0,119.0,0.42,10.95,6.15,1.45,,,10.1,,,,138.0,Moderate
262647,DL005,2020-04-07 16:00:00,,76.0,0.55,10.3,5.92,10.55,0.1,0.65,74.38,,,,136.0,Moderate
262648,DL005,2020-04-07 17:00:00,,112.0,0.47,11.2,6.32,15.72,0.1,11.35,80.07,,,,136.0,Moderate
262649,DL005,2020-04-07 18:00:00,30.0,153.0,0.78,12.52,7.28,18.6,0.15,13.15,81.6,,,,137.0,Moderate
262650,DL005,2020-04-07 19:00:00,17.0,104.0,0.55,12.12,6.9,19.12,0.25,15.38,74.47,,,,136.0,Moderate
262651,DL005,2020-04-07 20:00:00,30.0,186.0,0.3,14.65,8.05,19.93,0.3,15.32,73.02,,,,138.0,Moderate
262652,DL005,2020-04-07 21:00:00,,141.0,0.25,15.25,8.35,23.65,0.3,14.4,67.57,,,,138.0,Moderate
262653,DL005,2020-04-07 22:00:00,,114.0,0.32,16.15,8.9,26.4,0.32,15.32,42.9,,,,137.0,Moderate
262654,DL005,2020-04-07 23:00:00,40.0,121.0,0.25,14.4,7.85,27.55,0.3,18.07,42.22,,,,137.0,Moderate
262655,DL005,2020-04-08 00:00:00,45.0,149.0,0.42,14.57,8.12,28.25,0.4,17.43,33.12,,,,138.0,Moderate
262656,DL005,2020-04-08 01:00:00,40.0,124.0,0.43,15.15,8.4,25.3,0.45,19.07,31.92,,,,138.0,Moderate
262657,DL005,2020-04-08 02:00:00,55.0,130.0,0.3,15.22,8.35,25.75,0.43,25.3,45.35,,,,138.0,Moderate
262658,DL005,2020-04-08 03:00:00,77.0,132.0,0.3,16.0,8.7,29.7,0.4,35.9,36.65,,,,139.0,Moderate
262659,DL005,2020-04-08 04:00:00,88.0,147.0,0.4,14.82,8.27,28.4,0.4,32.45,57.42,,,,141.0,Moderate
262660,DL005,2020-04-08 05:00:00,86.0,147.0,0.62,12.7,7.27,28.3,0.3,26.23,52.15,,,,142.0,Moderate
262661,DL005,2020-04-08 06:00:00,64.0,115.0,0.2,12.3,6.7,28.4,0.23,23.53,55.83,,,,142.0,Moderate
262662,DL005,2020-04-08 07:00:00,47.0,99.0,0.73,14.1,8.12,29.27,0.3,30.3,43.88,,,,140.0,Moderate
262663,DL005,2020-04-08 08:00:00,75.0,140.0,1.12,14.42,8.45,29.02,0.35,27.1,24.62,,,,138.0,Moderate
262664,DL005,2020-04-08 09:00:00,63.0,118.0,0.72,13.07,7.58,26.32,0.3,20.18,57.12,,,,134.0,Moderate
262665,DL005,2020-04-08 10:00:00,35.0,94.0,0.6,11.4,6.53,24.78,0.3,16.88,74.8,,,,131.0,Moderate
262666,DL005,2020-04-08 11:00:00,25.0,86.0,0.65,11.15,6.45,24.57,0.28,18.48,88.6,,,,126.0,Moderate
262667,DL005,2020-04-08 12:00:00,29.0,102.0,0.6,11.03,6.38,23.77,0.23,15.2,103.35,,,,120.0,Moderate
262668,DL005,2020-04-08 13:00:00,27.0,126.0,0.6,11.15,6.4,26.2,0.2,13.53,106.8,,,,118.0,Moderate
262669,DL005,2020-04-08 14:00:00,23.0,110.0,0.35,11.97,6.67,30.02,0.2,13.2,102.0,,,,115.0,Moderate
262670,DL005,2020-04-08 15:00:00,22.0,94.0,0.3,12.05,6.65,32.42,0.2,11.9,100.72,,,,114.0,Moderate
262671,DL005,2020-04-08 16:00:00,20.0,98.0,0.45,11.62,6.57,30.62,0.28,13.82,79.38,,,,115.0,Moderate
262672,DL005,2020-04-08 17:00:00,22.0,88.0,0.65,10.43,6.07,28.8,0.3,15.65,101.97,,,,114.0,Moderate
262673,DL005,2020-04-08 18:00:00,22.0,99.0,0.6,11.55,6.65,27.3,0.3,15.62,102.05,,,,113.0,Moderate
262674,DL005,2020-04-08 19:00:00,22.0,92.0,0.72,13.33,7.65,25.77,0.3,16.08,100.43,,,,113.0,Moderate
262675,DL005,2020-04-08 20:00:00,27.0,109.0,0.62,18.25,10.23,25.85,0.43,19.52,100.67,,,,110.0,Moderate
262676,DL005,2020-04-08 21:00:00,53.0,120.0,0.35,21.8,11.9,27.5,0.53,30.3,73.42,,,,110.0,Moderate
262677,DL005,2020-04-08 22:00:00,69.0,137.0,0.32,16.15,8.88,29.12,0.4,23.02,87.3,,,,110.0,Moderate
262678,DL005,2020-04-08 23:00:00,47.0,120.0,0.32,15.1,8.3,30.27,0.4,27.98,84.25,,,,110.0,Moderate
262679,DL005,2020-04-09 00:00:00,48.0,113.0,0.4,14.07,7.8,28.75,0.4,31.05,57.6,,,,109.0,Moderate
262680,DL005,2020-04-09 01:00:00,50.0,108.0,0.3,12.6,6.9,25.3,0.4,27.62,66.33,,,,109.0,Moderate
262681,DL005,2020-04-09 02:00:00,56.0,93.0,0.47,12.52,7.03,25.68,0.4,21.8,79.5,,,,108.0,Moderate
262682,DL005,2020-04-09 03:00:00,36.0,80.0,0.8,13.0,7.6,27.0,0.4,21.9,73.55,,,,107.0,Moderate
262683,DL005,2020-04-09 04:00:00,40.0,79.0,0.4,13.72,7.68,26.18,0.4,27.42,83.1,,,,105.0,Moderate
262684,DL005,2020-04-09 05:00:00,61.0,104.0,0.35,15.05,8.3,26.3,0.4,34.5,68.25,,,,103.0,Moderate
262685,DL005,2020-04-09 06:00:00,72.0,127.0,0.6,18.5,10.32,28.75,0.55,47.92,45.65,,,,104.0,Moderate
262686,DL005,2020-04-09 07:00:00,125.0,208.0,0.78,20.17,11.38,29.9,0.6,47.02,38.2,,,,107.0,Moderate
262687,DL005,2020-04-09 08:00:00,145.0,234.0,1.05,17.47,10.12,30.07,0.62,49.6,21.23,,,,109.0,Moderate
262688,DL005,2020-04-09 09:00:00,135.0,215.0,1.12,14.4,8.55,26.8,0.57,37.97,54.2,,,,112.0,Moderate
262689,DL005,2020-04-09 10:00:00,91.0,152.0,0.73,11.75,6.85,25.58,0.45,27.15,85.52,,,,114.0,Moderate
262690,DL005,2020-04-09 11:00:00,46.0,102.0,0.32,11.2,6.28,26.05,0.4,23.2,95.75,,,,114.0,Moderate
262691,DL005,2020-04-09 12:00:00,36.0,77.0,0.4,11.05,6.22,24.97,0.3,18.48,114.0,,,,121.0,Moderate
262692,DL005,2020-04-09 13:00:00,20.0,75.0,0.43,11.33,6.35,26.7,0.28,15.38,117.82,,,,126.0,Moderate
262693,DL005,2020-04-09 14:00:00,20.0,80.0,0.48,11.82,6.67,30.1,0.28,13.65,113.65,,,,126.0,Moderate
262694,DL005,2020-04-09 15:00:00,24.0,69.0,0.35,12.25,6.8,32.1,0.3,13.48,114.5,,,,126.0,Moderate
262695,DL005,2020-04-09 16:00:00,22.0,75.0,0.55,12.03,6.85,31.72,0.18,14.8,96.88,,,,126.0,Moderate
262696,DL005,2020-04-09 17:00:00,27.0,74.0,0.47,10.65,6.05,28.1,0.2,17.1,99.05,,,,126.0,Moderate
262697,DL005,2020-04-09 18:00:00,25.0,68.0,0.3,11.35,6.3,26.98,0.2,17.25,105.0,,,,126.0,Moderate
262698,DL005,2020-04-09 19:00:00,22.0,77.0,0.45,18.4,10.1,25.95,0.38,18.02,92.72,,,,126.0,Moderate
262699,DL005,2020-04-09 20:00:00,51.0,104.0,0.85,24.95,13.95,25.0,0.55,20.88,83.65,,,,126.0,Moderate
262700,DL005,2020-04-09 21:00:00,72.0,174.0,0.7,23.38,13.0,25.85,0.45,21.68,78.07,,,,121.0,Moderate
262701,DL005,2020-04-09 22:00:00,51.0,127.0,0.43,31.43,17.1,27.95,0.6,18.88,37.9,,,,121.0,Moderate
262702,DL005,2020-04-09 23:00:00,80.0,184.0,0.55,29.62,16.2,30.0,0.6,22.88,47.62,,,,111.0,Moderate
262703,DL005,2020-04-10 00:00:00,101.0,180.0,0.43,23.8,13.05,30.52,0.62,25.32,33.52,,,,113.0,Moderate
262704,DL005,2020-04-10 01:00:00,113.0,185.0,0.53,19.97,11.05,26.8,0.65,51.6,39.95,,,,115.0,Moderate
262705,DL005,2020-04-10 02:00:00,151.0,230.0,0.33,16.57,9.1,27.25,0.55,55.83,69.75,,,,119.0,Moderate
262706,DL005,2020-04-10 03:00:00,127.0,199.0,0.6,15.9,9.0,28.1,0.5,35.1,65.85,,,,130.0,Moderate
262707,DL005,2020-04-10 04:00:00,79.0,143.0,0.62,17.55,9.85,26.07,0.5,32.05,60.58,,,,136.0,Moderate
262708,DL005,2020-04-10 05:00:00,86.0,142.0,0.6,19.0,10.6,26.43,0.5,32.55,54.45,,,,139.0,Moderate
262709,DL005,2020-04-10 06:00:00,99.0,153.0,0.72,21.3,11.9,27.6,0.55,33.92,27.38,,,,143.0,Moderate
262710,DL005,2020-04-10 07:00:00,130.0,208.0,1.18,26.1,14.85,28.25,0.65,38.0,22.7,,,,143.0,Moderate
262711,DL005,2020-04-10 08:00:00,147.0,251.0,2.08,24.23,14.55,29.3,0.78,39.1,16.0,,,,144.0,Moderate
262712,DL005,2020-04-10 09:00:00,150.0,265.0,2.1,22.4,13.62,27.98,0.72,45.9,43.25,,,,146.0,Moderate
262713,DL005,2020-04-10 10:00:00,141.0,228.0,1.05,17.78,10.32,26.23,0.4,28.27,96.55,,,,153.0,Moderate
262714,DL005,2020-04-10 11:00:00,48.0,118.0,0.4,11.97,6.7,25.02,0.28,20.85,107.85,,,,153.0,Moderate
262715,DL005,2020-04-10 12:00:00,24.0,75.0,0.3,10.8,6.0,24.3,0.2,20.57,118.53,,,,151.0,Moderate
262716,DL005,2020-04-10 13:00:00,25.0,68.0,0.45,10.78,6.1,24.8,0.15,18.57,127.92,,,,152.0,Moderate
262717,DL005,2020-04-10 14:00:00,17.0,63.0,0.45,11.1,6.28,27.5,0.12,17.52,124.35,,,,152.0,Moderate
262718,DL005,2020-04-10 15:00:00,25.0,68.0,0.25,11.15,6.2,30.05,0.1,15.75,117.3,,,,152.0,Moderate
262719,DL005,2020-04-10 16:00:00,24.0,57.0,0.38,11.45,6.42,28.07,0.15,16.2,90.8,,,,152.0,Moderate
262720,DL005,2020-04-10 17:00:00,25.0,76.0,0.57,9.82,5.7,26.15,0.2,18.65,101.5,,,,152.0,Moderate
262721,DL005,2020-04-10 18:00:00,24.0,79.0,0.62,11.25,6.5,25.6,0.2,18.48,103.67,,,,152.0,Moderate
262722,DL005,2020-04-10 19:00:00,28.0,98.0,0.6,14.62,8.27,23.57,0.3,19.35,88.1,,,,152.0,Moderate
262723,DL005,2020-04-10 20:00:00,35.0,119.0,0.4,20.4,11.18,22.15,0.43,21.47,74.93,,,,150.0,Moderate
262724,DL005,2020-04-10 21:00:00,47.0,166.0,0.42,25.6,13.97,23.43,0.67,28.85,63.8,,,,147.0,Moderate
262725,DL005,2020-04-10 22:00:00,74.0,220.0,0.35,28.32,15.35,26.08,0.9,25.48,39.9,,,,150.0,Moderate
262726,DL005,2020-04-10 23:00:00,102.0,280.0,0.42,32.33,17.6,27.6,0.88,20.12,20.27,,,,153.0,Moderate
262727,DL005,2020-04-11 00:00:00,114.0,254.0,0.78,33.32,18.38,29.35,0.78,17.83,13.03,,,,155.0,Moderate
262728,DL005,2020-04-11 01:00:00,94.0,224.0,0.8,34.75,19.12,28.07,0.82,21.0,16.25,,,,152.0,Moderate
262729,DL005,2020-04-11 02:00:00,89.0,219.0,0.45,23.05,12.62,27.82,0.5,19.3,45.1,,,,144.0,Moderate
262730,DL005,2020-04-11 03:00:00,64.0,131.0,1.0,26.1,14.7,28.1,0.5,21.2,33.92,,,,136.0,Moderate
262731,DL005,2020-04-11 04:00:00,78.0,149.0,1.02,26.6,15.0,25.72,0.57,17.7,24.78,,,,136.0,Moderate
262732,DL005,2020-04-11 05:00:00,72.0,141.0,1.15,28.2,15.9,25.85,0.67,13.75,22.3,,,,136.0,Moderate
262733,DL005,2020-04-11 06:00:00,86.0,164.0,0.85,26.27,14.68,26.2,0.6,11.8,22.1,,,,137.0,Moderate
262734,DL005,2020-04-11 07:00:00,78.0,146.0,3.1,28.93,17.93,26.93,0.7,10.68,15.2,,,,135.0,Moderate
262735,DL005,2020-04-11 08:00:00,99.0,217.0,6.53,35.7,24.27,28.0,1.0,13.85,8.43,,,,134.0,Moderate
262736,DL005,2020-04-11 09:00:00,141.0,273.0,2.0,17.98,11.15,27.23,0.62,28.45,46.5,,,,134.0,Moderate
262737,DL005,2020-04-11 10:00:00,74.0,134.0,0.65,16.07,9.2,25.52,0.5,27.68,85.0,,,,132.0,Moderate
262738,DL005,2020-04-11 11:00:00,61.0,129.0,1.12,18.83,10.93,24.55,0.38,26.85,97.25,,,,132.0,Moderate
262739,DL005,2020-04-11 12:00:00,51.0,131.0,0.7,13.68,7.82,23.85,0.28,17.95,115.3,,,,134.0,Moderate
262740,DL005,2020-04-11 13:00:00,42.0,109.0,0.42,12.6,7.08,23.8,0.28,16.32,134.4,,,,151.0,Moderate
262741,DL005,2020-04-11 14:00:00,39.0,96.0,0.4,12.45,6.97,27.0,0.2,16.7,130.93,,,,151.0,Moderate
262742,DL005,2020-04-11 15:00:00,36.0,99.0,0.35,11.62,6.53,28.6,0.2,15.57,125.05,,,,151.0,Moderate
262743,DL005,2020-04-11 16:00:00,36.0,131.0,0.52,11.6,6.58,29.4,0.18,16.5,112.52,,,,151.0,Moderate
262744,DL005,2020-04-11 17:00:00,34.0,115.0,0.25,10.35,5.7,25.2,0.3,18.38,96.65,,,,151.0,Moderate
262745,DL005,2020-04-11 18:00:00,35.0,123.0,0.45,11.4,6.43,24.45,0.25,20.27,115.53,,,,151.0,Moderate
262746,DL005,2020-04-11 19:00:00,34.0,120.0,,,,,0.3,19.2,97.8,,,,151.0,Moderate
262747,DL005,2020-04-11 20:00:00,34.0,135.0,0.55,17.6,9.85,23.15,0.4,18.97,87.08,,,,151.0,Moderate
262748,DL005,2020-04-11 21:00:00,72.0,173.0,0.53,18.07,10.0,23.17,0.47,15.38,79.55,,,,145.0,Moderate
262749,DL005,2020-04-11 22:00:00,63.0,188.0,0.5,16.8,9.32,24.02,0.43,13.25,72.68,,,,141.0,Moderate
262750,DL005,2020-04-11 23:00:00,55.0,145.0,0.38,15.62,8.65,24.88,0.4,14.92,65.35,,,,137.0,Moderate
262751,DL005,2020-04-12 00:00:00,52.0,125.0,0.38,14.95,8.28,25.8,0.4,15.95,59.3,,,,134.0,Moderate
262752,DL005,2020-04-12 01:00:00,55.0,127.0,0.38,13.07,7.28,25.17,0.4,34.33,37.95,,,,131.0,Moderate
262753,DL005,2020-04-12 02:00:00,46.0,103.0,0.57,12.65,7.18,24.62,0.43,39.47,53.25,,,,128.0,Moderate
262754,DL005,2020-04-12 03:00:00,64.0,115.0,1.0,13.6,8.1,24.6,0.4,42.2,53.33,,,,127.0,Moderate
262755,DL005,2020-04-12 04:00:00,77.0,135.0,0.6,12.7,7.2,23.8,0.4,42.73,67.1,,,,127.0,Moderate
262756,DL005,2020-04-12 05:00:00,59.0,110.0,0.38,11.57,6.47,23.08,0.35,30.0,88.15,,,,126.0,Moderate
262757,DL005,2020-04-12 06:00:00,42.0,91.0,0.25,13.88,7.6,24.0,0.43,33.6,55.52,,,,124.0,Moderate
262758,DL005,2020-04-12 07:00:00,92.0,138.0,0.4,15.8,8.78,24.85,0.5,43.92,43.62,,,,124.0,Moderate
262759,DL005,2020-04-12 08:00:00,128.0,196.0,0.88,15.57,9.0,25.93,0.55,35.6,37.55,,,,123.0,Moderate
262760,DL005,2020-04-12 09:00:00,118.0,188.0,0.88,13.38,7.83,25.43,0.57,40.62,38.65,,,,121.0,Moderate
262761,DL005,2020-04-12 10:00:00,81.0,149.0,0.47,12.0,6.8,23.48,0.43,33.1,81.7,,,,121.0,Moderate
262762,DL005,2020-04-12 11:00:00,47.0,105.0,0.47,11.05,6.22,22.57,0.32,23.88,102.35,,,,121.0,Moderate
262763,DL005,2020-04-12 12:00:00,30.0,119.0,0.47,10.32,5.9,22.27,0.3,24.3,108.05,,,,120.0,Moderate
262764,DL005,2020-04-12 13:00:00,30.0,112.0,0.53,10.58,6.05,21.95,0.3,20.38,116.2,,,,124.0,Moderate
262765,DL005,2020-04-12 14:00:00,25.0,107.0,0.55,11.32,6.47,24.98,0.23,17.32,117.12,,,,125.0,Moderate
262766,DL005,2020-04-12 15:00:00,33.0,92.0,0.5,11.55,6.55,26.9,0.2,16.93,108.72,,,,125.0,Moderate
262767,DL005,2020-04-12 16:00:00,24.0,102.0,0.6,11.38,6.53,28.95,0.1,14.1,104.25,,,,125.0,Moderate
262768,DL005,2020-04-12 17:00:00,19.0,97.0,0.4,10.3,5.8,24.7,0.2,20.9,78.0,,,,125.0,Moderate
262769,DL005,2020-04-12 18:00:00,25.0,97.0,0.35,12.0,6.65,23.6,0.25,23.67,97.18,,,,125.0,Moderate
262770,DL005,2020-04-12 19:00:00,22.0,120.0,0.3,13.02,7.18,22.77,0.3,22.12,98.32,,,,125.0,Moderate
262771,DL005,2020-04-12 20:00:00,25.0,110.0,0.32,21.42,11.65,22.55,0.5,23.55,78.83,,,,125.0,Moderate
262772,DL005,2020-04-12 21:00:00,48.0,207.0,0.4,31.77,17.23,22.75,0.72,27.88,64.65,,,,125.0,Moderate
262773,DL005,2020-04-12 22:00:00,106.0,295.0,0.73,33.38,18.38,24.15,0.8,37.45,41.97,,,,122.0,Moderate
262774,DL005,2020-04-12 23:00:00,117.0,308.0,0.65,24.6,13.65,25.02,0.55,31.32,51.92,,,,126.0,Moderate
262775,DL005,2020-04-13 00:00:00,92.0,192.0,0.52,20.77,11.5,26.35,0.5,33.12,48.88,,,,128.0,Moderate
262776,DL005,2020-04-13 01:00:00,90.0,179.0,0.57,19.77,11.0,26.7,0.6,43.2,22.75,,,,130.0,Moderate
262777,DL005,2020-04-13 02:00:00,107.0,213.0,0.85,19.23,10.9,25.52,0.6,55.45,38.8,,,,133.0,Moderate
262778,DL005,2020-04-13 03:00:00,103.0,190.0,0.5,19.2,10.6,26.4,0.6,43.8,33.1,,,,135.0,Moderate
262779,DL005,2020-04-13 04:00:00,110.0,198.0,0.65,20.6,11.5,23.5,0.65,51.5,17.12,,,,137.0,Moderate
262780,DL005,2020-04-13 05:00:00,114.0,221.0,0.65,21.33,11.88,23.73,0.65,50.52,47.42,,,,140.0,Moderate
262781,DL005,2020-04-13 06:00:00,141.0,237.0,0.68,22.55,12.55,24.68,0.65,46.73,25.75,,,,144.0,Moderate
262782,DL005,2020-04-13 07:00:00,152.0,251.0,1.07,24.12,13.7,25.58,0.7,48.48,21.75,,,,148.0,Moderate
262783,DL005,2020-04-13 08:00:00,158.0,252.0,1.7,21.65,12.92,26.5,0.78,47.73,30.6,,,,152.0,Moderate
262784,DL005,2020-04-13 09:00:00,161.0,262.0,1.12,15.9,9.4,25.68,0.65,38.07,43.52,,,,158.0,Moderate
262785,DL005,2020-04-13 10:00:00,88.0,166.0,0.6,12.3,7.05,24.58,0.43,35.28,88.88,,,,159.0,Moderate
262786,DL005,2020-04-13 11:00:00,55.0,115.0,0.5,10.85,6.15,23.3,0.38,31.97,106.97,,,,160.0,Moderate
262787,DL005,2020-04-13 12:00:00,50.0,103.0,0.62,10.5,6.1,22.6,0.32,28.92,103.5,,,,163.0,Moderate
262788,DL005,2020-04-13 13:00:00,,,0.5,10.27,5.88,22.4,0.28,23.7,121.57,,,,170.0,Moderate
262789,DL005,2020-04-13 14:00:00,100.0,125.0,0.2,10.97,6.03,24.35,0.2,19.58,118.2,,,,181.0,Moderate
262790,DL005,2020-04-13 15:00:00,59.0,110.0,0.43,11.55,6.47,26.35,0.2,17.07,117.0,,,,185.0,Moderate
262791,DL005,2020-04-13 16:00:00,47.0,160.0,0.62,12.2,6.95,27.55,0.2,18.05,125.03,,,,188.0,Moderate
262792,DL005,2020-04-13 17:00:00,51.0,120.0,0.43,11.57,6.5,23.73,0.25,23.27,89.3,,,,193.0,Moderate
262793,DL005,2020-04-13 18:00:00,41.0,113.0,0.6,10.97,6.33,23.7,0.23,23.65,106.58,,,,195.0,Moderate
262794,DL005,2020-04-13 19:00:00,70.0,143.0,0.33,17.8,9.75,23.38,0.38,23.62,87.38,,,,202.0,Poor
262795,DL005,2020-04-13 20:00:00,58.0,215.0,0.43,32.38,17.58,22.33,0.68,26.62,47.15,,,,207.0,Poor
262796,DL005,2020-04-13 21:00:00,83.0,274.0,0.82,41.65,22.8,21.62,0.85,32.6,44.17,,,,212.0,Poor
262797,DL005,2020-04-13 22:00:00,110.0,314.0,0.53,30.6,16.7,22.48,0.7,33.38,45.23,,,,213.0,Poor
262798,DL005,2020-04-13 23:00:00,118.0,270.0,0.9,35.98,19.85,23.77,0.88,35.85,23.05,,,,213.0,Poor
262799,DL005,2020-04-14 00:00:00,158.0,311.0,0.75,30.83,17.0,25.23,0.72,44.55,27.5,,,,222.0,Poor
262800,DL005,2020-04-14 01:00:00,141.0,272.0,0.57,20.2,11.23,25.45,0.6,44.72,32.65,,,,230.0,Poor
262801,DL005,2020-04-14 02:00:00,102.0,207.0,0.55,15.67,8.77,24.6,0.6,36.35,53.2,,,,229.0,Poor
262802,DL005,2020-04-14 03:00:00,92.0,159.0,,,,22.65,,,31.45,,,,227.0,Poor
262803,DL005,2020-04-14 04:00:00,75.0,145.0,,,,22.3,,,26.3,,,,222.0,Poor
262804,DL005,2020-04-14 05:00:00,88.0,160.0,,,,22.15,,,38.02,,,,219.0,Poor
262805,DL005,2020-04-14 06:00:00,89.0,169.0,,,,22.9,,,22.9,,,,211.0,Poor
262806,DL005,2020-04-14 07:00:00,100.0,186.0,,,,24.05,,,16.8,,,,203.0,Poor
262807,DL005,2020-04-14 08:00:00,151.0,258.0,2.8,38.65,22.9,26.4,0.9,31.95,20.98,,,,202.0,Poor
262808,DL005,2020-04-14 09:00:00,195.0,331.0,1.98,31.6,18.4,28.5,1.0,42.85,30.43,,,,207.0,Poor
262809,DL005,2020-04-14 10:00:00,244.0,383.0,1.15,22.3,12.78,27.12,0.85,59.23,77.33,,,,230.0,Poor
262810,DL005,2020-04-14 11:00:00,190.0,303.0,0.62,21.08,11.72,24.47,0.62,36.55,124.67,,,,250.0,Poor
262811,DL005,2020-04-14 12:00:00,95.0,184.0,0.2,19.8,10.7,23.8,0.5,30.45,138.55,,,,256.0,Poor
262812,DL005,2020-04-14 13:00:00,59.0,142.0,0.5,17.1,9.53,22.5,0.43,24.0,147.6,,,,249.0,Poor
262813,DL005,2020-04-14 14:00:00,41.0,129.0,0.68,14.68,8.38,23.17,0.28,17.55,141.03,,,,241.0,Poor
262814,DL005,2020-04-14 15:00:00,40.0,114.0,0.6,14.1,7.95,24.98,0.23,14.55,147.25,,,,239.0,Poor
262815,DL005,2020-04-14 16:00:00,40.0,142.0,0.47,13.55,7.68,26.15,0.2,13.62,143.5,,,,238.0,Poor
262816,DL005,2020-04-14 17:00:00,41.0,180.0,0.25,12.95,7.12,24.98,0.25,14.68,120.28,,,,236.0,Poor
262817,DL005,2020-04-14 18:00:00,35.0,158.0,0.28,13.0,7.12,22.48,0.32,18.25,103.58,,,,235.0,Poor
262818,DL005,2020-04-14 19:00:00,45.0,175.0,0.55,24.4,13.4,21.03,0.6,16.82,72.55,,,,232.0,Poor
262819,DL005,2020-04-14 20:00:00,72.0,331.0,1.1,31.48,17.65,21.25,0.72,20.55,68.92,,,,234.0,Poor
262820,DL005,2020-04-14 21:00:00,88.0,414.0,1.12,39.43,21.88,20.98,0.8,21.38,56.78,,,,235.0,Poor
262821,DL005,2020-04-14 22:00:00,86.0,335.0,1.52,39.65,22.32,22.0,0.95,21.33,39.5,,,,231.0,Poor
262822,DL005,2020-04-14 23:00:00,116.0,372.0,1.58,52.73,29.35,23.23,1.4,24.75,28.85,,,,231.0,Poor
262823,DL005,2020-04-15 00:00:00,143.0,344.0,2.2,52.83,29.9,25.0,1.4,22.2,23.27,,,,229.0,Poor
262824,DL005,2020-04-15 01:00:00,133.0,300.0,1.5,52.23,28.98,25.8,1.08,20.45,15.65,,,,228.0,Poor
262825,DL005,2020-04-15 02:00:00,112.0,257.0,1.45,44.85,25.05,25.33,1.02,19.77,18.7,,,,229.0,Poor
262826,DL005,2020-04-15 03:00:00,102.0,258.0,2.1,43.7,25.0,24.8,1.0,17.2,9.0,,,,231.0,Poor
262827,DL005,2020-04-15 04:00:00,99.0,253.0,1.73,39.25,22.3,22.48,1.02,22.68,5.47,,,,234.0,Poor
262828,DL005,2020-04-15 05:00:00,119.0,302.0,1.0,29.18,16.32,22.93,1.02,29.1,32.62,,,,238.0,Poor
262829,DL005,2020-04-15 06:00:00,122.0,308.0,1.18,29.4,16.62,23.8,0.93,29.2,34.35,,,,243.0,Poor
262830,DL005,2020-04-15 07:00:00,121.0,306.0,1.75,30.5,17.68,24.12,0.9,28.2,16.73,,,,246.0,Poor
262831,DL005,2020-04-15 08:00:00,113.0,363.0,2.75,31.67,19.08,24.25,0.9,27.7,31.92,,,,240.0,Poor
262832,DL005,2020-04-15 09:00:00,106.0,303.0,2.78,32.2,19.4,24.52,0.88,27.57,28.15,,,,228.0,Poor
262833,DL005,2020-04-15 10:00:00,102.0,296.0,1.58,27.2,15.72,23.75,0.78,30.2,69.3,,,,211.0,Poor
262834,DL005,2020-04-15 11:00:00,85.0,297.0,0.7,17.88,10.1,22.05,0.55,29.2,111.58,,,,211.0,Poor
262835,DL005,2020-04-15 12:00:00,68.0,291.0,0.5,14.02,7.85,21.23,0.38,28.42,118.5,,,,215.0,Poor
262836,DL005,2020-04-15 13:00:00,68.0,263.0,0.62,10.53,6.1,20.52,0.18,21.65,92.9,,,,220.0,Poor
262837,DL005,2020-04-15 14:00:00,31.0,193.0,0.3,10.2,5.65,21.3,0.1,15.88,96.9,,,,223.0,Poor
262838,DL005,2020-04-15 15:00:00,25.0,165.0,0.33,10.73,5.97,22.4,0.1,14.38,94.55,,,,225.0,Poor
262839,DL005,2020-04-15 16:00:00,28.0,159.0,0.4,11.0,6.2,23.25,0.1,13.05,91.2,,,,226.0,Poor
262840,DL005,2020-04-15 17:00:00,22.0,173.0,0.45,11.4,6.45,22.43,0.1,13.95,80.33,,,,226.0,Poor
262841,DL005,2020-04-15 18:00:00,24.0,142.0,0.25,10.72,5.93,19.53,0.2,18.9,73.4,,,,225.0,Poor
262842,DL005,2020-04-15 19:00:00,22.0,131.0,0.42,19.0,10.45,19.85,0.35,18.6,76.55,,,,223.0,Poor
262843,DL005,2020-04-15 20:00:00,51.0,220.0,0.8,40.7,22.32,20.77,0.75,23.3,41.15,,,,219.0,Poor
262844,DL005,2020-04-15 21:00:00,119.0,367.0,0.95,42.2,23.2,21.08,1.1,23.95,36.72,,,,217.0,Poor
262845,DL005,2020-04-15 22:00:00,147.0,362.0,2.9,59.0,33.7,22.02,1.45,23.88,15.82,,,,218.0,Poor
262846,DL005,2020-04-15 23:00:00,183.0,473.0,14.28,53.75,40.33,23.8,1.6,21.82,8.07,,,,222.0,Poor
262847,DL005,2020-04-16 00:00:00,177.0,419.0,7.67,50.83,33.27,25.55,1.1,26.2,9.38,,,,225.0,Poor
262848,DL005,2020-04-16 01:00:00,123.0,342.0,1.77,46.27,26.0,26.8,0.9,27.18,8.22,,105.6,,227.0,Poor
262849,DL005,2020-04-16 02:00:00,114.0,341.75,1.25,44.8,24.88,26.65,0.9,30.3,3.1,,119.1,,230.0,Poor
262850,DL005,2020-04-16 03:00:00,140.0,348.5,1.2,30.4,17.2,26.2,0.6,30.2,7.03,,,,234.0,Poor
262851,DL005,2020-04-16 04:00:00,135.0,298.5,0.57,26.07,14.32,24.02,0.6,41.9,14.3,,,,236.0,Poor
262852,DL005,2020-04-16 05:00:00,136.0,266.5,0.35,19.43,10.62,22.55,0.6,37.8,35.5,,,,235.0,Poor
262853,DL005,2020-04-16 06:00:00,86.0,243.75,0.57,18.12,10.12,23.07,0.5,22.65,49.55,,,,232.0,Poor
262854,DL005,2020-04-16 07:00:00,64.0,207.0,0.82,21.65,12.17,23.1,0.57,21.58,23.77,,,,228.0,Poor
262855,DL005,2020-04-16 08:00:00,89.0,228.0,1.65,23.65,13.9,24.77,0.7,31.35,33.5,,,,222.0,Poor
262856,DL005,2020-04-16 09:00:00,110.0,299.0,2.78,34.4,20.55,26.62,0.8,42.88,49.8,,,,222.0,Poor
262857,DL005,2020-04-16 10:00:00,156.0,353.0,1.32,23.45,13.52,26.52,0.7,35.97,69.97,,,,224.0,Poor
262858,DL005,2020-04-16 11:00:00,111.0,287.0,0.67,19.02,10.65,25.05,0.7,40.3,118.88,,,,224.0,Poor
262859,DL005,2020-04-16 12:00:00,106.0,286.0,0.53,15.75,8.82,25.38,0.55,42.47,127.45,,,,224.0,Poor
262860,DL005,2020-04-16 13:00:00,88.0,270.0,0.4,12.03,6.75,22.8,0.32,26.1,110.65,,,,224.0,Poor
262861,DL005,2020-04-16 14:00:00,35.0,150.75,0.6,10.85,6.25,22.07,0.2,16.2,117.38,,,,222.0,Poor
262862,DL005,2020-04-16 15:00:00,27.0,159.0,0.68,11.23,6.53,23.7,0.15,11.93,112.75,,,,222.0,Poor
262863,DL005,2020-04-16 16:00:00,31.0,326.5,0.55,11.65,6.65,24.85,0.1,10.8,109.28,,,,229.0,Poor
262864,DL005,2020-04-16 17:00:00,24.0,131.5,0.4,11.6,6.53,25.58,0.1,9.53,94.92,,,,227.0,Poor
262865,DL005,2020-04-16 18:00:00,19.0,118.0,0.57,10.85,6.28,21.5,0.15,11.43,76.4,,,,226.0,Poor
262866,DL005,2020-04-16 19:00:00,24.0,118.0,0.35,15.3,8.45,21.15,0.25,15.22,80.47,,,,226.0,Poor
262867,DL005,2020-04-16 20:00:00,28.0,227.25,0.45,29.12,15.88,21.25,0.55,29.75,55.08,,,,226.0,Poor
262868,DL005,2020-04-16 21:00:00,118.0,321.5,0.4,25.55,13.93,21.8,0.57,47.6,60.15,,,,224.0,Poor
262869,DL005,2020-04-16 22:00:00,86.0,259.25,0.57,20.27,11.25,21.68,0.42,19.12,85.97,,,,220.0,Poor
262870,DL005,2020-04-16 23:00:00,57.0,195.0,0.35,18.18,9.95,21.65,0.3,15.15,79.12,,,,208.0,Poor
262871,DL005,2020-04-17 00:00:00,40.0,174.5,0.43,21.4,11.7,22.5,0.3,20.9,68.15,,,,199.0,Moderate
262872,DL005,2020-04-17 01:00:00,45.0,188.5,0.6,22.3,12.35,23.55,0.3,26.95,62.48,,,,194.0,Moderate
262873,DL005,2020-04-17 02:00:00,48.0,185.0,0.23,19.6,10.6,25.12,0.3,31.7,47.0,,,,190.0,Moderate
262874,DL005,2020-04-17 03:00:00,48.0,143.0,0.5,21.0,11.6,25.1,0.3,51.4,57.48,,,,184.0,Moderate
262875,DL005,2020-04-17 04:00:00,47.0,143.0,0.43,19.35,10.65,22.65,0.3,30.12,57.4,,,,180.0,Moderate
262876,DL005,2020-04-17 05:00:00,36.0,120.0,0.35,14.8,8.15,21.2,0.38,31.75,77.82,,,,176.0,Moderate
262877,DL005,2020-04-17 06:00:00,51.0,152.0,0.3,13.05,7.2,21.6,0.3,25.7,95.45,,,,173.0,Moderate
262878,DL005,2020-04-17 07:00:00,35.0,123.0,0.42,16.02,8.85,21.85,0.35,25.82,63.27,,,,171.0,Moderate
262879,DL005,2020-04-17 08:00:00,51.0,154.0,0.4,15.82,8.75,23.25,0.3,26.2,71.08,,,,169.0,Moderate
262880,DL005,2020-04-17 09:00:00,40.0,174.0,0.45,15.0,8.35,25.1,0.32,25.9,73.03,,,,166.0,Moderate
262881,DL005,2020-04-17 10:00:00,31.0,175.0,0.65,14.4,8.1,25.1,0.3,23.52,56.9,,,,161.0,Moderate
262882,DL005,2020-04-17 11:00:00,31.0,157.0,0.6,12.67,7.22,24.3,0.28,21.55,76.15,,,,157.0,Moderate
262883,DL005,2020-04-17 12:00:00,24.0,103.0,1.1,13.53,8.07,24.42,0.2,20.77,87.35,,,,152.0,Moderate
262884,DL005,2020-04-17 13:00:00,25.0,77.0,0.85,12.82,7.53,23.68,0.25,21.38,100.07,,,,147.0,Moderate
262885,DL005,2020-04-17 14:00:00,30.0,94.0,0.42,11.28,6.38,23.1,0.23,20.55,116.5,,,,145.0,Moderate
262886,DL005,2020-04-17 15:00:00,25.0,79.0,0.38,11.03,6.2,24.93,0.2,17.38,123.5,,,,143.0,Moderate
262887,DL005,2020-04-17 16:00:00,19.0,74.0,0.4,11.92,6.72,27.55,0.1,16.4,129.9,,,,144.0,Moderate
262888,DL005,2020-04-17 17:00:00,23.0,66.0,0.2,12.25,6.7,29.6,0.1,15.85,128.88,,,,144.0,Moderate
262889,DL005,2020-04-17 18:00:00,24.0,72.0,0.4,11.57,6.47,26.05,0.2,16.12,93.83,,,,144.0,Moderate
262890,DL005,2020-04-17 19:00:00,28.0,149.0,0.4,13.75,7.65,24.43,0.28,19.35,109.15,,,,144.0,Moderate
262891,DL005,2020-04-17 20:00:00,31.0,126.0,0.6,18.68,10.38,23.12,0.32,20.27,95.92,,,,144.0,Moderate
262892,DL005,2020-04-17 21:00:00,31.0,169.0,0.55,18.52,10.28,23.25,0.32,19.27,94.72,,,,144.0,Moderate
262893,DL005,2020-04-17 22:00:00,31.0,102.0,0.47,22.15,12.18,22.95,0.4,23.8,93.15,,,,144.0,Moderate
262894,DL005,2020-04-17 23:00:00,34.0,92.0,0.57,23.92,13.2,24.0,0.4,21.12,76.3,,,,144.0,Moderate
262895,DL005,2020-04-18 00:00:00,36.0,142.0,0.28,19.88,10.78,24.98,0.5,28.57,73.6,,,,142.0,Moderate
262896,DL005,2020-04-18 01:00:00,59.0,208.0,0.45,16.12,8.9,26.35,0.43,22.52,62.8,,,,119.0,Moderate
262897,DL005,2020-04-18 02:00:00,45.0,185.0,0.6,14.78,8.32,27.48,0.38,21.05,41.0,,,,119.0,Moderate
262898,DL005,2020-04-18 03:00:00,42.0,162.0,,,,,0.3,19.5,52.55,,,,119.0,Moderate
262899,DL005,2020-04-18 04:00:00,41.0,110.0,0.2,14.5,7.85,24.05,0.3,22.17,44.17,,,,118.0,Moderate
262900,DL005,2020-04-18 05:00:00,35.0,93.0,0.6,13.03,7.38,22.62,0.3,20.6,51.8,,,,118.0,Moderate
262901,DL005,2020-04-18 06:00:00,35.0,188.0,0.65,13.73,7.85,22.45,0.3,19.85,67.72,,,,119.0,Moderate
262902,DL005,2020-04-18 07:00:00,27.0,97.0,0.62,16.38,9.25,23.1,0.28,18.55,53.65,,,,118.0,Moderate
262903,DL005,2020-04-18 08:00:00,27.0,68.0,0.85,14.73,8.5,23.5,0.3,19.98,51.08,,,,116.0,Moderate
262904,DL005,2020-04-18 09:00:00,31.0,82.0,0.53,13.65,7.72,24.55,0.3,20.38,64.72,,,,113.0,Moderate
262905,DL005,2020-04-18 10:00:00,31.0,83.0,0.7,13.77,7.95,26.15,0.3,21.98,62.83,,,,110.0,Moderate
262906,DL005,2020-04-18 11:00:00,34.0,98.0,0.78,12.35,7.22,25.02,0.28,22.3,87.05,,,,109.0,Moderate
262907,DL005,2020-04-18 12:00:00,30.0,112.0,0.52,12.72,7.2,23.85,0.3,22.62,111.2,,,,116.0,Moderate
262908,DL005,2020-04-18 13:00:00,35.0,131.0,0.6,13.03,7.45,23.1,0.3,21.62,127.28,,,,140.0,Moderate
262909,DL005,2020-04-18 14:00:00,28.0,112.0,0.47,13.2,7.38,21.77,0.25,21.23,144.48,,,,165.0,Moderate
262910,DL005,2020-04-18 15:00:00,27.0,126.0,0.47,13.22,7.4,23.0,0.2,20.95,140.07,,,,165.0,Moderate
262911,DL005,2020-04-18 16:00:00,30.0,191.0,0.33,12.73,7.07,24.98,0.12,15.5,132.15,,,,165.0,Moderate
262912,DL005,2020-04-18 17:00:00,31.0,136.0,0.47,14.5,8.1,26.15,0.2,14.77,123.52,,,,165.0,Moderate
262913,DL005,2020-04-18 18:00:00,33.0,171.0,0.5,17.4,9.65,26.12,0.2,15.38,78.97,,,,165.0,Moderate
262914,DL005,2020-04-18 19:00:00,35.0,221.0,0.33,15.62,8.68,23.4,0.3,18.7,60.67,,,,165.0,Moderate
262915,DL005,2020-04-18 20:00:00,31.0,94.0,0.62,21.85,12.12,22.65,0.43,20.5,64.98,,,,165.0,Moderate
262916,DL005,2020-04-18 21:00:00,66.0,168.0,0.85,23.98,13.45,22.55,0.55,20.33,49.35,,,,165.0,Moderate
262917,DL005,2020-04-18 22:00:00,91.0,232.0,0.5,18.02,9.98,22.18,0.42,19.98,66.4,,,,159.0,Moderate
262918,DL005,2020-04-18 23:00:00,55.0,159.0,0.65,17.55,9.85,22.9,0.3,18.65,54.55,,,,147.0,Moderate
262919,DL005,2020-04-19 00:00:00,30.0,92.0,0.38,17.1,9.4,23.35,0.3,17.8,50.28,,,,135.0,Moderate
262920,DL005,2020-04-19 01:00:00,34.0,92.0,0.5,16.05,8.97,24.5,0.3,16.2,59.23,,,,122.0,Moderate
262921,DL005,2020-04-19 02:00:00,44.0,68.0,0.7,16.9,9.55,27.02,0.3,17.6,32.0,,,,119.0,Moderate
262922,DL005,2020-04-19 03:00:00,31.0,79.0,1.0,15.7,9.2,27.0,0.2,17.7,40.85,,,,117.0,Moderate
262923,DL005,2020-04-19 04:00:00,27.0,64.0,0.7,14.12,8.07,23.18,0.2,16.82,43.9,,,,115.0,Moderate
262924,DL005,2020-04-19 05:00:00,29.0,53.0,0.65,18.1,10.12,20.95,0.3,15.35,22.28,,,,114.0,Moderate
262925,DL005,2020-04-19 06:00:00,31.0,55.0,0.93,19.23,11.0,20.62,0.3,16.02,31.55,,,,111.0,Moderate
262926,DL005,2020-04-19 07:00:00,,,,,,,,,,,,,111.0,Moderate
262927,DL005,2020-04-19 08:00:00,29.0,60.0,4.0,23.1,13.8,26.4,,25.6,2.5,,,,111.0,Moderate
262928,DL005,2020-04-19 09:00:00,,,1.9,14.6,9.23,22.85,0.12,34.47,33.85,,,,112.0,Moderate
262929,DL005,2020-04-19 10:00:00,,,1.1,12.95,7.8,22.92,0.23,31.0,38.45,,,,113.0,Moderate
262930,DL005,2020-04-19 11:00:00,47.0,85.0,0.88,12.12,7.17,22.8,0.1,24.82,58.72,,,,113.0,Moderate
262931,DL005,2020-04-19 12:00:00,48.0,76.0,1.0,12.18,7.3,21.42,,20.17,78.77,,,,112.0,Moderate
262932,DL005,2020-04-19 13:00:00,39.0,87.0,0.65,11.05,6.42,21.3,,18.92,92.65,,,,110.0,Moderate
262933,DL005,2020-04-19 14:00:00,30.0,66.0,0.57,10.23,5.92,21.65,,16.75,110.8,,,,116.0,Moderate
262934,DL005,2020-04-19 15:00:00,20.0,64.0,0.75,10.35,6.12,23.08,,12.28,116.35,,,,124.0,Moderate
262935,DL005,2020-04-19 16:00:00,20.0,57.0,0.5,11.52,6.55,25.15,0.12,11.75,114.75,,,,124.0,Moderate
262936,DL005,2020-04-19 17:00:00,24.0,53.0,0.57,11.98,6.88,25.8,0.15,10.72,107.4,,,,124.0,Moderate
262937,DL005,2020-04-19 18:00:00,19.0,69.0,0.55,12.07,6.88,25.23,0.12,10.38,116.53,,,,124.0,Moderate
262938,DL005,2020-04-19 19:00:00,17.0,57.0,0.42,15.45,8.57,25.27,0.23,10.55,108.5,,,,124.0,Moderate
262939,DL005,2020-04-19 20:00:00,24.0,86.0,0.43,28.45,15.48,25.12,0.52,13.12,70.9,,,,124.0,Moderate
262940,DL005,2020-04-19 21:00:00,70.0,258.0,1.02,49.0,27.08,25.67,0.88,21.4,31.47,,,,124.0,Moderate
262941,DL005,2020-04-19 22:00:00,279.0,510.0,1.65,45.8,25.7,30.72,0.82,25.48,21.3,,,,124.0,Moderate
262942,DL005,2020-04-19 23:00:00,175.0,364.0,0.95,43.3,23.8,29.6,0.47,21.0,18.25,,,,124.0,Moderate
262943,DL005,2020-04-20 00:00:00,112.0,258.0,0.8,35.83,19.73,28.7,0.52,24.82,24.18,,,,124.0,Moderate
262944,DL005,2020-04-20 01:00:00,146.0,262.0,1.2,32.28,18.15,28.65,0.53,24.15,16.8,,,,124.0,Moderate
262945,DL005,2020-04-20 02:00:00,138.0,209.0,2.65,44.17,25.67,30.05,0.5,20.45,15.0,,,,125.0,Moderate
262946,DL005,2020-04-20 03:00:00,106.0,240.0,2.0,43.3,24.6,32.4,0.5,16.7,6.35,,,,130.0,Moderate
262947,DL005,2020-04-20 04:00:00,117.0,261.0,4.35,40.7,25.2,32.08,0.57,17.48,5.12,,,,141.0,Moderate
262948,DL005,2020-04-20 05:00:00,116.0,252.0,2.42,36.45,21.4,29.52,0.57,17.5,4.4,,,,155.0,Moderate
262949,DL005,2020-04-20 06:00:00,114.0,230.0,3.65,37.9,23.15,27.48,0.62,18.45,3.8,,,,168.0,Moderate
262950,DL005,2020-04-20 07:00:00,127.0,307.0,8.53,43.92,30.28,27.2,0.93,24.93,5.7,,,,175.0,Moderate
262951,DL005,2020-04-20 08:00:00,208.0,396.0,4.72,40.62,25.45,28.6,0.9,35.25,10.72,,,,202.0,Poor
262952,DL005,2020-04-20 09:00:00,174.0,309.0,2.95,35.33,21.23,29.0,0.72,38.9,19.4,,,,214.0,Poor
262953,DL005,2020-04-20 10:00:00,221.0,383.0,1.27,22.3,12.9,29.55,0.3,29.25,39.08,,,,232.0,Poor
262954,DL005,2020-04-20 11:00:00,77.0,203.0,1.15,14.6,8.68,28.3,0.15,20.32,51.9,,,,236.0,Poor
262955,DL005,2020-04-20 12:00:00,42.0,136.0,1.02,12.05,7.22,28.35,0.1,16.6,68.6,,,,235.0,Poor
262956,DL005,2020-04-20 13:00:00,27.0,124.0,0.52,10.98,6.28,27.88,,12.82,81.6,,,,234.0,Poor
262957,DL005,2020-04-20 14:00:00,16.0,101.0,0.52,11.07,6.33,27.62,,11.28,90.0,,,,232.0,Poor
262958,DL005,2020-04-20 15:00:00,16.0,66.0,0.53,11.93,6.77,27.75,,10.93,98.5,,,,231.0,Poor
262959,DL005,2020-04-20 16:00:00,20.0,86.0,0.57,11.53,6.62,27.55,0.1,9.77,93.35,,,,231.0,Poor
262960,DL005,2020-04-20 17:00:00,8.0,52.0,0.5,10.9,6.17,27.5,0.1,9.18,89.75,,,,229.0,Poor
262961,DL005,2020-04-20 18:00:00,8.0,57.0,0.4,11.07,6.25,26.8,0.1,8.95,89.22,,,,228.0,Poor
262962,DL005,2020-04-20 19:00:00,12.0,40.0,0.4,14.6,8.08,25.77,0.23,10.05,79.38,,,,227.0,Poor
262963,DL005,2020-04-20 20:00:00,22.0,72.0,0.62,37.55,20.5,25.1,0.65,13.0,41.4,,,,227.0,Poor
262964,DL005,2020-04-20 21:00:00,99.0,239.0,0.73,34.9,19.18,25.93,0.55,14.07,39.42,,,,231.0,Poor
262965,DL005,2020-04-20 22:00:00,63.0,351.0,0.57,19.07,10.58,26.2,0.3,14.05,66.12,,,,201.0,Poor
262966,DL005,2020-04-20 23:00:00,38.0,136.0,0.35,16.65,9.15,25.15,0.32,13.12,66.67,,,,182.0,Moderate
262967,DL005,2020-04-21 00:00:00,29.0,99.0,0.5,16.52,9.25,25.48,0.3,13.45,60.02,,,,170.0,Moderate
262968,DL005,2020-04-21 01:00:00,36.0,91.0,0.32,16.02,8.8,25.55,0.4,19.65,52.53,,,,157.0,Moderate
262969,DL005,2020-04-21 02:00:00,38.0,92.0,0.35,18.0,9.85,26.67,0.4,20.12,50.5,,,,153.0,Moderate
262970,DL005,2020-04-21 03:00:00,46.0,153.0,0.6,,9.4,31.1,0.4,21.7,49.85,,,,151.0,Moderate
262971,DL005,2020-04-21 04:00:00,45.0,102.0,0.57,15.38,8.5,29.88,0.4,20.73,50.42,,,,147.0,Moderate
262972,DL005,2020-04-21 05:00:00,48.0,94.0,0.5,20.35,11.2,27.2,0.45,17.9,20.2,,,,142.0,Moderate
262973,DL005,2020-04-21 06:00:00,55.0,129.0,0.8,21.47,12.08,25.57,0.47,16.08,14.9,,,,139.0,Moderate
262974,DL005,2020-04-21 07:00:00,52.0,120.0,1.48,24.02,14.0,24.82,0.6,17.8,11.43,,,,134.0,Moderate
262975,DL005,2020-04-21 08:00:00,86.0,169.0,2.28,20.62,12.82,26.07,0.67,30.2,18.25,,,,128.0,Moderate
262976,DL005,2020-04-21 09:00:00,152.0,259.0,1.85,19.27,11.77,27.52,0.57,38.65,51.3,,,,126.0,Moderate
262977,DL005,2020-04-21 10:00:00,125.0,210.0,1.1,16.93,9.9,29.17,0.57,40.12,82.53,,,,122.0,Moderate
262978,DL005,2020-04-21 11:00:00,106.0,199.0,0.75,12.47,7.25,29.17,0.35,28.02,93.55,,,,122.0,Moderate
262979,DL005,2020-04-21 12:00:00,51.0,105.0,0.53,11.25,6.4,29.55,0.3,21.15,103.12,,,,121.0,Moderate
262980,DL005,2020-04-21 13:00:00,31.0,90.0,0.57,11.68,6.67,30.15,0.3,16.93,111.45,,,,120.0,Moderate
262981,DL005,2020-04-21 14:00:00,27.0,86.0,0.53,11.62,6.6,30.38,0.3,16.25,113.88,,,,120.0,Moderate
262982,DL005,2020-04-21 15:00:00,25.0,91.0,0.4,10.88,6.12,30.15,0.3,14.23,110.25,,,,120.0,Moderate
262983,DL005,2020-04-21 16:00:00,18.0,77.0,0.4,11.23,6.28,29.97,0.1,13.9,108.88,,,,120.0,Moderate
262984,DL005,2020-04-21 17:00:00,20.0,93.0,0.7,11.35,6.58,30.23,0.1,14.38,112.97,,,,121.0,Moderate
262985,DL005,2020-04-21 18:00:00,28.0,85.0,0.3,11.75,6.45,30.1,0.1,14.5,117.65,,,,126.0,Moderate
262986,DL005,2020-04-21 19:00:00,20.0,94.0,0.5,14.3,8.0,29.92,0.18,14.23,114.3,,,,126.0,Moderate
262987,DL005,2020-04-21 20:00:00,29.0,116.0,0.45,20.47,11.3,27.8,0.35,16.1,95.95,,,,126.0,Moderate
262988,DL005,2020-04-21 21:00:00,61.0,202.0,0.5,36.3,19.72,27.9,0.65,22.25,58.6,,,,126.0,Moderate
262989,DL005,2020-04-21 22:00:00,111.0,325.0,0.62,31.25,17.12,27.62,0.4,34.78,67.2,,,,126.0,Moderate
262990,DL005,2020-04-21 23:00:00,97.0,286.0,0.55,26.93,14.77,27.88,0.4,49.62,61.1,,,,127.0,Moderate
262991,DL005,2020-04-22 00:00:00,112.0,297.0,0.53,24.1,13.27,26.95,0.35,39.47,58.15,,,,132.0,Moderate
262992,DL005,2020-04-22 01:00:00,84.0,224.0,0.53,25.97,14.25,27.65,0.38,31.0,44.1,,,,136.0,Moderate
262993,DL005,2020-04-22 02:00:00,83.0,229.0,0.53,28.1,15.4,27.75,0.43,32.17,31.35,,,,140.0,Moderate
262994,DL005,2020-04-22 03:00:00,111.0,279.0,0.3,33.3,18.0,31.5,0.4,35.8,22.7,,,,143.0,Moderate
262995,DL005,2020-04-22 04:00:00,103.0,247.0,0.55,30.55,16.67,30.6,0.47,34.78,23.27,,,,147.0,Moderate
262996,DL005,2020-04-22 05:00:00,121.0,261.0,0.57,32.07,17.5,29.48,0.5,36.05,16.7,,,,152.0,Moderate
262997,DL005,2020-04-22 06:00:00,125.0,272.0,0.75,31.27,17.27,28.62,0.5,40.95,19.05,,,,156.0,Moderate
262998,DL005,2020-04-22 07:00:00,143.0,290.0,2.4,35.32,20.75,28.38,0.65,42.7,14.88,,,,161.0,Moderate
262999,DL005,2020-04-22 08:00:00,144.0,290.0,2.97,30.25,18.47,29.5,0.7,70.4,34.88,,,,168.0,Moderate
263000,DL005,2020-04-22 09:00:00,189.0,379.0,1.48,22.7,13.25,31.15,0.53,77.75,82.45,,,,173.0,Moderate
263001,DL005,2020-04-22 10:00:00,158.0,280.0,0.55,17.58,9.82,31.57,0.32,35.95,113.5,,,,177.0,Moderate
263002,DL005,2020-04-22 11:00:00,79.0,158.0,0.53,13.23,7.45,31.68,0.15,21.77,120.5,,,,174.0,Moderate
263003,DL005,2020-04-22 12:00:00,40.0,103.0,0.5,12.1,6.85,32.83,0.15,19.92,121.72,,,,172.0,Moderate
263004,DL005,2020-04-22 13:00:00,34.0,83.0,0.53,12.3,6.98,34.68,0.1,16.65,128.3,,,,172.0,Moderate
263005,DL005,2020-04-22 14:00:00,27.0,82.0,0.2,12.48,6.78,35.8,0.1,14.95,126.07,,,,172.0,Moderate
263006,DL005,2020-04-22 15:00:00,27.0,104.0,0.3,12.57,6.9,36.08,0.1,14.72,128.38,,,,173.0,Moderate
263007,DL005,2020-04-22 16:00:00,24.0,88.0,0.33,12.85,7.1,35.82,0.1,14.28,127.35,,,,174.0,Moderate
263008,DL005,2020-04-22 17:00:00,24.0,77.0,0.35,13.35,7.35,35.88,0.1,13.15,134.12,,,,174.0,Moderate
263009,DL005,2020-04-22 18:00:00,20.0,102.0,0.35,13.7,7.6,35.55,0.1,12.73,135.8,,,,173.0,Moderate
263010,DL005,2020-04-22 19:00:00,25.0,88.0,0.3,15.4,8.5,33.9,0.18,12.38,119.85,,,,174.0,Moderate
263011,DL005,2020-04-22 20:00:00,25.0,125.0,0.38,32.77,17.77,33.0,0.6,16.02,77.62,,,,173.0,Moderate
263012,DL005,2020-04-22 21:00:00,92.0,303.0,0.72,30.7,16.95,32.88,0.67,23.15,83.22,,,,178.0,Moderate
263013,DL005,2020-04-22 22:00:00,79.0,252.0,0.72,29.73,16.4,33.12,0.65,25.3,73.65,,,,173.0,Moderate
263014,DL005,2020-04-22 23:00:00,105.0,335.0,0.52,30.3,16.57,34.17,0.85,36.65,62.33,,,,174.0,Moderate
263015,DL005,2020-04-23 00:00:00,133.0,293.0,0.47,31.12,16.92,34.5,0.85,42.52,60.08,,,,177.0,Moderate
263016,DL005,2020-04-23 01:00:00,118.0,259.0,0.5,32.4,17.6,35.27,0.88,38.5,51.12,,,,182.0,Moderate
263017,DL005,2020-04-23 02:00:00,119.0,291.0,0.5,28.33,15.43,36.42,1.05,47.08,47.5,,,,187.0,Moderate
263018,DL005,2020-04-23 03:00:00,145.0,320.0,0.8,30.4,16.9,39.4,1.0,41.0,41.6,,,,192.0,Moderate
263019,DL005,2020-04-23 04:00:00,139.0,298.0,0.35,30.85,16.65,38.08,0.88,30.1,43.45,,,,197.0,Moderate
263020,DL005,2020-04-23 05:00:00,95.0,199.0,0.32,25.25,13.72,35.15,0.55,23.2,71.62,,,,193.0,Moderate
263021,DL005,2020-04-23 06:00:00,63.0,164.0,0.4,21.55,11.85,32.9,0.52,21.98,72.05,,,,184.0,Moderate
263022,DL005,2020-04-23 07:00:00,67.0,163.0,1.02,27.45,15.47,32.5,0.7,23.55,41.0,,,,174.0,Moderate
263023,DL005,2020-04-23 08:00:00,96.0,223.0,1.78,28.42,16.6,34.15,0.72,26.12,61.3,,,,167.0,Moderate
263024,DL005,2020-04-23 09:00:00,85.0,210.0,1.55,27.02,15.67,35.42,0.65,29.88,103.7,,,,161.0,Moderate
263025,DL005,2020-04-23 10:00:00,99.0,212.0,0.82,19.48,11.03,35.25,0.5,26.08,114.47,,,,159.0,Moderate
263026,DL005,2020-04-23 11:00:00,58.0,127.0,0.43,17.12,9.43,35.88,0.45,22.88,124.53,,,,158.0,Moderate
263027,DL005,2020-04-23 12:00:00,57.0,112.0,0.35,14.15,7.8,39.35,0.3,17.45,114.95,,,,159.0,Moderate
263028,DL005,2020-04-23 13:00:00,35.0,75.0,0.45,13.78,7.67,38.67,0.3,16.8,103.17,,,,158.0,Moderate
263029,DL005,2020-04-23 14:00:00,33.0,112.0,0.4,14.38,7.9,37.58,0.23,16.12,98.0,,,,159.0,Moderate
263030,DL005,2020-04-23 15:00:00,,,0.4,12.4,6.9,36.2,0.3,14.8,88.3,,,,162.0,Moderate
263031,DL005,2020-04-23 16:00:00,13.0,190.0,0.3,12.9,7.1,34.9,0.93,16.25,93.83,,,,165.0,Moderate
263032,DL005,2020-04-23 17:00:00,20.0,125.0,0.48,13.8,7.72,33.72,1.12,15.55,91.72,,,,166.0,Moderate
263033,DL005,2020-04-23 18:00:00,17.0,98.0,0.28,13.97,7.62,33.25,1.17,18.95,89.78,,,,166.0,Moderate
263034,DL005,2020-04-23 19:00:00,16.0,85.0,0.35,17.7,9.72,32.52,1.3,18.27,75.58,,,,166.0,Moderate
263035,DL005,2020-04-23 20:00:00,30.0,138.0,0.62,28.45,15.7,32.83,1.7,35.83,52.27,,,,166.0,Moderate
263036,DL005,2020-04-23 21:00:00,94.0,261.0,0.88,42.73,23.43,34.33,1.93,30.82,27.15,,,,165.0,Moderate
263037,DL005,2020-04-23 22:00:00,108.0,282.0,0.7,33.4,18.33,35.25,1.83,32.47,30.0,,,,166.0,Moderate
263038,DL005,2020-04-23 23:00:00,101.0,246.0,0.65,34.4,18.77,35.92,1.93,38.72,21.67,,,,163.0,Moderate
263039,DL005,2020-04-24 00:00:00,162.0,330.0,0.73,36.97,20.3,38.03,2.17,58.65,11.75,,,,164.0,Moderate
263040,DL005,2020-04-24 01:00:00,248.0,428.0,0.9,34.4,19.0,39.12,2.0,42.77,11.2,,,,175.0,Moderate
263041,DL005,2020-04-24 02:00:00,188.0,342.0,1.18,32.45,18.2,37.9,1.98,28.25,7.65,,,,185.0,Moderate
263042,DL005,2020-04-24 03:00:00,164.0,278.0,1.2,35.5,19.8,39.6,1.9,23.4,4.88,,,,188.0,Moderate
263043,DL005,2020-04-24 04:00:00,149.0,245.0,8.6,42.42,29.57,39.67,1.98,23.93,7.35,,,,190.0,Moderate
263044,DL005,2020-04-24 05:00:00,138.0,269.0,6.5,42.73,28.02,36.95,2.1,30.92,13.8,,,,196.0,Moderate
263045,DL005,2020-04-24 06:00:00,140.0,261.0,4.82,39.8,25.1,35.07,2.15,29.9,10.47,,,,207.0,Poor
263046,DL005,2020-04-24 07:00:00,152.0,287.0,5.0,37.38,23.95,34.85,2.15,29.25,10.15,,,,219.0,Poor
263047,DL005,2020-04-24 08:00:00,147.0,301.0,5.12,39.75,25.3,36.12,2.25,34.52,26.7,,,,227.0,Poor
263048,DL005,2020-04-24 09:00:00,168.0,317.0,2.27,28.65,17.12,37.3,1.83,34.93,65.78,,,,239.0,Poor
263049,DL005,2020-04-24 10:00:00,107.0,223.0,0.75,20.6,11.57,37.9,1.65,32.0,98.85,,,,240.0,Poor
263050,DL005,2020-04-24 11:00:00,85.0,165.0,0.72,17.48,9.93,38.15,1.55,27.12,123.65,,,,244.0,Poor
263051,DL005,2020-04-24 12:00:00,67.0,144.5,0.52,15.33,8.62,39.1,1.45,22.9,130.12,,,,245.0,Poor
263052,DL005,2020-04-24 13:00:00,55.0,108.25,0.5,13.83,7.73,39.6,1.4,19.92,132.73,,,,248.0,Poor
263053,DL005,2020-04-24 14:00:00,30.0,100.25,0.55,12.43,7.07,39.62,1.3,16.97,139.05,,,,248.0,Poor
263054,DL005,2020-04-24 15:00:00,30.0,93.5,0.6,12.3,7.0,38.3,1.4,16.9,148.12,,,,237.0,Poor
263055,DL005,2020-04-24 16:00:00,39.0,101.75,0.38,13.68,7.55,38.53,0.23,16.95,140.57,,,,241.0,Poor
263056,DL005,2020-04-24 17:00:00,41.0,111.0,0.47,12.82,7.17,37.92,0.18,15.85,138.3,,,,244.0,Poor
263057,DL005,2020-04-24 18:00:00,31.0,100.25,0.25,12.9,7.05,36.55,0.12,13.85,131.43,,,,246.0,Poor
263058,DL005,2020-04-24 19:00:00,28.0,108.5,0.2,17.0,9.25,34.7,0.23,14.75,117.15,,,,248.0,Poor
263059,DL005,2020-04-24 20:00:00,41.0,176.0,0.53,26.4,14.47,33.48,0.62,18.12,81.5,,,,249.0,Poor
263060,DL005,2020-04-24 21:00:00,88.0,337.0,0.57,31.4,17.15,33.85,0.75,22.9,81.95,,,,248.0,Poor
263061,DL005,2020-04-24 22:00:00,99.0,324.75,0.38,29.3,15.88,34.58,0.72,31.52,79.4,,,,247.0,Poor
263062,DL005,2020-04-24 23:00:00,101.0,274.75,0.38,19.75,10.82,34.52,0.38,18.68,87.58,,,,247.0,Poor
263063,DL005,2020-04-25 00:00:00,55.0,181.0,0.33,19.1,10.45,34.88,0.35,18.6,70.9,,,,232.0,Poor
263064,DL005,2020-04-25 01:00:00,46.0,174.5,0.38,15.9,8.9,34.52,0.25,15.8,78.38,,,,204.0,Poor
263065,DL005,2020-04-25 02:00:00,28.0,139.5,0.4,18.07,9.95,34.4,0.38,13.85,52.55,,,,182.0,Moderate
263066,DL005,2020-04-25 03:00:00,36.0,142.75,0.3,18.8,10.2,37.4,0.3,14.0,51.25,,,,164.0,Moderate
263067,DL005,2020-04-25 04:00:00,33.0,129.0,0.2,18.0,9.7,36.4,0.28,13.55,64.78,,,,160.0,Moderate
263068,DL005,2020-04-25 05:00:00,25.0,117.75,0.62,17.38,9.78,33.05,0.35,14.07,54.42,,,,156.0,Moderate
263069,DL005,2020-04-25 06:00:00,30.0,107.0,0.45,16.23,8.97,31.77,0.35,22.33,68.8,,,,152.0,Moderate
263070,DL005,2020-04-25 07:00:00,50.0,149.0,0.5,13.28,7.45,32.15,0.3,16.75,78.28,,,,148.0,Moderate
263071,DL005,2020-04-25 08:00:00,23.0,82.75,0.35,13.9,7.7,32.5,0.3,14.48,74.35,,,,142.0,Moderate
263072,DL005,2020-04-25 09:00:00,25.0,61.0,0.33,13.95,7.67,33.52,0.3,14.4,81.43,,,,135.0,Moderate
263073,DL005,2020-04-25 10:00:00,18.0,76.0,0.57,14.9,8.4,34.85,0.35,14.9,88.67,,,,131.0,Moderate
263074,DL005,2020-04-25 11:00:00,27.0,79.0,0.68,13.6,7.78,35.92,0.3,14.28,94.9,,,,128.0,Moderate
263075,DL005,2020-04-25 12:00:00,18.0,79.0,0.45,13.02,7.28,37.27,0.28,13.82,108.88,,,,127.0,Moderate
263076,DL005,2020-04-25 13:00:00,20.0,63.75,0.6,13.25,7.5,38.25,0.3,12.47,114.77,,,,125.0,Moderate
263077,DL005,2020-04-25 14:00:00,11.0,51.5,0.47,12.93,7.3,39.02,0.3,12.03,117.1,,,,125.0,Moderate
263078,DL005,2020-04-25 15:00:00,19.0,53.0,0.62,12.55,7.18,39.3,0.23,12.0,118.22,,,,127.0,Moderate
263079,DL005,2020-04-25 16:00:00,17.0,51.0,0.3,12.2,6.78,38.62,0.1,11.82,124.15,,,,136.0,Moderate
263080,DL005,2020-04-25 17:00:00,28.0,46.0,0.23,11.98,6.57,38.47,0.1,12.65,122.77,,,,136.0,Moderate
263081,DL005,2020-04-25 18:00:00,33.0,47.0,,,,,0.1,12.3,109.53,,,,136.0,Moderate
263082,DL005,2020-04-25 19:00:00,18.0,60.0,0.3,15.85,8.65,36.95,0.2,12.57,101.58,,,,136.0,Moderate
263083,DL005,2020-04-25 20:00:00,27.0,101.0,0.38,28.93,15.68,35.83,0.5,15.05,60.83,,,,136.0,Moderate
263084,DL005,2020-04-25 21:00:00,64.0,302.0,0.78,29.4,16.3,34.7,0.57,19.12,72.03,,,,136.0,Moderate
263085,DL005,2020-04-25 22:00:00,83.0,329.0,0.55,25.1,13.82,34.5,0.55,24.85,81.28,,,,136.0,Moderate
263086,DL005,2020-04-25 23:00:00,83.0,344.0,0.7,30.62,16.85,35.4,0.5,33.5,75.52,,,,136.0,Moderate
263087,DL005,2020-04-26 00:00:00,88.0,296.0,0.4,24.3,13.23,35.3,0.65,31.02,78.58,,,,133.0,Moderate
263088,DL005,2020-04-26 01:00:00,70.0,259.0,0.48,23.05,12.65,35.52,0.62,29.8,60.4,,,,121.0,Moderate
263089,DL005,2020-04-26 02:00:00,77.0,282.0,0.75,24.45,13.62,35.67,0.67,29.9,49.75,,,,125.0,Moderate
263090,DL005,2020-04-26 03:00:00,83.0,276.0,0.9,30.7,17.0,40.0,0.8,31.1,35.08,,,,129.0,Moderate
263091,DL005,2020-04-26 04:00:00,118.0,298.0,0.6,28.85,15.83,38.03,0.78,28.55,34.08,,,,134.0,Moderate
263092,DL005,2020-04-26 05:00:00,102.0,258.0,0.55,24.65,13.57,35.25,0.6,19.23,62.18,,,,138.0,Moderate
263093,DL005,2020-04-26 06:00:00,79.0,175.0,0.62,20.07,11.18,33.47,0.62,18.85,69.03,,,,139.0,Moderate
263094,DL005,2020-04-26 07:00:00,84.0,191.0,0.65,19.4,10.88,33.23,0.7,20.8,61.0,,,,141.0,Moderate
263095,DL005,2020-04-26 08:00:00,95.0,210.0,0.8,17.4,9.93,33.92,0.62,19.3,73.92,,,,144.0,Moderate
263096,DL005,2020-04-26 09:00:00,73.0,140.0,0.8,14.9,8.58,34.57,0.45,17.4,91.58,,,,146.0,Moderate
263097,DL005,2020-04-26 10:00:00,36.0,80.0,0.8,13.88,8.02,35.15,0.45,14.53,91.7,,,,146.0,Moderate
263098,DL005,2020-04-26 11:00:00,34.0,74.0,0.72,13.45,7.75,35.03,0.3,14.3,95.95,,,,146.0,Moderate
263099,DL005,2020-04-26 12:00:00,16.0,46.0,0.73,16.17,9.22,35.3,0.4,15.6,92.22,,,,145.0,Moderate
263100,DL005,2020-04-26 13:00:00,42.0,363.0,0.95,15.55,9.07,35.12,0.43,17.4,75.5,,,,154.0,Moderate
263101,DL005,2020-04-26 14:00:00,31.0,414.0,0.55,11.95,6.83,32.7,0.4,14.55,90.83,,,,164.0,Moderate
263102,DL005,2020-04-26 15:00:00,24.0,165.0,0.5,11.9,6.7,31.5,0.4,14.1,90.4,,,,167.0,Moderate
263103,DL005,2020-04-26 16:00:00,,,,,,,,,,,,,171.0,Moderate
263104,DL005,2020-04-26 17:00:00,24.0,165.0,0.45,10.55,5.95,29.5,0.4,18.4,33.58,,,,175.0,Moderate
263105,DL005,2020-04-26 18:00:00,,,0.32,11.52,6.42,26.55,0.78,16.32,92.83,,,,180.0,Moderate
263106,DL005,2020-04-26 19:00:00,24.0,246.0,0.6,14.25,8.02,32.3,0.7,11.43,90.7,,,,185.0,Moderate
263107,DL005,2020-04-26 20:00:00,23.0,156.0,0.68,21.02,11.72,34.97,0.8,17.35,74.7,,,,187.0,Moderate
263108,DL005,2020-04-26 21:00:00,45.0,140.0,0.32,17.23,9.4,35.02,0.78,12.75,79.53,,,,182.0,Moderate
263109,DL005,2020-04-26 22:00:00,23.0,79.0,0.4,15.65,8.65,33.5,0.78,11.35,76.47,,,,174.0,Moderate
263110,DL005,2020-04-26 23:00:00,28.0,52.0,0.62,17.0,9.48,31.57,0.8,11.5,65.58,,,,166.0,Moderate
263111,DL005,2020-04-27 00:00:00,24.0,49.0,0.3,16.52,9.05,30.27,0.8,12.6,61.3,,,,158.0,Moderate
263112,DL005,2020-04-27 01:00:00,27.0,46.0,0.7,18.62,10.48,30.68,0.83,14.03,53.25,,,,152.0,Moderate
263113,DL005,2020-04-27 02:00:00,55.0,65.0,0.6,17.35,9.72,30.2,0.9,13.92,56.35,,,,145.0,Moderate
263114,DL005,2020-04-27 03:00:00,38.0,48.0,1.1,20.9,12.0,32.6,1.1,20.1,37.98,,,,138.0,Moderate
263115,DL005,2020-04-27 04:00:00,64.0,103.0,0.88,18.6,10.6,31.75,0.88,19.12,28.43,,,,132.0,Moderate
263116,DL005,2020-04-27 05:00:00,67.0,99.0,0.82,16.75,9.62,30.32,0.8,18.48,26.5,,,,127.0,Moderate
263117,DL005,2020-04-27 06:00:00,55.0,87.0,0.5,15.5,8.62,28.77,0.75,17.45,34.08,,,,125.0,Moderate
263118,DL005,2020-04-27 07:00:00,40.0,66.0,1.0,17.57,10.15,27.93,0.7,16.62,33.5,,,,121.0,Moderate
263119,DL005,2020-04-27 08:00:00,39.0,90.0,0.9,16.95,9.8,27.88,0.78,17.15,49.42,,,,117.0,Moderate
263120,DL005,2020-04-27 09:00:00,36.0,66.0,1.45,16.1,9.75,29.1,0.8,16.8,64.53,,,,115.0,Moderate
263121,DL005,2020-04-27 10:00:00,34.0,76.0,1.12,15.18,9.07,29.98,0.8,16.5,79.1,,,,115.0,Moderate
263122,DL005,2020-04-27 11:00:00,36.0,110.0,0.6,13.7,7.75,30.0,0.75,16.8,91.92,,,,116.0,Moderate
263123,DL005,2020-04-27 12:00:00,27.0,87.0,0.68,13.62,7.8,30.57,0.8,15.95,105.35,,,,117.0,Moderate
263124,DL005,2020-04-27 13:00:00,27.0,58.0,0.57,13.72,7.72,31.5,0.78,14.25,116.92,,,,125.0,Moderate
263125,DL005,2020-04-27 14:00:00,20.0,66.0,0.72,14.05,8.05,32.25,0.8,13.68,125.22,,,,137.0,Moderate
263126,DL005,2020-04-27 15:00:00,25.0,64.0,0.68,13.73,7.88,32.45,0.8,13.57,129.48,,,,143.0,Moderate
263127,DL005,2020-04-27 16:00:00,29.0,76.0,0.38,14.6,8.12,33.02,0.2,12.9,139.12,,,,158.0,Moderate
263128,DL005,2020-04-27 17:00:00,28.0,74.0,0.65,14.65,8.35,32.83,0.2,12.9,142.0,,,,162.0,Moderate
263129,DL005,2020-04-27 18:00:00,30.0,74.0,0.6,14.45,8.2,31.9,0.2,13.57,135.3,,,,162.0,Moderate
263130,DL005,2020-04-27 19:00:00,28.0,104.0,0.45,14.25,7.92,31.05,0.3,13.55,108.07,,,,162.0,Moderate
263131,DL005,2020-04-27 20:00:00,47.0,182.0,0.47,15.27,8.5,30.02,0.3,14.85,79.65,,,,162.0,Moderate
263132,DL005,2020-04-27 21:00:00,45.0,163.0,0.47,15.62,8.7,28.45,0.38,15.82,71.3,,,,162.0,Moderate
263133,DL005,2020-04-27 22:00:00,45.0,99.0,0.57,14.85,8.32,27.48,0.4,18.3,66.75,,,,162.0,Moderate
263134,DL005,2020-04-27 23:00:00,40.0,87.0,0.55,15.35,8.47,27.1,0.4,19.05,58.72,,,,162.0,Moderate
263135,DL005,2020-04-28 00:00:00,50.0,93.0,0.25,15.5,8.5,27.5,0.45,20.02,52.45,,,,162.0,Moderate
263136,DL005,2020-04-28 01:00:00,51.0,96.0,0.45,16.0,8.95,26.78,0.5,19.98,43.58,,,,152.0,Moderate
263137,DL005,2020-04-28 02:00:00,68.0,101.0,1.0,17.75,10.23,26.0,0.5,20.42,43.9,,,,112.0,Moderate
263138,DL005,2020-04-28 03:00:00,63.0,105.0,0.7,16.6,9.4,27.9,0.3,17.2,48.12,,,,93.0,Satisfactory
263139,DL005,2020-04-28 04:00:00,36.0,69.0,0.6,16.45,9.28,27.08,0.35,16.42,48.4,,,,91.0,Satisfactory
263140,DL005,2020-04-28 05:00:00,40.0,65.0,0.72,18.6,10.5,26.88,0.65,23.78,28.62,,,,90.0,Satisfactory
263141,DL005,2020-04-28 06:00:00,89.0,138.0,0.62,16.52,9.27,26.5,0.6,27.05,32.35,,,,92.0,Satisfactory
263142,DL005,2020-04-28 07:00:00,68.0,98.0,0.8,17.72,10.1,25.62,0.62,28.1,26.57,,,,93.0,Satisfactory
263143,DL005,2020-04-28 08:00:00,80.0,126.0,1.0,17.1,9.83,25.03,0.6,30.32,36.65,,,,95.0,Satisfactory
263144,DL005,2020-04-28 09:00:00,68.0,115.0,1.08,17.1,9.95,24.6,0.57,26.38,60.08,,,,97.0,Satisfactory
263145,DL005,2020-04-28 10:00:00,56.0,116.0,1.1,16.2,9.7,24.6,0.5,25.27,96.47,,,,99.0,Satisfactory
263146,DL005,2020-04-28 11:00:00,46.0,96.0,0.88,15.95,9.4,24.35,0.5,19.9,108.0,,,,112.0,Moderate
263147,DL005,2020-04-28 12:00:00,42.0,98.0,0.72,14.32,8.2,25.38,0.5,17.0,117.7,,,,126.0,Moderate
263148,DL005,2020-04-28 13:00:00,47.0,96.0,0.77,13.62,7.9,25.9,0.5,16.23,126.47,,,,139.0,Moderate
263149,DL005,2020-04-28 14:00:00,44.0,86.0,0.47,13.5,7.6,26.1,0.5,15.55,135.12,,,,152.0,Moderate
263150,DL005,2020-04-28 15:00:00,42.0,83.0,0.53,13.45,7.6,26.15,0.5,14.67,139.25,,,,158.0,Moderate
263151,DL005,2020-04-28 16:00:00,40.0,87.0,0.35,13.75,7.6,25.65,0.25,13.68,148.3,,,,171.0,Moderate
263152,DL005,2020-04-28 17:00:00,47.0,92.0,0.38,13.8,7.65,26.12,0.3,14.23,152.5,,,,177.0,Moderate
263153,DL005,2020-04-28 18:00:00,45.0,86.0,0.33,14.68,8.1,25.88,0.3,16.38,153.07,,,,178.0,Moderate
263154,DL005,2020-04-28 19:00:00,52.0,116.0,0.45,14.97,8.15,24.75,0.32,16.93,139.4,,,,178.0,Moderate
263155,DL005,2020-04-28 20:00:00,56.0,136.0,0.3,19.8,10.75,24.18,0.5,17.45,104.97,,,,178.0,Moderate
263156,DL005,2020-04-28 21:00:00,85.0,204.0,0.43,24.45,13.38,24.7,0.7,19.6,89.57,,,,178.0,Moderate
263157,DL005,2020-04-28 22:00:00,101.0,226.0,0.3,24.9,13.5,24.1,0.62,20.05,82.78,,,,178.0,Moderate
263158,DL005,2020-04-28 23:00:00,95.0,218.0,0.47,23.45,12.85,24.3,0.6,25.18,62.53,,,,178.0,Moderate
263159,DL005,2020-04-29 00:00:00,101.0,226.0,0.38,22.3,12.15,24.12,0.55,29.5,56.9,,,,178.0,Moderate
263160,DL005,2020-04-29 01:00:00,105.0,254.0,0.78,22.2,12.43,23.77,0.55,28.23,46.1,,,,178.0,Moderate
263161,DL005,2020-04-29 02:00:00,112.0,235.0,0.88,24.77,13.9,23.6,0.65,24.0,37.45,,,,158.0,Moderate
263162,DL005,2020-04-29 03:00:00,108.0,190.0,1.6,32.2,18.5,24.7,,15.4,35.58,,,,124.0,Moderate
263163,DL005,2020-04-29 04:00:00,92.0,170.0,1.2,28.1,15.9,24.45,0.65,16.8,20.45,,,,131.0,Moderate
263164,DL005,2020-04-29 05:00:00,105.0,188.0,1.12,24.2,13.78,24.2,0.5,16.8,24.5,,,,140.0,Moderate
263165,DL005,2020-04-29 06:00:00,78.0,138.0,1.27,23.35,13.48,23.77,0.4,14.75,26.32,,,,138.0,Moderate
263166,DL005,2020-04-29 07:00:00,66.0,125.0,1.3,24.88,14.33,22.92,0.53,15.77,24.4,,,,138.0,Moderate
263167,DL005,2020-04-29 08:00:00,80.0,149.0,1.27,21.4,12.43,22.3,0.47,16.45,40.15,,,,138.0,Moderate
263168,DL005,2020-04-29 09:00:00,63.0,137.0,0.95,18.0,10.22,22.1,0.4,16.9,69.53,,,,137.0,Moderate
263169,DL005,2020-04-29 10:00:00,61.0,129.0,0.62,15.45,8.75,22.6,0.4,15.3,97.92,,,,138.0,Moderate
263170,DL005,2020-04-29 11:00:00,53.0,109.0,0.8,14.07,8.12,23.42,0.38,14.9,115.08,,,,139.0,Moderate
263171,DL005,2020-04-29 12:00:00,45.0,104.0,0.55,13.78,7.8,24.17,0.3,16.1,129.78,,,,144.0,Moderate
263172,DL005,2020-04-29 13:00:00,41.0,110.0,0.43,13.57,7.57,24.27,0.3,14.6,137.85,,,,156.0,Moderate
263173,DL005,2020-04-29 14:00:00,36.0,94.0,0.38,12.83,7.2,24.25,0.3,14.0,142.18,,,,162.0,Moderate
263174,DL005,2020-04-29 15:00:00,44.0,98.0,0.3,12.9,7.1,23.9,0.25,13.57,142.07,,,,162.0,Moderate
263175,DL005,2020-04-29 16:00:00,40.0,113.0,0.4,12.6,7.02,23.62,0.2,14.85,141.0,,,,162.0,Moderate
263176,DL005,2020-04-29 17:00:00,42.0,107.0,0.3,12.12,6.67,22.75,0.18,15.6,138.8,,,,162.0,Moderate
263177,DL005,2020-04-29 18:00:00,38.0,110.0,0.3,14.8,8.15,21.7,0.23,17.33,138.82,,,,162.0,Moderate
263178,DL005,2020-04-29 19:00:00,48.0,137.0,0.5,18.73,10.35,21.07,0.32,17.83,127.55,,,,162.0,Moderate
263179,DL005,2020-04-29 20:00:00,66.0,203.0,0.68,23.77,13.2,21.4,0.6,21.15,103.25,,,,162.0,Moderate
263180,DL005,2020-04-29 21:00:00,97.0,280.0,0.57,32.57,17.78,22.17,0.9,26.55,72.62,,,,162.0,Moderate
263181,DL005,2020-04-29 22:00:00,138.0,328.0,0.55,24.52,13.48,23.68,0.78,23.15,63.4,,,,162.0,Moderate
263182,DL005,2020-04-29 23:00:00,112.0,286.0,0.53,22.98,12.62,23.1,0.7,18.6,47.38,,,,160.0,Moderate
263183,DL005,2020-04-30 00:00:00,95.0,231.0,0.7,22.08,12.3,22.23,0.57,16.85,53.47,,,,157.0,Moderate
263184,DL005,2020-04-30 01:00:00,69.0,159.0,0.38,19.68,10.78,21.2,0.5,16.23,50.0,,,,157.0,Moderate
263185,DL005,2020-04-30 02:00:00,64.0,157.0,0.78,19.08,10.8,20.42,0.5,17.83,52.25,,,,141.0,Moderate
263186,DL005,2020-04-30 03:00:00,63.0,136.0,0.4,22.2,12.2,21.1,0.4,15.0,47.4,,,,139.0,Moderate
263187,DL005,2020-04-30 04:00:00,57.0,116.0,0.45,17.42,9.6,21.05,0.4,16.4,65.35,,,,137.0,Moderate
263188,DL005,2020-04-30 05:00:00,50.0,98.0,0.7,16.52,9.38,21.23,0.4,15.12,58.73,,,,135.0,Moderate
263189,DL005,2020-04-30 06:00:00,55.0,105.0,0.3,17.2,9.4,21.3,0.43,15.4,55.5,,,,134.0,Moderate
263190,DL005,2020-04-30 07:00:00,56.0,115.0,0.9,18.98,10.88,21.17,0.53,16.12,42.23,,,,134.0,Moderate
263191,DL005,2020-04-30 08:00:00,66.0,151.0,1.52,20.62,12.2,21.1,0.55,16.6,39.15,,,,134.0,Moderate
263192,DL005,2020-04-30 09:00:00,66.0,159.0,1.27,19.25,11.25,21.18,0.55,17.2,63.4,,,,134.0,Moderate
263193,DL005,2020-04-30 10:00:00,68.0,145.0,1.08,19.02,11.0,21.45,0.6,18.85,93.7,,,,135.0,Moderate
263194,DL005,2020-04-30 11:00:00,79.0,158.0,0.55,17.3,9.68,22.2,0.55,22.8,121.7,,,,136.0,Moderate
263195,DL005,2020-04-30 12:00:00,143.0,165.0,0.48,16.48,9.28,22.8,0.5,26.62,140.4,,,,159.0,Moderate
263196,DL005,2020-04-30 13:00:00,70.0,153.0,0.48,16.1,9.2,22.73,0.4,26.68,156.32,,,,183.0,Moderate
263197,DL005,2020-04-30 14:00:00,59.0,151.0,0.5,15.47,8.65,22.62,0.4,25.25,166.05,,,,197.0,Moderate
263198,DL005,2020-04-30 15:00:00,55.0,135.0,0.45,13.85,7.72,22.43,0.4,21.98,155.97,,,,197.0,Moderate
263199,DL005,2020-04-30 16:00:00,46.0,136.0,0.4,13.47,7.47,22.15,0.25,20.98,159.32,,,,197.0,Moderate
263200,DL005,2020-04-30 17:00:00,51.0,136.0,0.45,13.93,7.8,21.6,0.23,19.98,160.0,,,,197.0,Moderate
263201,DL005,2020-04-30 18:00:00,51.0,135.0,0.38,14.7,8.12,20.43,0.3,21.07,141.43,,,,197.0,Moderate
263202,DL005,2020-04-30 19:00:00,58.0,153.0,0.57,17.65,9.88,20.45,0.38,19.55,130.1,,,,197.0,Moderate
263203,DL005,2020-04-30 20:00:00,75.0,282.0,0.5,18.5,10.1,20.18,0.4,17.28,105.75,,,,197.0,Moderate
263204,DL005,2020-04-30 21:00:00,64.0,160.0,0.55,19.97,11.02,20.45,0.47,15.85,88.7,,,,197.0,Moderate
263205,DL005,2020-04-30 22:00:00,70.0,171.0,0.6,25.18,13.9,19.9,0.7,16.15,56.65,,,,188.0,Moderate
263206,DL005,2020-04-30 23:00:00,102.0,230.0,0.65,31.43,17.25,20.15,0.85,17.55,30.63,,,,188.0,Moderate
263207,DL005,2020-05-01 00:00:00,121.0,240.0,0.5,28.25,15.45,20.75,0.8,23.62,41.65,,,,188.0,Moderate
263208,DL005,2020-05-01 01:00:00,123.0,220.0,0.73,23.1,12.88,21.5,0.83,37.92,67.6,,,,161.0,Moderate
263209,DL005,2020-05-01 02:00:00,117.0,204.0,0.6,21.12,11.72,20.65,0.8,35.2,52.75,,,,145.0,Moderate
263210,DL005,2020-05-01 03:00:00,121.0,226.0,0.7,26.4,14.6,22.6,0.8,24.5,31.7,,,,153.0,Moderate
263211,DL005,2020-05-01 04:00:00,128.0,302.0,1.1,24.75,14.05,22.68,0.8,26.73,19.62,,,,163.0,Moderate
263212,DL005,2020-05-01 05:00:00,119.0,270.0,1.43,26.88,15.45,22.25,0.83,23.12,12.45,,,,173.0,Moderate
263213,DL005,2020-05-01 06:00:00,133.0,259.0,1.9,25.23,14.95,22.17,0.95,23.8,10.05,,,,183.0,Moderate
263214,DL005,2020-05-01 07:00:00,140.0,265.0,2.35,22.93,14.1,22.35,0.9,24.6,10.82,,,,195.0,Moderate
263215,DL005,2020-05-01 08:00:00,132.0,245.0,2.7,23.05,14.48,21.8,0.83,24.55,23.45,,,,204.0,Poor
263216,DL005,2020-05-01 09:00:00,112.0,218.0,2.15,22.9,13.9,21.67,0.75,22.25,42.88,,,,211.0,Poor
263217,DL005,2020-05-01 10:00:00,108.0,199.0,1.32,19.52,11.47,22.15,0.6,20.0,70.92,,,,216.0,Poor
263218,DL005,2020-05-01 11:00:00,91.0,196.0,0.6,17.2,9.62,22.65,0.55,21.52,100.3,,,,218.0,Poor
263219,DL005,2020-05-01 12:00:00,80.0,191.0,0.47,15.1,8.4,22.95,0.38,22.38,119.6,,,,209.0,Poor
263220,DL005,2020-05-01 13:00:00,52.0,158.0,0.28,13.62,7.47,21.75,0.35,23.05,130.88,,,,207.0,Poor
263221,DL005,2020-05-01 14:00:00,62.0,187.0,0.57,13.68,7.72,21.6,0.4,23.88,144.45,,,,207.0,Poor
263222,DL005,2020-05-01 15:00:00,63.0,190.0,0.68,13.57,7.72,21.93,0.4,23.72,151.97,,,,208.0,Poor
263223,DL005,2020-05-01 16:00:00,58.0,176.0,0.53,15.82,8.88,21.85,0.35,22.4,170.0,,,,210.0,Poor
263224,DL005,2020-05-01 17:00:00,62.0,196.0,0.4,15.4,8.53,21.27,0.3,22.02,168.23,,,,211.0,Poor
263225,DL005,2020-05-01 18:00:00,62.0,180.0,0.55,16.5,9.6,20.35,0.4,21.45,168.07,,,,213.0,Poor
263226,DL005,2020-05-01 19:00:00,74.0,212.0,0.45,18.4,10.15,20.95,0.45,21.68,131.45,,,,215.0,Poor
263227,DL005,2020-05-01 20:00:00,73.0,259.0,0.38,17.77,9.78,20.4,0.45,15.48,111.8,,,,215.0,Poor
263228,DL005,2020-05-01 21:00:00,67.0,224.0,0.6,17.8,9.75,20.1,0.45,14.93,99.38,,,,215.0,Poor
263229,DL005,2020-05-01 22:00:00,59.0,192.0,0.4,18.95,10.4,19.58,0.4,15.48,82.15,,,,214.0,Poor
263230,DL005,2020-05-01 23:00:00,61.0,169.0,0.68,19.88,11.1,19.35,0.4,18.62,75.9,,,,208.0,Poor
263231,DL005,2020-05-02 00:00:00,55.0,143.0,0.52,17.48,9.75,18.88,0.4,13.4,69.72,,,,201.0,Poor
263232,DL005,2020-05-02 01:00:00,46.0,115.0,0.62,17.72,9.93,18.62,0.3,15.18,68.1,,,,200.0,Moderate
263233,DL005,2020-05-02 02:00:00,40.0,98.0,0.7,16.45,9.4,18.62,0.3,16.85,74.7,,,,178.0,Moderate
263234,DL005,2020-05-02 03:00:00,36.0,99.0,1.0,18.4,10.6,20.4,0.2,13.5,,,,,166.0,Moderate
263235,DL005,2020-05-02 04:00:00,35.0,112.0,0.57,16.4,9.2,19.62,0.3,13.45,67.55,,,,160.0,Moderate
263236,DL005,2020-05-02 05:00:00,35.0,98.0,0.55,16.23,9.1,19.55,0.3,13.1,59.15,,,,155.0,Moderate
263237,DL005,2020-05-02 06:00:00,35.0,85.0,0.75,15.4,8.85,19.12,0.3,15.15,56.12,,,,150.0,Moderate
263238,DL005,2020-05-02 07:00:00,40.0,96.0,0.6,15.65,8.7,18.65,0.3,16.23,53.83,,,,146.0,Moderate
263239,DL005,2020-05-02 08:00:00,36.0,103.0,0.93,16.07,9.32,18.35,0.3,17.8,55.25,,,,142.0,Moderate
263240,DL005,2020-05-02 09:00:00,46.0,127.0,1.03,16.02,9.45,18.42,0.3,16.65,62.28,,,,139.0,Moderate
263241,DL005,2020-05-02 10:00:00,38.0,141.0,0.93,17.05,9.73,19.1,0.4,18.12,76.05,,,,137.0,Moderate
263242,DL005,2020-05-02 11:00:00,55.0,163.0,0.68,16.85,9.53,19.83,0.4,19.52,94.78,,,,136.0,Moderate
263243,DL005,2020-05-02 12:00:00,58.0,226.0,1.07,16.77,9.8,20.5,0.4,21.25,112.0,,,,137.0,Moderate
263244,DL005,2020-05-02 13:00:00,52.0,171.0,0.65,15.95,9.07,20.85,0.3,19.23,118.95,,,,138.0,Moderate
263245,DL005,2020-05-02 14:00:00,48.0,187.0,0.55,15.45,8.55,20.4,0.3,18.07,126.97,,,,140.0,Moderate
263246,DL005,2020-05-02 15:00:00,42.0,168.0,0.35,14.5,8.05,19.9,0.3,16.62,131.32,,,,146.0,Moderate
263247,DL005,2020-05-02 16:00:00,36.0,188.0,0.4,14.15,7.83,20.23,0.3,16.22,134.83,,,,151.0,Moderate
263248,DL005,2020-05-02 17:00:00,40.0,195.0,0.57,14.12,7.97,19.7,0.2,15.0,134.07,,,,151.0,Moderate
263249,DL005,2020-05-02 18:00:00,36.0,169.0,0.45,14.27,7.97,19.15,0.23,13.8,136.28,,,,153.0,Moderate
263250,DL005,2020-05-02 19:00:00,39.0,202.0,0.57,15.3,8.62,19.9,0.3,15.33,125.33,,,,153.0,Moderate
263251,DL005,2020-05-02 20:00:00,46.0,228.0,0.55,16.4,9.2,19.4,0.4,17.95,108.0,,,,153.0,Moderate
263252,DL005,2020-05-02 21:00:00,59.0,195.0,0.45,18.12,9.98,19.65,0.5,19.65,90.8,,,,153.0,Moderate
263253,DL005,2020-05-02 22:00:00,62.0,203.0,0.2,17.1,9.3,19.5,0.45,19.0,85.8,,,,153.0,Moderate
263254,DL005,2020-05-02 23:00:00,56.0,210.0,0.53,14.93,8.38,19.15,0.4,18.52,86.72,,,,153.0,Moderate
263255,DL005,2020-05-03 00:00:00,45.0,163.0,0.57,14.45,8.17,18.73,0.4,19.9,81.08,,,,153.0,Moderate
263256,DL005,2020-05-03 01:00:00,50.0,136.0,0.3,16.07,8.8,18.73,0.4,19.23,71.3,,,,153.0,Moderate
263257,DL005,2020-05-03 02:00:00,48.0,113.0,0.53,16.8,9.4,18.18,0.38,18.33,86.95,,,,138.0,Moderate
263258,DL005,2020-05-03 03:00:00,36.0,88.0,0.5,18.7,10.4,20.2,0.3,15.2,72.98,,,,138.0,Moderate
263259,DL005,2020-05-03 04:00:00,40.0,83.0,0.35,18.2,9.97,19.12,0.38,20.62,50.98,,,,137.0,Moderate
263260,DL005,2020-05-03 05:00:00,59.0,138.0,0.48,17.05,9.38,19.57,0.5,23.57,48.35,,,,138.0,Moderate
263261,DL005,2020-05-03 06:00:00,58.0,132.0,0.45,17.1,9.45,19.62,0.45,21.73,54.08,,,,140.0,Moderate
263262,DL005,2020-05-03 07:00:00,46.0,102.0,0.4,18.9,10.4,19.55,0.47,18.88,41.15,,,,140.0,Moderate
263263,DL005,2020-05-03 08:00:00,84.0,158.0,0.83,18.88,10.72,18.7,0.5,16.57,30.77,,,,141.0,Moderate
263264,DL005,2020-05-03 09:00:00,52.0,96.0,1.27,19.4,11.38,18.18,0.47,16.07,33.15,,,,140.0,Moderate
263265,DL005,2020-05-03 10:00:00,42.0,91.0,1.6,19.75,11.8,18.18,0.45,16.05,48.15,,,,139.0,Moderate
263266,DL005,2020-05-03 11:00:00,46.0,91.0,1.75,19.02,11.55,17.95,0.4,15.6,53.53,,,,137.0,Moderate
263267,DL005,2020-05-03 12:00:00,44.0,77.0,1.5,17.7,10.65,18.42,0.4,17.15,80.38,,,,133.0,Moderate
263268,DL005,2020-05-03 13:00:00,41.0,99.0,1.05,17.32,10.1,19.25,0.35,17.65,94.9,,,,131.0,Moderate
263269,DL005,2020-05-03 14:00:00,39.0,81.0,0.75,16.45,9.5,20.2,0.3,17.7,101.62,,,,128.0,Moderate
263270,DL005,2020-05-03 15:00:00,36.0,146.0,0.7,16.85,9.4,20.3,0.3,19.08,119.15,,,,128.0,Moderate
263271,DL005,2020-05-03 16:00:00,45.0,88.0,0.7,18.32,10.32,19.75,0.28,19.0,110.68,,,,128.0,Moderate
263272,DL005,2020-05-03 17:00:00,41.0,94.0,0.75,17.75,9.8,19.68,0.23,14.43,97.65,,,,128.0,Moderate
263273,DL005,2020-05-03 18:00:00,38.0,83.0,0.78,18.92,10.72,19.4,0.32,13.97,100.4,,,,128.0,Moderate
263274,DL005,2020-05-03 19:00:00,48.0,103.0,0.65,22.3,12.43,19.62,0.48,15.35,80.55,,,,128.0,Moderate
263275,DL005,2020-05-03 20:00:00,64.0,124.0,0.68,16.6,9.4,18.88,0.23,13.57,59.88,,,,128.0,Moderate
263276,DL005,2020-05-03 21:00:00,34.0,407.0,0.4,12.1,6.8,17.8,0.12,11.42,69.15,,,,128.0,Moderate
263277,DL005,2020-05-03 22:00:00,11.0,29.0,0.33,14.48,7.98,17.1,0.1,13.0,70.22,,,,128.0,Moderate
263278,DL005,2020-05-03 23:00:00,13.0,42.0,0.35,16.73,9.22,16.92,0.18,16.07,62.1,,,,116.0,Moderate
263279,DL005,2020-05-04 00:00:00,14.0,33.0,0.45,14.03,7.8,16.9,0.2,13.9,63.4,,,,106.0,Moderate
263280,DL005,2020-05-04 01:00:00,16.25,35.75,0.42,12.17,6.8,17.02,0.2,14.95,62.75,,,,104.0,Moderate
263281,DL005,2020-05-04 02:00:00,16.25,32.0,0.38,12.82,7.12,16.52,0.2,16.45,65.25,,,,101.0,Moderate
263282,DL005,2020-05-04 03:00:00,23.25,32.25,0.6,,9.4,16.9,0.2,14.9,48.7,,,,100.0,Satisfactory
263283,DL005,2020-05-04 04:00:00,29.25,41.25,0.65,17.4,9.78,17.25,0.2,14.97,39.65,,,,98.0,Satisfactory
263284,DL005,2020-05-04 05:00:00,41.0,60.25,0.85,19.32,10.95,17.47,0.2,14.88,28.23,,,,95.0,Satisfactory
263285,DL005,2020-05-04 06:00:00,32.0,52.0,0.62,19.75,11.03,17.62,0.23,16.82,24.07,,,,92.0,Satisfactory
263286,DL005,2020-05-04 07:00:00,52.75,97.5,1.3,21.12,12.3,18.25,0.35,20.77,21.93,,,,91.0,Satisfactory
263287,DL005,2020-05-04 08:00:00,84.0,142.75,2.33,19.23,12.1,17.95,0.38,28.5,34.35,,,,91.0,Satisfactory
263288,DL005,2020-05-04 09:00:00,62.75,99.25,1.85,16.8,10.45,17.45,0.32,20.75,52.97,,,,91.0,Satisfactory
263289,DL005,2020-05-04 10:00:00,36.75,63.75,1.73,18.52,11.27,17.17,0.32,21.55,63.8,,,,90.0,Satisfactory
263290,DL005,2020-05-04 11:00:00,40.5,71.25,1.2,16.12,9.57,17.68,0.3,22.38,84.2,,,,89.0,Satisfactory
263291,DL005,2020-05-04 12:00:00,34.25,66.5,0.57,15.03,8.45,18.45,0.23,20.9,102.38,,,,104.0,Moderate
263292,DL005,2020-05-04 13:00:00,28.75,63.25,0.85,16.95,9.68,19.27,0.2,20.1,117.65,,,,126.0,Moderate
263293,DL005,2020-05-04 14:00:00,28.0,70.5,0.57,16.18,9.07,19.6,0.2,20.27,125.82,,,,138.0,Moderate
263294,DL005,2020-05-04 15:00:00,27.25,54.75,0.55,15.53,8.68,19.55,0.2,21.45,135.32,,,,152.0,Moderate
263295,DL005,2020-05-04 16:00:00,27.5,58.5,0.67,15.62,9.02,19.9,0.2,20.1,146.68,,,,169.0,Moderate
263296,DL005,2020-05-04 17:00:00,34.0,62.25,0.53,14.77,8.3,19.8,0.2,18.73,147.0,,,,169.0,Moderate
263297,DL005,2020-05-04 18:00:00,30.0,62.25,0.55,14.88,8.38,19.68,0.2,18.57,150.2,,,,174.0,Moderate
263298,DL005,2020-05-04 19:00:00,26.5,73.0,0.6,16.7,9.3,19.4,0.23,16.33,138.03,,,,174.0,Moderate
263299,DL005,2020-05-04 20:00:00,33.25,100.0,0.65,21.7,12.07,19.23,0.42,16.88,105.78,,,,174.0,Moderate
263300,DL005,2020-05-04 21:00:00,60.5,151.0,0.5,26.38,14.47,19.55,0.57,19.12,82.72,,,,174.0,Moderate
263301,DL005,2020-05-04 22:00:00,69.25,169.25,0.8,26.98,15.0,20.1,0.55,21.83,72.6,,,,174.0,Moderate
263302,DL005,2020-05-04 23:00:00,74.75,164.75,0.53,23.9,13.12,19.55,0.5,22.65,64.83,,,,174.0,Moderate
263303,DL005,2020-05-05 00:00:00,86.25,152.75,0.67,28.93,15.93,20.02,0.68,26.98,45.55,,,,174.0,Moderate
263304,DL005,2020-05-05 01:00:00,102.5,165.5,0.65,28.65,15.77,19.4,0.67,25.25,32.52,,,,174.0,Moderate
263305,DL005,2020-05-05 02:00:00,94.75,170.0,0.93,25.97,14.57,18.95,0.7,28.4,30.05,,,,156.0,Moderate
263306,DL005,2020-05-05 03:00:00,92.5,167.0,2.0,29.1,17.1,20.0,0.7,18.1,11.75,,,,108.0,Moderate
263307,DL005,2020-05-05 04:00:00,88.5,155.0,1.88,29.48,17.25,20.35,0.7,19.43,6.65,,,,103.0,Moderate
263308,DL005,2020-05-05 05:00:00,89.0,145.75,1.88,29.35,17.12,20.45,0.65,19.77,5.65,,,,105.0,Moderate
263309,DL005,2020-05-05 06:00:00,94.75,155.75,1.6,30.77,17.7,20.52,0.7,20.1,6.9,,,,108.0,Moderate
263310,DL005,2020-05-05 07:00:00,116.0,187.0,2.2,27.7,16.52,20.35,0.78,23.45,13.65,,,,110.0,Moderate
263311,DL005,2020-05-05 08:00:00,97.25,177.5,1.77,23.98,14.15,20.43,0.7,29.95,34.75,,,,111.0,Moderate
263312,DL005,2020-05-05 09:00:00,79.25,149.5,1.38,20.85,12.18,19.98,0.5,28.65,67.65,,,,113.0,Moderate
263313,DL005,2020-05-05 10:00:00,58.5,117.75,0.88,17.18,9.85,20.52,0.43,28.73,97.03,,,,114.0,Moderate
263314,DL005,2020-05-05 11:00:00,54.5,98.25,0.93,16.38,9.45,21.12,0.32,22.7,117.8,,,,126.0,Moderate
263315,DL005,2020-05-05 12:00:00,44.75,97.5,0.82,14.55,8.45,21.07,0.3,19.35,123.08,,,,134.0,Moderate
263316,DL005,2020-05-05 13:00:00,38.5,100.75,0.42,13.53,7.55,21.07,0.3,19.3,135.85,,,,153.0,Moderate
263317,DL005,2020-05-05 14:00:00,38.5,94.5,0.7,13.82,7.93,20.9,0.3,20.45,144.8,,,,166.0,Moderate
263318,DL005,2020-05-05 15:00:00,34.5,86.75,0.53,13.1,7.4,20.75,0.23,16.7,143.88,,,,166.0,Moderate
263319,DL005,2020-05-05 16:00:00,35.5,87.5,0.48,13.8,7.73,20.4,0.23,15.97,148.23,,,,171.0,Moderate
263320,DL005,2020-05-05 17:00:00,36.75,97.0,0.38,15.7,8.65,20.52,0.23,15.68,154.23,,,,180.0,Moderate
263321,DL005,2020-05-05 18:00:00,48.5,119.25,0.53,19.4,10.72,20.32,0.35,16.73,148.78,,,,180.0,Moderate
263322,DL005,2020-05-05 19:00:00,63.5,140.25,0.45,24.2,13.25,20.6,0.43,19.75,129.07,,,,180.0,Moderate
263323,DL005,2020-05-05 20:00:00,77.25,152.25,0.38,25.83,14.05,20.2,0.45,23.9,95.65,,,,180.0,Moderate
263324,DL005,2020-05-05 21:00:00,79.5,195.25,0.3,27.25,14.75,19.9,0.55,20.42,80.72,,,,180.0,Moderate
263325,DL005,2020-05-05 22:00:00,92.0,211.0,0.7,31.7,17.42,20.1,0.75,26.53,50.2,,,,180.0,Moderate
263326,DL005,2020-05-05 23:00:00,117.5,255.0,0.88,36.45,20.12,20.82,0.7,24.95,32.77,,,,180.0,Moderate
263327,DL005,2020-05-06 00:00:00,123.25,252.5,0.55,33.95,18.5,20.6,0.78,23.9,23.02,,,,180.0,Moderate
263328,DL005,2020-05-06 01:00:00,124.75,259.0,1.1,38.73,21.48,21.15,0.75,22.15,21.43,,,,172.0,Moderate
263329,DL005,2020-05-06 02:00:00,102.5,307.5,0.47,17.05,9.42,20.0,0.3,22.75,69.25,,,,154.0,Moderate
263330,DL005,2020-05-06 03:00:00,53.75,393.75,0.5,20.1,11.1,20.3,0.2,15.8,64.7,,,,148.0,Moderate
263331,DL005,2020-05-06 04:00:00,48.25,336.5,0.33,19.93,10.88,20.15,0.3,17.42,56.65,,,,150.0,Moderate
263332,DL005,2020-05-06 05:00:00,53.25,288.75,0.72,25.55,14.2,19.77,0.32,16.88,41.52,,,,154.0,Moderate
263333,DL005,2020-05-06 06:00:00,68.25,268.5,0.93,26.48,14.88,20.12,0.65,25.25,41.35,,,,158.0,Moderate
263334,DL005,2020-05-06 07:00:00,99.25,235.0,1.85,22.23,13.32,21.43,0.72,31.95,17.35,,,,159.0,Moderate
263335,DL005,2020-05-06 08:00:00,92.5,210.75,2.45,22.18,13.8,21.45,0.75,32.05,25.77,,,,160.0,Moderate
263336,DL005,2020-05-06 09:00:00,80.25,204.75,1.1,17.55,10.25,20.6,0.2,19.27,77.7,,,,161.0,Moderate
263337,DL005,2020-05-06 10:00:00,53.0,161.75,0.9,19.88,11.3,20.98,0.55,41.15,94.92,,,,163.0,Moderate
263338,DL005,2020-05-06 11:00:00,112.75,311.75,1.05,19.38,11.12,22.85,0.5,31.85,97.15,,,,169.0,Moderate
263339,DL005,2020-05-06 12:00:00,79.0,257.5,1.35,21.38,12.47,23.1,0.35,29.2,97.62,,,,173.0,Moderate
263340,DL005,2020-05-06 13:00:00,59.0,192.25,0.8,18.52,10.5,22.92,0.32,22.82,117.83,,,,176.0,Moderate
263341,DL005,2020-05-06 14:00:00,56.5,186.5,0.73,18.65,10.5,23.2,0.4,23.62,131.75,,,,178.0,Moderate
263342,DL005,2020-05-06 15:00:00,70.25,208.25,0.75,19.5,10.98,22.98,0.4,25.53,129.82,,,,181.0,Moderate
263343,DL005,2020-05-06 16:00:00,74.75,222.5,0.9,20.4,11.6,23.1,0.3,25.05,150.25,,,,185.0,Moderate
263344,DL005,2020-05-06 17:00:00,60.75,209.5,0.65,19.3,10.78,22.9,0.25,24.82,164.35,,,,195.0,Moderate
263345,DL005,2020-05-06 18:00:00,65.25,184.5,0.68,18.15,10.22,21.77,0.2,24.07,164.38,,,,195.0,Moderate
263346,DL005,2020-05-06 19:00:00,63.75,195.5,0.45,19.3,10.62,21.27,0.3,22.27,150.82,,,,195.0,Moderate
263347,DL005,2020-05-06 20:00:00,71.5,227.25,0.45,29.0,15.8,21.4,0.5,22.57,109.78,,,,195.0,Moderate
263348,DL005,2020-05-06 21:00:00,100.5,259.0,0.5,35.55,19.3,21.85,0.78,28.73,77.2,,,,196.0,Moderate
263349,DL005,2020-05-06 22:00:00,138.0,319.25,0.4,38.8,20.95,23.05,0.72,33.98,68.05,,,,199.0,Moderate
263350,DL005,2020-05-06 23:00:00,128.25,290.5,0.53,23.93,13.15,23.12,0.6,31.2,79.08,,,,200.0,Moderate
263351,DL005,2020-05-07 00:00:00,102.25,274.0,0.45,23.55,12.95,22.85,0.57,29.48,74.25,,,,200.0,Moderate
263352,DL005,2020-05-07 01:00:00,101.0,288.25,0.47,20.5,11.3,22.05,0.38,20.27,84.45,,,,201.0,Poor
263353,DL005,2020-05-07 02:00:00,60.5,141.75,0.52,16.1,9.0,20.77,0.2,17.85,93.55,,,,196.0,Moderate
263354,DL005,2020-05-07 03:00:00,35.75,57.0,,,,,0.1,14.8,83.05,,,,187.0,Moderate
263355,DL005,2020-05-07 04:00:00,28.75,48.25,0.28,15.93,8.7,21.07,0.1,15.3,76.1,,,,179.0,Moderate
263356,DL005,2020-05-07 05:00:00,27.75,47.25,0.4,14.73,8.15,20.9,0.2,19.38,75.85,,,,172.0,Moderate
263357,DL005,2020-05-07 06:00:00,30.25,46.25,0.55,15.78,8.85,20.62,0.12,17.98,74.92,,,,166.0,Moderate
263358,DL005,2020-05-07 07:00:00,40.0,60.75,0.98,20.48,11.68,20.08,0.2,19.77,66.67,,,,161.0,Moderate
263359,DL005,2020-05-07 08:00:00,34.0,60.25,0.88,18.12,10.38,20.02,0.12,16.5,85.0,,,,157.0,Moderate
263360,DL005,2020-05-07 09:00:00,17.75,44.25,1.3,20.18,11.8,20.12,0.1,20.62,86.78,,,,153.0,Moderate
263361,DL005,2020-05-07 10:00:00,20.5,51.0,1.1,17.5,10.23,20.3,0.1,15.43,107.22,,,,150.0,Moderate
263362,DL005,2020-05-07 11:00:00,14.75,62.0,0.62,16.75,9.43,20.75,0.1,15.85,127.38,,,,143.0,Moderate
263363,DL005,2020-05-07 12:00:00,21.0,70.75,0.8,16.1,9.35,22.23,0.2,15.4,144.55,,,,166.0,Moderate
263364,DL005,2020-05-07 13:00:00,25.0,79.75,0.5,15.43,8.45,23.52,0.2,14.2,154.62,,,,180.0,Moderate
263365,DL005,2020-05-07 14:00:00,28.75,84.25,0.47,15.32,8.53,23.77,0.2,14.95,165.88,,,,197.0,Moderate
263366,DL005,2020-05-07 15:00:00,31.5,90.75,0.35,15.32,8.43,24.2,0.2,14.25,168.6,,,,202.0,Poor
263367,DL005,2020-05-07 16:00:00,35.25,92.25,0.33,15.45,8.5,24.27,0.2,14.75,175.88,,,,220.0,Poor
263368,DL005,2020-05-07 17:00:00,41.5,100.5,0.42,15.32,8.48,24.42,0.15,17.03,175.57,,,,220.0,Poor
263369,DL005,2020-05-07 18:00:00,39.0,109.75,0.25,16.32,8.9,23.05,0.12,16.95,164.52,,,,220.0,Poor
263370,DL005,2020-05-07 19:00:00,38.25,131.5,0.2,18.3,10.0,22.3,0.23,17.43,156.2,,,,220.0,Poor
263371,DL005,2020-05-07 20:00:00,53.0,167.75,0.4,29.72,16.1,23.88,0.48,25.05,128.55,,,,220.0,Poor
263372,DL005,2020-05-07 21:00:00,83.5,212.5,0.45,32.33,17.55,25.32,0.65,29.12,102.6,,,,220.0,Poor
263373,DL005,2020-05-07 22:00:00,106.25,226.0,0.57,32.25,17.62,26.2,0.67,29.27,83.78,,,,220.0,Poor
263374,DL005,2020-05-07 23:00:00,116.0,230.5,0.43,29.3,15.95,25.62,0.65,33.3,75.3,,,,220.0,Poor
263375,DL005,2020-05-08 00:00:00,112.75,211.75,0.65,28.65,15.78,25.7,0.62,34.33,71.17,,,,219.0,Poor
263376,DL005,2020-05-08 01:00:00,108.0,204.25,0.7,31.68,17.43,26.1,0.72,35.08,51.85,,,,195.0,Moderate
263377,DL005,2020-05-08 02:00:00,124.25,228.25,0.67,34.35,18.85,26.38,0.8,34.75,39.7,,,,183.0,Moderate
263378,DL005,2020-05-08 03:00:00,122.25,216.0,0.4,35.0,19.0,29.7,0.6,22.8,35.35,,,,142.0,Moderate
263379,DL005,2020-05-08 04:00:00,100.25,176.5,1.02,32.35,18.03,28.57,0.65,21.65,31.67,,,,117.0,Moderate
263380,DL005,2020-05-08 05:00:00,84.25,145.0,1.25,30.28,17.12,27.82,0.53,17.82,21.28,,,,120.0,Moderate
263381,DL005,2020-05-08 06:00:00,84.0,144.25,1.77,34.88,19.95,26.88,0.62,16.58,17.12,,,,122.0,Moderate
263382,DL005,2020-05-08 07:00:00,97.25,168.25,1.52,33.15,18.9,26.73,0.62,16.95,25.02,,,,125.0,Moderate
263383,DL005,2020-05-08 08:00:00,92.0,165.0,1.7,27.9,16.23,26.72,0.55,19.98,49.42,,,,128.0,Moderate
263384,DL005,2020-05-08 09:00:00,86.0,159.5,0.68,21.8,12.18,26.77,0.5,22.6,88.45,,,,131.0,Moderate
263385,DL005,2020-05-08 10:00:00,62.75,149.0,0.57,18.48,10.3,27.2,0.38,22.98,132.2,,,,147.0,Moderate
263386,DL005,2020-05-08 11:00:00,44.25,133.5,0.65,16.18,9.12,28.2,0.25,19.08,159.4,,,,187.0,Moderate
263387,DL005,2020-05-08 12:00:00,36.75,112.5,0.35,14.88,8.18,28.38,0.2,16.38,176.18,,,,220.0,Poor
263388,DL005,2020-05-08 13:00:00,38.25,111.75,0.55,14.8,8.35,28.2,0.2,17.0,185.85,,,,245.0,Poor
263389,DL005,2020-05-08 14:00:00,36.0,122.5,0.43,15.53,8.6,27.8,0.2,17.23,193.48,,,,264.0,Poor
263390,DL005,2020-05-08 15:00:00,38.75,127.25,0.45,15.55,8.65,27.7,0.23,16.6,178.62,,,,264.0,Poor
263391,DL005,2020-05-08 16:00:00,47.0,140.75,0.47,15.53,8.62,26.93,0.2,15.33,183.7,,,,264.0,Poor
263392,DL005,2020-05-08 17:00:00,45.75,132.25,0.25,16.4,8.95,25.32,0.2,17.38,194.15,,,,265.0,Poor
263393,DL005,2020-05-08 18:00:00,44.5,165.75,,,,,0.23,16.77,190.8,,113.5,,265.0,Poor
263394,DL005,2020-05-08 19:00:00,54.5,208.25,0.73,23.4,13.07,25.27,0.38,21.67,169.52,,,,265.0,Poor
263395,DL005,2020-05-08 20:00:00,68.5,242.75,,,,,0.62,25.38,133.43,,,,265.0,Poor
263396,DL005,2020-05-08 21:00:00,98.5,297.5,0.38,32.02,17.32,28.3,0.8,33.68,101.6,,,,265.0,Poor
263397,DL005,2020-05-08 22:00:00,124.5,326.5,0.35,26.08,14.12,28.68,0.7,30.17,94.92,,,,265.0,Poor
263398,DL005,2020-05-08 23:00:00,106.75,251.0,0.45,22.95,12.55,28.55,0.7,24.82,88.32,,,,265.0,Poor
263399,DL005,2020-05-09 00:00:00,106.25,211.0,0.77,22.93,12.82,28.52,0.8,24.68,67.7,,,,265.0,Poor
263400,DL005,2020-05-09 01:00:00,115.5,215.25,0.65,25.0,13.82,29.12,0.8,22.75,58.2,,,,257.0,Poor
263401,DL005,2020-05-09 02:00:00,105.0,193.25,0.85,23.9,13.42,28.88,0.57,20.08,83.45,,,,204.0,Poor
263402,DL005,2020-05-09 03:00:00,74.5,137.0,0.5,20.8,11.4,32.5,0.4,15.3,78.55,,,,151.0,Moderate
263403,DL005,2020-05-09 04:00:00,63.75,115.5,0.25,18.85,10.25,30.9,0.4,15.53,82.45,,,,149.0,Moderate
263404,DL005,2020-05-09 05:00:00,63.25,105.0,0.35,21.4,11.68,28.55,0.4,14.95,60.42,,,,148.0,Moderate
263405,DL005,2020-05-09 06:00:00,65.0,108.5,0.4,22.2,12.15,26.5,0.4,15.55,61.65,,,,147.0,Moderate
263406,DL005,2020-05-09 07:00:00,69.75,125.75,0.82,25.57,14.25,25.85,0.5,15.8,48.8,,,,146.0,Moderate
263407,DL005,2020-05-09 08:00:00,76.25,150.75,0.8,24.03,13.45,26.25,0.6,18.52,65.23,,,,146.0,Moderate
263408,DL005,2020-05-09 09:00:00,78.25,169.75,0.73,20.85,11.7,27.02,0.57,20.8,100.93,,,,146.0,Moderate
263409,DL005,2020-05-09 10:00:00,70.0,178.75,0.57,18.0,10.02,27.73,0.47,19.45,122.15,,,,147.0,Moderate
263410,DL005,2020-05-09 11:00:00,58.75,161.75,0.53,16.73,9.35,27.8,0.4,16.7,143.02,,,,163.0,Moderate
263411,DL005,2020-05-09 12:00:00,51.0,155.75,0.62,15.85,9.05,27.18,0.4,17.05,162.0,,,,191.0,Moderate
263412,DL005,2020-05-09 13:00:00,48.5,151.5,0.57,16.12,9.02,27.12,0.35,15.88,185.65,,,,244.0,Poor
263413,DL005,2020-05-09 14:00:00,49.0,156.25,0.33,16.45,9.05,27.48,0.32,15.68,196.5,,,,271.0,Poor
263414,DL005,2020-05-09 15:00:00,45.0,143.25,0.4,15.15,8.38,27.0,0.3,15.27,194.55,,,,271.0,Poor
263415,DL005,2020-05-09 16:00:00,43.5,130.75,0.42,16.8,9.25,26.58,0.3,15.28,,,,,271.0,Poor
263416,DL005,2020-05-09 17:00:00,47.75,132.75,0.42,16.15,8.93,25.0,0.25,16.4,,,,,271.0,Poor
263417,DL005,2020-05-09 18:00:00,49.5,134.25,,,,,0.3,17.07,197.6,,,,274.0,Poor
263418,DL005,2020-05-09 19:00:00,62.0,192.75,0.57,19.45,10.8,24.5,0.47,18.32,159.57,,,,274.0,Poor
263419,DL005,2020-05-09 20:00:00,77.5,260.25,0.43,20.0,10.97,24.85,0.6,20.02,130.45,,,,274.0,Poor
263420,DL005,2020-05-09 21:00:00,78.0,228.75,0.62,18.85,10.55,25.05,0.55,20.27,124.73,,,,274.0,Poor
263421,DL005,2020-05-09 22:00:00,81.25,201.0,0.75,18.25,10.32,25.15,0.68,23.0,101.22,,,,274.0,Poor
263422,DL005,2020-05-09 23:00:00,100.0,219.0,0.73,18.8,10.6,25.92,0.7,24.85,86.58,,,,274.0,Poor
263423,DL005,2020-05-10 00:00:00,93.0,201.5,0.75,19.25,10.88,25.52,0.53,25.65,103.2,,,,274.0,Poor
263424,DL005,2020-05-10 01:00:00,76.0,148.25,0.68,18.27,10.25,24.47,0.5,22.65,98.83,,,,274.0,Poor
263425,DL005,2020-05-10 02:00:00,81.5,141.25,0.4,18.12,9.97,24.03,0.5,20.25,117.7,,,,188.0,Moderate
263426,DL005,2020-05-10 03:00:00,63.0,127.5,0.4,19.1,10.5,26.3,0.4,19.6,101.35,,,,145.0,Moderate
263427,DL005,2020-05-10 04:00:00,66.0,127.5,0.53,18.88,10.5,26.2,0.43,18.85,81.28,,,,140.0,Moderate
263428,DL005,2020-05-10 05:00:00,67.0,123.75,0.5,18.77,10.4,25.82,0.5,18.92,76.72,,,,141.0,Moderate
263429,DL005,2020-05-10 06:00:00,69.0,130.25,0.5,18.43,10.2,25.25,0.5,18.68,72.28,,,,141.0,Moderate
263430,DL005,2020-05-10 07:00:00,68.25,145.25,0.5,20.5,11.3,24.32,0.53,18.5,60.05,,,,142.0,Moderate
263431,DL005,2020-05-10 08:00:00,74.5,152.25,0.82,19.52,11.05,24.18,0.57,18.7,71.88,,,,142.0,Moderate
263432,DL005,2020-05-10 09:00:00,71.5,156.0,0.75,18.85,10.65,24.33,0.55,18.95,90.28,,,,142.0,Moderate
263433,DL005,2020-05-10 10:00:00,67.75,165.25,0.83,19.7,11.15,24.77,0.6,19.12,98.7,,,,141.0,Moderate
263434,DL005,2020-05-10 11:00:00,71.75,169.75,0.62,19.48,10.88,25.32,0.6,19.97,112.35,,,,142.0,Moderate
263435,DL005,2020-05-10 12:00:00,85.25,181.0,0.33,19.18,10.25,25.07,0.4,17.75,105.33,,,,142.0,Moderate
263436,DL005,2020-05-10 13:00:00,90.75,591.0,0.35,16.3,8.95,23.35,0.1,13.7,105.83,,,,154.0,Moderate
263437,DL005,2020-05-10 14:00:00,28.75,467.75,0.47,17.88,9.93,22.23,0.15,16.48,101.9,,,,163.0,Moderate
263438,DL005,2020-05-10 15:00:00,16.0,91.0,0.45,14.12,7.9,21.55,0.18,13.93,101.42,,,,162.0,Moderate
263439,DL005,2020-05-10 16:00:00,18.75,75.0,0.55,14.2,8.0,21.85,0.15,16.0,105.3,,,,160.0,Moderate
263440,DL005,2020-05-10 17:00:00,26.25,91.5,0.53,14.5,8.15,22.12,0.2,17.8,111.78,,,,159.0,Moderate
263441,DL005,2020-05-10 18:00:00,23.5,89.5,0.57,14.25,8.07,21.62,0.2,16.57,116.22,,,,158.0,Moderate
263442,DL005,2020-05-10 19:00:00,20.75,70.25,0.5,15.85,8.93,21.35,0.2,15.2,109.58,,,,154.0,Moderate
263443,DL005,2020-05-10 20:00:00,20.5,79.25,0.48,20.62,11.38,21.05,0.35,15.93,83.25,,,,149.0,Moderate
263444,DL005,2020-05-10 21:00:00,37.5,109.0,0.45,25.47,13.95,21.15,0.57,16.92,59.92,,,,146.0,Moderate
263445,DL005,2020-05-10 22:00:00,55.75,124.25,0.62,31.5,17.27,21.73,0.55,17.48,50.65,,,,144.0,Moderate
263446,DL005,2020-05-10 23:00:00,50.5,113.0,0.8,27.6,15.35,21.35,0.43,14.72,55.17,,,,141.0,Moderate
263447,DL005,2020-05-11 00:00:00,48.5,80.25,0.47,27.88,15.23,21.48,0.53,13.88,52.22,,,,137.0,Moderate
263448,DL005,2020-05-11 01:00:00,66.0,101.5,0.65,24.45,13.57,22.27,0.65,23.62,43.75,,,,136.0,Moderate
263449,DL005,2020-05-11 02:00:00,90.0,127.75,0.4,20.3,11.15,22.1,0.55,29.23,58.8,,,,136.0,Moderate
263450,DL005,2020-05-11 03:00:00,68.25,97.25,1.0,20.1,11.5,23.6,0.4,21.8,52.5,,,,135.0,Moderate
263451,DL005,2020-05-11 04:00:00,54.25,77.75,0.65,20.97,11.7,23.28,0.4,19.05,47.3,,,,134.0,Moderate
263452,DL005,2020-05-11 05:00:00,47.0,69.75,0.7,20.65,11.55,23.02,0.4,16.25,34.6,,,,132.0,Moderate
263453,DL005,2020-05-11 06:00:00,52.0,71.25,0.75,23.3,13.03,22.88,0.43,17.2,31.12,,,,130.0,Moderate
263454,DL005,2020-05-11 07:00:00,61.5,94.0,1.32,21.12,12.32,22.8,0.5,19.9,30.53,,,,129.0,Moderate
263455,DL005,2020-05-11 08:00:00,68.75,113.75,1.82,20.9,12.65,22.35,0.47,21.38,41.55,,,,128.0,Moderate
263456,DL005,2020-05-11 09:00:00,58.75,112.0,2.05,23.05,13.92,22.45,0.5,22.2,59.35,,,,127.0,Moderate
263457,DL005,2020-05-11 10:00:00,56.25,119.5,1.6,21.88,12.92,22.77,0.5,21.17,86.03,,,,125.0,Moderate
263458,DL005,2020-05-11 11:00:00,49.75,126.0,0.92,20.38,11.6,23.62,0.5,20.02,117.35,,,,126.0,Moderate
263459,DL005,2020-05-11 12:00:00,46.5,130.0,0.53,20.18,11.12,24.6,0.43,18.3,148.65,,,,172.0,Moderate
263460,DL005,2020-05-11 13:00:00,49.0,123.75,0.55,20.27,11.2,25.3,0.45,16.6,167.53,,,,199.0,Moderate
263461,DL005,2020-05-11 14:00:00,50.75,125.25,0.78,19.4,10.95,25.1,0.47,16.18,176.2,,,,220.0,Poor
263462,DL005,2020-05-11 15:00:00,48.25,134.5,0.57,19.55,10.85,25.57,0.5,15.5,173.82,,,,220.0,Poor
263463,DL005,2020-05-11 16:00:00,50.5,143.0,0.52,19.6,10.85,25.67,0.4,15.48,175.43,,,,220.0,Poor
263464,DL005,2020-05-11 17:00:00,48.75,156.0,0.57,20.4,11.32,25.7,0.4,15.6,180.02,,,,230.0,Poor
263465,DL005,2020-05-11 18:00:00,57.0,186.0,0.55,21.23,11.75,25.08,0.35,14.92,167.6,,,,230.0,Poor
263466,DL005,2020-05-11 19:00:00,52.0,162.0,0.42,24.45,13.38,23.17,0.4,13.88,144.25,,,,230.0,Poor
263467,DL005,2020-05-11 20:00:00,51.0,169.0,0.45,24.5,13.4,22.9,0.45,15.35,133.82,,,,230.0,Poor
263468,DL005,2020-05-11 21:00:00,63.0,163.0,0.6,28.43,15.62,23.77,0.57,17.22,108.3,,,,230.0,Poor
263469,DL005,2020-05-11 22:00:00,70.0,175.0,0.53,30.2,16.52,23.57,0.65,20.38,91.03,,,,230.0,Poor
263470,DL005,2020-05-11 23:00:00,90.0,180.0,0.6,30.43,16.68,23.6,0.7,18.42,58.9,,,,230.0,Poor
263471,DL005,2020-05-12 00:00:00,85.0,185.0,0.65,32.88,18.02,23.32,0.75,16.23,39.02,,,,230.0,Poor
263472,DL005,2020-05-12 01:00:00,94.0,186.0,0.88,31.98,17.7,22.9,0.6,15.15,40.62,,,,199.0,Moderate
263473,DL005,2020-05-12 02:00:00,74.0,137.0,0.72,26.3,14.57,22.5,0.43,14.28,59.3,,,,165.0,Moderate
263474,DL005,2020-05-12 03:00:00,55.0,107.0,0.3,31.0,16.8,24.1,0.5,19.0,56.0,,,,150.0,Moderate
263475,DL005,2020-05-12 04:00:00,64.0,121.0,0.45,24.07,13.18,23.77,0.43,20.03,52.0,,,,125.0,Moderate
263476,DL005,2020-05-12 05:00:00,53.0,102.0,0.33,20.27,11.05,23.25,0.4,20.8,54.8,,,,126.0,Moderate
263477,DL005,2020-05-12 06:00:00,63.0,138.0,0.3,18.8,10.2,22.5,0.28,18.5,66.2,,,,127.0,Moderate
263478,DL005,2020-05-12 07:00:00,51.0,124.0,0.45,17.3,9.57,21.25,0.23,16.25,73.8,,,,128.0,Moderate
263479,DL005,2020-05-12 08:00:00,39.0,116.0,0.57,19.52,10.85,20.62,0.38,16.85,66.58,,,,128.0,Moderate
263480,DL005,2020-05-12 09:00:00,51.0,137.0,1.07,21.0,12.02,20.98,0.4,18.48,68.7,,,,129.0,Moderate
263481,DL005,2020-05-12 10:00:00,61.0,148.0,1.1,21.23,12.17,21.32,0.45,20.88,92.07,,,,130.0,Moderate
263482,DL005,2020-05-12 11:00:00,51.0,134.0,0.95,20.57,11.7,21.52,0.38,22.45,128.1,,,,141.0,Moderate
263483,DL005,2020-05-12 12:00:00,50.0,127.0,0.55,20.1,11.12,22.35,0.3,21.77,156.42,,,,183.0,Moderate
263484,DL005,2020-05-12 13:00:00,48.0,116.0,0.55,18.82,10.45,22.85,0.28,20.42,171.62,,,,209.0,Poor
263485,DL005,2020-05-12 14:00:00,39.0,96.0,0.55,15.85,8.88,22.65,0.18,17.15,161.2,,,,209.0,Poor
263486,DL005,2020-05-12 15:00:00,33.0,90.0,0.55,15.0,8.42,22.77,0.15,14.88,144.02,,,,209.0,Poor
263487,DL005,2020-05-12 16:00:00,31.0,93.25,0.45,15.15,8.42,22.98,0.28,16.12,179.18,,,,228.0,Poor
263488,DL005,2020-05-12 17:00:00,46.0,106.75,0.38,15.98,8.75,23.12,0.3,18.95,180.47,,,,231.0,Poor
263489,DL005,2020-05-12 18:00:00,47.0,121.0,0.35,15.9,8.7,23.45,0.3,17.9,156.6,,,,231.0,Poor
263490,DL005,2020-05-12 19:00:00,45.0,130.0,0.3,16.7,9.15,21.9,0.4,16.52,139.2,,,,231.0,Poor
263491,DL005,2020-05-12 20:00:00,55.0,162.0,0.42,19.78,10.88,21.75,0.5,17.18,124.22,,,,231.0,Poor
263492,DL005,2020-05-12 21:00:00,66.0,172.75,0.3,21.85,11.9,22.27,0.65,17.82,99.8,,,,231.0,Poor
263493,DL005,2020-05-12 22:00:00,80.0,190.0,0.38,24.12,13.12,22.77,1.05,22.23,77.05,,,,231.0,Poor
263494,DL005,2020-05-12 23:00:00,89.0,195.25,0.43,22.12,12.07,23.02,0.75,25.4,73.75,,,,231.0,Poor
263495,DL005,2020-05-13 00:00:00,91.0,184.0,0.42,22.38,12.2,23.02,0.7,26.9,57.75,,,,231.0,Poor
263496,DL005,2020-05-13 01:00:00,92.0,185.0,0.6,22.2,12.28,22.98,0.7,28.73,50.25,,,,183.0,Moderate
263497,DL005,2020-05-13 02:00:00,95.0,175.0,0.68,20.98,11.7,22.27,0.7,27.5,49.8,,,,158.0,Moderate
263498,DL005,2020-05-13 03:00:00,95.0,162.0,1.1,26.3,14.9,24.8,0.6,24.0,34.07,,,,136.0,Moderate
263499,DL005,2020-05-13 04:00:00,99.0,162.0,0.72,25.05,13.88,23.92,0.67,25.03,32.85,,,,127.0,Moderate
263500,DL005,2020-05-13 05:00:00,83.0,143.0,1.27,27.0,15.4,23.3,0.6,23.98,22.88,,,,128.0,Moderate
263501,DL005,2020-05-13 06:00:00,86.0,153.0,1.0,26.1,14.73,23.77,0.78,37.67,24.6,,,,128.0,Moderate
263502,DL005,2020-05-13 07:00:00,196.0,318.0,0.72,19.5,10.97,23.15,0.6,33.17,40.75,,,,134.0,Moderate
263503,DL005,2020-05-13 08:00:00,102.0,273.0,0.48,19.55,10.85,22.48,0.6,28.9,45.52,,,,140.0,Moderate
263504,DL005,2020-05-13 09:00:00,96.0,268.0,0.4,17.9,9.9,23.0,0.5,31.5,63.93,,,,147.0,Moderate
263505,DL005,2020-05-13 10:00:00,96.0,328.0,0.85,18.9,10.78,22.43,0.5,31.82,74.6,,,,152.0,Moderate
263506,DL005,2020-05-13 11:00:00,94.0,337.0,1.0,22.17,12.62,22.8,0.53,30.4,80.67,,,,158.0,Moderate
263507,DL005,2020-05-13 12:00:00,84.0,318.0,1.25,22.77,13.15,22.62,0.45,29.93,103.3,,,,162.0,Moderate
263508,DL005,2020-05-13 13:00:00,66.0,234.0,0.92,20.25,11.53,23.35,0.4,42.15,129.65,,,,165.0,Moderate
263509,DL005,2020-05-13 14:00:00,78.0,203.0,1.07,19.02,11.03,23.57,0.4,42.6,159.07,,,,187.0,Moderate
263510,DL005,2020-05-13 15:00:00,64.0,176.0,0.52,15.45,8.62,23.23,0.4,31.58,160.3,,,,189.0,Moderate
263511,DL005,2020-05-13 16:00:00,61.0,142.0,0.68,19.0,10.62,23.27,0.38,30.18,160.82,,,,189.0,Moderate
263512,DL005,2020-05-13 17:00:00,79.0,198.0,0.4,17.85,9.78,23.25,0.4,28.48,159.43,,,,189.0,Moderate
263513,DL005,2020-05-13 18:00:00,73.0,208.0,0.3,16.4,9.0,22.3,0.32,24.82,141.3,,,,189.0,Moderate
263514,DL005,2020-05-13 19:00:00,66.0,173.0,0.32,18.35,10.03,21.95,0.4,24.68,136.05,,,,190.0,Moderate
263515,DL005,2020-05-13 20:00:00,79.0,170.0,0.73,38.83,21.27,21.4,0.67,25.62,91.28,,,,193.0,Moderate
263516,DL005,2020-05-13 21:00:00,101.0,246.0,0.97,45.8,25.15,21.93,1.25,26.45,64.03,,,,198.0,Moderate
263517,DL005,2020-05-13 22:00:00,182.0,345.0,0.57,48.1,26.0,23.35,1.05,24.38,42.6,,,,212.0,Poor
263518,DL005,2020-05-13 23:00:00,145.0,325.0,0.5,37.05,20.15,23.38,0.93,25.25,37.85,,,,220.0,Poor
263519,DL005,2020-05-14 00:00:00,168.0,329.0,0.5,38.08,20.7,23.82,1.0,34.2,31.42,,,,231.0,Poor
263520,DL005,2020-05-14 01:00:00,222.0,352.0,0.5,29.77,16.23,23.93,0.75,35.07,36.9,,,,249.0,Poor
263521,DL005,2020-05-14 02:00:00,156.0,267.0,0.5,25.15,13.8,22.6,0.7,27.52,39.4,,,,257.0,Poor
263522,DL005,2020-05-14 03:00:00,135.0,204.0,1.2,29.6,16.7,23.1,0.6,20.8,24.9,,,,263.0,Poor
263523,DL005,2020-05-14 04:00:00,119.0,184.0,0.95,28.97,16.15,22.65,0.62,21.65,12.5,,,,265.0,Poor
263524,DL005,2020-05-14 05:00:00,110.0,175.0,1.35,29.95,17.03,22.6,0.6,20.52,9.35,,,,269.0,Poor
263525,DL005,2020-05-14 06:00:00,91.0,149.0,1.9,33.52,19.4,22.6,0.6,19.0,5.78,,,,270.0,Poor
263526,DL005,2020-05-14 07:00:00,92.0,154.0,2.17,31.2,18.38,22.6,0.7,21.7,12.22,,,,255.0,Poor
263527,DL005,2020-05-14 08:00:00,111.0,218.0,2.95,33.17,20.05,22.7,0.78,28.08,21.48,,,,257.0,Poor
263528,DL005,2020-05-14 09:00:00,118.0,237.0,2.47,32.0,19.07,22.57,0.55,24.05,42.52,,,,260.0,Poor
263529,DL005,2020-05-14 10:00:00,74.0,152.0,1.3,23.27,13.45,22.4,0.4,21.7,77.12,,,,257.0,Poor
263530,DL005,2020-05-14 11:00:00,61.0,145.0,0.85,19.35,10.98,23.05,0.4,22.45,132.22,,,,252.0,Poor
263531,DL005,2020-05-14 12:00:00,77.0,192.0,0.4,17.3,9.55,22.8,0.4,20.27,174.0,,,,251.0,Poor
263532,DL005,2020-05-14 13:00:00,70.0,171.0,0.4,16.02,8.85,22.57,0.3,17.88,180.2,,,,252.0,Poor
263533,DL005,2020-05-14 14:00:00,59.0,148.0,0.53,15.15,8.48,22.25,0.25,16.23,171.95,,,,249.0,Poor
263534,DL005,2020-05-14 15:00:00,51.0,135.0,0.45,13.85,7.7,22.3,0.2,16.1,171.43,,,,247.0,Poor
263535,DL005,2020-05-14 16:00:00,46.0,140.0,0.6,14.1,7.97,22.6,0.3,15.88,180.77,,,,245.0,Poor
263536,DL005,2020-05-14 17:00:00,56.0,141.0,0.3,14.05,7.75,21.7,0.3,15.25,184.88,,,,242.0,Poor
263537,DL005,2020-05-14 18:00:00,55.0,151.0,0.38,15.1,8.38,20.25,0.32,14.35,113.15,,,,242.0,Poor
263538,DL005,2020-05-14 19:00:00,64.0,394.0,0.67,20.98,11.75,19.73,0.4,15.2,87.17,,,,242.0,Poor
263539,DL005,2020-05-14 20:00:00,67.0,153.0,1.0,19.43,11.15,20.35,0.43,14.65,92.62,,,,242.0,Poor
263540,DL005,2020-05-14 21:00:00,70.0,113.0,1.05,21.52,12.32,20.42,0.4,14.57,84.15,,,,242.0,Poor
263541,DL005,2020-05-14 22:00:00,67.0,94.0,1.1,26.82,15.2,20.3,0.5,15.57,54.38,,,,242.0,Poor
263542,DL005,2020-05-14 23:00:00,70.0,94.0,1.15,30.35,17.08,20.32,0.45,15.6,31.98,,,,242.0,Poor
263543,DL005,2020-05-15 00:00:00,63.0,101.0,1.65,36.2,20.6,19.85,0.5,13.52,17.52,,,,242.0,Poor
263544,DL005,2020-05-15 01:00:00,69.0,109.0,1.27,27.43,15.62,20.93,0.6,16.73,28.17,,,,171.0,Moderate
263545,DL005,2020-05-15 02:00:00,125.0,199.0,0.65,16.07,9.12,20.18,0.4,17.3,53.6,,,,167.0,Moderate
263546,DL005,2020-05-15 03:00:00,57.0,102.0,0.6,19.6,10.9,21.8,0.3,17.0,31.25,,,,156.0,Moderate
263547,DL005,2020-05-15 04:00:00,56.0,118.0,0.7,18.82,10.57,20.12,0.3,18.98,27.15,,,,147.0,Moderate
263548,DL005,2020-05-15 05:00:00,50.0,102.25,0.9,20.75,11.78,20.27,0.28,21.75,30.17,,,,139.0,Moderate
263549,DL005,2020-05-15 06:00:00,42.0,103.0,0.82,20.88,11.78,20.55,0.2,20.23,33.75,,,,135.0,Moderate
263550,DL005,2020-05-15 07:00:00,31.0,83.0,2.47,27.48,16.65,20.68,0.32,18.48,18.7,,,,133.0,Moderate
263551,DL005,2020-05-15 08:00:00,41.0,80.0,3.45,27.75,17.58,20.62,0.38,34.85,30.95,,,,129.0,Moderate
263552,DL005,2020-05-15 09:00:00,84.0,136.5,2.03,24.1,14.48,21.18,0.35,42.4,61.93,,,,127.0,Moderate
263553,DL005,2020-05-15 10:00:00,83.0,123.5,1.18,21.3,12.27,21.8,0.3,30.8,88.25,,,,126.0,Moderate
263554,DL005,2020-05-15 11:00:00,53.0,93.5,0.9,21.18,11.98,21.88,0.2,22.18,109.5,,,,124.0,Moderate
263555,DL005,2020-05-15 12:00:00,27.0,80.0,0.9,21.3,12.07,21.07,0.2,15.22,129.97,,,,144.0,Moderate
263556,DL005,2020-05-15 13:00:00,35.0,115.25,0.8,21.38,12.03,21.48,0.2,16.25,154.08,,,,180.0,Moderate
263557,DL005,2020-05-15 14:00:00,47.0,137.0,0.65,20.9,11.68,21.25,0.2,15.45,164.48,,,,195.0,Moderate
263558,DL005,2020-05-15 15:00:00,51.0,145.0,0.95,19.1,10.95,21.12,0.15,13.6,154.15,,,,195.0,Moderate
263559,DL005,2020-05-15 16:00:00,34.0,115.0,0.85,18.73,10.65,20.75,0.1,13.43,150.05,,,,195.0,Moderate
263560,DL005,2020-05-15 17:00:00,27.0,98.0,0.3,19.38,10.6,20.67,0.1,12.95,143.93,,,,195.0,Moderate
263561,DL005,2020-05-15 18:00:00,28.0,100.25,0.47,20.05,11.07,20.7,0.15,13.5,149.28,,,,195.0,Moderate
263562,DL005,2020-05-15 19:00:00,35.0,122.0,0.67,25.33,14.03,21.05,0.23,14.5,129.8,,,,195.0,Moderate
263563,DL005,2020-05-15 20:00:00,47.0,149.0,0.62,33.52,18.32,20.92,0.55,18.92,97.15,,,,195.0,Moderate
263564,DL005,2020-05-15 21:00:00,92.0,222.5,0.5,47.6,25.7,22.27,0.93,27.15,50.9,,,,195.0,Moderate
263565,DL005,2020-05-15 22:00:00,160.0,284.0,0.5,49.8,26.9,23.9,0.95,34.08,39.57,,,,180.0,Moderate
263566,DL005,2020-05-15 23:00:00,175.0,300.25,0.55,45.83,24.82,24.08,0.97,39.15,34.67,,,,174.0,Moderate
263567,DL005,2020-05-16 00:00:00,205.0,333.0,0.53,43.8,23.75,25.0,1.08,54.7,25.43,,,,172.0,Moderate
263568,DL005,2020-05-16 01:00:00,251.0,364.75,0.7,46.5,25.3,25.75,1.1,52.05,19.15,,,,172.0,Moderate
263569,DL005,2020-05-16 02:00:00,256.0,361.5,0.83,45.35,24.8,25.93,1.05,44.65,25.75,,,,173.0,Moderate
263570,DL005,2020-05-16 03:00:00,262.0,363.0,1.6,49.1,27.4,28.8,1.0,35.8,12.58,,,,202.0,Poor
263571,DL005,2020-05-16 04:00:00,257.0,350.25,1.9,43.75,24.8,27.27,0.97,36.8,17.9,,,,230.0,Poor
263572,DL005,2020-05-16 05:00:00,211.0,297.0,0.5,31.25,17.02,26.32,0.7,44.05,43.3,,,,252.0,Poor
263573,DL005,2020-05-16 06:00:00,171.0,246.25,0.67,27.52,15.2,25.25,0.62,43.75,46.52,,,,270.0,Poor
263574,DL005,2020-05-16 07:00:00,152.0,229.0,1.8,35.23,20.18,25.27,0.78,44.48,29.72,,,,287.0,Poor
263575,DL005,2020-05-16 08:00:00,191.0,274.5,2.17,29.45,17.43,25.73,0.65,46.05,62.98,,,,302.0,Very Poor
263576,DL005,2020-05-16 09:00:00,147.0,219.25,0.85,20.73,11.73,25.15,0.47,32.45,109.62,,,,304.0,Very Poor
263577,DL005,2020-05-16 10:00:00,81.0,150.75,0.88,20.12,11.4,25.55,0.4,20.42,136.92,,,,304.0,Very Poor
263578,DL005,2020-05-16 11:00:00,62.0,132.0,0.45,19.98,11.03,26.57,0.32,20.15,152.68,,,,304.0,Very Poor
263579,DL005,2020-05-16 12:00:00,56.0,132.0,0.45,18.98,10.45,26.77,0.25,15.6,150.75,,,,305.0,Very Poor
263580,DL005,2020-05-16 13:00:00,,,,,,,,,,,,,308.0,Very Poor
263581,DL005,2020-05-16 14:00:00,38.0,164.0,0.6,17.02,9.6,23.73,0.48,13.65,136.57,,,,308.0,Very Poor
263582,DL005,2020-05-16 15:00:00,39.5,148.5,0.75,18.43,10.4,25.9,0.6,15.32,179.78,,,,307.0,Very Poor
263583,DL005,2020-05-16 16:00:00,40.5,101.0,0.65,18.15,10.2,24.68,0.25,13.43,172.5,,,,307.0,Very Poor
263584,DL005,2020-05-16 17:00:00,31.0,105.0,0.53,18.3,10.18,24.27,0.35,10.85,164.93,,,,308.0,Very Poor
263585,DL005,2020-05-16 18:00:00,34.0,123.25,0.6,19.05,10.65,25.2,0.4,8.25,155.45,,,,308.0,Very Poor
263586,DL005,2020-05-16 19:00:00,35.25,120.25,0.38,23.1,12.58,25.25,0.53,8.68,129.12,,,,308.0,Very Poor
263587,DL005,2020-05-16 20:00:00,46.0,149.5,0.35,34.55,18.65,25.45,0.88,16.55,79.05,,,,308.0,Very Poor
263588,DL005,2020-05-16 21:00:00,81.5,214.0,0.38,54.8,29.48,26.73,1.27,34.23,43.62,,,,307.0,Very Poor
263589,DL005,2020-05-16 22:00:00,127.0,280.0,0.72,45.27,24.68,27.55,1.25,34.12,46.5,,,,306.0,Very Poor
263590,DL005,2020-05-16 23:00:00,142.5,272.5,0.6,41.95,22.8,27.9,1.4,39.25,42.77,,,,305.0,Very Poor
263591,DL005,2020-05-17 00:00:00,174.5,309.25,0.82,39.9,21.88,28.95,1.5,39.9,40.38,,,,304.0,Very Poor
263592,DL005,2020-05-17 01:00:00,179.5,313.75,0.5,34.85,18.93,29.65,1.5,42.47,44.18,,,,302.0,Very Poor
263593,DL005,2020-05-17 02:00:00,164.5,277.25,0.53,36.33,19.77,29.6,1.52,39.6,32.5,,,,295.0,Poor
263594,DL005,2020-05-17 03:00:00,180.5,285.75,0.7,50.2,27.3,32.8,1.7,58.5,9.55,,,,283.0,Poor
263595,DL005,2020-05-17 04:00:00,236.0,363.75,0.9,46.62,25.52,32.8,1.8,79.35,11.23,,,,280.0,Poor
263596,DL005,2020-05-17 05:00:00,290.75,434.0,0.9,44.15,24.23,32.05,1.68,66.7,13.33,,,,291.0,Poor
263597,DL005,2020-05-17 06:00:00,260.5,396.25,14.0,51.08,38.57,30.62,1.67,44.78,3.25,,,,301.0,Very Poor
263598,DL005,2020-05-17 07:00:00,259.5,414.25,7.8,53.02,34.55,30.78,1.8,63.38,12.75,,,,305.0,Very Poor
263599,DL005,2020-05-17 08:00:00,307.25,462.75,6.35,51.85,32.72,32.0,1.83,69.65,36.77,,,,309.0,Very Poor
263600,DL005,2020-05-17 09:00:00,286.25,446.5,2.0,34.9,20.15,32.65,1.6,67.88,111.15,,,,313.0,Very Poor
263601,DL005,2020-05-17 10:00:00,194.0,318.0,0.48,26.62,14.52,32.42,1.35,50.38,176.93,,,,317.0,Very Poor
263602,DL005,2020-05-17 11:00:00,126.5,214.5,0.5,20.68,11.43,32.38,1.12,31.98,191.4,,,,319.0,Very Poor
263603,DL005,2020-05-17 12:00:00,77.5,146.75,0.43,17.9,9.9,32.48,0.97,21.58,177.95,,,,320.0,Very Poor
263604,DL005,2020-05-17 13:00:00,49.0,115.0,0.4,16.52,9.15,32.25,0.9,16.5,167.55,,,,317.0,Very Poor
263605,DL005,2020-05-17 14:00:00,38.5,112.5,0.6,16.38,9.25,31.6,0.85,15.7,159.9,,,,317.0,Very Poor
263606,DL005,2020-05-17 15:00:00,36.75,136.0,0.6,16.65,9.3,30.2,0.97,15.8,171.0,,,,317.0,Very Poor
263607,DL005,2020-05-17 16:00:00,46.25,123.25,0.3,18.6,10.15,30.4,0.3,16.82,183.1,,,,317.0,Very Poor
263608,DL005,2020-05-17 17:00:00,48.5,131.0,0.3,21.1,11.5,31.0,0.2,14.0,184.55,,,,317.0,Very Poor
263609,DL005,2020-05-17 18:00:00,47.0,135.0,0.45,21.0,11.55,31.7,0.32,15.45,140.3,,,,318.0,Very Poor
263610,DL005,2020-05-17 19:00:00,56.0,144.0,0.45,29.4,16.0,29.1,0.47,17.38,110.42,,,,318.0,Very Poor
263611,DL005,2020-05-17 20:00:00,58.0,187.0,0.38,27.08,14.72,27.88,0.53,17.23,104.05,,,,319.0,Very Poor
263612,DL005,2020-05-17 21:00:00,67.75,263.25,0.47,37.08,20.08,28.0,0.7,17.55,62.88,,,,318.0,Very Poor
263613,DL005,2020-05-17 22:00:00,89.0,269.75,0.5,39.55,21.45,27.9,0.88,31.55,50.92,,,,317.0,Very Poor
263614,DL005,2020-05-17 23:00:00,128.75,284.25,0.68,45.23,24.62,30.3,1.1,35.67,33.05,,,,317.0,Very Poor
263615,DL005,2020-05-18 00:00:00,152.5,291.25,0.62,38.33,20.88,30.93,0.93,33.98,40.92,,,,316.0,Very Poor
263616,DL005,2020-05-18 01:00:00,137.0,257.25,1.02,45.3,24.93,30.7,1.02,25.08,15.07,,104.55,,315.0,Very Poor
263617,DL005,2020-05-18 02:00:00,144.5,264.5,3.15,43.45,25.67,30.5,1.05,27.77,23.3,,,,314.0,Very Poor
263618,DL005,2020-05-18 03:00:00,168.75,283.5,0.6,43.7,23.7,36.3,1.0,31.2,14.72,,,,314.0,Very Poor
263619,DL005,2020-05-18 04:00:00,202.5,304.75,0.9,42.28,23.18,34.6,1.05,37.23,19.4,,,,313.0,Very Poor
263620,DL005,2020-05-18 05:00:00,212.5,301.0,0.62,36.17,19.78,33.17,1.15,55.45,26.8,,,,310.0,Very Poor
263621,DL005,2020-05-18 06:00:00,237.0,344.5,7.8,44.1,29.8,32.98,1.23,42.9,7.88,,,,309.0,Very Poor
263622,DL005,2020-05-18 07:00:00,253.0,388.75,4.55,45.08,27.67,32.4,1.32,41.15,10.7,,,,309.0,Very Poor
263623,DL005,2020-05-18 08:00:00,227.25,371.5,4.9,39.85,25.23,32.73,1.33,43.67,25.98,,,,307.0,Very Poor
263624,DL005,2020-05-18 09:00:00,215.0,360.25,1.7,31.17,17.98,33.7,1.23,45.7,80.3,,,,304.0,Very Poor
263625,DL005,2020-05-18 10:00:00,180.5,317.0,1.02,26.9,15.15,34.33,1.05,33.47,142.62,,,,304.0,Very Poor
263626,DL005,2020-05-18 11:00:00,136.0,243.0,0.75,22.93,12.8,35.35,0.97,29.55,187.68,,,,304.0,Very Poor
263627,DL005,2020-05-18 12:00:00,115.0,213.75,0.52,19.62,10.85,35.53,0.78,27.52,193.8,,,,305.0,Very Poor
263628,DL005,2020-05-18 13:00:00,78.75,159.75,0.57,18.2,10.17,34.0,0.62,15.12,172.52,,,,306.0,Very Poor
263629,DL005,2020-05-18 14:00:00,48.25,121.75,0.47,17.67,9.7,31.78,0.45,11.07,152.28,,,,307.0,Very Poor
263630,DL005,2020-05-18 15:00:00,39.0,110.25,0.6,18.4,10.3,30.65,0.47,10.55,159.55,,,,307.0,Very Poor
263631,DL005,2020-05-18 16:00:00,37.0,115.0,0.68,19.68,11.05,29.98,0.2,10.35,160.62,,,,306.0,Very Poor
263632,DL005,2020-05-18 17:00:00,39.5,120.0,0.5,20.07,11.07,29.07,0.2,10.38,161.97,,,,306.0,Very Poor
263633,DL005,2020-05-18 18:00:00,36.75,124.25,0.42,20.45,11.25,27.05,0.23,11.18,149.82,,,,306.0,Very Poor
263634,DL005,2020-05-18 19:00:00,35.75,125.0,0.4,23.15,12.65,26.55,0.35,11.93,125.7,,,,305.0,Very Poor
263635,DL005,2020-05-18 20:00:00,50.0,160.75,0.35,36.2,19.55,27.75,0.6,14.25,80.57,,,,305.0,Very Poor
263636,DL005,2020-05-18 21:00:00,74.5,219.5,0.3,49.42,26.52,28.08,0.93,22.4,51.12,,,,305.0,Very Poor
263637,DL005,2020-05-18 22:00:00,103.75,242.5,0.48,48.53,26.18,28.9,1.1,39.55,39.55,,,,306.0,Very Poor
263638,DL005,2020-05-18 23:00:00,137.75,268.0,0.57,48.38,26.2,30.05,1.1,33.82,27.7,,,,306.0,Very Poor
263639,DL005,2020-05-19 00:00:00,154.25,285.0,0.98,49.85,27.3,30.97,1.2,30.55,20.12,,,,306.0,Very Poor
263640,DL005,2020-05-19 01:00:00,168.0,292.75,1.85,49.33,27.75,32.05,1.3,35.5,22.9,,,,307.0,Very Poor
263641,DL005,2020-05-19 02:00:00,192.75,324.25,0.55,47.92,25.95,33.15,1.35,36.05,20.6,,,,308.0,Very Poor
263642,DL005,2020-05-19 03:00:00,206.75,322.75,0.9,53.7,29.3,37.0,1.4,31.6,6.45,,,,310.0,Very Poor
263643,DL005,2020-05-19 04:00:00,216.0,329.25,2.67,53.92,30.82,36.0,1.4,33.77,4.62,,,,310.0,Very Poor
263644,DL005,2020-05-19 05:00:00,236.5,368.75,4.75,54.3,32.73,34.85,1.5,53.68,3.9,,112.97,,311.0,Very Poor
263645,DL005,2020-05-19 06:00:00,294.0,456.0,7.12,53.85,34.43,35.33,1.6,60.73,3.2,,,,313.0,Very Poor
263646,DL005,2020-05-19 07:00:00,319.5,501.25,19.55,62.8,49.35,35.7,1.85,56.98,5.62,,,,315.0,Very Poor
263647,DL005,2020-05-19 08:00:00,350.75,572.75,8.82,64.92,41.72,37.7,2.05,53.27,41.65,,,,319.0,Very Poor
263648,DL005,2020-05-19 09:00:00,337.25,551.75,1.9,52.45,29.45,39.53,1.8,47.15,132.32,,,,323.0,Very Poor
263649,DL005,2020-05-19 10:00:00,277.0,464.75,1.02,38.45,21.3,39.78,1.23,45.5,177.65,,,,326.0,Very Poor
263650,DL005,2020-05-19 11:00:00,181.25,311.25,0.68,23.88,13.22,38.35,0.68,28.95,177.28,,,,327.0,Very Poor
263651,DL005,2020-05-19 12:00:00,80.25,155.75,0.65,17.85,10.0,36.12,0.45,17.97,169.42,,,,326.0,Very Poor
263652,DL005,2020-05-19 13:00:00,44.0,115.25,0.25,16.5,9.0,34.0,0.4,15.1,157.85,,,,325.0,Very Poor
263653,DL005,2020-05-19 14:00:00,38.0,100.75,0.43,16.45,9.1,32.42,0.3,11.88,148.48,,,,325.0,Very Poor
263654,DL005,2020-05-19 15:00:00,30.5,100.75,0.7,17.17,9.67,30.9,0.4,11.8,153.88,,,,324.0,Very Poor
263655,DL005,2020-05-19 16:00:00,32.25,126.5,0.53,17.05,9.5,29.6,0.12,12.62,151.4,,,,324.0,Very Poor
263656,DL005,2020-05-19 17:00:00,24.75,142.25,0.45,19.33,10.65,29.07,0.1,12.1,133.07,,,,324.0,Very Poor
263657,DL005,2020-05-19 18:00:00,27.75,200.75,0.33,20.95,11.38,26.88,0.23,13.8,140.02,,,,324.0,Very Poor
263658,DL005,2020-05-19 19:00:00,39.0,154.5,0.4,28.2,15.32,27.18,0.55,22.95,177.32,,,,324.0,Very Poor
263659,DL005,2020-05-19 20:00:00,67.0,215.25,0.4,37.33,20.2,28.25,0.57,19.68,128.57,,106.25,,324.0,Very Poor
263660,DL005,2020-05-19 21:00:00,75.25,275.75,0.55,54.67,29.52,29.35,0.88,20.8,68.22,,,,324.0,Very Poor
263661,DL005,2020-05-19 22:00:00,96.75,303.5,0.62,50.7,27.38,30.27,1.18,23.65,59.1,,,,324.0,Very Poor
263662,DL005,2020-05-19 23:00:00,109.0,294.0,0.45,33.83,18.38,30.92,0.72,24.43,67.83,,,,323.0,Very Poor
263663,DL005,2020-05-20 00:00:00,93.0,247.5,0.57,35.12,19.12,30.73,0.83,25.5,46.75,,,,321.0,Very Poor
263664,DL005,2020-05-20 01:00:00,95.75,235.25,0.45,38.65,20.95,31.0,0.83,22.02,32.3,,,,319.0,Very Poor
263665,DL005,2020-05-20 02:00:00,117.0,242.0,0.35,36.85,19.85,32.05,0.88,32.65,27.45,,,,316.0,Very Poor
263666,DL005,2020-05-20 03:00:00,146.75,270.5,0.9,38.4,21.1,36.5,1.1,51.0,20.9,,,,314.0,Very Poor
263667,DL005,2020-05-20 04:00:00,207.5,333.75,0.47,38.9,21.1,35.25,1.17,47.2,15.4,,,,314.0,Very Poor
263668,DL005,2020-05-20 05:00:00,225.5,342.0,0.53,41.12,22.32,33.1,1.17,47.08,14.2,,,,314.0,Very Poor
263669,DL005,2020-05-20 06:00:00,210.75,324.25,0.72,35.8,19.62,32.65,1.0,53.8,18.65,,,,311.0,Very Poor
263670,DL005,2020-05-20 07:00:00,197.5,320.5,1.6,31.0,17.8,32.73,1.0,56.1,39.9,,,,307.0,Very Poor
263671,DL005,2020-05-20 08:00:00,157.0,307.0,1.8,29.3,17.07,32.4,0.93,36.45,65.57,,,,301.0,Very Poor
263672,DL005,2020-05-20 09:00:00,112.75,,2.5,35.45,20.93,31.77,0.75,52.75,91.48,,,,273.0,Poor
263673,DL005,2020-05-20 10:00:00,83.25,,1.43,27.2,15.67,31.33,0.67,25.35,138.73,,,,246.0,Poor
263674,DL005,2020-05-20 11:00:00,63.5,,0.85,18.0,10.28,31.7,0.5,17.7,150.88,,,,230.0,Poor
263675,DL005,2020-05-20 12:00:00,47.0,,0.4,16.3,9.0,32.2,0.43,17.1,164.78,,,,225.0,Poor
263676,DL005,2020-05-20 13:00:00,17.0,130.0,0.53,15.43,8.75,32.15,0.32,15.1,156.38,,,,221.0,Poor
263677,DL005,2020-05-20 14:00:00,21.0,135.75,0.4,16.75,9.2,29.55,0.4,14.23,163.83,,,,219.0,Poor
263678,DL005,2020-05-20 15:00:00,32.25,148.25,0.43,17.52,9.65,30.43,0.4,13.55,166.2,,,,219.0,Poor
263679,DL005,2020-05-20 16:00:00,29.25,136.75,0.43,17.9,9.88,31.05,0.1,13.2,165.4,,,,219.0,Poor
263680,DL005,2020-05-20 17:00:00,27.75,141.75,0.3,18.9,10.25,30.95,0.1,12.9,158.9,,,,219.0,Poor
263681,DL005,2020-05-20 18:00:00,29.5,138.0,0.57,20.23,11.22,30.32,0.1,12.95,152.18,,,,220.0,Poor
263682,DL005,2020-05-20 19:00:00,29.75,158.5,0.5,25.57,14.0,29.77,0.2,13.3,133.6,,,,218.0,Poor
263683,DL005,2020-05-20 20:00:00,38.25,171.25,0.25,33.92,18.23,30.7,0.4,17.68,98.72,,,,214.0,Poor
263684,DL005,2020-05-20 21:00:00,66.75,209.75,0.75,49.17,26.75,31.07,0.8,23.53,67.97,,,,213.0,Poor
263685,DL005,2020-05-20 22:00:00,112.0,266.5,0.5,42.9,23.25,31.35,0.72,23.75,68.92,,,,215.0,Poor
263686,DL005,2020-05-20 23:00:00,81.5,231.75,0.3,34.5,18.6,31.7,0.62,28.7,76.6,,,,211.0,Poor
263687,DL005,2020-05-21 00:00:00,85.25,223.0,0.3,28.3,15.3,31.9,0.55,29.77,76.95,,,,210.0,Poor
263688,DL005,2020-05-21 01:00:00,77.75,192.75,0.2,23.88,12.9,32.0,0.5,29.05,74.22,,,,208.0,Poor
263689,DL005,2020-05-21 02:00:00,85.0,176.5,0.4,22.08,12.02,30.85,0.5,29.83,76.15,,,,203.0,Poor
263690,DL005,2020-05-21 03:00:00,76.75,187.5,0.3,25.1,13.6,35.4,0.5,29.7,69.45,,,,194.0,Moderate
263691,DL005,2020-05-21 04:00:00,90.0,198.75,0.25,23.25,12.6,33.35,0.5,32.98,73.17,,,,177.0,Moderate
263692,DL005,2020-05-21 05:00:00,94.75,197.5,0.23,23.08,12.5,30.65,0.5,30.23,69.15,,,,167.0,Moderate
263693,DL005,2020-05-21 06:00:00,101.75,206.25,0.28,23.68,12.82,30.92,0.57,42.75,63.1,,,,163.0,Moderate
263694,DL005,2020-05-21 07:00:00,139.75,271.0,1.08,29.23,16.4,32.08,0.8,49.62,50.65,,,,161.0,Moderate
263695,DL005,2020-05-21 08:00:00,155.25,296.0,1.62,29.1,16.82,33.95,0.78,41.82,69.95,,,,161.0,Moderate
263696,DL005,2020-05-21 09:00:00,135.0,284.25,0.9,24.33,13.68,34.77,0.57,35.83,111.83,,,,164.0,Moderate
263697,DL005,2020-05-21 10:00:00,80.5,210.5,0.7,21.95,12.25,35.1,0.45,26.98,142.97,,,,164.0,Moderate
263698,DL005,2020-05-21 11:00:00,48.5,209.25,0.48,19.6,10.85,35.3,0.3,21.75,146.0,,,,168.0,Moderate
263699,DL005,2020-05-21 12:00:00,37.5,228.0,0.47,18.95,10.43,34.83,0.28,19.1,144.85,,,,168.0,Moderate
263700,DL005,2020-05-21 13:00:00,34.5,215.75,0.57,18.68,10.43,33.38,0.2,17.62,148.35,,,,171.0,Moderate
263701,DL005,2020-05-21 14:00:00,29.5,183.75,0.3,18.1,9.85,32.3,0.2,17.27,151.28,,,,175.0,Moderate
263702,DL005,2020-05-21 15:00:00,29.25,206.25,0.3,17.75,9.7,30.93,0.2,15.8,143.38,,,,175.0,Moderate
263703,DL005,2020-05-21 16:00:00,32.25,233.75,,,,,0.1,14.07,136.02,,,,175.0,Moderate
263704,DL005,2020-05-21 17:00:00,29.5,226.75,0.48,17.8,9.85,27.9,0.15,15.65,129.45,,,,176.0,Moderate
263705,DL005,2020-05-21 18:00:00,27.0,181.75,0.45,19.27,10.65,26.7,0.2,15.8,133.95,,,,177.0,Moderate
263706,DL005,2020-05-21 19:00:00,27.0,182.25,0.3,25.8,14.0,26.1,0.35,17.9,114.45,,,,178.0,Moderate
263707,DL005,2020-05-21 20:00:00,41.0,189.25,0.3,42.95,23.05,27.6,0.65,17.97,72.9,,,,178.0,Moderate
263708,DL005,2020-05-21 21:00:00,64.5,239.75,1.15,75.05,40.88,28.9,0.93,25.0,32.78,,,,179.0,Moderate
263709,DL005,2020-05-21 22:00:00,101.25,309.75,9.82,74.8,47.8,30.05,1.32,35.72,13.1,,,,180.0,Moderate
263710,DL005,2020-05-21 23:00:00,137.25,391.75,10.62,63.95,42.72,31.35,1.17,38.25,9.5,,,,184.0,Moderate
263711,DL005,2020-05-22 00:00:00,144.75,372.0,5.35,58.23,35.3,32.58,1.02,46.77,11.55,,,,189.0,Moderate
263712,DL005,2020-05-22 01:00:00,148.5,344.5,1.48,53.65,29.75,33.23,1.02,40.33,14.9,,,,193.0,Moderate
263713,DL005,2020-05-22 02:00:00,151.5,323.0,1.45,50.35,27.98,33.6,1.0,33.1,11.2,,,,197.0,Moderate
263714,DL005,2020-05-22 03:00:00,144.25,310.25,3.4,58.4,33.8,37.2,1.0,31.8,6.3,,,,200.0,Moderate
263715,DL005,2020-05-22 04:00:00,142.0,295.75,2.55,56.0,31.88,35.03,1.0,37.95,7.65,,,,205.0,Poor
263716,DL005,2020-05-22 05:00:00,175.75,330.75,0.95,48.32,26.48,34.18,1.12,65.08,11.38,,,,210.0,Poor
263717,DL005,2020-05-22 06:00:00,235.5,407.25,16.25,60.35,45.42,36.25,1.2,48.75,3.9,,,,218.0,Poor
263718,DL005,2020-05-22 07:00:00,269.75,474.5,20.9,63.6,50.85,37.75,1.35,51.8,7.25,,,,236.0,Poor
263719,DL005,2020-05-22 08:00:00,256.0,481.25,10.35,60.95,40.85,38.58,1.23,64.85,32.08,,,,250.0,Poor
263720,DL005,2020-05-22 09:00:00,224.75,483.75,3.33,44.25,26.2,39.07,0.95,43.45,97.75,,,,263.0,Poor
263721,DL005,2020-05-22 10:00:00,155.0,332.25,0.92,30.45,16.95,38.23,0.75,40.12,171.35,,,,273.0,Poor
263722,DL005,2020-05-22 11:00:00,123.0,234.25,0.62,25.73,14.2,38.25,0.67,53.7,195.1,,,,284.0,Poor
263723,DL005,2020-05-22 12:00:00,118.5,200.0,0.75,21.1,11.82,37.25,0.47,30.0,186.85,,,,295.0,Poor
263724,DL005,2020-05-22 13:00:00,62.25,144.5,0.32,17.2,9.43,35.75,0.38,17.77,167.43,,,,299.0,Poor
263725,DL005,2020-05-22 14:00:00,40.5,130.0,0.4,17.2,9.45,34.3,0.3,15.72,157.53,,,,300.0,Poor
263726,DL005,2020-05-22 15:00:00,37.25,132.5,0.3,16.97,9.15,33.17,0.3,14.35,157.15,,,,300.0,Poor
263727,DL005,2020-05-22 16:00:00,39.5,143.25,0.38,18.38,10.12,35.3,0.1,14.22,156.45,0.1,1.0,,301.0,Very Poor
263728,DL005,2020-05-22 17:00:00,36.25,128.5,0.45,21.3,11.72,35.83,0.1,14.2,133.82,0.1,1.0,,301.0,Very Poor
263729,DL005,2020-05-22 18:00:00,39.0,138.5,0.55,21.4,11.8,30.75,0.15,16.05,136.38,0.1,1.02,,301.0,Very Poor
263730,DL005,2020-05-22 19:00:00,46.25,164.0,0.3,30.18,16.27,29.62,0.38,19.83,109.4,0.18,139.62,,302.0,Very Poor
263731,DL005,2020-05-22 20:00:00,77.0,247.5,0.47,30.58,19.1,35.35,0.7,24.25,149.97,0.2,154.85,,303.0,Very Poor
263732,DL005,2020-05-22 21:00:00,87.25,338.25,0.8,36.67,24.72,32.88,0.95,28.07,124.25,0.25,2.62,,304.0,Very Poor
263733,DL005,2020-05-22 22:00:00,125.25,367.25,1.0,46.07,30.05,34.7,1.25,31.38,88.58,0.3,3.08,,304.0,Very Poor
263734,DL005,2020-05-22 23:00:00,152.0,430.0,0.78,59.17,32.08,34.3,1.68,41.0,109.78,0.4,3.6,,305.0,Very Poor
263735,DL005,2020-05-23 00:00:00,168.5,419.25,6.6,87.88,52.15,35.73,1.9,30.7,52.08,0.4,3.75,,306.0,Very Poor
263736,DL005,2020-05-23 01:00:00,170.0,414.5,2.22,84.78,46.9,36.75,1.73,31.42,44.95,0.4,3.7,,306.0,Very Poor
263737,DL005,2020-05-23 02:00:00,166.25,394.75,3.8,86.78,49.2,37.45,1.83,33.05,37.8,0.4,3.68,,307.0,Very Poor
263738,DL005,2020-05-23 03:00:00,177.5,398.25,13.4,91.8,59.8,42.1,1.8,26.6,59.15,0.4,3.5,,308.0,Very Poor
263739,DL005,2020-05-23 04:00:00,158.0,339.5,10.55,87.08,54.88,40.05,1.7,27.2,45.47,0.4,3.5,,308.0,Very Poor
263740,DL005,2020-05-23 05:00:00,135.5,274.5,2.4,76.9,42.88,36.7,1.3,25.15,42.12,0.4,3.65,,307.0,Very Poor
263741,DL005,2020-05-23 06:00:00,124.75,244.0,5.95,74.6,44.55,35.0,1.4,22.8,24.57,0.43,3.65,,304.0,Very Poor
263742,DL005,2020-05-23 07:00:00,135.75,274.0,7.05,70.28,43.15,34.6,1.38,26.35,25.55,0.5,3.48,,297.0,Poor
263743,DL005,2020-05-23 08:00:00,145.25,303.5,3.33,50.33,29.5,35.6,1.0,42.53,41.77,0.5,3.3,,281.0,Poor
263744,DL005,2020-05-23 09:00:00,135.5,297.5,1.65,28.85,16.67,36.42,0.57,37.17,79.67,0.43,2.83,,269.0,Poor
263745,DL005,2020-05-23 10:00:00,94.25,258.5,0.7,24.8,13.8,35.9,0.45,28.58,125.97,0.35,2.25,,260.0,Poor
263746,DL005,2020-05-23 11:00:00,85.5,265.75,0.92,23.73,13.15,36.02,0.4,20.75,133.35,0.3,1.85,,255.0,Poor
263747,DL005,2020-05-23 12:00:00,77.75,293.75,0.82,21.67,12.18,36.2,0.5,18.23,125.65,0.3,1.62,,250.0,Poor
263748,DL005,2020-05-23 13:00:00,95.75,323.75,0.6,17.12,9.62,35.65,0.28,14.12,120.72,0.2,1.55,,254.0,Poor
263749,DL005,2020-05-23 14:00:00,43.0,224.5,1.1,9.65,8.92,51.05,0.12,11.62,103.5,0.2,1.4,,255.0,Poor
263750,DL005,2020-05-23 15:00:00,39.5,187.5,0.65,13.73,8.75,46.55,,9.98,123.62,0.2,1.27,,255.0,Poor
263751,DL005,2020-05-23 16:00:00,34.5,171.25,0.98,12.55,11.12,54.85,0.2,6.95,88.28,0.15,1.12,,254.0,Poor
263752,DL005,2020-05-23 17:00:00,25.0,141.25,0.57,19.7,10.95,48.3,0.18,7.12,90.82,,,,253.0,Poor
263753,DL005,2020-05-23 18:00:00,28.0,139.0,0.28,22.57,12.23,50.93,0.18,6.28,80.38,,,,251.0,Poor
263754,DL005,2020-05-23 19:00:00,29.5,187.25,0.35,26.9,14.62,37.7,0.42,10.57,41.28,,,,249.0,Poor
263755,DL005,2020-05-23 20:00:00,40.75,271.5,0.3,40.53,21.77,34.08,0.62,15.55,22.3,,,,244.0,Poor
263756,DL005,2020-05-23 21:00:00,64.0,340.75,1.82,56.67,31.6,33.62,0.65,20.73,7.53,,,,241.0,Poor
263757,DL005,2020-05-23 22:00:00,73.5,361.25,1.0,44.55,24.52,33.98,0.53,26.65,19.1,,,,240.0,Poor
263758,DL005,2020-05-23 23:00:00,70.75,328.75,0.38,29.82,16.18,34.12,0.32,25.6,32.7,,,,236.0,Poor
263759,DL005,2020-05-24 00:00:00,56.25,249.0,0.2,21.15,11.45,35.15,0.25,26.23,37.58,,,,229.0,Poor
263760,DL005,2020-05-24 01:00:00,51.0,230.25,0.25,18.85,10.25,35.6,0.33,22.98,44.95,,,,221.0,Poor
263761,DL005,2020-05-24 02:00:00,53.75,243.0,0.25,19.65,10.6,37.15,0.28,25.17,55.85,,,,215.0,Poor
263762,DL005,2020-05-24 03:00:00,70.5,274.5,1.2,24.4,13.9,42.3,0.6,27.2,53.1,,,,209.0,Poor
263763,DL005,2020-05-24 04:00:00,92.0,303.25,0.32,19.9,10.85,38.65,0.53,26.88,55.68,,,,208.0,Poor
263764,DL005,2020-05-24 05:00:00,80.75,261.25,0.57,23.48,12.97,34.52,0.57,25.15,37.0,,,,207.0,Poor
263765,DL005,2020-05-24 06:00:00,85.0,251.75,0.6,29.77,16.3,34.1,0.6,27.2,22.62,,,,208.0,Poor
263766,DL005,2020-05-24 07:00:00,93.25,293.75,2.1,36.0,20.85,35.15,0.62,28.45,20.55,,,,208.0,Poor
263767,DL005,2020-05-24 08:00:00,107.5,340.25,3.2,40.53,24.15,38.02,0.8,33.15,47.12,,,,210.0,Poor
263768,DL005,2020-05-24 09:00:00,123.75,371.25,1.28,22.25,12.88,40.55,0.6,47.88,91.58,,,,213.0,Poor
263769,DL005,2020-05-24 10:00:00,102.25,301.75,0.55,20.4,11.33,41.23,0.5,39.65,124.22,,,,215.0,Poor
263770,DL005,2020-05-24 11:00:00,82.5,261.0,0.4,18.1,9.97,41.48,0.3,21.27,126.55,,,,215.0,Poor
263771,DL005,2020-05-24 12:00:00,44.75,207.5,0.5,15.7,8.75,40.8,0.12,14.93,110.85,,,,211.0,Poor
263772,DL005,2020-05-24 13:00:00,33.75,215.75,0.45,14.75,8.28,39.98,0.1,13.68,107.7,,,,207.0,Poor
263773,DL005,2020-05-24 14:00:00,28.75,197.75,0.23,14.6,8.03,37.85,0.1,13.4,110.53,,,,205.0,Poor
263774,DL005,2020-05-24 15:00:00,24.5,158.0,0.38,16.1,8.88,40.55,0.1,12.62,137.2,,,,204.0,Poor
263775,DL005,2020-05-24 16:00:00,24.75,146.25,0.52,18.25,10.1,45.12,0.1,10.2,141.2,,,,203.0,Poor
263776,DL005,2020-05-24 17:00:00,29.75,163.5,0.47,20.82,11.45,49.83,0.1,9.03,137.38,,,,204.0,Poor
263777,DL005,2020-05-24 18:00:00,30.5,160.75,0.53,24.2,13.3,52.7,0.1,8.23,133.65,,139.3,,205.0,Poor
263778,DL005,2020-05-24 19:00:00,33.25,168.5,0.28,25.68,13.93,40.92,0.33,12.55,84.1,,117.18,,204.0,Poor
263779,DL005,2020-05-24 20:00:00,32.25,182.75,0.2,29.8,16.0,32.7,0.53,21.43,69.03,,,,201.0,Poor
263780,DL005,2020-05-24 21:00:00,52.5,208.0,0.45,33.62,18.25,31.9,0.75,36.42,58.92,,,,197.0,Moderate
263781,DL005,2020-05-24 22:00:00,72.75,219.0,0.32,30.35,16.4,32.92,0.62,34.43,61.1,,,,193.0,Moderate
263782,DL005,2020-05-24 23:00:00,70.5,209.0,0.3,30.5,16.5,32.85,0.7,41.42,53.43,,,,189.0,Moderate
263783,DL005,2020-05-25 00:00:00,96.0,232.25,0.3,29.7,16.02,34.95,0.83,62.25,49.17,,,,189.0,Moderate
263784,DL005,2020-05-25 01:00:00,132.25,289.0,0.5,31.67,17.25,36.2,0.9,64.65,38.18,,,,191.0,Moderate
263785,DL005,2020-05-25 02:00:00,132.0,295.25,0.35,32.92,17.8,37.45,0.95,57.03,42.15,,,,192.0,Moderate
263786,DL005,2020-05-25 03:00:00,133.25,274.5,0.6,28.5,15.6,41.4,0.8,47.3,33.85,,,,192.0,Moderate
263787,DL005,2020-05-25 04:00:00,144.0,287.0,0.62,26.9,14.8,38.25,0.8,49.0,39.08,,,,192.0,Moderate
263788,DL005,2020-05-25 05:00:00,138.0,275.0,0.53,25.93,14.22,35.05,0.8,52.25,38.57,,,,192.0,Moderate
263789,DL005,2020-05-25 06:00:00,140.0,279.0,0.55,27.18,14.9,35.1,0.95,54.9,34.85,,,,193.0,Moderate
263790,DL005,2020-05-25 07:00:00,151.0,300.0,1.33,30.42,17.27,35.62,0.9,42.85,33.15,,,,193.0,Moderate
263791,DL005,2020-05-25 08:00:00,140.0,287.0,1.57,27.17,15.7,36.92,0.85,42.02,62.35,,,,191.0,Moderate
263792,DL005,2020-05-25 09:00:00,117.0,262.0,0.98,22.38,12.68,38.18,0.7,29.38,99.62,,,,188.0,Moderate
263793,DL005,2020-05-25 10:00:00,77.0,188.0,0.38,19.55,10.67,38.8,0.6,24.48,122.95,,,,185.0,Moderate
263794,DL005,2020-05-25 11:00:00,52.0,158.0,0.38,15.93,8.8,39.03,0.45,19.98,130.93,,,,182.0,Moderate
263795,DL005,2020-05-25 12:00:00,40.0,119.0,0.3,14.35,7.88,38.6,0.32,16.38,130.18,,,,180.0,Moderate
263796,DL005,2020-05-25 13:00:00,34.0,126.0,0.38,15.42,8.5,37.52,0.4,16.3,139.62,,,,177.0,Moderate
263797,DL005,2020-05-25 14:00:00,34.0,141.0,0.3,15.0,8.2,37.3,0.32,16.02,136.48,,,,176.0,Moderate
263798,DL005,2020-05-25 15:00:00,24.0,141.0,0.33,14.8,8.15,37.1,0.3,14.82,132.68,,,,175.0,Moderate
263799,DL005,2020-05-25 16:00:00,31.0,207.0,0.28,14.02,7.67,34.15,0.2,14.75,122.58,,,,177.0,Moderate
263800,DL005,2020-05-25 17:00:00,29.0,253.0,0.4,14.0,7.8,32.8,0.2,13.6,119.03,,,,180.0,Moderate
263801,DL005,2020-05-25 18:00:00,28.0,162.0,0.52,16.0,9.0,32.12,0.2,13.5,118.78,,,,180.0,Moderate
263802,DL005,2020-05-25 19:00:00,28.0,138.0,0.25,21.3,11.55,31.2,0.28,14.05,107.93,,,,179.0,Moderate
263803,DL005,2020-05-25 20:00:00,28.0,151.0,0.3,26.73,14.45,30.9,0.55,17.77,83.6,,122.25,,178.0,Moderate
263804,DL005,2020-05-25 21:00:00,50.0,207.0,0.5,25.8,14.15,31.9,0.55,17.52,80.65,,115.55,,178.0,Moderate
263805,DL005,2020-05-25 22:00:00,48.0,179.0,0.43,32.12,17.43,32.62,0.62,16.5,62.83,,123.4,,177.0,Moderate
263806,DL005,2020-05-25 23:00:00,62.0,171.0,0.43,43.1,23.27,33.03,0.83,18.2,46.67,,143.5,,176.0,Moderate
263807,DL005,2020-05-26 00:00:00,83.0,204.0,2.5,49.85,28.7,33.33,0.93,20.9,22.88,,,,175.0,Moderate
263808,DL005,2020-05-26 01:00:00,91.0,223.0,0.55,34.9,19.02,34.08,0.88,44.92,32.25,,,,173.0,Moderate
263809,DL005,2020-05-26 02:00:00,108.0,237.0,1.02,48.4,26.55,35.6,1.05,48.5,13.4,,122.4,,171.0,Moderate
263810,DL005,2020-05-26 03:00:00,153.0,315.0,7.2,55.1,,41.4,1.1,35.0,2.62,,112.2,,172.0,Moderate
263811,DL005,2020-05-26 04:00:00,144.0,322.0,11.05,55.95,38.8,39.5,1.12,42.0,2.4,,111.9,,173.0,Moderate
263812,DL005,2020-05-26 05:00:00,184.0,380.0,6.83,55.47,35.08,38.38,1.3,88.7,4.82,,110.7,,176.0,Moderate
263813,DL005,2020-05-26 06:00:00,261.0,469.0,3.55,52.25,30.7,38.85,1.07,66.7,7.12,,,,182.0,Moderate
263814,DL005,2020-05-26 07:00:00,184.0,362.0,5.05,50.0,30.7,38.12,1.05,43.33,11.53,,,,183.0,Moderate
263815,DL005,2020-05-26 08:00:00,156.0,315.0,4.58,42.83,26.52,39.58,1.02,53.15,33.3,,,,184.0,Moderate
263816,DL005,2020-05-26 09:00:00,163.0,369.0,1.62,23.3,13.72,38.6,0.48,23.93,59.7,,,,191.0,Moderate
263817,DL005,2020-05-26 10:00:00,53.0,228.0,0.75,17.88,10.1,36.95,0.3,17.85,71.12,,,,188.0,Moderate
263818,DL005,2020-05-26 11:00:00,41.0,204.0,0.73,16.55,9.43,36.58,0.3,16.57,95.58,,,,190.0,Moderate
263819,DL005,2020-05-26 12:00:00,29.0,192.0,0.65,15.82,9.03,36.35,0.3,15.55,112.15,,,,192.0,Moderate
263820,DL005,2020-05-26 13:00:00,34.0,217.0,0.53,14.97,8.4,35.47,0.23,13.72,117.05,,,,194.0,Moderate
263821,DL005,2020-05-26 14:00:00,30.0,147.0,0.53,14.53,8.15,33.95,0.12,11.85,113.47,,,,194.0,Moderate
263822,DL005,2020-05-26 15:00:00,25.0,125.0,0.45,15.4,8.6,33.55,0.18,11.35,105.32,,,,194.0,Moderate
263823,DL005,2020-05-26 16:00:00,27.0,174.0,0.6,14.1,7.95,29.98,0.1,12.07,106.18,,,,193.0,Moderate
263824,DL005,2020-05-26 17:00:00,24.0,182.0,0.52,14.3,8.03,29.0,0.1,12.97,108.72,,,,191.0,Moderate
263825,DL005,2020-05-26 18:00:00,19.0,154.0,0.38,16.53,9.1,27.8,0.1,13.38,96.67,,,,191.0,Moderate
263826,DL005,2020-05-26 19:00:00,27.0,135.0,0.57,32.67,17.85,27.43,0.25,15.27,62.92,,,,191.0,Moderate
263827,DL005,2020-05-26 20:00:00,34.0,247.0,1.23,59.52,32.7,28.12,0.65,17.77,25.45,,,,193.0,Moderate
263828,DL005,2020-05-26 21:00:00,52.0,293.0,19.03,66.95,51.03,29.4,1.25,21.17,12.53,,116.25,,196.0,Moderate
263829,DL005,2020-05-26 22:00:00,79.0,315.0,35.77,59.4,60.95,30.75,1.48,24.08,19.25,,,,199.0,Moderate
263830,DL005,2020-05-26 23:00:00,100.0,539.0,0.35,19.8,10.85,33.75,0.43,18.52,100.2,,,,214.0,Poor
263831,DL005,2020-05-27 00:00:00,44.0,284.0,0.35,17.35,9.5,33.08,0.38,17.08,96.8,,,,218.0,Poor
263832,DL005,2020-05-27 01:00:00,34.0,179.0,0.57,18.05,10.1,32.45,0.4,16.52,83.45,,,,216.0,Poor
263833,DL005,2020-05-27 02:00:00,47.0,166.0,0.4,21.18,11.6,32.6,0.4,18.38,65.75,,,,213.0,Poor
263834,DL005,2020-05-27 03:00:00,47.0,170.0,,,,,0.4,22.5,68.8,,,,207.0,Poor
263835,DL005,2020-05-27 04:00:00,44.0,143.0,0.38,26.3,14.32,34.52,0.4,20.68,57.8,,,,200.0,Moderate
263836,DL005,2020-05-27 05:00:00,50.0,115.0,0.35,31.93,17.25,31.73,0.43,17.78,43.7,,,,192.0,Moderate
263837,DL005,2020-05-27 06:00:00,53.0,119.0,0.5,32.9,17.9,30.95,0.4,16.98,44.53,,,,183.0,Moderate
263838,DL005,2020-05-27 07:00:00,40.0,134.0,0.88,33.2,18.38,31.62,0.53,19.08,45.85,,,,176.0,Moderate
263839,DL005,2020-05-27 08:00:00,52.0,156.0,1.73,36.42,20.77,33.33,0.65,19.47,62.12,,,,172.0,Moderate
263840,DL005,2020-05-27 09:00:00,64.0,199.0,0.95,29.3,16.35,34.32,0.5,18.55,90.43,,,,167.0,Moderate
263841,DL005,2020-05-27 10:00:00,47.0,182.0,0.75,21.8,12.18,34.38,0.43,19.5,94.97,,,,166.0,Moderate
263842,DL005,2020-05-27 11:00:00,58.0,240.0,0.5,18.05,10.02,35.55,0.38,14.95,105.6,,,,167.0,Moderate
263843,DL005,2020-05-27 12:00:00,50.0,262.0,0.42,15.73,8.72,35.6,0.28,13.32,115.2,,,,169.0,Moderate
263844,DL005,2020-05-27 13:00:00,45.0,236.0,0.65,15.38,8.6,34.43,0.23,13.3,137.15,,,,169.0,Moderate
263845,DL005,2020-05-27 14:00:00,38.0,215.0,0.38,14.43,7.98,33.83,0.2,11.45,144.55,,,,171.0,Moderate
263846,DL005,2020-05-27 15:00:00,34.0,184.0,0.38,15.88,8.77,37.4,0.2,13.75,167.27,,,,199.0,Moderate
263847,DL005,2020-05-27 16:00:00,33.0,180.0,0.25,16.7,9.05,41.1,0.1,11.85,160.1,,,,199.0,Moderate
263848,DL005,2020-05-27 17:00:00,38.0,125.0,0.38,21.1,11.52,42.33,0.18,13.93,176.43,,,,221.0,Poor
263849,DL005,2020-05-27 18:00:00,36.0,153.0,0.47,24.57,13.45,42.62,0.28,13.9,163.12,,,,221.0,Poor
263850,DL005,2020-05-27 19:00:00,39.0,159.0,0.4,26.6,14.5,33.2,0.43,15.12,122.97,,123.15,,221.0,Poor
263851,DL005,2020-05-27 20:00:00,33.0,197.0,0.55,34.9,19.02,31.32,0.77,17.2,98.25,,,,221.0,Poor
263852,DL005,2020-05-27 21:00:00,63.0,285.0,0.47,49.2,26.57,31.77,1.08,19.57,72.1,,,,221.0,Poor
263853,DL005,2020-05-27 22:00:00,88.0,345.0,1.6,37.95,21.45,31.95,0.55,18.17,81.9,,,,221.0,Poor
263854,DL005,2020-05-27 23:00:00,62.0,837.0,0.45,15.0,8.35,30.6,0.25,15.7,106.78,,,,221.0,Poor
263855,DL005,2020-05-28 00:00:00,30.0,262.0,,,,,0.23,15.27,112.88,,,,221.0,Poor
263856,DL005,2020-05-28 01:00:00,29.0,146.0,0.4,14.38,7.98,31.12,0.3,17.3,113.2,,,,193.0,Moderate
263857,DL005,2020-05-28 02:00:00,30.0,108.0,0.25,14.25,7.85,30.4,0.3,16.75,112.7,,,,176.0,Moderate
263858,DL005,2020-05-28 03:00:00,24.0,124.0,,,,,0.3,15.6,96.0,,,,175.0,Moderate
263859,DL005,2020-05-28 04:00:00,33.0,197.0,0.4,15.9,8.8,32.6,0.4,15.25,69.3,,,,177.0,Moderate
263860,DL005,2020-05-28 05:00:00,50.0,442.0,0.4,14.35,7.98,30.25,0.4,15.07,64.5,,,,186.0,Moderate
263861,DL005,2020-05-28 06:00:00,36.0,422.0,0.38,14.75,8.15,28.8,0.5,14.78,58.83,,,,194.0,Moderate
263862,DL005,2020-05-28 07:00:00,42.0,333.0,0.5,16.65,9.22,29.75,0.5,14.5,51.38,,,,200.0,Moderate
263863,DL005,2020-05-28 08:00:00,40.0,291.0,0.82,18.4,10.43,31.35,0.5,15.43,50.27,,,,205.0,Poor
263864,DL005,2020-05-28 09:00:00,46.0,282.0,0.77,20.12,11.35,31.65,0.53,15.27,55.77,,,,209.0,Poor
263865,DL005,2020-05-28 10:00:00,46.0,273.0,1.23,23.0,13.25,31.18,0.62,14.75,62.77,,,,212.0,Poor
263866,DL005,2020-05-28 11:00:00,41.0,300.0,1.17,24.38,13.93,31.02,0.65,15.65,80.0,,,,215.0,Poor
263867,DL005,2020-05-28 12:00:00,51.0,414.0,1.02,19.82,11.38,30.25,0.53,14.38,106.8,,,,221.0,Poor
263868,DL005,2020-05-28 13:00:00,46.0,348.0,0.38,17.8,9.65,30.05,0.47,11.78,115.45,,,,226.0,Poor
263869,DL005,2020-05-28 14:00:00,41.0,379.0,0.43,17.45,9.55,30.53,0.45,11.75,126.3,,,,233.0,Poor
263870,DL005,2020-05-28 15:00:00,45.0,357.0,0.53,17.68,9.82,30.57,0.5,12.15,131.68,,112.4,,240.0,Poor
263871,DL005,2020-05-28 16:00:00,44.0,346.0,0.45,17.4,9.62,29.02,0.4,12.45,132.25,,,,247.0,Poor
263872,DL005,2020-05-28 17:00:00,41.0,315.0,0.45,18.05,9.95,27.68,0.4,12.75,134.5,,,,255.0,Poor
263873,DL005,2020-05-28 18:00:00,41.0,295.0,0.2,19.25,10.4,26.35,0.4,14.0,128.55,,,,261.0,Poor
263874,DL005,2020-05-28 19:00:00,41.0,304.0,0.2,20.1,10.8,25.9,0.4,13.3,118.15,,,,267.0,Poor
263875,DL005,2020-05-28 20:00:00,48.0,317.0,0.6,22.98,12.7,25.58,0.43,12.32,85.62,,,,272.0,Poor
263876,DL005,2020-05-28 21:00:00,47.0,259.0,0.68,16.12,9.2,24.45,0.4,12.58,80.15,,,,271.0,Poor
263877,DL005,2020-05-28 22:00:00,46.0,164.0,0.73,15.05,8.53,23.18,0.32,13.43,69.75,,,,263.0,Poor
263878,DL005,2020-05-28 23:00:00,34.0,96.0,3.92,55.9,32.75,22.52,0.3,14.8,39.65,,,,232.0,Poor
263879,DL005,2020-05-29 00:00:00,41.0,70.0,0.9,13.5,7.92,22.4,0.3,13.95,86.4,,,,224.0,Poor
263880,DL005,2020-05-29 01:00:00,23.0,40.0,0.7,14.2,8.15,21.88,0.23,13.57,82.6,,,,220.0,Poor
263881,DL005,2020-05-29 02:00:00,14.0,55.0,0.55,18.75,10.32,21.77,0.3,15.0,80.55,,,,218.0,Poor
263882,DL005,2020-05-29 03:00:00,22.0,44.0,0.5,18.6,10.3,23.3,0.3,10.4,71.43,,,,214.0,Poor
263883,DL005,2020-05-29 04:00:00,20.0,58.0,0.47,17.4,9.62,35.88,0.2,9.52,107.7,,,,208.0,Poor
263884,DL005,2020-05-29 05:00:00,25.0,40.0,0.45,21.75,11.95,,0.1,,92.9,,,,194.0,Moderate
263885,DL005,2020-05-29 06:00:00,25.0,40.0,,,,,,,56.77,,,,184.0,Moderate
263886,DL005,2020-05-29 07:00:00,28.0,51.0,,,,,0.1,,42.82,,,,176.0,Moderate
263887,DL005,2020-05-29 08:00:00,41.0,65.0,,,,,,,39.2,,,,170.0,Moderate
263888,DL005,2020-05-29 09:00:00,45.0,82.0,,,,,,,50.55,,,,164.0,Moderate
263889,DL005,2020-05-29 10:00:00,46.0,99.0,,,,,,,59.17,,,,159.0,Moderate
263890,DL005,2020-05-29 11:00:00,40.0,86.0,,,,,,,66.25,,,,153.0,Moderate
263891,DL005,2020-05-29 12:00:00,40.0,90.0,,,,,,,75.97,,,,144.0,Moderate
263892,DL005,2020-05-29 13:00:00,41.0,91.0,,,,,,,,,,,137.0,Moderate
263893,DL005,2020-05-29 14:00:00,48.0,98.0,,,,,,,,,,,130.0,Moderate
263894,DL005,2020-05-29 15:00:00,38.0,104.0,,,,,,,148.7,,,,172.0,Moderate
263895,DL005,2020-05-29 16:00:00,,,,,,,,,,,,,172.0,Moderate
263896,DL005,2020-05-29 17:00:00,38.0,104.0,0.85,20.6,11.65,19.7,0.7,20.0,20.2,,,,172.0,Moderate
263897,DL005,2020-05-29 18:00:00,,185.0,0.68,23.5,13.05,23.58,1.1,22.0,52.73,,,,172.0,Moderate
263898,DL005,2020-05-29 19:00:00,,93.0,1.2,45.83,25.17,23.43,,22.23,35.97,,137.38,,172.0,Moderate
263899,DL005,2020-05-29 20:00:00,,108.0,0.62,29.12,16.08,22.08,,21.92,56.75,,142.38,,172.0,Moderate
263900,DL005,2020-05-29 21:00:00,,87.0,0.38,18.95,10.38,21.6,1.08,20.95,74.38,,,,172.0,Moderate
263901,DL005,2020-05-29 22:00:00,,48.0,0.38,22.82,12.47,21.48,1.2,19.95,62.55,,,,172.0,Moderate
263902,DL005,2020-05-29 23:00:00,,72.0,0.45,24.32,13.3,21.65,1.3,21.43,52.6,,,,79.0,Satisfactory
263903,DL005,2020-05-30 00:00:00,,64.0,0.28,23.52,12.78,21.5,1.33,21.02,48.6,,,,78.0,Satisfactory
263904,DL005,2020-05-30 01:00:00,,61.0,0.5,21.65,11.95,21.3,1.35,13.9,51.88,,,,79.0,Satisfactory
263905,DL005,2020-05-30 02:00:00,,48.0,0.32,17.02,9.3,21.75,1.35,13.8,84.5,,,,84.0,Satisfactory
263906,DL005,2020-05-30 03:00:00,,37.0,,,,,1.4,11.1,58.8,,,,84.0,Satisfactory
263907,DL005,2020-05-30 04:00:00,,37.0,0.38,20.1,11.0,22.65,1.5,11.95,47.55,,,,84.0,Satisfactory
263908,DL005,2020-05-30 05:00:00,,42.0,0.72,23.77,13.25,22.25,1.6,11.05,32.73,,,,84.0,Satisfactory
263909,DL005,2020-05-30 06:00:00,,47.0,0.53,23.55,12.93,21.62,1.6,10.88,42.67,,,,84.0,Satisfactory
263910,DL005,2020-05-30 07:00:00,,46.0,0.95,22.83,12.93,21.75,1.7,11.4,45.48,,,,85.0,Satisfactory
263911,DL005,2020-05-30 08:00:00,,55.0,1.2,18.55,10.85,21.18,1.7,11.35,60.92,,,,85.0,Satisfactory
263912,DL005,2020-05-30 09:00:00,,60.0,1.9,23.2,13.93,21.32,1.75,12.4,62.5,,,,88.0,Satisfactory
263913,DL005,2020-05-30 10:00:00,,74.0,2.1,24.0,14.5,21.77,1.7,13.28,76.12,,,,88.0,Satisfactory
263914,DL005,2020-05-30 11:00:00,,77.0,1.57,22.95,13.45,22.27,1.7,13.15,103.6,,,,105.0,Moderate
263915,DL005,2020-05-30 12:00:00,,88.0,0.7,19.08,10.7,23.18,,13.17,123.15,,,,134.0,Moderate
263916,DL005,2020-05-30 13:00:00,,82.0,0.53,16.8,9.35,23.68,,12.97,128.0,,,,141.0,Moderate
263917,DL005,2020-05-30 14:00:00,,66.0,0.55,15.78,8.75,23.88,,11.8,130.35,,,,145.0,Moderate
263918,DL005,2020-05-30 15:00:00,,70.0,0.33,15.0,8.23,23.5,,10.07,128.38,,,,145.0,Moderate
263919,DL005,2020-05-30 16:00:00,,66.0,0.78,15.7,8.98,22.7,,10.35,124.62,,,,145.0,Moderate
263920,DL005,2020-05-30 17:00:00,,70.0,0.6,15.5,8.68,23.12,,10.3,124.48,,,,145.0,Moderate
263921,DL005,2020-05-30 18:00:00,,72.0,0.38,16.7,9.07,23.55,0.5,10.43,123.2,,,,145.0,Moderate
263922,DL005,2020-05-30 19:00:00,30.0,81.0,0.25,21.3,11.55,23.73,0.55,10.97,118.62,,,,145.0,Moderate
263923,DL005,2020-05-30 20:00:00,,93.0,0.62,23.6,13.02,22.45,0.62,11.35,100.58,,,,145.0,Moderate
263924,DL005,2020-05-30 21:00:00,,110.0,0.78,20.5,11.55,23.6,0.7,11.48,68.47,,,,145.0,Moderate
263925,DL005,2020-05-30 22:00:00,,125.0,0.4,21.3,11.65,24.8,0.78,12.12,55.88,,,,142.0,Moderate
263926,DL005,2020-05-30 23:00:00,,116.0,0.35,23.77,12.95,25.75,0.72,13.65,50.3,,,,136.0,Moderate
263927,DL005,2020-05-31 00:00:00,,94.0,0.6,19.1,10.65,25.9,0.7,13.4,50.15,,,,136.0,Moderate
263928,DL005,2020-05-31 01:00:00,,81.0,0.57,18.55,10.35,25.9,0.7,13.35,50.92,,,,134.0,Moderate
263929,DL005,2020-05-31 02:00:00,,80.0,0.65,17.15,9.75,26.88,0.65,13.07,61.45,,,,127.0,Moderate
263930,DL005,2020-05-31 03:00:00,,82.0,1.4,20.7,12.2,28.6,0.5,13.7,52.58,,,,101.0,Moderate
263931,DL005,2020-05-31 04:00:00,,66.0,0.55,13.0,7.35,29.95,0.53,11.72,89.47,,,,89.0,Satisfactory
263932,DL005,2020-05-31 05:00:00,,29.0,0.2,16.4,8.9,48.7,0.15,7.45,121.17,,,,131.0,Moderate
263933,DL005,2020-05-31 06:00:00,,,,,,,,,,,,,131.0,Moderate
263934,DL005,2020-05-31 07:00:00,,29.0,,,,,,,,,,,131.0,Moderate
263935,DL005,2020-05-31 08:00:00,,,,,,,,,,,,,131.0,Moderate
263936,DL005,2020-05-31 09:00:00,,,,,,,,,,,,,131.0,Moderate
263937,DL005,2020-05-31 10:00:00,,,,,,,,,,,,,131.0,Moderate
263938,DL005,2020-05-31 11:00:00,,,,,,,,,,,,,131.0,Moderate
263939,DL005,2020-05-31 12:00:00,,,,,,,,,,,,,131.0,Moderate
263940,DL005,2020-05-31 13:00:00,,,,,,,,,,,,,78.0,Satisfactory
263941,DL005,2020-05-31 14:00:00,,,,,,,,,,,,,208.0,Satisfactory
263942,DL005,2020-05-31 15:00:00,,,,,,,,,,,,,208.0,Satisfactory
263943,DL005,2020-05-31 16:00:00,,,,,,,,,,,,,208.0,Satisfactory
263944,DL005,2020-05-31 17:00:00,,,,,,,,,,,,,208.0,Satisfactory
263945,DL005,2020-05-31 18:00:00,,,,,,,,,,,,,208.0,Satisfactory
263946,DL005,2020-05-31 19:00:00,,,,,,,,,,,,,208.0,Satisfactory
263947,DL005,2020-05-31 20:00:00,,,,,,,,,,,,,208.0,Satisfactory
263948,DL005,2020-05-31 21:00:00,,,,,,,,,,,,,208.0,Satisfactory
263949,DL005,2020-05-31 22:00:00,,,,,,,,,,,,,208.0,Satisfactory
263950,DL005,2020-05-31 23:00:00,,,,,,,,,,,,,208.0,Satisfactory
263951,DL005,2020-06-01 00:00:00,,,,,,,,,,,,,208.0,Satisfactory
263952,DL005,2020-06-01 01:00:00,,,,,,,,,,,,,208.0,Satisfactory
263953,DL005,2020-06-01 02:00:00,,,,,,,,,,,,,208.0,Satisfactory
263954,DL005,2020-06-01 03:00:00,,,,,,,,,,,,,208.0,Satisfactory
263955,DL005,2020-06-01 04:00:00,,,,,,,,,,,,,208.0,Satisfactory
263956,DL005,2020-06-01 05:00:00,,,,,,,,,,,,,208.0,Satisfactory
263957,DL005,2020-06-01 06:00:00,,,,,,,,,,,,,208.0,Satisfactory
263958,DL005,2020-06-01 07:00:00,,,,,,,,,,,,,208.0,Satisfactory
263959,DL005,2020-06-01 08:00:00,,,,,,,,,,,,,208.0,Satisfactory
263960,DL005,2020-06-01 09:00:00,,,,,,,,,,,,,208.0,Satisfactory
263961,DL005,2020-06-01 10:00:00,,,,,,,,,,,,,208.0,Satisfactory
263962,DL005,2020-06-01 11:00:00,,,,,,,,,,,,,208.0,Satisfactory
263963,DL005,2020-06-01 12:00:00,,,,,,,,,,,,,208.0,Satisfactory
263964,DL005,2020-06-01 13:00:00,,,,,,,,,,,,,208.0,Satisfactory
263965,DL005,2020-06-01 14:00:00,,,,,,,,,,,,,208.0,Satisfactory
263966,DL005,2020-06-01 15:00:00,,,,,,,,,,,,,208.0,Satisfactory
263967,DL005,2020-06-01 16:00:00,,,0.5,23.1,12.75,20.3,0.48,8.53,81.05,,,,208.0,Satisfactory
263968,DL005,2020-06-01 17:00:00,,99.0,0.55,23.3,12.85,16.95,0.82,8.75,103.05,,,,208.0,Satisfactory
263969,DL005,2020-06-01 18:00:00,,102.25,0.5,22.07,12.1,25.57,1.32,7.85,106.93,,,,208.0,Satisfactory
263970,DL005,2020-06-01 19:00:00,53.0,112.25,0.38,21.77,11.9,26.47,1.38,5.85,86.75,,,,208.0,Satisfactory
263971,DL005,2020-06-01 20:00:00,51.5,114.5,0.33,23.32,12.72,31.92,1.12,6.8,71.88,,112.17,,208.0,Satisfactory
263972,DL005,2020-06-01 21:00:00,51.75,127.5,0.8,31.62,17.45,33.08,1.17,8.15,66.95,,100.7,,208.0,Satisfactory
263973,DL005,2020-06-01 22:00:00,66.5,148.5,0.5,29.3,16.0,34.7,1.27,8.55,62.15,,,,208.0,Satisfactory
263974,DL005,2020-06-01 23:00:00,73.75,144.5,0.95,34.55,19.18,36.23,1.5,7.32,28.55,,,,208.0,Satisfactory
263975,DL005,2020-06-02 00:00:00,87.5,166.75,1.23,35.6,19.9,36.35,1.6,7.1,20.55,,,,208.0,Satisfactory
263976,DL005,2020-06-02 01:00:00,83.5,152.5,1.2,35.27,19.73,36.83,1.7,17.95,26.1,,,,208.0,Satisfactory
263977,DL005,2020-06-02 02:00:00,100.25,164.0,1.38,39.27,21.95,37.48,1.77,18.45,28.15,,,,208.0,Satisfactory
263978,DL005,2020-06-02 03:00:00,101.0,162.75,2.1,35.7,20.7,42.8,1.9,16.2,18.73,,,,208.0,Satisfactory
263979,DL005,2020-06-02 04:00:00,134.25,187.75,1.85,36.1,20.7,39.45,1.95,18.8,10.32,,,,208.0,Satisfactory
263980,DL005,2020-06-02 05:00:00,150.0,221.0,3.12,43.92,25.9,35.42,2.08,19.57,4.15,,,,208.0,Satisfactory
263981,DL005,2020-06-02 06:00:00,139.25,232.5,3.8,45.68,27.38,34.02,2.02,22.12,5.03,,,,208.0,Satisfactory
263982,DL005,2020-06-02 07:00:00,109.25,211.0,1.17,12.9,7.82,32.27,1.7,20.52,47.2,,,,208.0,Satisfactory
263983,DL005,2020-06-02 08:00:00,32.5,64.5,0.53,15.4,8.6,30.52,1.75,16.55,64.05,,,,134.0,Moderate
263984,DL005,2020-06-02 09:00:00,26.5,50.5,0.92,20.4,11.62,30.38,1.83,16.62,66.12,,,,130.0,Moderate
263985,DL005,2020-06-02 10:00:00,30.0,56.25,1.38,17.15,10.25,30.92,1.9,16.35,70.3,,,,169.0,Moderate
263986,DL005,2020-06-02 11:00:00,27.25,54.25,1.45,21.43,12.57,31.6,1.95,15.3,94.17,,,,158.0,Moderate
263987,DL005,2020-06-02 12:00:00,31.0,71.5,1.15,25.12,14.32,32.92,2.08,14.93,137.32,,,,155.0,Moderate
263988,DL005,2020-06-02 13:00:00,40.25,96.0,0.6,21.7,12.08,33.65,2.05,14.47,143.93,,,,165.0,Moderate
263989,DL005,2020-06-02 14:00:00,39.5,95.75,0.8,18.82,10.68,33.4,2.0,13.9,121.17,,,,165.0,Moderate
263990,DL005,2020-06-02 15:00:00,35.25,79.25,0.85,18.33,10.45,33.53,2.0,14.58,120.9,,,,165.0,Moderate
263991,DL005,2020-06-02 16:00:00,36.5,85.0,0.9,18.23,10.43,33.48,0.3,14.77,116.75,,,,165.0,Moderate
263992,DL005,2020-06-02 17:00:00,38.5,82.25,0.82,19.62,11.12,32.65,0.32,14.6,116.1,,,,165.0,Moderate
263993,DL005,2020-06-02 18:00:00,39.5,87.0,0.78,19.15,10.82,31.25,0.4,14.7,117.9,,,,165.0,Moderate
263994,DL005,2020-06-02 19:00:00,39.0,104.25,0.62,20.05,11.15,30.4,0.5,14.7,103.7,,,,165.0,Moderate
263995,DL005,2020-06-02 20:00:00,41.0,124.25,0.67,20.3,11.33,29.92,0.5,14.25,91.33,,,,165.0,Moderate
263996,DL005,2020-06-02 21:00:00,40.25,136.25,0.62,22.57,12.55,28.75,0.6,14.95,81.85,,103.5,,131.0,Moderate
263997,DL005,2020-06-02 22:00:00,45.0,132.0,0.7,23.48,13.07,28.6,0.6,14.57,75.12,,,,131.0,Moderate
263998,DL005,2020-06-02 23:00:00,39.75,125.5,0.42,32.8,17.82,28.35,0.7,13.8,50.48,,,,126.0,Moderate
263999,DL005,2020-06-03 00:00:00,44.75,124.0,0.77,34.82,19.15,27.58,0.72,13.38,37.77,,,,126.0,Moderate
264000,DL005,2020-06-03 01:00:00,54.25,127.25,1.02,30.18,16.88,27.55,0.8,13.88,23.45,,,,126.0,Moderate
264001,DL005,2020-06-03 02:00:00,66.0,152.25,0.68,25.73,14.22,27.18,0.8,17.75,45.55,,,,113.0,Moderate
264002,DL005,2020-06-03 03:00:00,85.0,182.5,0.6,25.2,14.0,30.6,0.7,19.7,43.67,,,,113.0,Moderate
264003,DL005,2020-06-03 04:00:00,70.5,135.75,0.75,26.85,14.95,30.0,0.78,21.75,38.52,,,,112.0,Moderate
264004,DL005,2020-06-03 05:00:00,72.0,137.0,0.88,29.67,16.5,27.65,0.85,20.25,29.62,,,,110.0,Moderate
264005,DL005,2020-06-03 06:00:00,75.25,148.5,0.95,30.58,17.02,25.88,0.97,17.98,18.07,,,,107.0,Moderate
264006,DL005,2020-06-03 07:00:00,90.25,170.25,2.42,31.62,18.8,26.02,1.17,19.88,15.15,,,,106.0,Moderate
264007,DL005,2020-06-03 08:00:00,105.0,186.0,2.82,28.85,17.68,27.58,1.17,28.2,34.67,,,,110.0,Moderate
264008,DL005,2020-06-03 09:00:00,93.0,177.25,2.4,28.8,17.3,28.45,1.02,28.85,76.38,,,,113.0,Moderate
264009,DL005,2020-06-03 10:00:00,62.25,144.25,1.27,21.73,12.62,29.23,0.9,23.95,114.42,,,,121.0,Moderate
264010,DL005,2020-06-03 11:00:00,47.25,120.5,0.72,18.9,10.62,29.3,0.83,20.73,133.43,,,,149.0,Moderate
264011,DL005,2020-06-03 12:00:00,41.0,117.5,0.52,20.58,11.38,29.62,0.9,20.58,149.17,,,,172.0,Moderate
264012,DL005,2020-06-03 13:00:00,53.5,135.25,0.8,20.0,11.28,29.67,0.9,19.92,140.95,,,,172.0,Moderate
264013,DL005,2020-06-03 14:00:00,46.5,117.75,0.82,17.57,10.03,29.27,0.9,19.67,152.78,,,,178.0,Moderate
264014,DL005,2020-06-03 15:00:00,43.5,101.0,0.75,16.25,9.22,28.8,0.8,17.27,131.25,,,,178.0,Moderate
264015,DL005,2020-06-03 16:00:00,31.25,86.0,0.57,19.2,10.73,28.27,0.2,15.97,128.52,,,,178.0,Moderate
264016,DL005,2020-06-03 17:00:00,35.0,103.5,0.78,19.45,11.0,28.23,0.25,17.6,127.2,,,,178.0,Moderate
264017,DL005,2020-06-03 18:00:00,35.25,102.25,0.55,17.58,9.8,28.1,0.3,17.3,124.45,,,,178.0,Moderate
264018,DL005,2020-06-03 19:00:00,34.75,105.75,0.35,20.02,10.9,27.23,0.3,14.25,112.93,,135.1,,178.0,Moderate
264019,DL005,2020-06-03 20:00:00,31.5,115.5,0.55,23.18,12.78,26.62,0.38,16.1,94.08,,151.57,,178.0,Moderate
264020,DL005,2020-06-03 21:00:00,36.25,125.5,0.62,36.5,19.93,25.9,0.57,17.67,67.88,,135.78,,178.0,Moderate
264021,DL005,2020-06-03 22:00:00,53.75,162.5,0.6,38.07,20.73,26.45,0.85,20.07,44.27,,,,146.0,Moderate
264022,DL005,2020-06-03 23:00:00,75.25,220.5,1.18,55.88,30.67,26.0,1.05,17.45,12.65,,,,142.0,Moderate
264023,DL005,2020-06-04 00:00:00,72.25,210.0,5.58,59.35,36.1,26.25,0.97,17.05,9.7,,,,140.0,Moderate
264024,DL005,2020-06-04 01:00:00,83.25,206.5,1.23,50.0,27.65,25.9,0.83,15.7,15.2,,,,136.0,Moderate
264025,DL005,2020-06-04 02:00:00,107.25,213.0,0.75,38.45,21.05,25.85,0.85,29.95,26.55,,,,131.0,Moderate
264026,DL005,2020-06-04 03:00:00,145.25,269.0,2.8,44.2,25.8,31.8,0.9,25.9,5.28,,,,134.0,Moderate
264027,DL005,2020-06-04 04:00:00,155.0,279.25,2.6,40.45,23.62,30.38,0.9,29.95,2.6,,,,138.0,Moderate
264028,DL005,2020-06-04 05:00:00,166.25,289.25,1.1,36.9,20.5,28.75,1.02,40.17,6.25,,,,142.0,Moderate
264029,DL005,2020-06-04 06:00:00,215.75,350.25,3.4,39.75,23.92,27.77,1.12,37.85,3.85,,,,158.0,Moderate
264030,DL005,2020-06-04 07:00:00,185.25,328.0,29.63,53.38,52.52,27.68,1.48,33.93,4.25,,,,172.0,Moderate
264031,DL005,2020-06-04 08:00:00,182.75,348.5,9.42,48.85,33.6,28.18,1.38,35.23,23.25,,112.0,,182.0,Moderate
264032,DL005,2020-06-04 09:00:00,135.0,280.5,2.85,39.58,23.38,28.97,1.15,29.65,62.83,,102.65,,188.0,Moderate
264033,DL005,2020-06-04 10:00:00,100.0,234.25,1.65,23.58,13.88,30.05,1.0,27.48,87.6,,,,193.0,Moderate
264034,DL005,2020-06-04 11:00:00,97.0,214.0,1.25,23.77,13.68,30.27,1.05,26.77,119.03,,,,200.0,Moderate
264035,DL005,2020-06-04 12:00:00,96.25,218.75,0.98,21.1,12.03,29.92,0.93,19.17,128.12,,,,208.0,Poor
264036,DL005,2020-06-04 13:00:00,66.75,180.25,0.62,19.45,10.9,29.33,0.9,16.05,140.6,,,,210.0,Poor
264037,DL005,2020-06-04 14:00:00,67.5,188.5,0.9,20.85,11.83,29.2,0.9,15.1,141.25,,,,213.0,Poor
264038,DL005,2020-06-04 15:00:00,69.75,198.0,0.75,22.4,12.53,28.58,0.9,16.93,119.8,,,,216.0,Poor
264039,DL005,2020-06-04 16:00:00,63.75,187.5,1.1,27.27,15.4,28.05,0.5,22.73,116.27,,173.1,,221.0,Poor
264040,DL005,2020-06-04 17:00:00,59.75,191.5,0.75,24.95,13.9,27.33,0.38,15.08,106.67,,115.1,,224.0,Poor
264041,DL005,2020-06-04 18:00:00,42.25,163.75,0.62,21.9,12.15,26.3,0.45,9.23,76.85,,111.25,,225.0,Poor
264042,DL005,2020-06-04 19:00:00,41.75,77.5,0.83,27.45,15.23,25.18,0.4,7.53,70.67,,,,226.0,Poor
264043,DL005,2020-06-04 20:00:00,32.0,61.5,0.75,31.27,17.2,24.57,0.5,7.65,58.38,,,,226.0,Poor
264044,DL005,2020-06-04 21:00:00,46.5,86.5,1.12,31.2,17.53,24.9,0.6,7.75,56.22,,,,228.0,Poor
264045,DL005,2020-06-04 22:00:00,62.5,103.5,0.88,39.25,21.6,24.85,0.83,8.32,36.83,,,,229.0,Poor
264046,DL005,2020-06-04 23:00:00,61.25,109.0,0.98,42.92,23.6,24.52,0.8,7.8,30.9,,,,227.0,Poor
264047,DL005,2020-06-05 00:00:00,63.75,123.75,0.85,27.67,15.4,24.6,0.6,9.9,51.5,,,,226.0,Poor
264048,DL005,2020-06-05 01:00:00,64.75,128.5,0.85,21.82,12.28,24.45,0.55,17.02,56.4,,,,223.0,Poor
264049,DL005,2020-06-05 02:00:00,48.75,113.0,0.42,16.83,9.3,23.45,0.5,16.98,71.85,,,,215.0,Poor
264050,DL005,2020-06-05 03:00:00,41.0,97.5,1.3,21.7,12.6,26.3,0.5,14.2,55.92,,,,201.0,Poor
264051,DL005,2020-06-05 04:00:00,50.5,100.5,0.68,20.97,11.7,26.07,0.53,16.15,40.72,,,,186.0,Moderate
264052,DL005,2020-06-05 05:00:00,64.0,117.0,0.45,24.55,13.4,25.23,0.67,17.18,22.23,,,,172.0,Moderate
264053,DL005,2020-06-05 06:00:00,74.25,127.5,1.1,25.92,14.7,24.38,0.7,18.48,13.02,,,,152.0,Moderate
264054,DL005,2020-06-05 07:00:00,77.25,130.5,1.85,28.15,16.48,24.18,0.78,15.85,9.4,,,,138.0,Moderate
264055,DL005,2020-06-05 08:00:00,76.5,130.25,3.47,29.4,18.47,24.2,0.83,14.8,10.65,,,,132.0,Moderate
264056,DL005,2020-06-05 09:00:00,74.5,130.5,3.55,28.83,18.23,24.75,0.72,18.0,37.8,,,,128.0,Moderate
264057,DL005,2020-06-05 10:00:00,50.25,90.25,1.65,25.1,14.7,24.35,0.62,17.52,76.35,,,,124.0,Moderate
264058,DL005,2020-06-05 11:00:00,36.5,82.25,1.23,21.1,12.23,25.52,0.6,15.72,99.58,,,,120.0,Moderate
264059,DL005,2020-06-05 12:00:00,38.5,80.0,0.6,18.2,10.2,26.02,0.55,15.88,109.8,,,,117.0,Moderate
264060,DL005,2020-06-05 13:00:00,40.25,74.75,0.55,18.52,10.3,25.6,0.6,16.0,131.5,,,,146.0,Moderate
264061,DL005,2020-06-05 14:00:00,39.75,83.0,0.47,18.35,10.12,25.93,0.55,15.35,143.25,,,,164.0,Moderate
264062,DL005,2020-06-05 15:00:00,37.0,76.25,0.7,18.2,10.28,26.12,0.6,16.05,154.2,,,,180.0,Moderate
264063,DL005,2020-06-05 16:00:00,39.0,84.0,0.73,20.52,11.52,25.97,0.32,15.45,135.0,,,,180.0,Moderate
264064,DL005,2020-06-05 17:00:00,33.75,80.0,0.75,28.45,15.78,25.0,0.33,13.67,77.55,,,,180.0,Moderate
264065,DL005,2020-06-05 18:00:00,30.75,60.75,0.85,24.83,13.9,24.4,0.32,13.78,90.47,,,,180.0,Moderate
264066,DL005,2020-06-05 19:00:00,43.0,71.25,1.05,30.77,17.22,24.3,0.5,13.97,79.15,,,,180.0,Moderate
264067,DL005,2020-06-05 20:00:00,45.75,97.0,0.83,44.85,24.55,23.65,0.75,14.07,48.97,,102.3,,180.0,Moderate
264068,DL005,2020-06-05 21:00:00,48.25,139.25,1.05,52.08,28.52,23.62,0.88,14.78,29.93,,,,180.0,Moderate
264069,DL005,2020-06-05 22:00:00,61.75,184.0,1.3,55.98,30.78,24.08,0.88,14.78,23.17,,,,180.0,Moderate
264070,DL005,2020-06-05 23:00:00,78.25,206.75,0.97,46.08,25.32,24.38,0.8,15.92,20.83,,105.8,,151.0,Moderate
264071,DL005,2020-06-06 00:00:00,91.5,196.5,1.33,38.97,21.8,24.52,0.8,17.2,30.05,,,,108.0,Moderate
264072,DL005,2020-06-06 01:00:00,77.5,158.0,0.75,21.85,12.22,24.18,0.5,15.18,48.02,,,,109.0,Moderate
264073,DL005,2020-06-06 02:00:00,55.5,95.75,0.72,20.7,11.6,23.1,0.5,14.43,54.8,,,,108.0,Moderate
264074,DL005,2020-06-06 03:00:00,46.0,78.0,2.1,22.9,13.9,25.8,0.4,13.8,43.4,,,,108.0,Moderate
264075,DL005,2020-06-06 04:00:00,38.75,70.25,0.8,22.08,12.43,25.73,0.4,13.7,41.55,,,,107.0,Moderate
264076,DL005,2020-06-06 05:00:00,34.5,61.75,0.68,20.18,11.25,24.43,0.4,13.38,36.65,,,,105.0,Moderate
264077,DL005,2020-06-06 06:00:00,32.25,55.25,0.68,20.85,11.62,22.85,0.43,12.82,35.17,,,,103.0,Moderate
264078,DL005,2020-06-06 07:00:00,33.75,66.75,1.32,24.2,13.93,23.15,0.53,13.43,30.77,,,,101.0,Moderate
264079,DL005,2020-06-06 08:00:00,49.25,83.5,2.35,26.8,16.15,23.02,0.65,14.45,22.42,,,,100.0,Satisfactory
264080,DL005,2020-06-06 09:00:00,57.0,119.75,2.15,25.07,15.12,23.7,0.6,16.02,45.65,,,,100.0,Satisfactory
264081,DL005,2020-06-06 10:00:00,41.25,115.5,2.38,25.7,15.62,24.43,0.6,15.65,71.8,,,,101.0,Moderate
264082,DL005,2020-06-06 11:00:00,39.5,88.25,1.65,24.95,14.57,24.8,0.6,15.0,103.83,,,,106.0,Moderate
264083,DL005,2020-06-06 12:00:00,41.75,92.25,0.98,22.45,12.72,25.32,0.6,14.8,134.1,,,,150.0,Moderate
264084,DL005,2020-06-06 13:00:00,44.75,97.25,1.15,23.77,13.6,25.07,0.6,15.12,153.32,,,,178.0,Moderate
264085,DL005,2020-06-06 14:00:00,46.75,116.25,0.88,22.75,12.8,25.1,0.7,15.0,170.5,,,,206.0,Poor
264086,DL005,2020-06-06 15:00:00,48.5,139.75,2.83,30.23,17.7,25.18,0.7,15.8,163.7,,,,206.0,Poor
264087,DL005,2020-06-06 16:00:00,55.75,150.0,0.6,20.1,11.15,25.45,0.4,15.48,172.95,,,,212.0,Poor
264088,DL005,2020-06-06 17:00:00,55.25,142.0,1.15,25.82,14.65,25.12,0.47,15.55,171.18,,,,212.0,Poor
264089,DL005,2020-06-06 18:00:00,54.5,152.0,1.18,25.0,14.23,24.2,0.5,14.53,171.57,,,,212.0,Poor
264090,DL005,2020-06-06 19:00:00,50.5,152.75,1.65,32.0,18.52,23.73,0.53,14.52,141.55,,,,212.0,Poor
264091,DL005,2020-06-06 20:00:00,55.5,184.5,1.17,33.08,18.55,22.95,0.72,15.43,106.12,,,,212.0,Poor
264092,DL005,2020-06-06 21:00:00,66.75,216.0,0.7,33.17,18.2,23.2,0.72,15.78,82.82,,,,212.0,Poor
264093,DL005,2020-06-06 22:00:00,71.0,202.25,0.5,30.32,16.55,23.23,0.7,15.68,72.2,,,,212.0,Poor
264094,DL005,2020-06-06 23:00:00,80.25,190.75,0.35,29.55,16.0,23.0,0.78,19.15,56.02,,,,212.0,Poor
264095,DL005,2020-06-07 00:00:00,93.0,199.75,0.9,30.35,16.9,23.33,0.83,22.05,38.15,,,,209.0,Poor
264096,DL005,2020-06-07 01:00:00,103.5,205.0,1.18,35.58,19.85,23.9,0.9,23.35,50.6,,,,209.0,Poor
264097,DL005,2020-06-07 02:00:00,109.25,216.75,1.42,42.05,23.5,23.2,0.95,25.42,45.55,,,,161.0,Moderate
264098,DL005,2020-06-07 03:00:00,115.25,226.75,5.1,49.2,30.3,26.8,0.9,19.2,31.15,,,,126.0,Moderate
264099,DL005,2020-06-07 04:00:00,117.25,221.0,3.98,44.52,26.95,25.25,0.88,19.93,30.62,,,,130.0,Moderate
264100,DL005,2020-06-07 05:00:00,93.75,172.0,1.82,35.73,20.48,24.77,0.72,19.42,24.38,,,,134.0,Moderate
264101,DL005,2020-06-07 06:00:00,62.0,117.0,1.02,24.82,14.03,23.48,0.6,17.53,44.4,,,,135.0,Moderate
264102,DL005,2020-06-07 07:00:00,46.0,89.5,0.88,17.9,10.53,22.55,0.55,15.38,59.42,,,,136.0,Moderate
264103,DL005,2020-06-07 08:00:00,31.75,64.5,0.98,20.15,11.52,22.1,0.45,14.42,64.98,,,,135.0,Moderate
264104,DL005,2020-06-07 09:00:00,23.5,52.25,1.4,23.6,13.72,22.12,0.5,14.18,74.8,,,,133.0,Moderate
264105,DL005,2020-06-07 10:00:00,24.25,95.75,0.97,23.98,13.5,22.32,0.55,14.12,88.8,,,,133.0,Moderate
264106,DL005,2020-06-07 11:00:00,46.75,178.75,0.88,21.15,11.98,23.98,0.65,16.52,65.78,,,,135.0,Moderate
264107,DL005,2020-06-07 12:00:00,63.25,140.25,1.7,24.38,14.35,24.05,0.7,15.55,62.48,,106.0,,137.0,Moderate
264108,DL005,2020-06-07 13:00:00,51.75,109.25,1.8,21.95,13.15,24.02,0.7,19.12,83.5,,,,137.0,Moderate
264109,DL005,2020-06-07 14:00:00,49.5,108.75,1.12,19.88,11.5,24.22,0.6,17.5,106.78,,,,137.0,Moderate
264110,DL005,2020-06-07 15:00:00,42.0,90.75,0.85,18.3,10.42,23.58,0.5,15.55,115.92,,,,136.0,Moderate
264111,DL005,2020-06-07 16:00:00,32.5,74.75,0.7,18.38,10.35,22.73,0.3,14.8,115.95,,,,133.0,Moderate
264112,DL005,2020-06-07 17:00:00,29.25,76.0,0.9,19.12,10.9,22.9,0.3,15.75,119.25,,,,132.0,Moderate
264113,DL005,2020-06-07 18:00:00,23.75,77.75,0.35,18.72,10.27,22.92,0.3,15.12,109.7,,,,130.0,Moderate
264114,DL005,2020-06-07 19:00:00,22.75,69.0,0.53,18.98,10.47,22.3,0.3,14.32,104.02,,,,128.0,Moderate
264115,DL005,2020-06-07 20:00:00,23.75,86.25,0.75,22.43,12.55,21.8,0.4,15.5,94.3,,105.4,,128.0,Moderate
264116,DL005,2020-06-07 21:00:00,31.25,102.5,1.0,24.93,14.07,21.77,0.5,16.3,80.47,,117.45,,128.0,Moderate
264117,DL005,2020-06-07 22:00:00,38.25,101.5,0.65,22.92,12.75,21.85,0.5,15.72,72.57,,,,128.0,Moderate
264118,DL005,2020-06-07 23:00:00,41.0,98.75,0.93,30.2,16.8,21.68,0.57,15.6,37.3,,,,128.0,Moderate
264119,DL005,2020-06-08 00:00:00,46.75,109.25,1.15,28.45,16.1,21.77,0.57,15.45,28.5,,,,128.0,Moderate
264120,DL005,2020-06-08 01:00:00,48.5,103.5,1.05,31.43,17.57,21.67,0.6,14.53,14.78,,,,114.0,Moderate
264121,DL005,2020-06-08 02:00:00,54.5,120.0,1.2,40.22,22.4,21.12,,14.0,15.7,,,,108.0,Moderate
264122,DL005,2020-06-08 03:00:00,51.25,122.25,2.1,35.7,20.7,24.7,,13.0,8.75,,,,105.0,Moderate
264123,DL005,2020-06-08 04:00:00,55.0,129.25,2.3,41.9,24.15,24.38,,14.1,24.85,,,,102.0,Moderate
264124,DL005,2020-06-08 05:00:00,61.0,131.75,1.05,31.32,17.52,23.6,,16.57,17.9,,,,101.0,Moderate
264125,DL005,2020-06-08 06:00:00,80.5,141.75,1.05,27.35,15.4,22.95,,21.53,19.15,,,,102.0,Moderate
264126,DL005,2020-06-08 07:00:00,87.75,159.75,1.27,24.88,14.22,23.05,,28.58,32.12,,,,104.0,Moderate
264127,DL005,2020-06-08 08:00:00,90.5,163.75,1.8,23.15,13.77,22.9,,32.95,38.22,,,,107.0,Moderate
264128,DL005,2020-06-08 09:00:00,74.0,142.75,1.67,22.07,13.12,23.6,,30.55,63.67,,,,109.0,Moderate
264129,DL005,2020-06-08 10:00:00,70.75,142.75,1.1,20.23,11.68,24.07,,25.73,90.47,,,,111.0,Moderate
264130,DL005,2020-06-08 11:00:00,59.5,131.5,0.85,19.55,11.07,23.73,,23.38,114.78,,,,122.0,Moderate
264131,DL005,2020-06-08 12:00:00,53.75,134.75,0.68,19.05,10.7,22.83,0.42,21.48,125.97,,,,138.0,Moderate
264132,DL005,2020-06-08 13:00:00,47.25,174.0,0.73,17.0,9.57,22.88,0.3,18.38,118.5,,,,138.0,Moderate
264133,DL005,2020-06-08 14:00:00,39.0,136.5,1.0,17.07,9.88,23.38,0.35,16.6,115.95,,,,138.0,Moderate
264134,DL005,2020-06-08 15:00:00,39.0,126.25,0.7,16.8,9.47,23.95,0.3,15.5,110.9,,,,138.0,Moderate
264135,DL005,2020-06-08 16:00:00,37.75,133.75,0.88,16.57,9.52,24.05,0.3,14.9,115.5,,,,138.0,Moderate
264136,DL005,2020-06-08 17:00:00,35.75,131.0,0.43,17.4,9.58,24.4,0.3,14.55,116.7,,,,138.0,Moderate
264137,DL005,2020-06-08 18:00:00,41.0,145.0,0.7,17.45,9.82,24.9,0.3,14.15,126.47,,,,139.0,Moderate
264138,DL005,2020-06-08 19:00:00,41.0,151.0,0.52,19.62,10.85,25.8,0.35,13.62,130.0,,,,144.0,Moderate
264139,DL005,2020-06-08 20:00:00,42.5,149.75,0.65,22.7,12.62,25.08,0.43,14.62,113.55,,126.65,,144.0,Moderate
264140,DL005,2020-06-08 21:00:00,51.75,160.25,0.65,31.38,17.25,25.43,0.62,17.77,105.28,,138.15,,144.0,Moderate
264141,DL005,2020-06-08 22:00:00,68.0,210.25,0.7,35.97,19.7,25.62,0.7,19.55,79.05,,104.9,,144.0,Moderate
264142,DL005,2020-06-08 23:00:00,73.75,220.5,0.78,34.95,19.23,25.57,0.65,20.55,58.22,,,,144.0,Moderate
264143,DL005,2020-06-09 00:00:00,74.25,182.25,0.8,31.68,17.48,25.25,0.7,21.73,38.23,,,,144.0,Moderate
264144,DL005,2020-06-09 01:00:00,79.25,172.5,0.95,29.98,16.73,25.1,0.7,22.4,32.8,,,,144.0,Moderate
264145,DL005,2020-06-09 02:00:00,82.5,172.75,1.07,29.88,16.75,25.0,0.67,21.8,34.45,,,,144.0,Moderate
264146,DL005,2020-06-09 03:00:00,83.0,161.5,1.5,36.1,20.4,27.8,0.5,16.8,25.35,,,,136.0,Moderate
264147,DL005,2020-06-09 04:00:00,88.0,168.25,1.43,37.83,21.27,27.6,0.6,18.73,11.57,,,,137.0,Moderate
264148,DL005,2020-06-09 05:00:00,93.5,191.0,4.4,45.18,27.6,26.12,0.72,17.8,0.7,,,,139.0,Moderate
264149,DL005,2020-06-09 06:00:00,115.0,245.25,6.68,53.9,34.52,25.55,0.88,16.48,3.97,,,,142.0,Moderate
264150,DL005,2020-06-09 07:00:00,110.25,275.0,11.97,49.47,36.12,25.52,1.02,16.1,5.5,,,,145.0,Moderate
264151,DL005,2020-06-09 08:00:00,126.0,284.0,7.15,45.62,30.05,25.95,0.95,19.58,18.43,,,,148.0,Moderate
264152,DL005,2020-06-09 09:00:00,106.5,213.25,3.67,47.42,28.18,26.77,0.9,23.62,51.55,,,,150.0,Moderate
264153,DL005,2020-06-09 10:00:00,90.75,202.5,1.9,30.45,17.75,26.17,0.57,23.48,100.55,,,,152.0,Moderate
264154,DL005,2020-06-09 11:00:00,54.5,156.0,0.82,20.4,11.5,25.75,0.5,18.6,135.02,,,,153.0,Moderate
264155,DL005,2020-06-09 12:00:00,48.25,150.25,0.78,19.38,10.95,25.75,0.45,17.98,127.28,,,,153.0,Moderate
264156,DL005,2020-06-09 13:00:00,50.25,161.5,0.67,16.32,9.15,25.65,0.35,15.35,115.05,,,,153.0,Moderate
264157,DL005,2020-06-09 14:00:00,45.25,171.5,0.9,16.38,9.45,25.7,0.32,15.03,115.07,,,,154.0,Moderate
264158,DL005,2020-06-09 15:00:00,44.25,190.5,0.93,17.0,9.75,25.5,0.3,14.12,108.3,,,,156.0,Moderate
264159,DL005,2020-06-09 16:00:00,41.0,189.0,0.5,17.08,9.48,25.23,0.3,13.35,126.8,,,,157.0,Moderate
264160,DL005,2020-06-09 17:00:00,46.25,160.75,0.73,16.83,9.5,25.67,0.3,13.22,137.78,,,,158.0,Moderate
264161,DL005,2020-06-09 18:00:00,43.25,157.0,0.55,18.3,10.2,25.4,0.38,12.85,146.15,,115.1,,168.0,Moderate
264162,DL005,2020-06-09 19:00:00,50.25,168.5,0.47,22.05,12.1,25.05,0.53,15.75,153.9,,105.7,,179.0,Moderate
264163,DL005,2020-06-09 20:00:00,76.0,222.75,0.43,30.97,16.85,24.23,0.65,18.4,102.25,,128.8,,179.0,Moderate
264164,DL005,2020-06-09 21:00:00,65.5,275.0,0.53,37.6,20.43,23.65,0.7,16.4,59.95,,127.8,,179.0,Moderate
264165,DL005,2020-06-09 22:00:00,55.0,247.75,0.78,46.4,25.33,23.43,0.8,15.18,38.25,,,,179.0,Moderate
264166,DL005,2020-06-09 23:00:00,66.25,229.75,0.93,52.52,28.7,23.75,0.88,15.45,15.7,,,,179.0,Moderate
264167,DL005,2020-06-10 00:00:00,73.0,232.0,1.88,50.0,28.15,24.0,1.0,14.78,11.32,,,,179.0,Moderate
264168,DL005,2020-06-10 01:00:00,97.0,230.0,3.6,52.33,30.8,23.9,0.98,15.23,7.05,,,,179.0,Moderate
264169,DL005,2020-06-10 02:00:00,83.0,225.0,1.8,43.05,24.38,23.6,0.8,18.6,19.7,,,,179.0,Moderate
264170,DL005,2020-06-10 03:00:00,95.0,193.0,2.9,56.7,32.5,24.1,0.8,19.0,11.07,,,,171.0,Moderate
264171,DL005,2020-06-10 04:00:00,95.0,202.0,2.2,43.27,24.85,25.73,0.85,23.27,7.83,,,,171.0,Moderate
264172,DL005,2020-06-10 05:00:00,108.0,210.0,4.25,56.5,34.2,24.93,0.9,23.18,2.8,,,,172.0,Moderate
264173,DL005,2020-06-10 06:00:00,83.0,210.0,5.25,50.75,31.23,23.75,0.75,21.45,2.62,,,,171.0,Moderate
264174,DL005,2020-06-10 07:00:00,56.0,157.0,20.98,50.75,44.02,23.95,0.8,21.23,4.25,,,,168.0,Moderate
264175,DL005,2020-06-10 08:00:00,66.0,214.0,10.55,47.2,33.8,24.2,0.88,23.73,13.12,,,,166.0,Moderate
264176,DL005,2020-06-10 09:00:00,94.0,202.0,3.72,34.5,21.38,24.38,0.67,28.05,33.8,,,,165.0,Moderate
264177,DL005,2020-06-10 10:00:00,100.0,182.0,1.6,27.92,16.18,23.7,0.57,25.62,82.5,,,,165.0,Moderate
264178,DL005,2020-06-10 11:00:00,57.0,159.0,0.82,21.55,12.1,23.65,0.5,22.42,118.05,,,,165.0,Moderate
264179,DL005,2020-06-10 12:00:00,55.0,165.0,0.73,18.62,10.52,23.6,0.47,19.7,133.75,,,,165.0,Moderate
264180,DL005,2020-06-10 13:00:00,45.0,169.0,0.88,16.1,9.28,23.77,0.35,17.45,113.67,,,,166.0,Moderate
264181,DL005,2020-06-10 14:00:00,39.0,137.0,0.78,15.38,8.82,24.02,0.3,15.12,110.57,,,,165.0,Moderate
264182,DL005,2020-06-10 15:00:00,38.0,179.0,0.85,15.25,8.8,23.6,0.3,15.38,112.25,,,,164.0,Moderate
264183,DL005,2020-06-10 16:00:00,31.0,145.0,0.42,14.95,8.3,23.55,0.25,15.15,110.8,,,,163.0,Moderate
264184,DL005,2020-06-10 17:00:00,35.0,157.0,0.7,16.5,9.3,23.1,0.3,14.8,115.42,,,,163.0,Moderate
264185,DL005,2020-06-10 18:00:00,67.0,,0.55,20.45,11.3,23.67,0.3,14.4,114.03,,,,164.0,Moderate
264186,DL005,2020-06-10 19:00:00,42.0,466.0,0.55,20.98,11.57,23.18,0.32,14.12,80.15,,,,173.0,Moderate
264187,DL005,2020-06-10 20:00:00,40.0,251.0,0.9,25.07,14.07,21.98,0.45,14.22,63.38,,,,174.0,Moderate
264188,DL005,2020-06-10 21:00:00,34.0,108.0,0.85,35.4,19.5,21.65,0.57,14.05,46.9,,,,169.0,Moderate
264189,DL005,2020-06-10 22:00:00,39.0,115.0,0.85,40.78,22.35,21.93,0.7,14.15,22.2,,,,165.0,Moderate
264190,DL005,2020-06-10 23:00:00,51.0,156.0,0.98,39.15,21.6,22.23,0.68,14.0,17.93,,,,163.0,Moderate
264191,DL005,2020-06-11 00:00:00,59.0,135.0,0.65,31.3,17.18,23.12,0.65,18.12,25.32,,,,160.0,Moderate
264192,DL005,2020-06-11 01:00:00,99.0,174.0,0.8,24.98,13.93,22.45,0.5,18.85,30.25,,,,158.0,Moderate
264193,DL005,2020-06-11 02:00:00,47.0,121.0,0.85,23.2,12.98,21.23,0.4,16.15,34.35,,,,155.0,Moderate
264194,DL005,2020-06-11 03:00:00,36.0,96.0,1.7,31.8,18.3,23.4,0.4,13.8,13.2,,,,152.0,Moderate
264195,DL005,2020-06-11 04:00:00,47.0,143.0,1.38,29.67,16.93,23.02,0.43,13.47,7.53,,,,151.0,Moderate
264196,DL005,2020-06-11 05:00:00,46.0,119.0,2.22,37.5,21.77,23.1,0.47,13.38,4.35,,,,148.0,Moderate
264197,DL005,2020-06-11 06:00:00,48.0,129.0,6.9,40.73,27.25,22.68,0.6,14.05,2.75,,,,146.0,Moderate
264198,DL005,2020-06-11 07:00:00,57.0,137.0,7.73,37.3,26.15,22.55,0.75,17.25,5.3,,109.0,,145.0,Moderate
264199,DL005,2020-06-11 08:00:00,100.0,234.0,2.42,25.2,15.35,23.33,0.65,29.55,23.6,,,,146.0,Moderate
264200,DL005,2020-06-11 09:00:00,72.0,184.0,1.75,22.05,13.18,23.07,0.53,24.3,46.65,,,,145.0,Moderate
264201,DL005,2020-06-11 10:00:00,51.0,134.0,1.52,19.98,11.88,22.2,0.4,19.47,65.23,,,,144.0,Moderate
264202,DL005,2020-06-11 11:00:00,44.0,125.0,0.95,16.85,9.75,21.97,0.32,16.55,78.6,,,,143.0,Moderate
264203,DL005,2020-06-11 12:00:00,34.0,134.0,0.93,15.58,9.05,22.25,0.3,16.12,88.9,,,,142.0,Moderate
264204,DL005,2020-06-11 13:00:00,44.0,132.0,0.7,15.32,8.72,22.75,0.3,16.27,100.3,,,,141.0,Moderate
264205,DL005,2020-06-11 14:00:00,46.0,129.0,0.85,15.68,9.05,22.62,0.35,16.25,111.38,,,,141.0,Moderate
264206,DL005,2020-06-11 15:00:00,39.0,135.0,0.93,15.57,9.18,25.42,0.3,15.73,128.43,,,,142.0,Moderate
264207,DL005,2020-06-11 16:00:00,45.0,134.0,0.62,16.2,9.12,24.02,0.3,14.18,112.43,,,,142.0,Moderate
264208,DL005,2020-06-11 17:00:00,39.0,141.0,0.65,15.78,9.02,21.52,0.38,14.68,119.75,,,,142.0,Moderate
264209,DL005,2020-06-11 18:00:00,44.0,160.0,0.65,16.73,9.45,21.35,0.4,15.0,122.95,,,,142.0,Moderate
264210,DL005,2020-06-11 19:00:00,46.0,187.0,0.85,22.3,12.55,21.43,0.45,15.75,120.2,,130.88,,142.0,Moderate
264211,DL005,2020-06-11 20:00:00,56.0,228.0,0.65,29.5,16.25,21.62,0.67,16.48,85.3,,141.18,,142.0,Moderate
264212,DL005,2020-06-11 21:00:00,74.0,265.0,0.95,36.25,20.05,22.73,0.85,16.93,52.6,,,,142.0,Moderate
264213,DL005,2020-06-11 22:00:00,79.0,292.0,1.02,37.85,20.98,23.53,0.88,17.88,45.72,,,,142.0,Moderate
264214,DL005,2020-06-11 23:00:00,92.0,293.0,0.8,34.4,18.98,23.65,0.8,18.4,29.53,,,,143.0,Moderate
264215,DL005,2020-06-12 00:00:00,69.0,232.0,0.83,32.55,17.98,23.0,0.72,20.35,26.68,,,,146.0,Moderate
264216,DL005,2020-06-12 01:00:00,81.0,212.0,0.95,32.7,18.15,22.55,0.68,23.98,17.98,,,,147.0,Moderate
264217,DL005,2020-06-12 02:00:00,74.0,191.0,0.88,35.5,19.57,21.65,0.6,28.5,19.65,,,,149.0,Moderate
264218,DL005,2020-06-12 03:00:00,74.0,198.0,3.2,39.6,23.7,23.9,0.6,21.7,11.0,,,,152.0,Moderate
264219,DL005,2020-06-12 04:00:00,73.0,195.0,2.08,38.65,22.23,24.67,0.6,26.2,3.92,,,,153.0,Moderate
264220,DL005,2020-06-12 05:00:00,79.0,210.0,1.62,34.23,19.5,24.15,0.62,22.6,17.0,,,,156.0,Moderate
264221,DL005,2020-06-12 06:00:00,64.0,185.0,1.27,26.65,15.22,23.7,0.7,17.55,21.27,,,,157.0,Moderate
264222,DL005,2020-06-12 07:00:00,64.0,163.0,2.0,31.35,18.32,23.65,0.8,16.25,13.2,,,,158.0,Moderate
264223,DL005,2020-06-12 08:00:00,74.0,202.0,1.9,28.2,16.57,23.83,0.8,16.73,19.52,,,,157.0,Moderate
264224,DL005,2020-06-12 09:00:00,75.0,175.0,2.1,28.93,17.12,24.22,0.8,17.48,32.7,,,,157.0,Moderate
264225,DL005,2020-06-12 10:00:00,80.0,190.0,2.1,30.12,17.77,24.2,0.8,16.6,51.67,,,,159.0,Moderate
264226,DL005,2020-06-12 11:00:00,72.0,184.0,1.35,24.32,14.0,24.4,0.8,16.55,90.12,,,,160.0,Moderate
264227,DL005,2020-06-12 12:00:00,73.0,177.0,0.85,22.5,12.68,24.82,0.8,17.1,123.7,,,,161.0,Moderate
264228,DL005,2020-06-12 13:00:00,75.0,185.0,0.65,19.25,10.75,24.88,0.57,18.07,122.03,,,,163.0,Moderate
264229,DL005,2020-06-12 14:00:00,69.0,412.0,1.25,19.02,11.1,23.85,0.43,14.28,57.9,,,,171.0,Moderate
264230,DL005,2020-06-12 15:00:00,30.0,68.0,1.8,25.67,15.1,23.2,0.53,14.4,65.1,,120.8,,169.0,Moderate
264231,DL005,2020-06-12 16:00:00,45.0,121.0,1.23,24.17,13.85,22.77,0.47,15.55,97.62,,132.05,,168.0,Moderate
264232,DL005,2020-06-12 17:00:00,58.0,245.0,1.0,26.88,15.1,22.52,0.5,16.3,106.05,,122.72,,171.0,Moderate
264233,DL005,2020-06-12 18:00:00,70.0,272.0,0.67,26.57,14.68,22.18,0.62,16.57,100.45,,130.07,,174.0,Moderate
264234,DL005,2020-06-12 19:00:00,64.0,201.0,0.68,31.9,17.55,22.82,0.83,16.15,74.67,,,,175.0,Moderate
264235,DL005,2020-06-12 20:00:00,69.0,223.0,1.08,45.8,25.27,22.82,1.07,16.4,46.83,,217.12,,175.0,Moderate
264236,DL005,2020-06-12 21:00:00,77.0,215.0,1.38,53.05,29.35,22.6,1.45,16.12,23.75,,,,173.0,Moderate
264237,DL005,2020-06-12 22:00:00,96.0,242.0,2.05,55.18,30.98,22.73,1.62,16.3,9.53,,,,172.0,Moderate
264238,DL005,2020-06-12 23:00:00,121.0,298.0,3.42,65.2,37.53,22.88,1.5,16.4,9.72,,,,172.0,Moderate
264239,DL005,2020-06-13 00:00:00,118.0,329.0,2.75,57.1,32.58,22.42,1.12,16.48,15.38,,,,175.0,Moderate
264240,DL005,2020-06-13 01:00:00,,,,,,,,,,,,,175.0,Moderate
264241,DL005,2020-06-13 02:00:00,,,,,,,,,,,,,175.0,Moderate
264242,DL005,2020-06-13 03:00:00,,,,,,,,,,,,,176.0,Moderate
264243,DL005,2020-06-13 04:00:00,,,,,,,,,,,,,177.0,Moderate
264244,DL005,2020-06-13 05:00:00,,,,,,,,,,,,,177.0,Moderate
264245,DL005,2020-06-13 06:00:00,,,,,,,,,,,,,178.0,Moderate
264246,DL005,2020-06-13 07:00:00,,,,,,,,,,,,,180.0,Moderate
264247,DL005,2020-06-13 08:00:00,,,,,,,,,,,,,181.0,Moderate
264248,DL005,2020-06-13 09:00:00,,,,,,,,,,,,,208.0,Satisfactory
264249,DL005,2020-06-13 10:00:00,,,,,,,,,,,,,208.0,Satisfactory
264250,DL005,2020-06-13 11:00:00,,,,,,,,,,,,,208.0,Satisfactory
264251,DL005,2020-06-13 12:00:00,,,,,,,,,,,,,208.0,Satisfactory
264252,DL005,2020-06-13 13:00:00,,,,,,,,,,,,,208.0,Satisfactory
264253,DL005,2020-06-13 14:00:00,,,,,,,,,,,,,208.0,Satisfactory
264254,DL005,2020-06-13 15:00:00,,,,,,,,,,,,,208.0,Satisfactory
264255,DL005,2020-06-13 16:00:00,,,,,,,,,,,,,208.0,Satisfactory
264256,DL005,2020-06-13 17:00:00,,,,,,,,,,,,,208.0,Satisfactory
264257,DL005,2020-06-13 18:00:00,,,,,,,,,,,,,208.0,Satisfactory
264258,DL005,2020-06-13 19:00:00,,,,,,,,,,,,,208.0,Satisfactory
264259,DL005,2020-06-13 20:00:00,,,,,,,,,,,,,208.0,Satisfactory
264260,DL005,2020-06-13 21:00:00,,,,,,,,,,,,,208.0,Satisfactory
264261,DL005,2020-06-13 22:00:00,,,,,,,,,,,,,208.0,Satisfactory
264262,DL005,2020-06-13 23:00:00,,,,,,,,,,,,,208.0,Satisfactory
264263,DL005,2020-06-14 00:00:00,,,,,,,,,,,,,208.0,Satisfactory
264264,DL005,2020-06-14 01:00:00,,,,,,,,,,,,,208.0,Satisfactory
264265,DL005,2020-06-14 02:00:00,,,,,,,,,,,,,208.0,Satisfactory
264266,DL005,2020-06-14 03:00:00,,,,,,,,,,,,,208.0,Satisfactory
264267,DL005,2020-06-14 04:00:00,,,,,,,,,,,,,208.0,Satisfactory
264268,DL005,2020-06-14 05:00:00,,,,,,,,,,,,,208.0,Satisfactory
264269,DL005,2020-06-14 06:00:00,,,,,,,,,,,,,208.0,Satisfactory
264270,DL005,2020-06-14 07:00:00,,,,,,,,,,,,,208.0,Satisfactory
264271,DL005,2020-06-14 08:00:00,,,,,,,,,,,,,208.0,Satisfactory
264272,DL005,2020-06-14 09:00:00,,,,,,,,,,,,,208.0,Satisfactory
264273,DL005,2020-06-14 10:00:00,,,,,,,,,,,,,208.0,Satisfactory
264274,DL005,2020-06-14 11:00:00,,,,,,,,,,,,,208.0,Satisfactory
264275,DL005,2020-06-14 12:00:00,,,,,,,,,,,,,208.0,Satisfactory
264276,DL005,2020-06-14 13:00:00,,,,,,,,,,,,,208.0,Satisfactory
264277,DL005,2020-06-14 14:00:00,,,,,,,,,,,,,208.0,Satisfactory
264278,DL005,2020-06-14 15:00:00,,,,,,,,,,,,,208.0,Satisfactory
264279,DL005,2020-06-14 16:00:00,,,,,,,,,,,,,208.0,Satisfactory
264280,DL005,2020-06-14 17:00:00,55.0,123.0,0.8,18.3,10.4,20.9,0.4,15.0,105.0,,,,208.0,Satisfactory
264281,DL005,2020-06-14 18:00:00,50.0,135.0,0.5,18.73,10.35,20.0,0.3,14.93,101.98,,,,208.0,Satisfactory
264282,DL005,2020-06-14 19:00:00,38.0,142.0,0.65,21.75,12.1,19.07,0.4,16.82,112.83,,111.97,,208.0,Satisfactory
264283,DL005,2020-06-14 20:00:00,55.0,180.0,0.65,27.52,15.18,20.0,0.6,18.48,92.48,,182.32,,208.0,Satisfactory
264284,DL005,2020-06-14 21:00:00,62.0,197.0,0.57,46.95,25.45,20.17,0.9,20.57,54.58,,284.88,,208.0,Satisfactory
264285,DL005,2020-06-14 22:00:00,80.0,248.0,0.88,47.02,25.73,19.98,0.97,17.38,26.2,,183.3,,208.0,Satisfactory
264286,DL005,2020-06-14 23:00:00,69.0,210.0,2.15,58.83,33.08,19.65,1.3,17.17,4.95,,,,208.0,Satisfactory
264287,DL005,2020-06-15 00:00:00,81.0,243.0,3.02,60.35,34.48,19.55,1.35,16.1,5.67,,,,208.0,Satisfactory
264288,DL005,2020-06-15 01:00:00,83.0,196.0,1.52,31.75,18.15,19.6,0.75,15.57,17.73,,,,208.0,Satisfactory
264289,DL005,2020-06-15 02:00:00,61.0,138.0,1.0,24.62,13.9,18.75,0.55,16.3,30.1,,,,208.0,Satisfactory
264290,DL005,2020-06-15 03:00:00,51.0,119.0,2.5,21.9,13.6,19.0,0.4,15.7,35.05,,,,208.0,Satisfactory
264291,DL005,2020-06-15 04:00:00,41.0,110.0,1.45,20.9,12.32,19.35,0.45,15.47,28.05,,,,208.0,Satisfactory
264292,DL005,2020-06-15 05:00:00,44.0,94.0,1.05,24.57,13.95,20.32,0.5,15.85,14.33,,,,208.0,Satisfactory
264293,DL005,2020-06-15 06:00:00,52.0,105.0,1.52,28.45,16.38,19.73,0.5,15.38,7.83,,,,208.0,Satisfactory
264294,DL005,2020-06-15 07:00:00,63.0,162.0,1.58,28.55,16.45,19.3,0.57,15.8,11.4,,,,208.0,Satisfactory
264295,DL005,2020-06-15 08:00:00,58.0,136.0,2.08,27.62,16.4,19.62,0.55,17.25,22.88,,,,139.0,Moderate
264296,DL005,2020-06-15 09:00:00,58.0,138.0,1.82,24.65,14.65,19.98,0.6,24.6,37.8,,,,138.0,Moderate
264297,DL005,2020-06-15 10:00:00,68.0,156.0,1.38,23.98,13.88,19.6,0.62,25.5,63.4,,,,138.0,Moderate
264298,DL005,2020-06-15 11:00:00,81.0,182.0,1.12,21.18,12.18,20.18,0.55,23.8,89.5,,,,139.0,Moderate
264299,DL005,2020-06-15 12:00:00,64.0,162.0,1.18,16.82,9.9,19.73,0.38,19.5,103.7,,,,139.0,Moderate
264300,DL005,2020-06-15 13:00:00,44.0,140.0,0.8,14.32,8.28,19.5,0.3,17.35,117.78,,,,139.0,Moderate
264301,DL005,2020-06-15 14:00:00,44.0,126.0,0.85,14.82,8.6,19.92,0.3,18.05,128.18,,,,141.0,Moderate
264302,DL005,2020-06-15 15:00:00,48.0,131.0,0.97,16.18,9.4,20.85,0.3,16.5,128.07,,,,141.0,Moderate
264303,DL005,2020-06-15 16:00:00,50.0,134.0,0.6,15.75,8.9,19.38,0.32,18.3,133.75,,,,150.0,Moderate
264304,DL005,2020-06-15 17:00:00,45.0,138.0,1.55,23.3,13.2,23.38,0.28,19.55,131.9,,,,150.0,Moderate
264305,DL005,2020-06-15 18:00:00,36.0,149.0,0.9,25.6,14.4,35.9,0.1,,140.55,,,,160.0,Moderate
264306,DL005,2020-06-15 19:00:00,52.0,148.0,0.9,24.95,14.0,36.83,0.1,,124.8,,112.9,,160.0,Moderate
264307,DL005,2020-06-15 20:00:00,50.0,176.0,0.75,31.38,17.3,20.7,0.47,15.4,76.55,,133.45,,160.0,Moderate
264308,DL005,2020-06-15 21:00:00,44.0,245.0,0.8,32.33,17.83,18.07,0.75,16.9,57.35,,181.75,,160.0,Moderate
264309,DL005,2020-06-15 22:00:00,77.0,248.0,0.98,35.75,19.85,18.88,0.97,21.5,36.95,,,,160.0,Moderate
264310,DL005,2020-06-15 23:00:00,86.0,275.0,0.8,29.73,16.45,19.8,0.9,25.27,41.12,,,,160.0,Moderate
264311,DL005,2020-06-16 00:00:00,95.0,241.0,0.93,31.1,17.3,20.3,0.97,20.97,33.15,,,,160.0,Moderate
264312,DL005,2020-06-16 01:00:00,95.0,258.0,1.25,39.22,21.9,20.0,1.05,21.77,16.83,,,,160.0,Moderate
264313,DL005,2020-06-16 02:00:00,96.0,243.0,1.3,36.62,20.52,18.77,0.7,19.48,38.3,,,,145.0,Moderate
264314,DL005,2020-06-16 03:00:00,58.0,170.0,0.9,21.1,12.0,21.9,0.4,16.6,43.7,,,,146.0,Moderate
264315,DL005,2020-06-16 04:00:00,56.0,127.0,0.62,19.55,10.93,24.98,0.4,14.35,57.05,,,,147.0,Moderate
264316,DL005,2020-06-16 05:00:00,39.0,96.0,0.72,18.38,10.38,28.2,0.35,11.77,51.35,,,,147.0,Moderate
264317,DL005,2020-06-16 06:00:00,38.0,90.0,0.5,18.98,10.5,28.85,0.3,11.72,44.95,,,,146.0,Moderate
264318,DL005,2020-06-16 07:00:00,35.0,79.0,0.57,22.2,12.28,20.9,0.43,11.15,16.7,,,,144.0,Moderate
264319,DL005,2020-06-16 08:00:00,29.0,79.0,1.77,25.88,15.22,19.15,0.53,11.22,15.1,,,,143.0,Moderate
264320,DL005,2020-06-16 09:00:00,25.0,80.0,2.12,23.62,14.32,18.75,0.5,10.22,39.12,,,,141.0,Moderate
264321,DL005,2020-06-16 10:00:00,30.0,80.0,1.65,24.27,14.28,18.88,0.57,11.57,64.1,,,,139.0,Moderate
264322,DL005,2020-06-16 11:00:00,28.0,109.0,1.07,22.43,12.78,18.77,0.57,13.3,94.88,,,,137.0,Moderate
264323,DL005,2020-06-16 12:00:00,38.0,109.0,0.9,21.88,12.38,18.98,0.6,14.93,138.12,,,,156.0,Moderate
264324,DL005,2020-06-16 13:00:00,42.0,123.0,0.88,22.3,12.55,18.95,0.6,17.07,167.15,,,,199.0,Moderate
264325,DL005,2020-06-16 14:00:00,44.0,127.0,0.8,20.88,11.73,18.98,0.57,18.05,193.9,,,,265.0,Poor
264326,DL005,2020-06-16 15:00:00,50.0,149.0,0.85,18.62,10.6,20.62,0.43,18.3,186.6,,,,265.0,Poor
264327,DL005,2020-06-16 16:00:00,42.0,136.0,0.6,17.5,9.8,18.35,0.4,17.18,177.0,,,,265.0,Poor
264328,DL005,2020-06-16 17:00:00,38.0,131.0,0.52,16.75,9.32,18.2,0.4,16.35,164.12,,,,265.0,Poor
264329,DL005,2020-06-16 18:00:00,46.0,154.0,0.4,18.1,10.0,18.05,0.4,15.02,133.05,,,,265.0,Poor
264330,DL005,2020-06-16 19:00:00,39.0,187.0,0.62,25.75,14.18,17.73,0.53,15.72,111.65,,,,265.0,Poor
264331,DL005,2020-06-16 20:00:00,50.0,245.0,0.57,34.5,18.82,17.27,0.68,14.95,73.62,,113.9,,265.0,Poor
264332,DL005,2020-06-16 21:00:00,56.0,279.0,0.72,45.8,24.98,17.73,0.95,14.92,46.25,,,,265.0,Poor
264333,DL005,2020-06-16 22:00:00,80.0,315.0,0.65,49.9,27.07,19.23,1.07,16.75,30.22,,,,246.0,Poor
264334,DL005,2020-06-16 23:00:00,96.0,350.0,0.88,42.5,23.3,19.7,1.08,22.62,27.3,,,,222.0,Poor
264335,DL005,2020-06-17 00:00:00,100.0,295.0,1.15,46.2,25.5,19.12,0.75,17.73,24.05,,,,194.0,Moderate
264336,DL005,2020-06-17 01:00:00,57.0,165.0,0.8,32.8,18.12,22.22,0.43,14.67,58.93,,,,149.0,Moderate
264337,DL005,2020-06-17 02:00:00,74.0,152.0,0.35,20.3,11.1,24.8,0.32,12.65,69.85,,,,140.0,Moderate
264338,DL005,2020-06-17 03:00:00,45.0,166.0,3.3,25.6,16.3,32.2,0.2,,53.35,,,,140.0,Moderate
264339,DL005,2020-06-17 04:00:00,42.0,97.0,1.38,21.77,12.7,33.22,0.2,,42.25,,,,139.0,Moderate
264340,DL005,2020-06-17 05:00:00,30.0,77.0,0.57,21.27,11.8,33.28,0.2,,35.9,,,,138.0,Moderate
264341,DL005,2020-06-17 06:00:00,30.0,70.0,0.57,23.23,12.85,30.97,0.15,,28.25,,,,138.0,Moderate
264342,DL005,2020-06-17 07:00:00,25.0,65.0,1.07,24.73,14.03,30.75,0.33,,19.5,,,,137.0,Moderate
264343,DL005,2020-06-17 08:00:00,39.0,107.0,1.7,25.6,15.03,31.4,0.38,,26.07,,,,138.0,Moderate
264344,DL005,2020-06-17 09:00:00,44.0,104.0,2.08,25.53,15.25,32.62,0.3,,41.65,,,,139.0,Moderate
264345,DL005,2020-06-17 10:00:00,33.0,109.0,1.73,26.82,15.65,33.12,0.5,,61.17,,,,139.0,Moderate
264346,DL005,2020-06-17 11:00:00,39.0,123.0,1.2,28.62,16.2,34.47,0.5,,95.0,,,,140.0,Moderate
264347,DL005,2020-06-17 12:00:00,46.0,135.0,1.2,28.7,16.23,39.0,0.5,,128.97,,,,143.0,Moderate
264348,DL005,2020-06-17 13:00:00,42.0,134.0,1.12,29.23,16.48,40.2,0.5,,154.48,,,,180.0,Moderate
264349,DL005,2020-06-17 14:00:00,50.0,153.0,1.1,29.4,16.5,,0.5,,166.65,,,,198.0,Moderate
264350,DL005,2020-06-17 15:00:00,42.0,151.0,0.35,29.43,15.95,38.62,0.57,,154.95,,,,198.0,Moderate
264351,DL005,2020-06-17 16:00:00,48.0,163.0,0.57,28.02,15.38,38.25,0.45,,167.0,,,,199.0,Moderate
264352,DL005,2020-06-17 17:00:00,47.0,156.0,0.57,27.9,15.3,41.55,0.4,,182.4,,,,236.0,Poor
264353,DL005,2020-06-17 18:00:00,41.0,152.0,0.65,26.38,14.55,26.85,0.53,,119.15,,,,236.0,Poor
264354,DL005,2020-06-17 19:00:00,40.0,184.0,0.65,21.85,12.15,19.4,0.5,9.57,21.2,,,,236.0,Poor
264355,DL005,2020-06-17 20:00:00,45.0,202.0,0.65,17.73,9.95,15.35,0.62,8.92,8.05,,,,236.0,Poor
264356,DL005,2020-06-17 21:00:00,45.0,171.0,1.07,20.15,11.57,15.25,0.7,9.23,4.8,,,,236.0,Poor
264357,DL005,2020-06-17 22:00:00,57.0,213.0,0.8,25.25,14.1,15.15,0.8,9.23,4.1,,,,236.0,Poor
264358,DL005,2020-06-17 23:00:00,61.0,188.0,0.93,25.2,14.15,14.82,0.75,9.07,5.1,,,,236.0,Poor
264359,DL005,2020-06-18 00:00:00,67.0,170.0,0.95,20.38,11.6,14.72,0.5,9.15,6.08,,,,236.0,Poor
264360,DL005,2020-06-18 01:00:00,28.0,135.0,0.88,15.65,9.05,13.95,0.4,10.32,,,,,128.0,Moderate
264361,DL005,2020-06-18 02:00:00,33.0,97.0,0.7,15.65,8.98,13.35,0.4,10.15,,,,,126.0,Moderate
264362,DL005,2020-06-18 03:00:00,17.0,63.0,1.5,16.2,9.9,16.0,0.3,8.9,,,,,123.0,Moderate
264363,DL005,2020-06-18 04:00:00,33.0,72.0,1.03,15.52,9.1,15.2,0.4,10.43,,,,,122.0,Moderate
264364,DL005,2020-06-18 05:00:00,35.0,70.0,1.08,15.1,8.8,14.95,0.4,9.85,,,,,122.0,Moderate
264365,DL005,2020-06-18 06:00:00,42.0,75.0,1.08,16.05,9.45,15.5,0.4,8.8,,,,,122.0,Moderate
264366,DL005,2020-06-18 07:00:00,44.0,90.0,1.82,20.2,12.22,15.68,0.5,9.27,,,,,123.0,Moderate
264367,DL005,2020-06-18 08:00:00,39.0,102.0,2.88,21.02,13.52,15.4,0.5,9.12,,,,,123.0,Moderate
264368,DL005,2020-06-18 09:00:00,34.0,96.0,3.6,23.08,15.2,15.75,0.5,9.43,3.1,,,,122.0,Moderate
264369,DL005,2020-06-18 10:00:00,40.0,114.0,3.12,23.9,15.25,15.83,0.5,9.88,6.7,,,,122.0,Moderate
264370,DL005,2020-06-18 11:00:00,41.0,127.0,1.8,22.35,13.35,15.95,0.55,9.95,12.57,,,,123.0,Moderate
264371,DL005,2020-06-18 12:00:00,45.0,131.0,0.85,18.02,10.3,16.6,0.47,10.05,23.48,,,,122.0,Moderate
264372,DL005,2020-06-18 13:00:00,44.0,137.0,1.4,18.68,11.08,26.12,0.43,9.3,,,,,123.0,Moderate
264373,DL005,2020-06-18 14:00:00,40.0,151.0,1.38,19.7,11.58,20.18,0.47,9.07,24.65,,,,122.0,Moderate
264374,DL005,2020-06-18 15:00:00,,147.0,0.9,15.23,8.85,13.62,0.5,9.05,,,,,122.0,Moderate
264375,DL005,2020-06-18 16:00:00,,160.0,0.8,14.3,8.28,12.5,0.32,10.02,3.65,,,,122.0,Moderate
264376,DL005,2020-06-18 17:00:00,,157.0,0.78,14.4,8.32,12.38,0.3,10.9,81.3,,,,122.0,Moderate
264377,DL005,2020-06-18 18:00:00,,158.0,0.32,15.95,8.75,12.75,0.32,10.9,31.42,,,,122.0,Moderate
264378,DL005,2020-06-18 19:00:00,,159.0,0.6,19.92,11.1,13.22,0.47,11.6,20.85,,,,122.0,Moderate
264379,DL005,2020-06-18 20:00:00,,225.0,0.55,20.4,11.27,13.55,0.55,10.43,17.68,,,,122.0,Moderate
264380,DL005,2020-06-18 21:00:00,,242.0,0.78,22.17,12.43,14.25,0.68,10.68,14.8,,,,124.0,Moderate
264381,DL005,2020-06-18 22:00:00,77.0,246.0,0.98,25.62,14.45,15.85,0.8,11.38,12.98,,,,125.0,Moderate
264382,DL005,2020-06-18 23:00:00,85.0,274.0,1.32,26.73,15.32,15.75,0.62,10.55,14.78,,,,128.0,Moderate
264383,DL005,2020-06-19 00:00:00,45.0,157.0,1.48,24.38,14.18,14.97,0.55,10.38,18.02,,,,127.0,Moderate
264384,DL005,2020-06-19 01:00:00,55.0,151.0,1.27,22.28,12.9,14.9,0.53,10.55,20.98,,,,128.0,Moderate
264385,DL005,2020-06-19 02:00:00,53.0,159.0,1.2,19.18,11.2,14.8,0.5,11.18,,,,,130.0,Moderate
264386,DL005,2020-06-19 03:00:00,63.0,149.0,2.2,17.1,10.9,15.7,0.3,10.1,1.7,,,,132.0,Moderate
264387,DL005,2020-06-19 04:00:00,39.0,132.0,1.25,16.15,9.57,15.5,0.4,10.57,1.5,,,,134.0,Moderate
264388,DL005,2020-06-19 05:00:00,44.0,112.0,0.97,15.12,8.85,14.53,0.3,10.68,1.07,,,,135.0,Moderate
264389,DL005,2020-06-19 06:00:00,34.0,83.0,0.93,15.72,9.2,13.82,0.3,10.75,1.77,,,,135.0,Moderate
264390,DL005,2020-06-19 07:00:00,25.0,76.0,1.45,19.5,11.55,13.38,0.4,10.55,0.33,,,,135.0,Moderate
264391,DL005,2020-06-19 08:00:00,46.0,107.0,2.17,21.07,12.97,13.25,0.4,10.97,1.32,,,,135.0,Moderate
264392,DL005,2020-06-19 09:00:00,34.0,105.0,2.45,19.9,12.57,13.5,0.4,10.7,3.6,,,,135.0,Moderate
264393,DL005,2020-06-19 10:00:00,45.0,151.0,1.52,16.58,10.05,13.72,0.4,11.1,6.6,,,,136.0,Moderate
264394,DL005,2020-06-19 11:00:00,52.0,253.0,1.1,14.88,8.78,13.55,0.4,10.72,8.25,,,,140.0,Moderate
264395,DL005,2020-06-19 12:00:00,63.0,461.0,0.8,13.85,8.0,13.82,0.32,10.75,10.75,,,,149.0,Moderate
264396,DL005,2020-06-19 13:00:00,72.0,525.0,1.05,18.05,10.48,14.15,0.45,11.18,21.4,,,,159.0,Moderate
264397,DL005,2020-06-19 14:00:00,75.0,402.0,1.1,18.2,10.55,13.75,0.43,11.15,16.8,,,,166.0,Moderate
264398,DL005,2020-06-19 15:00:00,73.0,458.0,1.07,16.75,9.75,13.78,0.4,11.07,20.02,,,,175.0,Moderate
264399,DL005,2020-06-19 16:00:00,68.0,463.0,1.02,16.4,9.55,13.53,0.5,11.2,24.77,,,,183.0,Moderate
264400,DL005,2020-06-19 17:00:00,69.0,433.0,0.95,16.15,9.4,13.07,0.5,11.05,25.2,,,,191.0,Moderate
264401,DL005,2020-06-19 18:00:00,68.0,430.0,0.8,15.88,9.1,12.78,0.47,11.02,24.05,,,,199.0,Moderate
264402,DL005,2020-06-19 19:00:00,70.0,474.0,1.02,16.57,9.68,12.7,0.57,11.12,20.4,,,,211.0,Poor
264403,DL005,2020-06-19 20:00:00,78.0,425.0,0.93,18.1,10.4,12.57,0.7,11.18,17.5,,,,220.0,Poor
264404,DL005,2020-06-19 21:00:00,80.0,485.0,1.0,17.85,10.32,12.77,0.7,11.15,12.85,,,,230.0,Poor
264405,DL005,2020-06-19 22:00:00,77.0,355.0,0.93,18.2,10.45,12.4,0.7,11.38,8.72,,,,234.0,Poor
264406,DL005,2020-06-19 23:00:00,73.0,285.0,0.7,16.42,9.3,12.72,0.67,11.05,9.68,,,,235.0,Poor
264407,DL005,2020-06-20 00:00:00,70.0,228.0,0.78,15.7,8.98,13.05,0.6,10.75,7.92,,,,238.0,Poor
264408,DL005,2020-06-20 01:00:00,57.0,171.0,1.02,16.73,9.7,13.45,0.53,9.6,8.78,,,,238.0,Poor
264409,DL005,2020-06-20 02:00:00,52.0,140.0,0.83,15.6,9.0,12.07,0.5,9.43,,,,,238.0,Poor
264410,DL005,2020-06-20 03:00:00,45.0,104.0,2.3,16.8,10.8,12.3,0.3,10.2,2.25,,,,236.0,Poor
264411,DL005,2020-06-20 04:00:00,38.0,92.0,1.15,15.12,8.98,11.9,0.4,9.8,0.9,,,,234.0,Poor
264412,DL005,2020-06-20 05:00:00,22.0,57.0,1.15,11.8,7.22,11.65,0.4,9.32,3.88,,,,232.0,Poor
264413,DL005,2020-06-20 06:00:00,29.0,93.0,1.15,12.27,7.5,11.43,0.4,9.55,4.12,,,,232.0,Poor
264414,DL005,2020-06-20 07:00:00,29.0,60.0,1.6,16.1,9.9,11.8,0.4,9.75,4.35,,,,232.0,Poor
264415,DL005,2020-06-20 08:00:00,25.0,65.0,1.95,17.7,11.03,11.6,0.42,9.9,3.57,,,,230.0,Poor
264416,DL005,2020-06-20 09:00:00,29.0,123.0,0.8,12.1,7.1,11.6,0.3,9.75,5.15,,,,231.0,Poor
264417,DL005,2020-06-20 10:00:00,35.0,158.0,1.23,12.62,7.7,10.45,0.3,9.88,2.35,,,,231.0,Poor
264418,DL005,2020-06-20 11:00:00,,79.0,1.1,14.4,8.62,9.38,0.4,10.2,4.38,,,,224.0,Poor
264419,DL005,2020-06-20 12:00:00,,107.0,1.95,16.05,10.12,9.43,0.4,10.88,7.85,,,,209.0,Poor
264420,DL005,2020-06-20 13:00:00,,121.0,1.62,14.55,9.1,9.72,0.38,10.93,11.2,,,,195.0,Moderate
264421,DL005,2020-06-20 14:00:00,,104.0,1.75,16.5,10.2,10.1,0.45,11.52,14.57,,,,186.0,Moderate
264422,DL005,2020-06-20 15:00:00,,121.0,1.32,18.33,10.85,10.3,0.45,11.38,18.5,,,,177.0,Moderate
264423,DL005,2020-06-20 16:00:00,,129.0,1.17,17.73,10.38,10.1,0.47,11.07,20.18,,,,168.0,Moderate
264424,DL005,2020-06-20 17:00:00,,165.0,1.12,19.52,11.3,10.12,0.53,11.18,22.68,,,,160.0,Moderate
264425,DL005,2020-06-20 18:00:00,,207.0,0.97,21.2,12.07,10.27,0.45,11.5,13.12,,,,154.0,Moderate
264426,DL005,2020-06-20 19:00:00,,159.0,0.85,21.3,12.0,10.07,0.4,11.07,5.95,,,,145.0,Moderate
264427,DL005,2020-06-20 20:00:00,,120.0,1.2,21.05,12.2,9.8,0.4,11.55,5.38,,,,137.0,Moderate
264428,DL005,2020-06-20 21:00:00,,114.0,1.45,24.05,13.95,10.0,0.5,11.53,3.25,,,,127.0,Moderate
264429,DL005,2020-06-20 22:00:00,,119.0,2.2,28.25,16.82,9.85,0.57,11.43,1.73,,,,120.0,Moderate
264430,DL005,2020-06-20 23:00:00,,129.0,2.55,30.93,18.5,10.0,0.62,11.43,1.52,,,,116.0,Moderate
264431,DL005,2020-06-21 00:00:00,,191.0,4.22,37.05,23.12,9.9,0.72,11.57,5.22,,,,115.0,Moderate
264432,DL005,2020-06-21 01:00:00,,138.0,6.28,35.93,24.23,10.43,0.8,10.32,2.55,,,,114.0,Moderate
264433,DL005,2020-06-21 02:00:00,,138.0,5.55,29.75,20.32,10.45,0.57,9.9,1.15,,,,114.0,Moderate
264434,DL005,2020-06-21 03:00:00,,114.0,3.5,28.4,17.9,10.3,0.4,10.9,1.57,,,,114.0,Moderate
264435,DL005,2020-06-21 04:00:00,,90.0,2.52,27.33,16.6,10.1,0.4,9.4,,,,,114.0,Moderate
264436,DL005,2020-06-21 05:00:00,,108.0,2.45,31.32,18.65,10.07,0.53,9.28,1.62,,,,115.0,Moderate
264437,DL005,2020-06-21 06:00:00,,102.0,1.1,15.22,9.0,9.73,0.35,9.22,0.57,,,,116.0,Moderate
264438,DL005,2020-06-21 07:00:00,,77.0,1.02,18.52,10.68,9.25,0.45,8.95,0.35,,,,116.0,Moderate
264439,DL005,2020-06-21 08:00:00,,,,,,,,,,,,,118.0,Moderate
264440,DL005,2020-06-21 09:00:00,,93.0,2.27,16.8,10.78,10.05,0.65,12.55,8.23,,,,117.0,Moderate
264441,DL005,2020-06-21 10:00:00,,94.25,3.08,29.25,16.88,10.38,0.5,10.5,21.62,,,,115.0,Moderate
264442,DL005,2020-06-21 11:00:00,,102.0,2.35,22.52,13.9,11.33,0.3,9.4,12.8,,,,116.0,Moderate
264443,DL005,2020-06-21 12:00:00,,111.75,1.32,20.0,11.72,11.15,0.53,10.25,3.38,,,,116.0,Moderate
264444,DL005,2020-06-21 13:00:00,,113.0,1.65,24.12,14.15,10.85,0.75,10.3,5.05,,,,116.0,Moderate
264445,DL005,2020-06-21 14:00:00,,136.75,2.15,24.15,14.62,10.98,0.68,9.95,10.47,,,,117.0,Moderate
264446,DL005,2020-06-21 15:00:00,,135.75,1.35,22.55,13.1,11.0,0.5,9.12,16.07,,,,117.0,Moderate
264447,DL005,2020-06-21 16:00:00,,135.5,1.0,19.57,11.23,11.2,0.45,9.02,17.1,,,,117.0,Moderate
264448,DL005,2020-06-21 17:00:00,,138.0,0.9,18.05,10.35,10.75,0.5,9.35,13.15,,,,116.0,Moderate
264449,DL005,2020-06-21 18:00:00,,143.75,1.1,17.88,10.43,10.88,0.62,9.9,11.65,,,,115.0,Moderate
264450,DL005,2020-06-21 19:00:00,,153.25,0.75,19.35,10.88,10.45,0.82,10.12,11.35,,,,114.0,Moderate
264451,DL005,2020-06-21 20:00:00,,155.0,0.6,18.9,10.55,10.95,1.0,9.83,11.53,,,,115.0,Moderate
264452,DL005,2020-06-21 21:00:00,,152.75,0.95,21.67,12.28,11.4,1.23,9.62,4.92,,,,117.0,Moderate
264453,DL005,2020-06-21 22:00:00,,163.75,1.1,22.38,12.8,11.0,1.3,9.98,4.08,,,,118.0,Moderate
264454,DL005,2020-06-21 23:00:00,,167.75,1.3,24.6,14.15,10.62,1.45,10.88,4.43,,,,119.0,Moderate
264455,DL005,2020-06-22 00:00:00,,170.25,1.62,23.9,14.05,10.45,1.45,11.7,5.03,,,,118.0,Moderate
264456,DL005,2020-06-22 01:00:00,,132.25,1.58,22.05,13.0,10.75,1.4,13.03,5.23,,,,118.0,Moderate
264457,DL005,2020-06-22 02:00:00,,120.25,1.25,20.2,11.75,10.8,1.4,13.05,3.9,,,,118.0,Moderate
264458,DL005,2020-06-22 03:00:00,,111.75,2.3,26.6,16.0,10.5,1.5,12.3,5.05,,,,118.0,Moderate
264459,DL005,2020-06-22 04:00:00,,120.75,1.65,21.42,12.75,10.3,1.58,13.47,2.0,,,,119.0,Moderate
264460,DL005,2020-06-22 05:00:00,,126.5,1.43,19.15,11.38,10.5,1.62,13.45,3.95,,,,119.0,Moderate
264461,DL005,2020-06-22 06:00:00,,123.0,1.4,15.9,9.62,10.32,1.55,13.72,4.65,,,,120.0,Moderate
264462,DL005,2020-06-22 07:00:00,,70.25,0.8,13.65,7.9,9.55,1.55,13.47,4.75,,,,119.0,Moderate
264463,DL005,2020-06-22 08:00:00,,39.5,0.8,12.07,7.1,9.4,1.6,13.62,6.45,,,,117.0,Moderate
264464,DL005,2020-06-22 09:00:00,,44.0,2.0,17.38,10.85,9.47,1.75,13.88,7.33,,,,116.0,Moderate
264465,DL005,2020-06-22 10:00:00,,49.5,3.12,22.4,14.47,9.62,1.9,14.15,8.95,,,,114.0,Moderate
264466,DL005,2020-06-22 11:00:00,,64.75,1.45,17.48,10.47,11.57,1.8,13.32,16.25,,,,113.0,Moderate
264467,DL005,2020-06-22 12:00:00,,61.5,1.88,16.83,10.45,19.77,1.9,9.85,,,,,112.0,Moderate
264468,DL005,2020-06-22 13:00:00,,64.75,1.77,15.38,9.6,21.17,0.2,7.88,141.9,,,,162.0,Moderate
264469,DL005,2020-06-22 14:00:00,,67.25,1.1,14.52,8.53,21.3,0.18,7.9,70.72,,,,162.0,Moderate
264470,DL005,2020-06-22 15:00:00,,63.25,0.93,14.97,8.75,21.5,0.18,7.77,8.6,,,,162.0,Moderate
264471,DL005,2020-06-22 16:00:00,,77.25,0.72,15.05,8.6,17.9,0.4,9.1,52.45,,,,162.0,Moderate
264472,DL005,2020-06-22 17:00:00,,85.5,0.82,16.62,9.43,22.25,0.43,8.32,29.75,,,,162.0,Moderate
264473,DL005,2020-06-22 18:00:00,,105.0,1.1,23.32,13.32,24.97,0.5,7.95,13.57,,,,162.0,Moderate
264474,DL005,2020-06-22 19:00:00,,123.25,1.02,37.03,20.5,24.03,0.57,7.05,9.9,,,,162.0,Moderate
264475,DL005,2020-06-22 20:00:00,59.0,139.5,1.5,32.3,18.38,30.48,1.02,8.4,7.6,,144.72,,162.0,Moderate
264476,DL005,2020-06-22 21:00:00,56.25,187.75,1.52,33.5,19.08,33.7,1.12,9.47,4.97,,132.3,,102.0,Moderate
264477,DL005,2020-06-22 22:00:00,50.0,192.25,1.33,32.0,18.15,34.55,1.1,8.9,5.32,,,,103.0,Moderate
264478,DL005,2020-06-22 23:00:00,56.75,190.25,1.73,26.33,15.4,37.3,1.08,9.0,13.67,,,,104.0,Moderate
264479,DL005,2020-06-23 00:00:00,58.25,184.0,1.57,26.6,15.42,38.95,1.0,8.6,36.3,,,,104.0,Moderate
264480,DL005,2020-06-23 01:00:00,58.5,175.25,1.62,30.68,17.65,41.15,1.1,10.25,6.0,,,,105.0,Moderate
264481,DL005,2020-06-23 02:00:00,63.75,192.75,1.55,28.02,16.23,43.27,0.93,11.5,16.3,,,,107.0,Moderate
264482,DL005,2020-06-23 03:00:00,51.75,121.25,2.8,21.1,13.5,43.8,0.7,13.9,4.72,,,,107.0,Moderate
264483,DL005,2020-06-23 04:00:00,34.5,77.25,1.7,20.25,12.18,42.08,0.72,13.08,3.98,,,,106.0,Moderate
264484,DL005,2020-06-23 05:00:00,29.5,66.25,1.32,18.5,10.9,37.88,0.78,11.62,3.45,,,,105.0,Moderate
264485,DL005,2020-06-23 06:00:00,27.0,55.0,1.5,19.2,11.45,36.5,0.8,12.35,3.33,,,,103.0,Moderate
264486,DL005,2020-06-23 07:00:00,27.5,58.75,2.83,22.6,14.32,36.58,0.93,13.22,4.9,,,,102.0,Moderate
264487,DL005,2020-06-23 08:00:00,38.75,96.75,3.92,22.55,15.18,37.85,1.0,12.35,5.97,,,,104.0,Moderate
264488,DL005,2020-06-23 09:00:00,39.25,90.75,3.4,21.85,14.38,39.55,0.9,9.93,8.28,,,,105.0,Moderate
264489,DL005,2020-06-23 10:00:00,34.5,78.75,2.47,19.8,12.58,41.18,0.95,8.57,15.0,,,,106.0,Moderate
264490,DL005,2020-06-23 11:00:00,35.75,88.75,1.67,17.95,10.9,43.0,0.95,9.3,14.9,,,,107.0,Moderate
264491,DL005,2020-06-23 12:00:00,35.25,86.5,1.38,17.08,10.18,44.0,0.9,9.53,14.93,,,,107.0,Moderate
264492,DL005,2020-06-23 13:00:00,38.0,93.75,1.43,15.58,9.45,44.48,0.88,9.55,14.85,,,,108.0,Moderate
264493,DL005,2020-06-23 14:00:00,40.25,96.25,1.05,15.28,8.95,44.28,0.88,9.35,12.72,,,,109.0,Moderate
264494,DL005,2020-06-23 15:00:00,29.0,79.25,1.2,14.6,8.73,44.27,0.85,9.12,12.52,,,,110.0,Moderate
264495,DL005,2020-06-23 16:00:00,27.75,80.0,1.2,14.57,8.65,42.25,0.4,9.1,12.15,,,,110.0,Moderate
264496,DL005,2020-06-23 17:00:00,21.5,75.75,1.35,13.57,8.32,38.58,0.4,7.82,10.67,,,,109.0,Moderate
264497,DL005,2020-06-23 18:00:00,16.75,67.75,0.8,14.25,8.22,37.15,0.43,10.78,16.3,,,,108.0,Moderate
264498,DL005,2020-06-23 19:00:00,26.0,83.5,0.95,15.5,9.02,36.38,0.5,10.25,16.8,,,,107.0,Moderate
264499,DL005,2020-06-23 20:00:00,30.75,90.25,1.18,19.6,11.38,35.75,0.57,11.28,15.5,,,,106.0,Moderate
264500,DL005,2020-06-23 21:00:00,37.25,101.75,0.88,21.55,12.2,35.17,0.67,10.18,14.07,,,,103.0,Moderate
264501,DL005,2020-06-23 22:00:00,42.75,117.0,1.02,20.73,11.85,35.7,0.7,11.62,12.95,,,,101.0,Moderate
264502,DL005,2020-06-23 23:00:00,48.5,121.75,1.03,21.1,12.05,35.92,0.78,11.48,20.23,,,,99.0,Satisfactory
264503,DL005,2020-06-24 00:00:00,53.25,127.75,1.15,20.65,11.9,35.45,0.8,11.62,9.8,,,,97.0,Satisfactory
264504,DL005,2020-06-24 01:00:00,56.25,122.0,1.45,19.88,11.75,35.1,0.57,11.62,16.45,,,,95.0,Satisfactory
264505,DL005,2020-06-24 02:00:00,33.25,88.0,1.25,16.4,9.65,34.48,0.47,11.23,14.35,,,,90.0,Satisfactory
264506,DL005,2020-06-24 03:00:00,26.0,60.0,3.1,19.0,12.7,39.3,0.5,10.7,8.82,,,,88.0,Satisfactory
264507,DL005,2020-06-24 04:00:00,29.0,67.25,1.4,17.27,10.32,37.28,0.5,11.43,8.18,,,,87.0,Satisfactory
264508,DL005,2020-06-24 05:00:00,30.5,68.5,1.1,15.75,9.25,33.15,0.5,11.35,8.85,,,,87.0,Satisfactory
264509,DL005,2020-06-24 06:00:00,34.0,62.75,1.3,16.85,10.05,31.63,0.55,12.28,8.97,,,,88.0,Satisfactory
264510,DL005,2020-06-24 07:00:00,34.75,79.25,2.12,19.8,12.25,31.9,0.65,12.55,9.05,,,,88.0,Satisfactory
264511,DL005,2020-06-24 08:00:00,51.75,120.5,2.45,19.5,12.38,33.05,0.8,13.02,9.8,,,,89.0,Satisfactory
264512,DL005,2020-06-24 09:00:00,65.75,142.5,2.47,20.78,13.07,33.67,0.8,14.35,11.6,,,,92.0,Satisfactory
264513,DL005,2020-06-24 10:00:00,55.0,137.0,2.33,20.4,12.75,34.62,0.8,13.72,19.62,,,,94.0,Satisfactory
264514,DL005,2020-06-24 11:00:00,53.5,129.0,1.55,20.1,11.95,35.3,0.75,13.2,26.55,,,,96.0,Satisfactory
264515,DL005,2020-06-24 12:00:00,55.25,141.0,1.35,19.22,11.32,35.67,0.7,12.88,23.02,,,,98.0,Satisfactory
264516,DL005,2020-06-24 13:00:00,40.25,122.75,1.53,17.85,10.72,35.25,0.6,12.28,16.73,,,,99.0,Satisfactory
264517,DL005,2020-06-24 14:00:00,19.5,67.5,1.12,17.48,10.25,34.77,0.6,11.4,21.92,,,,98.0,Satisfactory
264518,DL005,2020-06-24 15:00:00,20.25,66.0,1.43,18.43,11.0,34.58,0.6,11.53,27.52,,,,97.0,Satisfactory
264519,DL005,2020-06-24 16:00:00,29.0,71.25,1.28,19.4,11.4,34.02,0.5,12.28,38.95,,,,97.0,Satisfactory
264520,DL005,2020-06-24 17:00:00,37.5,86.75,1.07,16.75,9.8,32.9,0.5,12.85,29.38,,,,98.0,Satisfactory
264521,DL005,2020-06-24 18:00:00,42.25,85.0,0.9,15.25,8.82,32.95,0.5,12.2,27.27,,,,98.0,Satisfactory
264522,DL005,2020-06-24 19:00:00,32.5,81.75,1.12,15.28,9.12,31.8,0.5,12.22,25.27,,,,98.0,Satisfactory
264523,DL005,2020-06-24 20:00:00,31.0,84.75,0.78,18.48,10.45,30.62,0.65,12.05,21.35,,,,98.0,Satisfactory
264524,DL005,2020-06-24 21:00:00,41.25,102.75,1.3,29.65,16.82,30.15,0.83,12.43,16.8,,,,98.0,Satisfactory
264525,DL005,2020-06-24 22:00:00,46.75,125.0,1.68,28.43,16.48,29.6,0.78,12.75,13.6,,,,98.0,Satisfactory
264526,DL005,2020-06-24 23:00:00,54.75,131.0,1.23,23.0,13.23,29.08,0.75,13.43,8.62,,,,99.0,Satisfactory
264527,DL005,2020-06-25 00:00:00,66.75,135.5,1.48,23.6,13.78,29.5,0.8,13.3,6.85,,,,99.0,Satisfactory
264528,DL005,2020-06-25 01:00:00,80.5,153.25,2.38,27.2,16.38,30.4,0.9,12.88,5.5,,,,100.0,Satisfactory
264529,DL005,2020-06-25 02:00:00,87.25,161.0,2.73,28.43,17.4,30.2,0.9,13.62,7.8,,,,102.0,Moderate
264530,DL005,2020-06-25 03:00:00,85.25,146.0,5.0,33.3,21.8,34.1,0.8,12.3,5.38,,,,105.0,Moderate
264531,DL005,2020-06-25 04:00:00,84.0,146.0,3.93,30.67,19.5,33.8,0.8,13.05,5.25,,,,107.0,Moderate
264532,DL005,2020-06-25 05:00:00,75.25,142.5,4.08,29.07,18.82,30.88,0.8,12.5,4.18,,,,109.0,Moderate
264533,DL005,2020-06-25 06:00:00,69.75,144.0,3.73,26.93,17.32,28.83,0.85,15.28,4.17,,,,111.0,Moderate
264534,DL005,2020-06-25 07:00:00,73.0,168.0,3.07,23.48,15.03,28.4,0.72,19.85,4.5,,,,114.0,Moderate
264535,DL005,2020-06-25 08:00:00,55.5,122.5,3.08,19.55,12.95,28.6,0.7,18.22,7.7,,,,114.0,Moderate
264536,DL005,2020-06-25 09:00:00,47.25,92.5,2.03,18.15,11.32,28.95,0.65,16.35,15.0,,,,112.0,Moderate
264537,DL005,2020-06-25 10:00:00,43.25,84.75,1.55,16.6,10.1,29.48,0.53,14.7,21.27,,,,111.0,Moderate
264538,DL005,2020-06-25 11:00:00,35.25,71.25,1.1,15.62,9.23,30.2,0.5,13.15,26.48,,,,109.0,Moderate
264539,DL005,2020-06-25 12:00:00,28.75,66.25,0.77,16.08,9.2,30.93,0.5,12.03,32.85,,,,107.0,Moderate
264540,DL005,2020-06-25 13:00:00,33.0,85.25,1.08,15.88,9.43,31.1,0.5,11.93,28.98,,,,106.0,Moderate
264541,DL005,2020-06-25 14:00:00,29.5,83.5,1.33,14.5,8.85,30.12,0.5,12.2,27.23,,,,107.0,Moderate
264542,DL005,2020-06-25 15:00:00,29.5,192.25,1.25,16.4,9.75,29.15,0.5,11.7,26.25,,,,110.0,Moderate
264543,DL005,2020-06-25 16:00:00,32.75,426.5,1.97,20.8,12.72,27.78,0.35,12.18,22.45,,,,120.0,Moderate
264544,DL005,2020-06-25 17:00:00,29.5,82.75,1.55,19.8,11.82,27.07,0.43,11.53,28.98,,,,120.0,Moderate
264545,DL005,2020-06-25 18:00:00,31.0,85.0,1.4,23.68,13.75,26.82,0.5,11.1,31.18,,,,120.0,Moderate
264546,DL005,2020-06-25 19:00:00,34.5,100.75,1.05,26.3,14.88,26.85,0.5,11.48,33.8,,,,120.0,Moderate
264547,DL005,2020-06-25 20:00:00,45.75,122.5,0.7,25.03,13.83,26.43,0.53,11.95,30.93,,,,121.0,Moderate
264548,DL005,2020-06-25 21:00:00,50.25,125.5,1.0,23.6,13.4,26.53,0.57,12.27,28.62,,,,122.0,Moderate
264549,DL005,2020-06-25 22:00:00,55.25,123.0,1.3,26.05,14.93,26.2,0.67,12.7,18.92,,,,122.0,Moderate
264550,DL005,2020-06-25 23:00:00,51.5,132.0,1.75,33.73,19.4,25.82,0.78,12.6,9.57,,,,122.0,Moderate
264551,DL005,2020-06-26 00:00:00,60.0,140.25,2.08,34.62,20.1,25.77,0.75,12.88,8.48,,,,122.0,Moderate
264552,DL005,2020-06-26 01:00:00,67.25,130.5,1.75,27.07,15.85,25.82,0.62,13.52,9.22,,,,122.0,Moderate
264553,DL005,2020-06-26 02:00:00,55.25,112.75,2.35,39.33,22.88,25.4,0.7,14.23,9.6,,,,120.0,Moderate
264554,DL005,2020-06-26 03:00:00,63.25,125.0,2.7,31.3,18.9,29.3,0.7,12.7,8.27,,,,120.0,Moderate
264555,DL005,2020-06-26 04:00:00,68.5,120.25,1.88,28.43,16.65,29.05,0.7,14.27,7.62,,,,119.0,Moderate
264556,DL005,2020-06-26 05:00:00,74.75,128.0,1.77,25.38,14.9,27.35,0.72,15.58,4.35,,,,118.0,Moderate
264557,DL005,2020-06-26 06:00:00,80.75,144.25,2.05,26.88,15.98,25.83,0.8,16.27,3.88,,,,118.0,Moderate
264558,DL005,2020-06-26 07:00:00,85.25,164.25,5.22,28.85,19.6,25.83,0.88,16.12,3.92,,,,118.0,Moderate
264559,DL005,2020-06-26 08:00:00,92.0,186.0,7.75,32.75,23.72,26.25,0.97,17.08,8.65,,,,120.0,Moderate
264560,DL005,2020-06-26 09:00:00,102.0,204.5,4.92,34.65,22.45,27.55,0.97,18.7,21.97,,,,123.0,Moderate
264561,DL005,2020-06-26 10:00:00,95.25,186.75,2.15,27.77,16.5,27.9,0.83,18.33,30.93,,,,126.0,Moderate
264562,DL005,2020-06-26 11:00:00,72.25,162.25,1.02,25.15,14.2,28.33,0.62,16.05,33.33,,,,129.0,Moderate
264563,DL005,2020-06-26 12:00:00,56.5,168.5,1.97,22.15,13.4,27.75,0.4,14.18,16.27,,,,131.0,Moderate
264564,DL005,2020-06-26 13:00:00,35.5,142.5,1.5,18.05,10.85,28.03,0.45,13.43,22.3,,,,133.0,Moderate
264565,DL005,2020-06-26 14:00:00,37.0,158.25,1.12,16.15,9.52,26.7,0.4,13.48,20.62,,,,135.0,Moderate
264566,DL005,2020-06-26 15:00:00,27.0,104.5,1.45,16.05,9.72,25.82,0.4,12.82,24.38,,,,133.0,Moderate
264567,DL005,2020-06-26 16:00:00,26.5,109.5,1.02,15.88,9.27,24.65,0.3,12.88,26.88,,116.9,,124.0,Moderate
264568,DL005,2020-06-26 17:00:00,34.0,102.0,,,,,,,,,,,124.0,Moderate
264569,DL005,2020-06-26 18:00:00,,,1.25,20.52,11.95,21.62,0.7,13.05,28.62,,,,126.0,Moderate
264570,DL005,2020-06-26 19:00:00,29.0,125.0,1.35,20.1,11.8,25.3,0.88,9.1,28.23,,,,127.0,Moderate
264571,DL005,2020-06-26 20:00:00,28.0,136.0,1.4,28.65,16.4,25.68,1.35,9.47,17.75,,,,127.0,Moderate
264572,DL005,2020-06-26 21:00:00,47.0,158.0,1.43,29.23,16.73,25.48,1.25,10.62,14.7,,,,128.0,Moderate
264573,DL005,2020-06-26 22:00:00,35.0,149.0,1.15,24.93,14.2,25.12,0.9,11.35,13.6,,,,129.0,Moderate
264574,DL005,2020-06-26 23:00:00,29.0,135.0,1.25,24.2,13.9,24.65,0.62,11.53,12.45,,,,129.0,Moderate
264575,DL005,2020-06-27 00:00:00,42.0,138.0,1.28,24.18,13.88,24.57,0.65,11.8,11.85,,,,129.0,Moderate
264576,DL005,2020-06-27 01:00:00,51.0,146.0,1.42,22.7,13.28,24.22,0.7,14.6,10.47,,,,129.0,Moderate
264577,DL005,2020-06-27 02:00:00,48.0,169.0,1.27,22.28,12.9,23.85,0.78,17.05,11.1,,,,131.0,Moderate
264578,DL005,2020-06-27 03:00:00,64.0,191.0,2.9,25.1,15.7,27.0,0.8,15.9,7.88,,,,133.0,Moderate
264579,DL005,2020-06-27 04:00:00,66.0,182.0,2.35,25.27,15.38,27.4,0.83,20.23,6.58,,,,134.0,Moderate
264580,DL005,2020-06-27 05:00:00,55.0,140.0,1.85,24.6,14.62,25.4,0.8,19.93,4.25,,,,135.0,Moderate
264581,DL005,2020-06-27 06:00:00,34.0,104.0,1.95,25.07,14.93,23.48,0.88,17.07,5.62,,,,134.0,Moderate
264582,DL005,2020-06-27 07:00:00,34.0,94.0,3.3,26.52,16.82,22.95,1.0,14.75,5.88,,,,132.0,Moderate
264583,DL005,2020-06-27 08:00:00,40.0,101.0,4.0,25.85,17.05,23.1,1.0,13.85,9.05,,,,129.0,Moderate
264584,DL005,2020-06-27 09:00:00,38.0,105.0,2.9,22.4,14.28,23.85,1.02,13.15,11.48,,,,126.0,Moderate
264585,DL005,2020-06-27 10:00:00,44.0,107.0,3.12,21.02,13.7,24.35,1.0,14.6,11.68,,,,124.0,Moderate
264586,DL005,2020-06-27 11:00:00,31.0,118.0,2.67,17.75,11.62,24.73,1.0,14.1,15.57,,,,123.0,Moderate
264587,DL005,2020-06-27 12:00:00,38.0,192.0,1.85,16.18,10.08,25.2,1.0,12.93,17.23,,,,123.0,Moderate
264588,DL005,2020-06-27 13:00:00,41.0,254.0,1.98,15.77,9.98,25.08,1.0,12.15,16.38,,,,127.0,Moderate
264589,DL005,2020-06-27 14:00:00,33.0,263.0,1.77,15.07,9.45,25.35,1.0,12.3,17.65,,,,130.0,Moderate
264590,DL005,2020-06-27 15:00:00,29.0,250.0,1.05,15.48,9.07,24.73,1.08,12.4,18.8,,,,134.0,Moderate
264591,DL005,2020-06-27 16:00:00,34.0,257.0,1.32,15.48,9.32,24.18,0.23,13.15,21.47,,,,138.0,Moderate
264592,DL005,2020-06-27 17:00:00,42.0,408.0,1.35,17.17,10.25,23.45,0.28,12.88,17.57,,,,147.0,Moderate
264593,DL005,2020-06-27 18:00:00,36.0,329.0,1.35,18.07,10.72,23.12,0.35,12.38,20.98,,,,151.0,Moderate
264594,DL005,2020-06-27 19:00:00,44.0,329.0,1.18,19.45,11.28,22.3,0.43,12.18,18.45,,,,157.0,Moderate
264595,DL005,2020-06-27 20:00:00,45.0,346.0,1.25,26.93,15.35,22.27,0.57,13.18,14.8,,,,163.0,Moderate
264596,DL005,2020-06-27 21:00:00,55.0,391.0,1.15,33.88,18.92,22.12,0.8,15.0,9.12,,,,169.0,Moderate
264597,DL005,2020-06-27 22:00:00,55.0,237.0,1.6,33.65,19.2,22.65,0.9,18.4,8.1,,,,172.0,Moderate
264598,DL005,2020-06-27 23:00:00,73.0,254.0,1.97,36.05,20.8,22.85,1.0,24.75,6.58,,,,175.0,Moderate
264599,DL005,2020-06-28 00:00:00,75.0,302.0,3.03,36.55,21.88,23.0,1.1,26.67,5.67,,,,180.0,Moderate
264600,DL005,2020-06-28 01:00:00,92.0,511.0,2.42,32.88,19.48,22.85,1.0,25.1,6.07,,,,190.0,Moderate
264601,DL005,2020-06-28 02:00:00,77.0,441.0,2.45,33.88,20.05,22.52,0.97,23.77,11.55,,,,197.0,Moderate
264602,DL005,2020-06-28 03:00:00,62.0,386.0,3.3,32.5,20.0,25.3,0.9,16.4,5.62,,,,204.0,Poor
264603,DL005,2020-06-28 04:00:00,61.0,348.0,2.92,30.23,18.48,24.88,0.9,16.05,3.52,,,,211.0,Poor
264604,DL005,2020-06-28 05:00:00,50.0,362.0,2.9,33.35,20.07,23.4,0.9,14.0,2.77,,,,220.0,Poor
264605,DL005,2020-06-28 06:00:00,47.0,353.0,5.92,35.67,23.8,22.15,1.02,12.75,4.47,,,,231.0,Poor
264606,DL005,2020-06-28 07:00:00,62.0,383.0,9.9,37.43,27.95,22.02,1.12,13.82,5.2,,,,243.0,Poor
264607,DL005,2020-06-28 08:00:00,69.0,366.0,6.15,25.32,18.48,22.1,0.93,16.42,7.27,,,,254.0,Poor
264608,DL005,2020-06-28 09:00:00,38.0,151.0,3.3,18.15,12.35,22.32,0.8,14.88,8.78,,,,256.0,Poor
264609,DL005,2020-06-28 10:00:00,28.0,175.0,2.3,16.67,10.75,22.38,0.8,12.8,12.25,,,,259.0,Poor
264610,DL005,2020-06-28 11:00:00,29.0,236.0,1.83,16.32,10.23,22.48,0.8,11.98,14.68,,,,264.0,Poor
264611,DL005,2020-06-28 12:00:00,42.0,307.0,2.0,16.58,10.48,22.9,0.8,10.82,16.2,,,,268.0,Poor
264612,DL005,2020-06-28 13:00:00,34.0,297.0,1.52,15.68,9.57,22.2,0.85,10.93,15.85,,,,270.0,Poor
264613,DL005,2020-06-28 14:00:00,40.0,335.0,1.55,15.5,9.5,22.2,0.9,10.48,18.53,,,,273.0,Poor
264614,DL005,2020-06-28 15:00:00,42.0,434.0,1.48,15.88,9.72,22.6,0.88,10.4,19.4,,,,281.0,Poor
264615,DL005,2020-06-28 16:00:00,44.0,484.0,1.5,16.77,10.12,22.02,0.23,10.82,18.98,,,,290.0,Poor
264616,DL005,2020-06-28 17:00:00,45.0,501.0,1.1,16.45,9.65,21.0,0.3,10.65,18.12,,,,294.0,Poor
264617,DL005,2020-06-28 18:00:00,51.0,501.0,1.18,18.02,10.5,21.18,0.3,10.52,19.38,,,,302.0,Very Poor
264618,DL005,2020-06-28 19:00:00,56.0,527.0,1.48,22.4,13.15,20.93,0.38,10.12,16.9,,,,312.0,Very Poor
264619,DL005,2020-06-28 20:00:00,62.0,541.0,1.35,32.77,18.52,20.5,0.55,10.53,11.8,,,,322.0,Very Poor
264620,DL005,2020-06-28 21:00:00,63.0,453.0,2.12,46.15,26.23,20.65,0.83,11.42,8.4,,,,325.0,Very Poor
264621,DL005,2020-06-28 22:00:00,73.0,429.0,3.78,47.7,28.45,20.82,0.9,11.88,7.33,,,,335.0,Very Poor
264622,DL005,2020-06-28 23:00:00,68.0,435.0,2.08,34.22,19.93,20.67,0.75,12.07,8.85,,,,345.0,Very Poor
264623,DL005,2020-06-29 00:00:00,68.0,435.0,2.27,32.75,19.28,20.32,0.8,12.78,5.8,,,,352.0,Very Poor
264624,DL005,2020-06-29 01:00:00,73.0,412.0,3.33,31.32,19.38,20.48,0.83,12.5,3.92,,,,346.0,Very Poor
264625,DL005,2020-06-29 02:00:00,70.0,418.0,3.95,33.27,20.9,20.3,0.75,12.77,8.9,,,,345.0,Very Poor
264626,DL005,2020-06-29 03:00:00,64.0,364.0,3.1,30.6,18.8,22.2,0.6,9.7,6.6,,,,344.0,Very Poor
264627,DL005,2020-06-29 04:00:00,53.0,295.0,1.92,23.62,14.12,22.43,0.65,15.72,4.92,,,,341.0,Very Poor
264628,DL005,2020-06-29 05:00:00,63.0,250.0,1.98,21.42,13.03,21.75,0.55,16.8,3.33,,,,336.0,Very Poor
264629,DL005,2020-06-29 06:00:00,36.0,153.0,1.45,20.88,12.27,20.85,0.53,13.4,5.12,,,,325.0,Very Poor
264630,DL005,2020-06-29 07:00:00,34.0,132.0,3.1,24.75,15.72,20.45,0.7,14.5,5.2,,,,312.0,Very Poor
264631,DL005,2020-06-29 08:00:00,57.0,187.0,5.22,22.15,16.05,20.52,0.6,14.4,7.72,,,,303.0,Very Poor
264632,DL005,2020-06-29 09:00:00,30.0,130.0,2.9,17.4,11.62,20.48,0.5,13.12,9.7,,,,302.0,Very Poor
264633,DL005,2020-06-29 10:00:00,25.0,121.0,2.4,16.68,10.83,20.65,0.5,10.55,10.38,,,,299.0,Poor
264634,DL005,2020-06-29 11:00:00,22.0,164.0,1.9,16.8,10.38,20.82,0.5,9.7,13.1,,,,296.0,Poor
264635,DL005,2020-06-29 12:00:00,31.0,218.0,1.65,16.62,10.15,20.77,0.5,9.45,14.9,,,,292.0,Poor
264636,DL005,2020-06-29 13:00:00,29.0,259.0,1.43,16.23,9.82,20.98,0.5,8.93,18.9,,,,291.0,Poor
264637,DL005,2020-06-29 14:00:00,41.0,312.0,1.27,16.45,9.78,21.88,0.6,9.25,29.23,,159.85,,290.0,Poor
264638,DL005,2020-06-29 15:00:00,46.0,298.0,0.95,17.97,10.32,22.65,0.7,9.57,42.15,,,,284.0,Poor
264639,DL005,2020-06-29 16:00:00,55.0,226.0,0.97,20.8,11.85,22.23,0.5,9.5,42.78,,,,273.0,Poor
264640,DL005,2020-06-29 17:00:00,48.0,240.0,0.88,20.17,11.47,21.1,0.55,9.2,38.7,,,,262.0,Poor
264641,DL005,2020-06-29 18:00:00,50.0,218.0,0.93,20.9,11.85,20.6,0.45,9.43,30.6,,,,251.0,Poor
264642,DL005,2020-06-29 19:00:00,64.0,,1.02,19.05,10.45,19.9,0.4,9.1,27.15,,,,241.0,Poor
264643,DL005,2020-06-29 20:00:00,29.0,141.0,0.68,24.62,13.62,19.4,0.47,9.88,30.3,,,,223.0,Poor
264644,DL005,2020-06-29 21:00:00,23.0,130.0,1.02,34.62,19.25,19.6,0.7,9.88,22.72,,,,209.0,Poor
264645,DL005,2020-06-29 22:00:00,35.0,116.0,1.48,39.65,22.3,19.65,0.78,8.6,15.05,,,,197.0,Moderate
264646,DL005,2020-06-29 23:00:00,35.0,141.0,1.08,34.62,19.25,19.82,0.68,8.57,15.3,,,,189.0,Moderate
264647,DL005,2020-06-30 00:00:00,36.0,113.0,0.82,26.72,14.9,19.35,0.5,8.53,20.27,,,,179.0,Moderate
264648,DL005,2020-06-30 01:00:00,25.0,87.0,1.12,30.45,17.1,19.1,0.62,10.18,16.02,,,,170.0,Moderate
264649,DL005,2020-06-30 02:00:00,35.0,103.0,1.25,30.43,17.22,19.35,0.7,11.28,14.85,,,,161.0,Moderate
264650,DL005,2020-06-30 03:00:00,57.0,131.0,2.9,22.5,14.3,21.9,0.6,11.1,8.68,,,,154.0,Moderate
264651,DL005,2020-06-30 04:00:00,67.0,115.0,1.52,20.33,12.05,22.0,0.62,11.28,6.4,,,,149.0,Moderate
264652,DL005,2020-06-30 05:00:00,57.0,94.0,1.38,18.5,10.95,21.62,0.6,11.15,9.45,,,,144.0,Moderate
264653,DL005,2020-06-30 06:00:00,44.0,87.0,0.9,17.4,9.95,20.38,0.6,11.18,9.98,,,,142.0,Moderate
264654,DL005,2020-06-30 07:00:00,45.0,82.0,1.02,18.0,10.43,19.68,0.6,10.88,11.6,,,,141.0,Moderate
264655,DL005,2020-06-30 08:00:00,50.0,91.0,1.32,18.62,10.98,19.85,0.62,10.95,12.8,,,,138.0,Moderate
264656,DL005,2020-06-30 09:00:00,45.0,99.0,1.62,19.5,11.7,20.1,0.65,10.95,15.65,,,,137.0,Moderate
264657,DL005,2020-06-30 10:00:00,44.0,96.0,1.45,20.57,12.12,20.05,0.7,11.33,21.15,,,,137.0,Moderate
264658,DL005,2020-06-30 11:00:00,51.0,118.0,1.7,20.67,12.4,20.55,0.7,11.43,35.8,,,,135.0,Moderate
264659,DL005,2020-06-30 12:00:00,48.0,127.0,1.25,21.12,12.27,20.95,0.72,11.43,52.8,,,,133.0,Moderate
264660,DL005,2020-06-30 13:00:00,46.0,129.0,0.68,22.17,12.35,21.52,0.8,11.18,69.48,,,,129.0,Moderate
264661,DL005,2020-06-30 14:00:00,48.0,147.0,1.0,21.48,12.23,21.23,0.8,11.25,75.7,,,,124.0,Moderate
264662,DL005,2020-06-30 15:00:00,61.0,171.0,0.7,20.92,11.75,21.52,0.8,11.57,81.1,,,,120.0,Moderate
264663,DL005,2020-06-30 16:00:00,63.0,192.0,0.75,20.3,11.38,20.65,0.4,11.7,78.12,,,,119.0,Moderate
264664,DL005,2020-06-30 17:00:00,64.0,188.0,0.75,19.2,10.83,20.4,0.4,11.72,74.62,,,,118.0,Moderate
264665,DL005,2020-06-30 18:00:00,66.0,181.0,0.62,18.62,10.4,20.23,0.4,11.5,69.38,,,,117.0,Moderate
264666,DL005,2020-06-30 19:00:00,58.0,185.0,0.6,18.85,10.53,19.95,0.4,11.9,56.05,,,,118.0,Moderate
264667,DL005,2020-06-30 20:00:00,51.0,193.0,0.65,20.1,11.22,19.57,0.45,12.15,43.23,,,,120.0,Moderate
264668,DL005,2020-06-30 21:00:00,53.0,195.0,0.68,23.62,13.07,19.85,0.53,11.88,30.68,,,,122.0,Moderate
264669,DL005,2020-06-30 22:00:00,64.0,208.0,0.95,28.88,16.1,20.07,0.65,12.68,24.52,,,,124.0,Moderate
264670,DL005,2020-06-30 23:00:00,73.0,215.0,1.02,27.23,15.33,19.85,0.65,13.32,18.2,,,,126.0,Moderate
264671,DL005,2020-07-01 00:00:00,77.0,206.0,1.07,24.45,13.93,19.95,0.62,13.55,12.93,,,,129.0,Moderate
